# ID<TAB>Original zh_CN/zh_TW label<TAB>Thai; generated from signed localization tables
10080000000	选角场景	Character Selection Scene
10080000000	選角場景	Character Selection Scene
10080000001	时序之庭	Garden of Time
10080000001	時序之庭	Garden of Time
10080000002	特里图拉学院	Tritura Academy
10080000002	特里圖拉學院	Tritura Academy
10080000003	普隆德拉	Prontera
10080000004	伊斯鲁德	Izlude
10080000004	依斯鲁德	Izlude
10080000005	柏伊亚岚岛	Byalan Island
10080000005	柏伊亞嵐島	Byalan Island
10080000006	旅館	Inn
10080000006	旅馆	Inn
10080000007	图书馆	Library
10080000007	圖書館	Library
10080000008	大教堂	Grand Cathedral
10080000009	王宫	Royal Palace
10080000010	酒館	Tavern
10080000010	酒馆	Tavern
10080000011	普隆德拉东门	Prontera East Gate
10080000011	普隆德拉東門	Prontera East Gate
10080000012	普隆德拉南門	Prontera South Gate
10080000012	普隆德拉南门	Prontera South Gate
10080000013	普隆德拉西門	Prontera West Gate
10080000013	普隆德拉西门	Prontera West Gate
10080000014	普隆德拉北門	Prontera North Gate
10080000014	普隆德拉北门	Prontera North Gate
10080000015	海底洞窟 @{1}层	Undersea Tunnel Floor @{1}
10080000015	海底洞窟 @{1}層	Undersea Tunnel Floor @{1}
10080000016	下水道@{1}层	Culvert Floor @{1}
10080000016	下水道@{1}層	Culvert Floor @{1}
10080000017	斐扬	Payon
10080000017	斐揚	Payon
10080000018	弓箭手村	Archer Village
10080000019	斐扬南部	Southern Payon
10080000019	斐揚南部	Southern Payon
10080000020	波利岛	Poring Island
10080000020	波利島	Poring Island
10080000021	斐扬东南	Southeast Payon
10080000021	斐揚東南	Southeast Payon
10080000022	斐扬东部	Eastern Payon
10080000022	斐揚東部	Eastern Payon
10080000023	树林深处	Deep Forest
10080000023	樹林深處	Deep Forest
10080000024	斐扬树林	Payon Forest
10080000024	斐揚樹林	Payon Forest
10080000025	僵尸洞	Payon Cave
10080000025	斐揚地下	Payon Cave
10080000026	废弃村落	Abandoned Village
10080000026	廢棄村莊	Abandoned Village
10080000027	吉芬	Geffen
10080000028	兽人村落	Orc Village
10080000028	獸人村落	Orc Village
10080000029	克特森林	Kordt Forest
10080000030	吉芬北門	Geffen North Gate
10080000030	吉芬北门	Geffen North Gate
10080000031	吉芬郊野	Geffen Outskirts
10080000032	吉芬西門	Geffen West Gate
10080000032	吉芬西门	Geffen West Gate
10080000033	吉芬原野	Geffen Field
10080000033	吉芬旷野	Geffen Field
10080000034	哥布灵森林	Goblin Forest
10080000034	哥布靈森林	Goblin Forest
10080000035	吉芬东门	Geffen East Gate
10080000035	吉芬東門	Geffen East Gate
10080000036	兽人洞穴	Orc Cave
10080000036	獸人洞穴	Orc Cave
10080000037	吉芬塔 @{1}层	Geffen Tower Floor @{1}
10080000037	吉芬塔@{1}層	Geffen Tower Floor @{1}
10080000038	妙勒尼花园	Mjolnir Garden
10080000038	妙勒尼花園	Mjolnir Garden
10080000039	妙勒尼山脈	Mt. Mjolnir
10080000039	妙勒尼山脉	Mt. Mjolnir
10080000040	芋虫峡谷	Larva Canyon
10080000040	芋蟲峽谷	Larva Canyon
10080000041	迷藏森林	Hidden Forest
10080000042	废弃矿场	Abandoned Mine
10080000042	廢棄礦坑	Abandoned Mine
10080000043	夢羅克	Morroc
10080000043	梦罗克	Morroc
10080000044	沙漠岔道	Desert Crossroad
10080000045	沙漠之桥	Bridge of Desert
10080000045	沙漠之橋	Bridge of Desert
10080000046	苏克拉特沙漠	Sograt Desert
10080000046	蘇克拉特沙漠	Sograt Desert
10080000047	夢羅克南部	South Morroc
10080000047	梦罗克南部	South Morroc
10080000048	苏克拉特南部	Southern Sograt
10080000048	蘇克拉特南部	Southern Sograt
10080000049	夢羅克西部	Western Morroc
10080000049	梦罗克西部	Western Morroc
10080000050	巴不其卡森林	Papuchicha Forest
10080000051	发乐斯灯塔岛	Pharos Lighthouse
10080000051	發樂斯燈塔島	Pharos Lighthouse
10080000052	蚂蚁密穴	Ant Hell
10080000052	螞蟻密穴	Ant Hell
10080000053	金字塔@{1}楼	Pyramid Floor @{1}
10080000053	金字塔@{1}樓	Pyramid Floor @{1}
10080000054	史芬克斯密穴 @{1}層	Sphinx Dungeon Floor @{1}
10080000054	斯芬克斯密穴 @{1}层	Sphinx Dungeon Floor @{1}
10080000055	艾尔贝塔	Alberta
10080000055	艾爾貝塔	Alberta
10080000056	樱花城	Amatsu
10080000056	櫻花城	Amatsu
10080000057	昆仑	Gonryun
10080000057	昆崙	Gonryun
10080000058	洛阳	Luoyang
10080000059	哎呦泰雅	Ayothaya
10080000059	唉唷泰雅	Ayothaya
10080000060	德瓦他岛村	Dewata Village
10080000060	德瓦他島村	Dewata Village
10080000061	馬來港	Port Malaya
10080000061	马来港	Port Malaya
10080000062	沉沒之船	Sunken Ship
10080000062	沉没之船	Sunken Ship
10080000063	沉船迷宫@{1}楼	Shipwreck Labyrinth Floor @{1}
10080000063	沉船迷宫@{1}樓	Shipwreck Labyrinth Floor @{1}
10080000064	克雷斯特汉姆古城	Glast Heim the Ancient City
10080000064	克雷斯特漢姆古城	Glast Heim the Ancient City
10080000065	古城修道院	Glast Heim Monastery
10080000066	古城地上@{1}层	Glast Heim Aboveground Floor @{1}
10080000066	古城地上@{1}層	Glast Heim Aboveground Floor @{1}
10080000067	古城地下水道 @{1}楼	Glast Heim Culvert Floor @{1}
10080000067	古城地下水道@{1}樓	Glast Heim Culvert Floor @{1}
10080000068	古城騎士團@{1}樓	Glast Heim Chivalry Floor @{1}
10080000068	古城骑士团@{1}楼	Glast Heim Chivalry Floor @{1}
10080000069	古城地下洞窟@{1}层	Glast Heim Underground Cave Floor @{1}
10080000069	古城地下洞窟@{1}層	Glast Heim Underground Cave Floor @{1}
10080000070	古城地下公墓	Glast Heim Underground Cemetery
10080000071	古城地下监狱@{1}楼	Glast Heim Underground Prison Floor @{1}
10080000071	古城地下監獄@{1}樓	Glast Heim Underground Prison Floor @{1}
10080000072	界域沙盘-@{1}	Realm Sandbox-@{1}
10080000072	界域沙盤-@{1}	Realm Sandbox-@{1}
10080000073	制作人巢穴	Producer's Lair
10080000073	製作人巢穴	Producer's Lair
10470000000	grant	grant
10470000000	格蘭特	grant
10470000001	karl	karl
10470000001	卡爾	karl
10470000002	aldric	aldric
10470000002	奧德里克	aldric
10470000003	brynn	brynn
10470000003	布琳	brynn
10470000004	cedric	cedric
10470000004	塞德里克	cedric
10470000005	dara	dara
10470000005	妲菈	dara
10470000006	eirik	eirik
10470000006	艾瑞克	eirik
10470000007	fiona	fiona
10470000007	菲歐娜	fiona
10470000008	gareth	gareth
10470000008	蓋瑞斯	gareth
10470000009	hilda	hilda
10470000009	希爾達	hilda
10470000010	ivan	ivan
10470000010	伊凡	ivan
10470000011	jana	jana
10470000011	雅娜	jana
10470000012	kael	kael
10470000012	凱爾	kael
10470000013	lira	lira
10470000013	莉拉	lira
10470000014	magnus	magnus
10470000014	馬格努斯	magnus
10470000015	nora	nora
10470000015	諾拉	nora
10470000016	orion	orion
10470000016	奧利恩	orion
10470000017	petra	petra
10470000017	佩特拉	petra
10470000018	quinn	quinn
10470000018	昆恩	quinn
10470000019	rhea	rhea
10470000019	瑞亞	rhea
10470000020	soren	soren
10470000020	索倫	soren
10470000021	thalia	thalia
10470000021	塔莉雅	thalia
10470000022	ulric	ulric
10470000022	烏爾里克	ulric
10470000023	vera	vera
10470000023	薇拉	vera
10470000024	wren	wren
10470000024	雷恩	wren
10470000025	xara	xara
10470000025	薩菈	xara
10470000026	yuri	yuri
10470000026	尤里	yuri
10470000027	zara	zara
10470000027	札菈	zara
10470000028	asher	asher
10470000028	亞瑟	asher
10470000029	brie	brie
10470000029	布莉	brie
10470000030	挖宝点NPC	Treasure Dig Site NPC
10470000030	挖寶點NPC	Treasure Dig Site NPC
10470000031	神秘宝箱	Mysterious Treasure Chest
10470000031	神秘寶箱	Mysterious Treasure Chest
10470000032	寻宝点定位NPC	Treasure Hunt Point Locate NPC
10470000032	尋寶點定位NPC	Treasure Hunt Point Locate NPC
10470000033	普隆德拉保卫战工会捐赠NPC	Prontera Defense Guild Donation NPC
10470000033	普隆德拉保衛戰公會捐獻NPC	Prontera Defense Guild Donation NPC
10470000034	觀眾	Audience
10470000034	观众	Audience
10470000035	月夜猫	Moonlight Flower
10470000035	月夜貓	Moonlight Flower
10470000036	阿尔法	Alpha
10470000036	阿爾法	Alpha
10470000037	尼娅	Nia
10470000037	尼婭	Nia
10470000038	塞班	Saipan
10470000039	莉莉安	Lillian
10470000040	西弗	Sif
10470000041	保尔	Paul
10470000041	保爾	Paul
10470000042	露娜	Luna
10470000043	任务区域	Quest Area
10470000043	任務區域	Quest Area
10470000044	聚光灯	Spotlight
10470000044	聚光燈	Spotlight
10470000045	灯球蓝	Blue Light Orb
10470000045	藍色燈球	Blue Light Orb
10470000046	灯球紫	Purple Light Orb
10470000046	紫色燈球	Purple Light Orb
10470000047	灯球红	Red Light Orb
10470000047	紅色燈球	Red Light Orb
10470000048	路易	Louie
10470000049	玛莎	Martha
10470000049	瑪莎	Martha
10470000050	凯蒂	Katie
10470000050	凱蒂	Katie
10470000051	鈴鐺	Bell
10470000051	铃铛	Bell
10470000052	鬼火	Horong
10470000053	兵蚁	Deniro
10470000053	兵蟻	Deniro
10470000054	团长	Leader
10470000054	團長	Leader
10470000055	思念粒子装置	Memory Particle Device
10470000055	思念粒子裝置	Memory Particle Device
10470000056	激昂	Fervor
10470000057	火种	Live Coal
10470000057	火種	Live Coal
10470000058	中級火種	Intermediate Live Coal
10470000058	中级火种	Intermediate Live Coal
10470000059	高級火種	Advanced Live Coal
10470000059	高级火种	Advanced Live Coal
10470000060	火堆	Bonfire
10470000060	營火	Bonfire
10470000061	晚会主持人	Party Host
10470000061	晚會主持人	Party Host
10470000062	兽人英雄	Orc Hero
10470000062	獸人英雄	Orc Hero
10470000063	天使波利	Angeling
10470000064	恶魔波利	Deviling
10470000064	惡魔波利	Deviling
10470000065	巴風特	Baphomet
10470000065	巴风特	Baphomet
10470000066	将军魔碑	Greatest General
10470000066	將軍魔碑	Greatest General
10470000067	邪恶箱	Mimic
10470000067	邪惡箱	Mimic
10470000068	大嘴鳥蛋	Peco Peco Egg
10470000068	大嘴鸟蛋	Peco Peco Egg
10470000069	蛋壳小鸡	Super Picky
10470000069	蛋殼小雞	Super Picky
10470000070	溜溜猴	Yoyo
10470000071	狸猫	Smokie
10470000071	狸貓	Smokie
10470000072	波波利	Poporing
10470000073	土波利	Drops
10470000074	冰波利	Marin
10470000075	喷射哥布灵	Goblin Steamrider
10470000075	噴射哥布靈	Goblin Steamrider
10470000076	研究笔记	Research Notebook
10470000076	研究筆記	Research Notebook
10470000077	小女孩	Little Girl
10470000077	小姑娘	Little Girl
10470000078	箱子	Box
10470000079	奇怪仪器	Strange Device
10470000079	奇怪儀器	Strange Device
10470000080	战备物资	Military Supplies
10470000080	戰備物資	Military Supplies
10470000081	单簇晶华矿石	Single-Cluster Crystalline Ore
10470000081	單簇晶華礦石	Single-Cluster Crystalline Ore
10470000082	复簇晶华矿石	Double-Cluster Crystalline Ore
10470000082	複簇晶華礦石	Double-Cluster Crystalline Ore
10470000083	多簇晶华矿石	Multi-Cluster Crystalline Ore
10470000083	多簇晶華礦石	Multi-Cluster Crystalline Ore
10470000084	晶化矿石	Crystallized Ore
10470000084	晶化礦石	Crystallized Ore
10470000085	領土戰陷阱寶箱	Territory War Trap Chest
10470000085	领土战陷阱宝箱	Territory War Trap Chest
10470000086	幻化手冊	Transformation Manual
10470000086	幻化手册	Transformation Manual
10470000087	烟花	Fireworks
10470000087	煙火	Fireworks
10470000088	石头	Stone
10470000088	石頭	Stone
10470000089	@{1}級多人測試@{2}/@{3}	Lv. @{1} Multiplayer Test @{2}/@{3}
10470000089	@{1}级多人测试@{2}/@{3}	Lv. @{1} Multiplayer Test @{2}/@{3}
10470000090	一次性自动采集测试	One-Time Auto-Gathering Test
10470000090	一次性自動採集測試	One-Time Auto-Gathering Test
10470000091	音符線索	Musical Note Clue
10470000091	音符线索	Musical Note Clue
10470000092	線索寶圖：奧丁雕像	Clue Treasure Map: Odin Statue
10470000092	线索宝图：奥丁雕像	Clue Treasure Map: Odin Statue
10470000093	線索寶圖：大教堂	Clue Treasure Map: Grand Cathedral
10470000093	线索宝图：大教堂	Clue Treasure Map: Grand Cathedral
10470000094	線索寶圖：旅館	Clue Treasure Map: Inn
10470000094	线索宝图：旅馆	Clue Treasure Map: Inn
10470000095	線索寶圖：圖書館	Clue Treasure Map: Library
10470000095	线索宝图：图书馆	Clue Treasure Map: Library
10470000096	線索寶圖：騎士團	Clue Map: Knight Order
10470000096	线索宝图：骑士团	Clue Map: Knight Order
10470000097	線索寶圖：帳篷與營火	Clue Treasure Map: Tent and Bonfire
10470000097	线索宝图：帐篷与篝火	Clue Treasure Map: Tent and Bonfire
10470000098	線索寶圖：大橋	Clue Treasure Map: Great Bridge
10470000098	线索宝图：大桥	Clue Treasure Map: Great Bridge
10470000099	線索寶圖：商店	Clue Treasure Map: Shop
10470000099	线索宝图：商店	Clue Treasure Map: Shop
10470000100	線索寶圖：鐵匠鋪	Clue Treasure Map: Blacksmith Shop
10470000100	线索宝图：铁匠铺	Clue Treasure Map: Blacksmith Shop
10470000101	線索寶圖：市集	Clue Treasure Map: Marketplace
10470000101	线索宝图：市集	Clue Treasure Map: Marketplace
10470000102	線索寶圖：小木桌	Clue Treasure Map: Small Wooden Table
10470000102	线索宝图：小木桌	Clue Treasure Map: Small Wooden Table
10470000103	線索寶圖：雕像	Clue Treasure Map: Statue
10470000103	线索宝图：雕像	Clue Treasure Map: Statue
10470000104	線索寶圖：木橋	Clue Treasure Map: Wooden Bridge
10470000104	线索宝图：木桥	Clue Treasure Map: Wooden Bridge
10470000105	線索寶圖：瞭望台	Clue Treasure Map: Watchtower
10470000105	线索宝图：瞭望塔	Clue Treasure Map: Watchtower
10470000106	線索寶圖：麵包店	Clue Treasure Map: Bakery
10470000106	线索宝图：面包店	Clue Treasure Map: Bakery
10470000107	音符柱（废弃）	Note Pillar (Deprecated)
10470000107	音符柱（廢棄）	Note Pillar (Deprecated)
10470000108	旋律海螺	Melody Conch
10470000109	旋律海螺@{1}	Melody Conch@{1}
10470000110	音符柱@{1}	Note Pillar@{1}
10470000111	音符柱@{1}-普隆德拉南門	Note Pillar@{1}-Prontera South Gate
10470000111	音符柱@{1}-普隆德拉南门	Note Pillar@{1}-Prontera South Gate
10470000112	音符柱@{1}-普隆德拉西門	Note Pillar@{1}-Prontera West Gate
10470000112	音符柱@{1}-普隆德拉西门	Note Pillar@{1}-Prontera West Gate
10470000113	音符柱@{1}-普隆德拉北門	Note Pillar@{1}-Prontera North Gate
10470000113	音符柱@{1}-普隆德拉北门	Note Pillar@{1}-Prontera North Gate
10470000114	音符柱@{1}-普隆德拉东门	Note Pillar@{1}-Prontera East Gate
10470000114	音符柱@{1}-普隆德拉東門	Note Pillar@{1}-Prontera East Gate
10470000115	音符柱@{1}-吉芬东门	Note Pillar@{1}-Geffen East Gate
10470000115	音符柱@{1}-吉芬東門	Note Pillar@{1}-Geffen East Gate
10470000116	音符柱@{1}-吉芬北門	Note Pillar@{1}-Geffen North Gate
10470000116	音符柱@{1}-吉芬北门	Note Pillar@{1}-Geffen North Gate
10470000117	音符柱@{1}-吉芬西門	Note Pillar@{1}-Geffen West Gate
10470000117	音符柱@{1}-吉芬西门	Note Pillar@{1}-Geffen West Gate
10470000118	音符柱@{1}-吉芬郊野	Note Pillar@{1}-Geffen Outskirts
10470000119	音符柱@{1}-妙勒尼花园	Note Pillar@{1}-Mjolnir Garden
10470000119	音符柱@{1}-妙勒尼花園	Note Pillar@{1}-Mjolnir Garden
10470000120	音符柱@{1}-夢羅克西部	Note Pillar@{1}-Western Morroc
10470000120	音符柱@{1}-梦罗克西部	Note Pillar@{1}-Western Morroc
10470000121	音符柱@{1}-夢羅克南部	Note Pillar@{1}-South Morroc
10470000121	音符柱@{1}-梦罗克南部	Note Pillar@{1}-South Morroc
10470000122	音符柱@{1}-沙漠岔道	Note Pillar@{1}-Desert Crossroad
10470000123	音符柱@{1}-苏克拉特沙漠	Note Pillar@{1}-Sograt Desert
10470000123	音符柱@{1}-蘇克拉特沙漠	Note Pillar@{1}-Sograt Desert
10470000124	音符柱@{1}-苏克拉特南部	Note Pillar@{1}-Southern Sograt
10470000124	音符柱@{1}-蘇克拉特南部	Note Pillar@{1}-Southern Sograt
10470000125	音乐球@{1}-普隆德拉	Music Orb@{1}-Prontera
10470000125	音樂球@{1}-普隆德拉	Music Orb@{1}-Prontera
10470000126	音乐球@{1}-伊斯鲁德	Music Orb@{1}-Izlude
10470000126	音樂球@{1}-伊斯魯德	Music Orb@{1}-Izlude
10470000127	音乐球@{1}-吉芬	Music Orb@{1}-Geffen
10470000127	音樂球@{1}-吉芬	Music Orb@{1}-Geffen
10470000128	音乐球@{1}-梦罗克	Music Orb@{1}-Morroc
10470000128	音樂球@{1}-夢羅克	Music Orb@{1}-Morroc
10470000129	波利@{1}	Poring@{1}
10470000130	波波利@{1}	Poporing@{1}
10470000131	棉花@{1}	Cotton@{1}
10470000132	旋律海螺-特殊@{1}	Melody Conch-Special@{1}
10470000133	音符串-测试	Note String-Test
10470000133	音符串-測試	Note String-Test
10470000134	迅捷騎士	Swift Knight
10470000134	迅捷骑士	Swift Knight
10470000135	枪骑	Lance Knight
10470000135	槍騎	Lance Knight
10470000136	鋼盾騎士	Steel Shield Knight
10470000136	钢盾骑士	Steel Shield Knight
10470000137	龍騎	Dragon Knight
10470000137	龙骑	Dragon Knight
10470000138	枪十字	Spear Crusader
10470000138	槍十字	Spear Crusader
10470000139	盾十字	Shield Crusader
10470000140	讚美祭司	Praiser Priest
10470000140	赞美牧师	Praiser Priest
10470000141	驅魔祭司	Exorciser
10470000141	驱魔牧师	Exorciser
10470000142	手推車	Cart Merchant
10470000142	手推车	Cart Merchant
10470000143	流浪商人	Wandering Merchant
10470000144	鐵斧匠人	Iron Axe Artisan
10470000144	铁斧匠人	Iron Axe Artisan
10470000145	偷袭刺客	Ambush Assassin
10470000145	偷襲刺客	Ambush Assassin
10470000146	潛行刺客	Stealth Assassin
10470000146	潜行刺客	Stealth Assassin
10470000147	心震刺	Soul Breaker Assassin
10470000148	回旋流	Rolling Cutter Assassin
10470000148	迴旋流	Rolling Cutter Assassin
10470000149	陷阱猎人	Trap Hunter
10470000149	陷阱獵人	Trap Hunter
10470000150	鷹眼獵人	Eagle Eye Hunter
10470000150	鹰眼猎人	Eagle Eye Hunter
10470000151	速射	Speedy Hunter
10470000152	射击	Wind Walker
10470000152	射擊	Wind Walker
10470000153	狼猎	Warg Hunter
10470000153	狼獵	Warg Hunter
10470000154	冰冻法师	Frost Mage
10470000154	冰凍法師	Frost Mage
10470000155	地火	Earthfire Mage
10470000156	元素法师	Elemental Mage
10470000156	元素法師	Elemental Mage
10470000157	元素	Element
10470000158	吃鸡补给箱	Battle Royale Supply Crate
10470000158	生存補給箱	Battle Royale Supply Crate
10470000159	死亡补给箱	Death Supply Crate
10470000159	死亡補給箱	Death Supply Crate
10470000160	丟棄補給箱	Discarded Supply Crate
10470000160	丢弃补给箱	Discarded Supply Crate
10470000161	魔眼信使	Evil Eye Messenger
10470000162	通用法阵@{1}	Universal Magic Circle@{1}
10470000162	通用法陣@{1}	Universal Magic Circle@{1}
10470000163	魔法筛子	Magic Die
10470000163	魔法骰子	Magic Die
10470000164	海盗之王	Drake
10470000164	海盜之王	Drake
10470000165	地雷陷阱	Land Mine
10470000166	回阳镜	Revival Mirror
10470000166	回陽鏡	Revival Mirror
10470000167	波利	Poring
10470000168	疯兔	Lunatic
10470000168	瘋兔	Lunatic
10470000169	綠棉蟲	Fabre
10470000169	绿棉虫	Fabre
10470000170	10470000170	Stage Object
10470000170	关卡本体（无需翻译）	Stage Object
10470000171	树精	Willow
10470000171	樹精	Willow
10470000172	魔菇	Spore
10470000173	黃金蟲	Golden Thief Bug
10470000173	黄金虫	Golden Thief Bug
10470000174	蚁后	Maya
10470000174	蟻后	Maya
10470000175	旗子	Flag
10470000176	【貪婪巨龍】法夫納	【Greedy Dragon】Fafnir
10470000176	【贪婪巨龙】法夫纳	【Greedy Dragon】Fafnir
10470000177	賜福神官	Blessing Priest
10470000177	赐福神官	Blessing Priest
10470000178	毒蛇	Anacondaq
10470000179	暴食蜘蛛	Gluttonous Spider
10470000180	爆炎蝙蝠	Explosion
10470000181	貪婪火蟻	Greedy Fire Ant
10470000181	贪婪火蚁	Greedy Fire Ant
10470000182	貪婪樹精	Greedy Willow
10470000182	贪婪树精	Greedy Willow
10470000183	貪婪黑鳶	Greedy Black Kite
10470000183	贪婪黑鸢	Greedy Black Kite
10470000184	貪婪火爪狼牙	Greedy Flameclaw Wolf's Fang
10470000184	贪婪火爪狼牙	Greedy Flameclaw Wolf's Fang
10470000185	貪婪俄希托斯	Greedy Oshitose
10470000185	贪婪俄希托斯	Greedy Oshitose
10470000186	貪婪阿特羅斯	Greedy Atroce
10470000186	贪婪阿特罗斯	Greedy Atroce
10470000187	貪婪科摩多	Greedy Comodo
10470000187	贪婪科摩多	Greedy Comodo
10470000188	貪婪火焰狼牙	Greedy Flame Wolf's Fang
10470000188	贪婪火焰狼牙	Greedy Flame Wolf's Fang
10470000189	貪婪卡浩	Greedy Kaho
10470000189	贪婪卡浩	Greedy Kaho
10470000190	火蜥蜴	Salamander
10470000191	貪婪無頭騾	Greedy Headless Mule
10470000191	贪婪无头骡	Greedy Headless Mule
10470000192	貪婪伊夫利特	Greedy Ifrit
10470000192	贪婪伊夫利特	Greedy Ifrit
10470000193	【物理减伤】贪婪大脚熊	【Physical Damage Reduction】Greedy Bigfoot
10470000193	【物理減傷】貪婪大腳熊	【Physical Damage Reduction】Greedy Bigfoot
10470000194	【魔法减伤】贪婪不死鸟	【Magic Damage Reduction】Greedy Phoenix
10470000194	【魔法減傷】貪婪不死鳥	【Magic Damage Reduction】Greedy Phoenix
10470000195	【冲锋】炙焰魔	【Charge】Blazing Demon
10470000195	【衝鋒】炙燄魔	【Charge】Blazing Demon
10470000196	【分裂】貪婪熔岩波利	【Split】Greedy Magma Poring
10470000196	【分裂】贪婪熔岩波利	【Split】Greedy Magma Poring
10470000197	熔岩波利	Magma Poring
10470000198	【範圍恢復】貪婪墮天使	【Area Healing】Greedy Fallen Angel
10470000198	【范围回复】贪婪堕天使	【Area Healing】Greedy Fallen Angel
10470000199	【追击】绝望心魔	【Pursuit】Despair Demon
10470000199	【追擊】絕望心魔	【Pursuit】Despair Demon
10470000200	【自爆】熔岩蟾蜍	【Self-Destruct】Magma Toad
10470000201	【首領】貪婪黃金蟲	【Boss】Greedy Golden Thief Bug
10470000201	【首领】贪婪黄金虫	【Boss】Greedy Golden Thief Bug
10470000202	【首領】貪婪獸人英雄	【Boss】Greedy Orc Hero
10470000202	【首领】贪婪兽人英雄	【Boss】Greedy Orc Hero
10470000203	【首領】貪婪蟻后	【Boss】Greedy Maya
10470000203	【首领】贪婪蚁后	【Boss】Greedy Maya
10470000204	【首領】貪婪皮里恩	【Boss】Greedy Phreeoni
10470000204	【首领】贪婪皮里恩	【Boss】Greedy Phreeoni
10470000205	貪婪盜蟲	Greedy Thief Bug
10470000205	贪婪盗虫	Greedy Thief Bug
10470000206	火焰区域污染	Flame Zone Contamination
10470000206	火焰區域污染	Flame Zone Contamination
10470000207	炽炎火龙	Blazing Fire Dragon
10470000207	熾炎火龍	Blazing Fire Dragon
10470000208	炮台	Turret
10470000209	弹药箱	Ammo Crate
10470000209	彈藥箱	Ammo Crate
10470000210	法夫納的鱗片	Fafnir's Scales
10470000210	法夫纳的鳞片	Fafnir's Scales
10470000211	龍鱗盾	Dragon Scale Shield
10470000211	龙鳞盾	Dragon Scale Shield
10470000212	德古拉	Dracula
10470000213	伊尔玛塔之影	Shadow of Irmata
10470000213	伊爾瑪塔之影	Shadow of Irmata
10470000214	傀儡娃娃	Marionette
10470000215	小恶魔	Deviruchi
10470000215	小惡魔	Deviruchi
10470000216	恶灵	Wraith
10470000216	惡靈	Wraith
10470000217	白幽灵	Whisper
10470000217	白幽靈	Whisper
10470000218	死灵	Doppelganger
10470000218	死靈	Doppelganger
10470000219	夢魘	Nightmare
10470000219	梦魇	Nightmare
10470000220	風魔巫師	Wind Ghost
10470000220	风魔巫师	Wind Ghost
10470000221	綠腐屍	Ghoul
10470000221	绿腐尸	Ghoul
10470000222	德古拉的老巢	Dracula's Lair
10470000223	卡普拉	Kafra
10470000224	自然之神-伊尔玛塔	God of Nature - Ilmata
10470000224	自然之神－伊爾瑪塔	God of Nature - Ilmata
10470000225	阿尔玛基亚	Almagia
10470000225	阿爾瑪基亞	Almagia
10470000227	鋼鐵機甲	Steel Madogear
10470000227	钢铁机甲	Steel Madogear
10470000228	骨刺山体	Bone-Spiked Mountain
10470000228	骨刺山體	Bone-Spiked Mountain
10470000229	骨刺藤壶	Bone-Spiked Barnacle
10470000229	骨刺藤壺	Bone-Spiked Barnacle
10470000230	金色符文山体	Golden Rune Mountain
10470000230	金色符文山體	Golden Rune Mountain
10470000231	空腔水母	Hollow Jellyfish
10470000232	音律幼灵	Melody Wisp
10470000232	音律幼靈	Melody Wisp
10470000233	共鳴貝簇	Resonant Clam Cluster
10470000233	共鸣贝簇	Resonant Clam Cluster
10470000234	捕猎者	Hunter
10470000234	捕獵者	Hunter
10470000235	容器守护者（无法攻击）	Vessel Protector (Cannot Be Attacked)
10470000235	容器守護者（無法攻擊）	Vessel Protector (Cannot Be Attacked)
10470000236	強音巨怪	Forte Giant
10470000236	强音巨怪	Forte Giant
10470000237	寄生神躯-伊尔玛塔	Parasitic Divine Vessel - Ilmata
10470000237	寄生神軀－伊爾瑪塔	Parasitic Divine Vessel - Ilmata
10470000238	(无需翻译)	(No translation required)
10470000238	10470000238	(No translation required)
10470000239	10470000239	Outer Roulette Ring
10470000239	大转盘外圈【无需翻译】	Outer Roulette Ring
10470000240	10470000240	Inner Roulette Ring
10470000240	大转盘内圈【无需翻译】	Inner Roulette Ring
10470000241	10470000241	Thundercloud
10470000241	雷云(无需翻译)	Thundercloud
10470000242	10470000242	Center-Directed Force Field
10470000242	向中心点力场【无需翻译】	Center-Directed Force Field
10470000243	传送至目标场地	Teleport to Target Area
10470000243	傳送至目標場地	Teleport to Target Area
10470000244	指針法陣	Clock-Hand Magic Circle
10470000244	指针法阵	Clock-Hand Magic Circle
10470000245	10470000245	Medium Thundercloud
10470000245	雷云中(无需翻译)	Medium Thundercloud
10470000246	10470000246	Large Thundercloud
10470000246	雷云大(无需翻译)	Large Thundercloud
10470000247	10470000247	Thundercloud Pro
10470000247	雷云pro(无需翻译)	Thundercloud Pro
10470000248	休止巨怪	Rest Giant
10470000249	重升巨怪	Double-Sharp Giant
10470000250	延音巨怪	Sustain Giant
10470000251	原初混沌-伊尔玛塔	Primordial Chaos - Ilmata
10470000251	原初混沌－伊爾瑪塔	Primordial Chaos - Ilmata
10470000252	雕像@{1}【无需翻译】	Statue@{1}
10470000254	10470000254	Ring-Shaped Shockwave
10470000254	环形冲击波【无需翻译】	Ring-Shaped Shockwave
10470000255	10470000255	Field of Light
10470000255	光明领域【无需翻译】	Field of Light
10470000256	10470000256	Toward a Certain Direction
10470000256	向某个方向【无需翻译】	Toward a Certain Direction
10470000257	10470000257	Large Roulette Laser
10470000257	大转盘激光【无需翻译】	Large Roulette Laser
10470000258	10470000258	Night Light
10470000258	黑夜灯光【无需翻译】	Night Light
10470000259	唱歌NPC@{1}【无需翻译】	Singing NPC@{1}
10470000260	云梯	Siege Ladder
10470000260	雲梯	Siege Ladder
10470000261	冲车	Battering Ram
10470000261	攻城車	Battering Ram
10470000262	哨所	Outpost
10470000262	哨站	Outpost
10470000264	城门	City Gate
10470000265	攻方大門	Camp Gate
10470000265	营门	Camp Gate
10470000266	箭塔	Arrow Tower
10470000267	工坊	Workshop
10470000267	车间	Workshop
10470000268	华丽金属	Emperium
10470000268	華麗金屬	Emperium
10470000269	加农炮	Arm Cannon
10470000269	加農砲	Arm Cannon
10470000270	飛鴉	Flying Raven
10470000270	飞鸦	Flying Raven
10470000271	高射炮	Anti-Aircraft Gun
10470000271	高射砲	Anti-Aircraft Gun
10470000272	火箭炮	Rocket Launcher
10470000272	火箭砲	Rocket Launcher
10470000273	阻碍物	Obstacle
10470000273	障礙物	Obstacle
10470000274	10470000274	Poring Cannon
10470000274	波利加农炮（无需翻译）	Poring Cannon
10470000275	10470000275	Lightning Raven
10470000275	闪电飞鸦（无需翻译）	Lightning Raven
10470000276	10470000276	Holy Anti-Aircraft Gun
10470000276	神圣高射炮（无需翻译）	Holy Anti-Aircraft Gun
10470000277	10470000277	Dark Anti-Aircraft Gun
10470000277	黑暗高射炮（无需翻译）	Dark Anti-Aircraft Gun
10470000278	10470000278	Holy Rocket Launcher
10470000278	神圣火箭炮（无需翻译）	Holy Rocket Launcher
10470000279	蒸氣坦克	Steam Tank
10470000279	蒸汽坦克	Steam Tank
10470000280	秘銀機甲	Mithril Madogear
10470000280	秘银机甲	Mithril Madogear
10470000281	精金机甲	Adamantine Madogear
10470000281	精金機甲	Adamantine Madogear
10470000282	喷气背包	Jet Backpack
10470000282	噴射背包	Jet Backpack
10470000283	弓手	Archer
10470000284	守护者	Protector
10470000284	守護者	Protector
10470000285	城卫	City Guard
10470000285	守衛	City Guard
10470000286	机甲维修区	Madogear Repair Zone
10470000286	機甲維修區	Madogear Repair Zone
10470000287	騎士監護人	Knight Guardian
10470000287	骑士监护人	Knight Guardian
10470000288	弓箭手监护人	Archer Guardian
10470000288	弓箭手監護人	Archer Guardian
10470000289	守卫监护人	Guard Guardian
10470000289	守衛監護人	Guard Guardian
10470000290	攻城大營	Siege Camp
10470000290	攻城大营	Siege Camp
10470000291	結界石碑	Barrier Stele
10470000291	结界石碑	Barrier Stele
10470000292	先鋒	Vanguard
10470000292	先锋	Vanguard
10470000293	据点旗帜	Stronghold Flag
10470000293	據點旗幟	Stronghold Flag
10470000294	能量暴动	Energy Riot
10470000294	能量暴動	Energy Riot
10470000295	原型試煉	Prototype Trial
10470000295	原型试炼	Prototype Trial
10470000296	过载核心	Overload Core
10470000296	過載核心	Overload Core
10470000297	实验傀儡∑型	Experimental Puppet Σ-Type
10470000297	實驗傀儡∑型	Experimental Puppet Σ-Type
10470000298	10470000298	Magic Circle_Phreeoni Slow Area
10470000298	法阵_皮里恩减速区域（无需翻译）	Magic Circle_Phreeoni Slow Area
10470000299	普通鏢車	Normal Caravan
10470000299	普通镖车	Normal Caravan
10470000300	精英宝车	Elite Treasure Cart
10470000300	菁英寶車	Elite Treasure Cart
10470000301	森林傀儡α型	Forest Puppet Type α
10470000302	森林傀儡β型	Forest Puppet Type β
10470000303	森林傀儡γ型	Forest Puppet Type γ
10470000304	蔓型傀儡a型-护卫	Vine Puppet Type A - Guard
10470000304	蔓型傀儡a型-護衛	Vine Puppet Type A - Guard
10470000305	蔓型傀儡a型-猎手	Vine Puppet Type A - Hunter
10470000305	蔓型傀儡a型-獵手	Vine Puppet Type A - Hunter
10470000306	蔓型傀儡β型-守卫者	Vine Puppet Type β - Guardian
10470000306	蔓型傀儡β型-守衛者	Vine Puppet Type β - Guardian
10470000307	沙漠傀儡α型	Desert Puppet Type α
10470000308	沙漠傀儡β型	Desert Puppet Type β
10470000309	沙漠傀儡γ型	Desert Puppet Type γ
10470000310	沙型傀儡a型-游荡者	Sand Puppet Type A - Wanderer
10470000310	沙型傀儡a型-游蕩者	Sand Puppet Type A - Wanderer
10470000311	沙型傀儡a型-塵暴-	Sand Puppet Type A - Dust Storm -
10470000311	沙型傀儡a型-尘暴-	Sand Puppet Type A - Dust Storm -
10470000312	沙型傀儡a型-塵暴	Sand Puppet Type A - Dust Storm
10470000312	沙型傀儡a型-尘暴	Sand Puppet Type A - Dust Storm
10470000313	沙型傀儡β型-守卫者	Sand Puppet Type β - Guardian
10470000313	沙型傀儡β型-守衛者	Sand Puppet Type β - Guardian
10470000314	山脈傀儡α型	Mountain Puppet Type α
10470000314	山脉傀儡α型	Mountain Puppet Type α
10470000315	山脈傀儡β型	Mountain Puppet Type β
10470000315	山脉傀儡β型	Mountain Puppet Type β
10470000316	山脈傀儡γ型	Mountain Puppet Type γ
10470000316	山脉傀儡γ型	Mountain Puppet Type γ
10470000317	岩型傀儡a型-騎士	Rock Puppet Type A - Knight
10470000317	岩型傀儡a型-骑士	Rock Puppet Type A - Knight
10470000318	岩型傀儡a型-监控者	Rock Puppet Type A - Watcher
10470000318	岩型傀儡a型-監控者	Rock Puppet Type A - Watcher
10470000319	岩型傀儡β型-守卫者	Rock Puppet Type β - Guardian
10470000319	岩型傀儡β型-守衛者	Rock Puppet Type β - Guardian
10470000320	熔岩傀儡α型	Lava Puppet Type α
10470000321	熔岩傀儡β型	Lava Puppet Type β
10470000322	熔岩傀儡γ型	Lava Puppet Type γ
10470000323	蔓型傀儡a型-混乱护卫	Vine Puppet Type A - Chaotic Guard
10470000323	蔓型傀儡a型-混亂護衛	Vine Puppet Type A - Chaotic Guard
10470000324	蔓型傀儡a型-混乱猎手	Vine Puppet Type A - Chaotic Hunter
10470000324	蔓型傀儡a型-混亂獵手	Vine Puppet Type A - Chaotic Hunter
10470000325	蔓型傀儡β型-破坏者	Vine Puppet Type β - Destroyer
10470000325	蔓型傀儡β型-破壞者	Vine Puppet Type β - Destroyer
10470000326	沙型傀儡a型-混乱游荡者	Sand Puppet Type A - Chaotic Wanderer
10470000326	沙型傀儡a型-混亂遊蕩者	Sand Puppet Type A - Chaotic Wanderer
10470000327	沙型傀儡a型-炎暴	Sand Puppet Type A - Flameburst
10470000328	沙型傀儡β型-破坏者	Sand Puppet Type β - Destroyer
10470000328	沙型傀儡β型-破壞者	Sand Puppet Type β - Destroyer
10470000329	岩型傀儡a型-混乱骑士	Rock Puppet Type A - Chaotic Knight
10470000329	岩型傀儡a型-混亂騎士	Rock Puppet Type A - Chaotic Knight
10470000330	岩型傀儡a型-混乱监控者	Rock Puppet Type A - Chaotic Watcher
10470000330	岩型傀儡a型-混亂監控者	Rock Puppet Type A - Chaotic Watcher
10470000331	岩型傀儡β型-破坏者	Rock Puppet Type β - Destroyer
10470000331	岩型傀儡β型-破壞者	Rock Puppet Type β - Destroyer
10470000332	兽人婴儿	Orc Baby
10470000332	獸人嬰兒	Orc Baby
10470000333	沙漠幼狼	Baby Desert Wolf
10470000334	刺刀哥布林	Goblin (Dagger)
10470000334	刺刀哥布靈	Goblin (Dagger)
10470000335	兽人女战士	Orc Lady
10470000335	獸人女戰士	Orc Lady
10470000336	兽人战士	Orc Warrior
10470000336	獸人戰士	Orc Warrior
10470000337	沙漠之狼	Desert Wolf
10470000338	刺鎚哥布靈	Goblin (Flail)
10470000338	刺锤哥布林	Goblin (Flail)
10470000339	腐尸兽人	Orc Zombie
10470000339	腐屍獸人	Orc Zombie
10470000340	米洛斯	Minorous
10470000341	凯美拉	Chimera
10470000341	凱美拉	Chimera
10470000342	哥布林首领	Goblin Leader
10470000342	哥布靈首領	Goblin Leader
10470000343	狂暴米諾斯	Furious Minorous
10470000343	狂暴米诺斯	Furious Minorous
10470000344	蘑菇	Mushroom
10470000345	幽灵剑士	Raydric
10470000345	幽靈劍士	Raydric
10470000346	海葵	Hydra
10470000347	幽灵弓箭手	Raydric Archer
10470000347	幽靈弓箭手	Raydric Archer
10470000348	犬妖首領	Kobold Leader
10470000348	犬妖首领	Kobold Leader
10470000349	卡利斯格	Khalitzburg
10470000350	蛇女	Isis
10470000351	邪骸弓箭手	Archer Skeleton
10470000352	爆鑽傘蜥	Driller
10470000352	爆钻伞蜥	Driller
10470000353	邪骸兽人	Orc Skeleton
10470000353	邪骸獸人	Orc Skeleton
10470000354	邪骸浪人	Wander Man
10470000355	泥人	Sandman
10470000356	邪恶使者	Injustice
10470000356	邪惡使者	Injustice
10470000357	犬妖弓箭手	Kobold Archer
10470000358	狮鹫	Gryphon
10470000358	獅鷲	Gryphon
10470000359	瑞比欧	Rybio
10470000359	瑞比歐	Rybio
10470000360	10470000360	Gold Coins—
10470000360	金币无需翻译	Gold Coins—
10470000361	@{1}級礦脈	Lv. @{1} Ore Vein
10470000361	@{1}级矿脉	Lv. @{1} Ore Vein
10470000362	@{1}級草木	Lv. @{1} Plant
10470000362	@{1}级草木	Lv. @{1} Plant
10470000363	普通树木	Common Timber
10470000363	普通樹木	Common Timber
10470000364	輕盈樹木	Lightweight Timber
10470000364	轻盈树木	Lightweight Timber
10470000365	坚实树木	Sturdy Timber
10470000365	堅實樹木	Sturdy Timber
10470000366	坚硬铁木	Hard Ironwood
10470000366	堅硬鐵木	Hard Ironwood
10470000367	神圣树木	Sacred Timber
10470000367	神聖樹木	Sacred Timber
10470000368	虎王	Eddga
10470000369	为爱倾尽所有	Give It All for Love
10470000369	為愛傾盡所有	Give It All for Love
10470000370	南夢破碎	Shattered Southern Dream
10470000370	南梦破碎	Shattered Southern Dream
10470000371	兔叽妹妹	Bunny Sis
10470000371	兔嘰妹妹	Bunny Sis
10470000372	法老王	Pharaoh
10470000373	金字塔	Pyramid
10470000374	法老王棺材	Pharaoh's Coffin
10470000375	我方飛空艇	Allied Airship
10470000375	我方飞空艇	Allied Airship
10470000376	敌方飞空艇	Enemy Airship
10470000376	敵方飛空艇	Enemy Airship
10470000377	邪恶势力团成员战士	Evil Forces Member Warrior
10470000377	邪惡勢力團戰士	Evil Forces Member Warrior
10470000378	邪恶势力团成员弓箭手	Evil Forces Member Archer
10470000378	邪惡勢力團弓箭手	Evil Forces Member Archer
10470000379	邪恶首领	Evil Boss
10470000379	邪惡首領	Evil Boss
10470000380	繩索	Rope
10470000380	绳索	Rope
10470000381	火炮	Cannon
10470000381	火砲	Cannon
10470000382	教授	Professor
10470000383	波波	Bobo
10470000384	船長	Captain
10470000384	船长	Captain
10470000385	晤勒	Wule
10470000386	保亚	Boya
10470000386	保亞	Boya
10470000387	乐园团团长	Eden Group Chief
10470000387	樂園團團長	Eden Group Chief
10470000388	蚁卵	Ant Egg
10470000388	蟻卵	Ant Egg
10470000389	敌方绳索钉	Enemy Rope Stake
10470000389	敵方繩索釘	Enemy Rope Stake
10470000390	邪恶战士	Evil Warrior
10470000390	邪惡戰士	Evil Warrior
10470000391	邪恶弓箭手	Evil Archer
10470000391	邪惡弓箭手	Evil Archer
10470000392	珍藏的宝箱	Precious Treasure Chest
10470000392	珍藏的寶箱	Precious Treasure Chest
10470000393	敌方小型飞空艇	Small Enemy Airship
10470000393	敵方小型飛空艇	Small Enemy Airship
10470000394	邪恶势力团远射弓箭手	Evil Forces Sharpshooter
10470000394	邪惡勢力團遠程弓箭手	Evil Forces Sharpshooter
10470000395	︶帅到失眠	︶Too Handsome to Sleep
10470000395	︶帥到失眠	︶Too Handsome to Sleep
10470000396	ご血祭葬愛ご	Blood Rite, Love's Burial
10470000396	ご血祭葬爱ご	Blood Rite, Love's Burial
10470000397	旧城人凉	Cold Hearts in the Old City
10470000397	舊城人涼	Cold Hearts in the Old City
10470000398	月色随风	Moonlight on the Breeze
10470000398	月色隨風	Moonlight on the Breeze
10470000399	第7個夏天丶	The ⑦th Summer
10470000399	第⑦个夏天丶	The ⑦th Summer
10470000400	月下妍	Moonlit Beauty
10470000401	爵士少年﹌‖	Jazz Boy﹌‖
10470000402	鬼寐﹏孤寂	Ghostly﹏Solitude
10470000403	深巷℡少年夢	Deep Alley℡Boyhood Dream
10470000403	深巷℡少年梦	Deep Alley℡Boyhood Dream
10470000404	精英大嘴鸟	Elusive Pecopeco
10470000404	菁英大嘴鳥	Elusive Pecopeco
10470000405	鳥巢	Ancient Nest
10470000405	鸟巢	Ancient Nest
10470000406	队长	Party Leader
10470000407	布拉吉丝	Bragis
10470000407	布拉吉絲	Bragis
10470000408	訓練假人普通	Training Dummy - Normal
10470000408	训练假人普通	Training Dummy - Normal
10470000409	訓練假人挑戰	Training Dummy Challenge
10470000409	训练假人挑战	Training Dummy Challenge
10470000410	小雞	Picky
10470000410	小鸡	Picky
10470000411	苍蝇	Chonchon
10470000411	蒼蠅	Chonchon
10470000412	禿鷹	Condor
10470000412	秃鹰	Condor
10470000413	小野猪	Savage Babe
10470000413	小野豬	Savage Babe
10470000414	蝗虫	Rocker
10470000414	蝗蟲	Rocker
10470000415	罗达蛙	Roda Frog
10470000415	羅達蛙	Roda Frog
10470000416	森灵	Worm Tail
10470000416	森靈	Worm Tail
10470000417	蜗牛	Ambernite
10470000417	蝸牛	Ambernite
10470000418	盗虫	Thief Bug
10470000418	盜蟲	Thief Bug
10470000419	克瑞米	Creamy
10470000420	白鼠	Tarou
10470000421	吸血蝙蝠	Familiar
10470000422	蝎子	Scorpion
10470000422	蠍子	Scorpion
10470000423	浮勒盗虫	Thief Bug Female
10470000423	浮勒盜蟲	Thief Bug Female
10470000424	曼陀罗魔花	Mandragora
10470000424	曼陀羅魔花	Mandragora
10470000425	玛勒盗虫	Thief Bug Male
10470000425	瑪勒盜蟲	Thief Bug Male
10470000426	青蛇	Boa
10470000427	毒魔菇	Poison Spore
10470000428	鍬形蟲	Horn
10470000428	锹形虫	Horn
10470000429	大脚熊	Bigfoot
10470000429	大腳熊	Bigfoot
10470000430	松鼠	Coco
10470000431	盗虫卵	Thief Bug Egg
10470000431	盜蟲卵	Thief Bug Egg
10470000432	虫蛹	Pupa
10470000432	蟲蛹	Pupa
10470000433	10470000433	Sanctified Ground
10470000433	圣化领地【无需翻译】	Sanctified Ground
10470000434	炸弹波利	Bombring
10470000434	炸彈波利	Bombring
10470000435	10470000435	Realm of Darkness
10470000435	黑暗领地【无需翻译】	Realm of Darkness
10470000436	訓練假人	Training Dummy
10470000436	训练假人	Training Dummy
10470000437	@{1}D包围盒测试	@{1}D Bounding Box Test
10470000437	@{1}D包圍盒測試	@{1}D Bounding Box Test
10470000438	直升机哥布灵	Rotar Zairo
10470000438	直升機哥布靈	Rotar Zairo
10470000439	猎蝇	Dustiness
10470000439	獵蠅	Dustiness
10470000440	轉轉蛋	Eggyra
10470000440	转转蛋	Eggyra
10470000441	摩卡	Muka
10470000442	蜂兵	Hornet
10470000443	邪骸士兵	Soldier Skeleton
10470000444	木乃伊	Mummy
10470000445	腐尸	Zombie
10470000445	腐屍	Zombie
10470000446	工蚁	Piere
10470000446	工蟻	Piere
10470000447	白蚁	Andre
10470000447	白蟻	Andre
10470000448	黑蚁	Vitata
10470000448	黑蟻	Vitata
10470000449	土拨鼠	Martin
10470000449	土撥鼠	Martin
10470000450	基尔瑟	Giearth
10470000450	基爾瑟	Giearth
10470000451	邪骸矿工	Skeleton Worker
10470000451	邪骸礦工	Skeleton Worker
10470000452	紅蝙蝠	Drainliar
10470000452	红蝙蝠	Drainliar
10470000453	邪骸海盗	Pirate Skeleton
10470000453	邪骸海盜	Pirate Skeleton
10470000454	巧克猴	Choco
10470000455	毕莱特	Verit
10470000455	畢萊特	Verit
10470000456	人魚	Obeaune
10470000456	人鱼	Obeaune
10470000457	魔鍋蛋	Magnolia
10470000457	魔锅蛋	Magnolia
10470000458	伞蜥	Frilldora
10470000458	傘蜥	Frilldora
10470000459	小巴風特	Baphomet Jr.
10470000459	小巴风特	Baphomet Jr.
10470000460	黑狐	Matyr
10470000461	噬人花	Flora
10470000462	野猪	Savage
10470000462	野豬	Savage
10470000463	蛇女伊丝	Isis
10470000463	蛇女伊絲	Isis
10470000464	妖道	Bongun
10470000465	雪熊	Sasquatch
10470000466	瓢虫	Ladybug
10470000466	瓢蟲	Ladybug
10470000467	刺猬虫	Hedgehog Bug
10470000467	刺蝟蟲	Hedgehog Bug
10470000468	大嘴鳥	Peco Peco
10470000468	大嘴鸟	Peco Peco
10470000469	邪骸战士	Skeleton
10470000469	邪骸戰士	Skeleton
10470000470	白蚁幼虫	Ant Egg
10470000470	白蟻幼蟲	Ant Egg
10470000471	愤怒波波利	Furious Poporing
10470000471	憤怒波波利	Furious Poporing
10470000472	長老樹精	Elder Willow
10470000472	长老树精	Elder Willow
10470000473	漂浮虫	Plankton
10470000473	漂浮蟲	Plankton
10470000474	水母	Marina
10470000475	库克雷	Kukre
10470000475	庫克雷	Kukre
10470000476	大斧哥布灵	Goblin (Axe)
10470000476	大斧哥布靈	Goblin (Axe)
10470000477	鏈鎚哥布靈	Goblin (Flail)
10470000477	链锤哥布灵	Goblin (Flail)
10470000478	螃蟹	Vadon
10470000479	狼	Wolf
10470000480	达拉蛙	Thara Frog
10470000480	達拉蛙	Thara Frog
10470000481	邪骸食人魚	Megalodon
10470000481	邪骸食人鱼	Megalodon
10470000482	乌贼	Marse
10470000482	烏賊	Marse
10470000483	艾斯蜘蛛	Argos
10470000484	綠蒼蠅	Steel Chonchon
10470000484	绿苍蝇	Steel Chonchon
10470000485	刺刀哥布灵	Goblin (Dagger)
10470000485	刺刀哥布靈	Goblin (Dagger)
10470000486	麥斯特	Myst
10470000486	麦斯特	Myst
10470000487	气泡虫	Marine Sphere
10470000487	氣泡蟲	Marine Sphere
10470000488	剑鱼	Phen
10470000488	劍魚	Phen
10470000489	兹诺克	Zenorc
10470000489	茲諾克	Zenorc
10470000490	巨象甲虫	Beetle King
10470000490	巨象甲蟲	Beetle King
10470000491	弓箭哥布灵	Goblin Archer
10470000491	弓箭哥布靈	Goblin Archer
10470000492	重金属蝗虫	Metaller
10470000492	重金屬蝗蟲	Metaller
10470000493	馬克	Marc
10470000493	马克	Marc
10470000494	刺錘哥布靈	Goblin (Mace)
10470000494	刺锤哥布灵	Goblin (Mace)
10470000495	异变鱼	Sword Fish
10470000495	異變魚	Sword Fish
10470000496	榔头哥布灵	Goblin (Hammer)
10470000496	榔頭哥布靈	Goblin (Hammer)
10470000497	兽人腐尸	Orc Zombie
10470000497	獸人腐屍	Orc Zombie
10470000498	僵尸	Munak
10470000498	殭屍	Munak
10470000499	人魚士兵	Merman
10470000499	人鱼士兵	Merman
10470000500	狄奥斯	Deviace
10470000500	狄奧斯	Deviace
10470000501	巨石怪	Golem
10470000502	赤苍蝇	Hunter Fly
10470000502	赤蒼蠅	Hunter Fly
10470000503	蚯蚓	Hode
10470000504	鬼女	Sohee
10470000505	螳螂	Mantis
10470000506	土人	Dokebi
10470000507	黑蛇	Side Winder
10470000508	傑洛米	Zerom
10470000508	杰洛米	Zerom
10470000509	諾可伊	Requiem
10470000509	诺可伊	Requiem
10470000510	九尾狐	Nine Tails
10470000511	艾吉欧蜈蚣	Argiope
10470000511	艾吉歐蜈蚣	Argiope
10470000512	兽人弓箭手	Orc Archer
10470000512	獸人弓箭手	Orc Archer
10470000513	梅納海葵	Penomena
10470000513	梅纳海葵	Penomena
10470000514	卡拉蟹	Crab
10470000515	卡那多斯	Cornutus
10470000516	奈吉鳥	Raggler
10470000516	奈吉鸟	Raggler
10470000517	貝殼魔靈	Shellfish
10470000517	贝壳魔灵	Shellfish
10470000518	海星	Starfish
10470000519	綠變色龍	Grove
10470000519	绿变色龙	Grove
10470000520	鱷魚人	Alligator
10470000520	鳄鱼人	Alligator
10470000521	海神	Strouf
10470000522	南瓜先生	Jakk
10470000523	狂暴野猫	Wild Rose
10470000523	狂暴野貓	Wild Rose
10470000524	馬爾杜克	Marduk
10470000524	马尔杜克	Marduk
10470000525	毕帝特飞龙	Sky Petite
10470000525	畢帝特飛龍	Sky Petite
10470000526	帕莎納	Pasana
10470000526	帕莎纳	Pasana
10470000527	蓝鼠	Cramp
10470000527	藍鼠	Cramp
10470000528	灰森灵	Stem Worm
10470000528	灰森靈	Stem Worm
10470000529	毕帝特地龙	Petite
10470000529	畢帝特地龍	Petite
10470000530	刺錘犬妖	Mace Kobold
10470000530	刺锤犬妖	Mace Kobold
10470000531	榔头犬妖	Hammer Kobold
10470000531	榔頭犬妖	Hammer Kobold
10470000532	安毕斯	Anubis
10470000532	安畢斯	Anubis
10470000533	大斧犬妖	Axe Kobold
10470000534	賽杜拉	Squidgitte
10470000534	赛杜拉	Squidgitte
10470000535	深海电鳗	Sropho
10470000535	深海電鰻	Sropho
10470000536	狂暴木乃伊	Ancient Mummy
10470000537	酱缸章鱼	Pot Dofle
10470000537	醬缸章魚	Pot Dofle
10470000538	大脚龙虾	King Dramoh
10470000538	大腳龍蝦	King Dramoh
10470000539	狂暴克瑞米	Creamy Fear
10470000540	狂暴大脚熊	Leib Olmai
10470000540	狂暴大腳熊	Leib Olmai
10470000541	狂暴螳螂	Killer Mantis
10470000542	新手-白蚁	Novice - Andre
10470000542	新手－白蟻	Novice - Andre
10470000543	卷甲虫	Arclouze
10470000543	捲甲蟲	Arclouze
10470000544	飛行魔書	Rideword
10470000544	飞行魔书	Rideword
10470000545	鏡妖	Dark Frame
10470000545	镜妖	Dark Frame
10470000546	卡拉特小丑	Carat
10470000547	愛麗絲女僕	Alice the Maid
10470000547	爱丽丝女仆	Alice the Maid
10470000548	賢者蟲	Sageworm
10470000548	贤者虫	Sageworm
10470000549	暗神官	Evil Druid
10470000550	史汀	Sting
10470000551	蝙蝠弓箭手	Gargoyle
10470000552	腐尸战俘	Zombie Prisoner
10470000552	腐屍戰俘	Zombie Prisoner
10470000553	邪骸战俘	Skel Prisoner
10470000553	邪骸戰俘	Skel Prisoner
10470000554	艾斯恩魔女	Zherlthsh
10470000555	阿修罗狂战士	Phendark
10470000555	阿修羅狂戰士	Phendark
10470000556	虎蜥人	Anolian
10470000557	疯狂的礼物箱	Crazy Gift Box
10470000557	瘋狂的禮物箱	Crazy Gift Box
10470000558	善良的大汉	Kindhearted Man
10470000558	善良的大漢	Kindhearted Man
10470000559	勇敢的家兴	Brave Jiaxing
10470000559	勇敢的家興	Brave Jiaxing
10470000560	忠誠的博凱	Loyal Bokai
10470000560	忠诚的博凯	Loyal Bokai
10470000561	快乐的亮亮	Happy Liangliang
10470000561	快樂的亮亮	Happy Liangliang
10470000562	专注的峰宝	Focused Fengbao
10470000562	專注的峰寶	Focused Fengbao
10470000563	憨厚的亚伟	Good-Natured Yawei
10470000563	憨厚的亞偉	Good-Natured Yawei
10470000564	狂暴波利	Berserk Poring
10470000565	胆怯波利	Timid Poring
10470000565	膽怯波利	Timid Poring
10470000566	10470000566	Osiris Horong
10470000566	俄赛里斯鬼火【无需翻译】	Osiris Horong
10470000567	10470000567	Goblin Leader Spear Throw
10470000567	哥布林首领投枪【无需翻译】	Goblin Leader Spear Throw
10470000568	10470000568	Baphomet Magic Circle
10470000568	巴风特法阵【无需翻译】	Baphomet Magic Circle
10470000569	10470000569	MVP Mistress Magic Circle
10470000569	mvp蜂后法阵【无需翻译】	MVP Mistress Magic Circle
10470000570	法老之棺	Pharaoh's Coffin
10470000571	水龍捲	Water Tornado
10470000571	水龙卷	Water Tornado
10470000572	图腾	Astral Sign
10470000572	圖騰	Astral Sign
10470000573	10470000573	Bell
10470000573	铃铛【无需翻译】	Bell
10470000574	10470000574	Wraith Storm Gust Magic Circle
10470000574	死灵暴风雪法阵【无需翻译】	Wraith Storm Gust Magic Circle
10470000575	10470000575	MVP Dracula Tombstone
10470000575	mvp德古拉墓碑【无需翻译】	MVP Dracula Tombstone
10470000576	10470000576	MVP Magic Circle_Mistress Slow Zone
10470000576	MVP法阵_蜂后减速区域【无需翻译】	MVP Magic Circle_Mistress Slow Zone
10470000577	10470000577	Trap Hunter Boss Tombstone
10470000577	陷阱boss墓碑【无需翻译】	Trap Hunter Boss Tombstone
10470000578	兽人酋长	Orc Lord
10470000578	獸人酋長	Orc Lord
10470000579	蜂后	Mistress
10470000580	俄塞里斯	Osiris
10470000580	俄赛里斯	Osiris
10470000581	皮里恩	Phreeoni
10470000582	魔鬼大乌贼	Kraken
10470000582	魔鬼大烏賊	Kraken
10470000583	死灵虚影	Wraith Phantom
10470000583	死靈虛影	Wraith Phantom
10470000584	测试怪物@{1}	Test Monster@{1}
10470000584	測試魔物@{1}	Test Monster@{1}
10470000585	訓練假人@{1}	Training Dummy@{1}
10470000585	训练假人@{1}	Training Dummy@{1}
10470000586	BOSS木桩	Boss Dummy
10470000586	BOSS木樁	Boss Dummy
10470000587	减伤木桩	Damage Reduction Dummy
10470000587	減傷木樁	Damage Reduction Dummy
10470000588	敌方玩家木桩	Enemy Player Dummy
10470000588	敵方玩家木樁	Enemy Player Dummy
10470000589	敌方怪物木桩	Enemy Monster Dummy
10470000589	敵方魔物木樁	Enemy Monster Dummy
10470000590	友方玩家木桩	Friendly Player Dummy
10470000590	我方玩家木樁	Friendly Player Dummy
10470000591	友方怪物木桩	Friendly Monster Dummy
10470000591	我方魔物木樁	Friendly Monster Dummy
10470000592	简单本木桩	Easy Dungeon Dummy
10470000592	簡單副本木樁	Easy Dungeon Dummy
10470000593	困难本木桩	Hard Dungeon Dummy
10470000593	困難副本木樁	Hard Dungeon Dummy
10470000594	掉落测试木桩@{1}	Drop Test Dummy@{1}
10470000594	掉落測試木樁@{1}	Drop Test Dummy@{1}
10470000595	无属性木桩	Neutral Dummy
10470000595	無屬性木樁	Neutral Dummy
10470000596	風屬性木樁	Wind Dummy
10470000596	风属性木桩	Wind Dummy
10470000597	地属性木桩	Earth Dummy
10470000597	地屬性木樁	Earth Dummy
10470000598	火属性木桩	Fire Dummy
10470000598	火屬性木樁	Fire Dummy
10470000599	水属性木桩	Water Dummy
10470000599	水屬性木樁	Water Dummy
10470000600	毒属性木桩	Poison Dummy
10470000600	毒屬性木樁	Poison Dummy
10470000601	圣属性木桩	Holy Dummy
10470000601	聖屬性木樁	Holy Dummy
10470000602	暗属性木桩	Shadow Dummy
10470000602	暗屬性木樁	Shadow Dummy
10470000603	念属性木桩	Ghost Dummy
10470000603	念屬性木樁	Ghost Dummy
10470000604	不死属性木桩	Undead Dummy
10470000604	不死屬性木樁	Undead Dummy
10470000605	近战木桩	Melee Dummy
10470000605	近戰木樁	Melee Dummy
10470000606	远程木桩	Ranged Dummy
10470000606	遠距木樁	Ranged Dummy
10470000607	@{1}級木樁	Lv. @{1} Dummy
10470000607	@{1}级木桩	Lv. @{1} Dummy
10470000608	测试龙骑	Test Dragon Knight
10470000608	測試龍騎	Test Dragon Knight
10470000609	搖滾蝗蟲	Vocal
10470000609	摇滚蝗虫	Vocal
10470000610	蓝疯兔	Eclipse
10470000610	藍瘋兔	Eclipse
10470000611	波利之王	Mastering
10470000612	龍蠅	Dragon Fly
10470000612	龙蝇	Dragon Fly
10470000613	狂暴蚁后	Maya Purple
10470000613	狂暴蟻后	Maya Purple
10470000614	幽灵波利	Ghostring
10470000614	幽靈波利	Ghostring
10470000615	流浪之狼	Vagabond Wolf
10470000616	暗黑祭司	Dark Priest
10470000617	狮鹫兽	Gryphon
10470000617	獅鷲獸	Gryphon
10470000618	蛙王	Toad
10470000619	狂暴月夜猫	Cat o' Nine-Tail
10470000619	狂暴月夜貓	Cat o' Nine-Tail
10470000620	龍蠅法陣	Dragon Fly Magic Circle
10470000620	龙蝇法阵	Dragon Fly Magic Circle
10470000621	蛙王法阵	Toad Magic Circle
10470000621	蛙王法陣	Toad Magic Circle
10470000622	皮里恩法阵	Phreeoni Magic Circle
10470000622	皮里恩減速	Phreeoni Magic Circle
10470000623	恶魔波利分身	Deviling Clone
10470000623	惡魔波利分身	Deviling Clone
10470000624	詭術	Trickery
10470000624	诡术	Trickery
10470000625	10470000625	Universal - Gift Magic Circle
10470000625	通用-礼物法阵【无需翻译】	Universal - Gift Magic Circle
10470000626	10470000626	Universal - Grand Gift Magic Circle
10470000626	通用-大礼物法阵【无需翻译】	Universal - Grand Gift Magic Circle
10470000627	法阵_刺客影子	Magic Circle_Assassin Shadow
10470000627	法陣_刺客影子	Magic Circle_Assassin Shadow
10470000628	皮里恩冲锋子弹	Phreeoni Charge Projectile
10470000628	皮里恩衝鋒子彈	Phreeoni Charge Projectile
10470000629	霞阵法阵	Haze Formation Magic Circle
10470000629	霞陣法陣	Haze Formation Magic Circle
10470000630	战斗物资	Combat Supplies
10470000630	戰鬥物資	Combat Supplies
10470000631	邪骸战士-精英	Elite Skeleton
10470000631	邪骸戰士-菁英	Elite Skeleton
10470000632	邪骸食人魚-菁英	Elite Megalodon
10470000632	邪骸食人鱼-精英	Elite Megalodon
10470000633	邪骸兽人-精英	Elite Orc Skeleton
10470000633	邪骸獸人－菁英	Elite Orc Skeleton
10470000634	战斗物资 - 大	Large Combat Supplies
10470000634	戰鬥物資-大	Large Combat Supplies
10470000635	空BOSS	Empty Boss
10470000636	法夫納	Fafnir
10470000636	法夫纳	Fafnir
10470000637	加攻龍血	ATK Dragon Blood
10470000637	加攻龙血	ATK Dragon Blood
10470000638	加血龍血	HP Dragon Blood
10470000638	加血龙血	HP Dragon Blood
10470000639	加盾龍血	Shield Dragon Blood
10470000639	加盾龙血	Shield Dragon Blood
10470000640	加速龍血	Accelerate Dragon Blood
10470000640	加速龙血	Accelerate Dragon Blood
10470000641	免死龍血	Deathproof Dragon Blood
10470000641	免死龙血	Deathproof Dragon Blood
10470000642	魔龍之魂	Demonic Dragon Soul
10470000642	魔龙之魂	Demonic Dragon Soul
10470000643	点点	Dotty
10470000643	點點	Dotty
10470000644	橘子	Mandarin
10470000645	花花	Flower
10470000646	煤球	Sooty
10470000647	小白	Snowy
10470000648	可可	Cacao
10470000649	碎星龍儀式管理員	Starshatter Dragon Ritual Administrator
10470000649	碎星龙仪式管理员	Starshatter Dragon Ritual Administrator
10470000650	NPC对白测试员	NPC Dialogue Tester
10470000650	NPC對白測試員	NPC Dialogue Tester
10470000651	卡普拉职员	Kafra Staff
10470000651	卡普拉職員	Kafra Staff
10470000652	卡普拉投票宣传人员	Kafra Voting Campaigner
10470000653	解說員	Commentator
10470000653	解说员	Commentator
10470000654	准它投票宣传人员	Zhunta Voting Campaigner
10470000655	卖花的少女	Flower Girl
10470000655	賣花的少女	Flower Girl
10470000656	礼物商人	Gift Merchant
10470000656	禮物商人	Gift Merchant
10470000657	道具商人	Item Merchant
10470000658	替尔匹	Tilpi
10470000658	替爾匹	Tilpi
10470000659	小孩	Child
10470000660	保安队长	Chief Officer
10470000660	保安隊長	Chief Officer
10470000661	亲切的阿姨	Kindly Lady
10470000661	親切的阿姨	Kindly Lady
10470000662	小女孩	Little Girl
10470000663	來自夢羅克的人	Visitor from Morroc
10470000663	来自梦罗克的人	Visitor from Morroc
10470000665	女人	Woman
10470000666	特諾	Tono
10470000666	特诺	Tono
10470000667	騎士團工作人員	Knight Order Administrator
10470000667	骑士团办公人员	Knight Order Administrator
10470000668	騎士團員	Knight's Member
10470000668	骑士团员	Knight's Member
10470000669	阿斯泰尔	Astair
10470000669	阿斯泰爾	Astair
10470000670	佑罗	Yura
10470000670	佑羅	Yura
10470000671	旅館服務生	Inn Attendant
10470000671	旅馆服务生	Inn Attendant
10470000673	柏坦得	Bartende
10470000674	图书馆管理员	Librarian
10470000674	圖書館管理員	Librarian
10470000675	奈特比亚	Netvia
10470000675	奈特比亞	Netvia
10470000676	流浪汉	Vagrant
10470000676	流浪漢	Vagrant
10470000677	微笑小姐	Miss Smile
10470000678	远道而来的人	Traveler from Afar
10470000678	遠道而來的人	Traveler from Afar
10470000679	肉品商人	Butcher
10470000680	水果商人	Fruit Merchant
10470000681	宣傳人員	Promoter
10470000681	广宣人员	Promoter
10470000682	新生公会长	Novice Guildmaster
10470000682	新生公會長	Novice Guildmaster
10470000683	艾莉儿	Ariel
10470000683	艾莉兒	Ariel
10470000684	妮雅	Nia
10470000685	猫绵绵	Meowmeow
10470000685	貓綿綿	Meowmeow
10470000686	准它投票 宣传人员	Vote for It Campaigner
10470000687	吟游诗人	Bard
10470000688	辜特伊	Gutei
10470000688	顧特伊	Gutei
10470000689	哈茶布拉	Hachabura
10470000690	亚齐	Achi
10470000690	亞齊	Achi
10470000692	阿欧鲁风	Aorufeng
10470000692	阿歐魯風	Aorufeng
10470000694	宠物商人	Pet Merchant
10470000694	寵物商人	Pet Merchant
10470000695	女子	Young Woman
10470000696	繡恩	Welshyun
10470000696	绣恩	Welshyun
10470000697	研究學者	Research Scholar
10470000698	善司	Seth
10470000699	巴伊斯里特	Baisulist
10470000700	艾义仆	Ayipu
10470000700	艾義僕	Ayipu
10470000701	流氓公會情報員	Rogue Guild Informant
10470000701	流氓工会情报员	Rogue Guild Informant
10470000702	瑞德	Reid
10470000703	西发利司	Sifaris
10470000703	西發利司	Sifaris
10470000704	肉麻情侣男	Lovey-Dovey Boyfriend
10470000704	肉麻情侶男	Lovey-Dovey Boyfriend
10470000705	肉麻情侣女	Lovey-Dovey Girlfriend
10470000705	肉麻情侶女	Lovey-Dovey Girlfriend
10470000706	制造爱好者	Crafting Enthusiast
10470000706	製造愛好者	Crafting Enthusiast
10470000707	爸爸	Dad
10470000708	妈妈	Mom
10470000708	媽媽	Mom
10470000709	孩子	Kid
10470000710	結婚小助手	Wedding Assistant
10470000710	结婚小助手	Wedding Assistant
10470000711	牛奶商人	Milk Merchant
10470000712	虾子商人	Shrimp Merchant
10470000712	蝦子商人	Shrimp Merchant
10470000713	修理中的鐵匠	Blacksmith Making Repairs
10470000713	修理中的铁匠	Blacksmith Making Repairs
10470000714	精炼爱好者	Refining Enthusiast
10470000714	精煉愛好者	Refining Enthusiast
10470000715	斯普	Spu
10470000716	葛因	Gein
10470000717	拉克	Lak
10470000718	痞子	Punk
10470000719	飛空艇乘務員	Airship Passenger
10470000719	飞空艇乘机员	Airship Passenger
10470000720	窦加	Doga
10470000720	竇加	Doga
10470000721	本妮	Benny
10470000722	納仁	Naren
10470000722	纳仁	Naren
10470000723	库斯可尔	Kuskel
10470000723	庫斯可爾	Kuskel
10470000724	士兵	Soldier
10470000725	护卫队员 佩奈	Guard Penae
10470000725	護衛隊員ᆞ佩奈	Guard Penae
10470000726	齊黎	Chiri
10470000726	齐黎	Chiri
10470000727	克里图拉学院员工勋	Criatura Academy Staff Member Hoon
10470000727	克里圖拉學院員工勳	Criatura Academy Staff Member Hoon
10470000728	克里图拉学院学生	Criatura Academy Student
10470000728	克里圖拉學院學生	Criatura Academy Student
10470000729	教官 亚乐库斯	Instructor Arlex
10470000729	教官 亞樂庫斯	Instructor Arlex
10470000730	男子	Man
10470000731	破烂堆	Pile of Junk
10470000731	破爛堆	Pile of Junk
10470000732	沙什么盗	Sand-Something Bandit
10470000732	沙什麼盜	Sand-Something Bandit
10470000733	看起來不良的青年	Shady-Looking Youth
10470000733	看起来不良的青年	Shady-Looking Youth
10470000734	伊布拉印	Ibrahim
10470000735	武僧	Monk
10470000735	武道家	Monk
10470000736	修咖巴殷	Shukabain
10470000737	印象犀利的少年	Sharp-Eyed Boy
10470000738	奖励负责人	Rewards Manager
10470000738	獎勵負責人	Rewards Manager
10470000739	雪兹	Cetsu
10470000739	雪茲	Cetsu
10470000740	像个旅行者的人	Traveler-Looking Man
10470000740	像個旅行者的人	Traveler-Looking Man
10470000741	看起來緊張的吟遊詩人	Nervous-Looking Bard
10470000741	看起来紧张的吟游诗人	Nervous-Looking Bard
10470000742	单身汉	Bachelor
10470000742	單身漢	Bachelor
10470000743	斯尔泰	Seultae
10470000743	斯爾泰	Seultae
10470000744	卡普拉投票 宣传人员	Kafra Voting Promoter
10470000745	魔物生态 研究学者	Monster Ecology Research Scholar
10470000745	魔物生態研究學者	Monster Ecology Research Scholar
10470000746	邋遢的男人	Sloppy Man
10470000746	邋遢的男子	Sloppy Man
10470000747	夢羅克游牧民族	Morroc Nomad
10470000747	梦罗克游牧民族	Morroc Nomad
10470000748	夢羅克村民	Morroc Villager
10470000748	梦罗克村民	Morroc Villager
10470000749	商人	Merchant
10470000751	珠宝商人	Jewelry Merchant
10470000751	珠寶商人	Jewelry Merchant
10470000752	搜集品商人	Collectibles Merchant
10470000752	蒐集品商人	Collectibles Merchant
10470000753	阿里	Ari
10470000754	雷亚布连	Leavren
10470000754	雷亞布連	Leavren
10470000756	大婶	Middle-Aged Woman
10470000756	大嬸	Middle-Aged Woman
10470000757	徳邱	Deok-gu
10470000758	純潔的女性	Pure-Hearted Woman
10470000758	纯洁的女性	Pure-Hearted Woman
10470000759	安久浩	Ahn Gu-ho
10470000760	夏珍	Ha-jin
10470000761	安东尼奥	Antonio
10470000761	安東尼奧	Antonio
10470000762	世布亚连	Sebuyalian
10470000762	世布亞連	Sebuyalian
10470000763	凤凰	Phoenix
10470000763	鳳凰	Phoenix
10470000764	葛劳吾提 特卡	Grauti Teka
10470000764	葛勞吾提 特卡	Grauti Teka
10470000765	大夏	Daisha
10470000766	异国商人	Foreign Merchant
10470000766	異國商人	Foreign Merchant
10470000767	阿娇	Ah-Jiao
10470000767	阿嬌	Ah-Jiao
10470000768	坚的男人	Strong Man
10470000768	堅的男人	Strong Man
10470000769	阴森的男子	Eerie Man
10470000769	陰森的男子	Eerie Man
10470000770	葛豪	Geho
10470000771	扫把奶奶	Granny Broom
10470000771	掃把奶奶	Granny Broom
10470000772	歌手	Singer
10470000773	克內克內	Keni
10470000773	克内克内	Keni
10470000774	卫兵	Guard
10470000774	衛兵	Guard
10470000775	青岳望	Chungwolmang
10470000776	毕寇	Biko
10470000776	畢寇	Biko
10470000777	傑依徳	Jade
10470000777	杰依徳	Jade
10470000778	子謙	Ziqian
10470000778	子谦	Ziqian
10470000779	姍姍	Shanshan
10470000779	姗姗	Shanshan
10470000780	商店店員	Shop Clerk
10470000780	商店服务员	Shop Clerk
10470000782	初心者	Novice
10470000783	札拉布	Zalab
10470000784	修女	Nun
10470000785	小狗	Puppy
10470000786	教国信徒	Arunafeltz's Follower
10470000786	教國信徒	Arunafeltz's Follower
10470000787	萌萌	Mengmeng
10470000788	卡魯	Karu
10470000788	卡鲁	Karu
10470000789	舞娘	Dancer
10470000789	舞孃	Dancer
10470000790	咖啡厅服务生	Café Server
10470000790	咖啡廳店員	Café Server
10470000792	猫	Cat
10470000792	貓	Cat
10470000793	游客	Tourist
10470000793	遊客	Tourist
10470000794	男人	Man
10470000794	男子	Man
10470000795	小丑	Clown
10470000796	大叔	An Old Man
10470000797	冒险者	Adventurer
10470000797	冒險者	Adventurer
10470000798	魔法师	Mage
10470000798	魔法師	Mage
10470000799	看书的人	Reader
10470000799	看書的人	Reader
10470000800	學生	Student
10470000801	雇佣商人	Merchant for Hire
10470000801	雇用商人	Merchant for Hire
10470000802	母亲	Mother
10470000803	补考生	Makeup Exam Student
10470000803	補考生	Makeup Exam Student
10470000804	勤奋的人	Hard Worker
10470000804	勤奮的人	Hard Worker
10470000805	玛莉	Marie
10470000805	瑪莉	Marie
10470000806	傑克	Jack
10470000806	杰克	Jack
10470000807	看海的人	Person Watching the Sea
10470000808	休息的人	Person Resting
10470000809	精疲力尽的冒险者	Exhausted Adventurer
10470000809	精疲力盡的冒險者	Exhausted Adventurer
10470000810	練基本功的人	Person Practicing the Basics
10470000810	练基本功的人	Person Practicing the Basics
10470000811	唉声叹气的商人	Sighing Merchant
10470000811	唉聲嘆氣的商人	Sighing Merchant
10470000812	休息中的商人	Resting Merchant
10470000812	歇脚的商人	Resting Merchant
10470000813	护林员	Forest Ranger
10470000813	森林護管員	Forest Ranger
10470000814	剑士	Swordsman
10470000814	劍士	Swordsman
10470000815	爷爷	Grandpa
10470000815	爺爺	Grandpa
10470000816	奶奶	Grandma
10470000817	村裡來的冒險者	Adventurer from the Village
10470000817	村里来的冒险者	Adventurer from the Village
10470000818	黑帮大叔	Gangster An Old Man
10470000818	黑幫大叔	Gangster An Old Man
10470000819	工作的人	Worker
10470000819	干活的人	Worker
10470000820	飢餓的人	Hungry Person
10470000820	饥饿的人	Hungry Person
10470000821	呼呼大睡的人	Sound Asleeper
10470000822	小吃攤販	Food Vendor
10470000822	食物商贩	Food Vendor
10470000823	地图商贩	Map Vendor
10470000823	地圖商人	Map Vendor
10470000824	顧客	Customer
10470000824	顾客	Customer
10470000825	阿莲	Alien
10470000825	阿蓮	Alien
10470000826	梅梅	Mei Mei
10470000827	商贩	Vendor
10470000827	攤販	Vendor
10470000828	阿尔方斯	Alphonse
10470000828	阿爾方斯	Alphonse
10470000829	艾昆妮	Aikuni
10470000830	德瓦他女人	Dewata Woman
10470000830	德瓦他女子	Dewata Woman
10470000831	泰拳男人	Muay Thai Man
10470000831	泰拳男子	Muay Thai Man
10470000832	樱花城城主	Lord of Amatsu
10470000832	櫻花城城主	Lord of Amatsu
10470000833	刺客导师	Assassin Mentor
10470000833	刺客導師	Assassin Mentor
10470000834	凯特斯	Kates
10470000834	凱特斯	Kates
10470000835	賈提族男子	Jati Man
10470000835	贾提族男人	Jati Man
10470000836	馬來男子	Malaya Man
10470000836	马来男人	Malaya Man
10470000837	馬來女子	Malaya Woman
10470000837	马来女人	Malaya Woman
10470000838	德瓦他男人	Dewata Man
10470000838	德瓦他男子	Dewata Man
10470000839	昆仑女孩	Kunlun Girl
10470000839	昆崙女孩	Kunlun Girl
10470000840	昆仑男孩	Kunlun Boy
10470000840	昆崙男孩	Kunlun Boy
10470000841	馬來女孩	Malaya Girl
10470000841	马来女孩	Malaya Girl
10470000842	樱花城男孩	Amatsu Boy
10470000842	櫻花城男孩	Amatsu Boy
10470000843	樱花城解说员	Amatsu Guide
10470000843	櫻花城解說員	Amatsu Guide
10470000844	修行者	Stylist
10470000845	将军	General
10470000845	將軍	General
10470000846	亲切的女孩	Kind Girl
10470000846	親切的女孩	Kind Girl
10470000847	看似坚强的女人	Tough-Looking Woman
10470000847	看似堅強的女人	Tough-Looking Woman
10470000848	面具女孩	Masked Girl
10470000849	盗贼导师	Thief Mentor
10470000849	盜賊導師	Thief Mentor
10470000850	商人导师	Merchant Mentor
10470000850	商人導師	Merchant Mentor
10470000851	服事导师	Acolyte Mentor
10470000851	服事導師	Acolyte Mentor
10470000852	剑士导师	Swordsman Mentor
10470000852	劍士導師	Swordsman Mentor
10470000853	魔法师导师	Mage Mentor
10470000853	魔法師導師	Mage Mentor
10470000854	弓箭手导师	Archer Mentor
10470000854	弓箭手導師	Archer Mentor
10470000855	忽克连	Hollgrehenn
10470000855	忽克連	Hollgrehenn
10470000856	生活职业导师	Life Skill Mentor
10470000856	生活職業導師	Life Skill Mentor
10470000857	婚礼司仪	Wedding Officiant
10470000857	婚禮司儀	Wedding Officiant
10470000858	冒险团导师	Adventure Guild Mentor
10470000858	冒險團導師	Adventure Guild Mentor
10470000859	斯普拉琪	Sprazzi
10470000859	斯普拉齐	Sprazzi
10470000860	军需官	Quartermaster
10470000860	軍需官	Quartermaster
10470000861	10470000861	Quartermaster
10470000861	军需官（无需翻译）	Quartermaster
10470000862	传送站管理员	Teleport Station Administrator
10470000862	傳送站管理員	Teleport Station Administrator
10470000863	补给站人员	Supply Station Staff
10470000863	補給站人員	Supply Station Staff
10470000864	军需处员工	Quartermaster Corps Staff
10470000864	軍需處人員	Quartermaster Corps Staff
10470000865	10470000865	Military Supply Staff
10470000865	军需处人员（无需翻译）	Military Supply Staff
10470000866	王宫守卫	Palace Guard
10470000866	王宮守衛	Palace Guard
10470000867	10470000867	Crystal Donation Informant
10470000867	晶石捐赠情报员（无需翻译）	Crystal Donation Informant
10470000868	資源管理部人員	Resource Management Department Staff
10470000868	资源管理部员工	Resource Management Department Staff
10470000869	哨站管理员	Outpost Administrator
10470000869	哨站管理員	Outpost Administrator
10470000870	神秘人	Mysterious Person
10470000871	冒险团之树	Adventurer's Guild Tree
10470000871	冒險團之樹	Adventurer's Guild Tree
10470000872	公会物资管理人员	Guild Supplies Manager
10470000872	公會物資管理人員	Guild Supplies Manager
10470000873	公会服务人员	Guild Services Staff
10470000873	公會服務人員	Guild Services Staff
10470000874	普隆德拉	Prontera
10470000875	下水道	Culvert
10470000876	下水道@{1}层	Culvert Floor @{1}
10470000876	下水道@{1}層	Culvert Floor @{1}
10470000877	普隆德拉东门	Prontera East Gate
10470000877	普隆德拉東門	Prontera East Gate
10470000878	普隆德拉南門	Prontera South Gate
10470000878	普隆德拉南门	Prontera South Gate
10470000879	普隆德拉西門	Prontera West Gate
10470000879	普隆德拉西门	Prontera West Gate
10470000880	普隆德拉北門	Prontera North Gate
10470000880	普隆德拉北门	Prontera North Gate
10470000881	伊斯魯德	Izlude
10470000881	伊斯鲁德	Izlude
10470000882	柏伊亚岚岛	Byalan Island
10470000882	柏伊亞嵐島	Byalan Island
10470000883	海底洞窟	Undersea Tunnel
10470000884	海底洞窟@{1}层	Undersea Tunnel@{1}F
10470000884	海底洞窟@{1}層	Undersea Tunnel@{1}F
10470000885	兽人村落	Orc Village
10470000885	獸人村落	Orc Village
10470000886	哥布灵森林	Goblin Forest
10470000886	哥布靈森林	Goblin Forest
10470000887	妙勒尼花园	Mjolnir Garden
10470000887	妙勒尼花園	Mjolnir Garden
10470000888	迷藏森林	Hidden Forest
10470000889	沙漠岔道	Desert Crossroad
10470000890	吉芬东门	Geffen East Gate
10470000890	吉芬東門	Geffen East Gate
10470000891	妙勒尼山脈	Mt. Mjolnir
10470000891	妙勒尼山脉	Mt. Mjolnir
10470000892	芋虫峡谷	Larva Canyon
10470000892	芋蟲峽谷	Larva Canyon
10470000893	废弃矿场	Abandoned Mine
10470000893	廢棄礦場	Abandoned Mine
10470000894	吉芬	Geffen
10470000895	吉芬北門	Geffen North Gate
10470000895	吉芬北门	Geffen North Gate
10470000896	吉芬西門	Geffen West Gate
10470000896	吉芬西门	Geffen West Gate
10470000897	吉芬原野	Geffen Field
10470000897	吉芬旷野	Geffen Field
10470000898	吉芬郊野	Geffen Outskirts
10470000899	克特森林	Kordt Forest
10470000900	兽人洞穴	Orc Cave
10470000900	獸人洞穴	Orc Cave
10470000901	吉芬塔	Geffen Tower
10470000902	吉芬塔 @{1}层	Geffen Tower Floor @{1}
10470000902	吉芬塔 @{1}層	Geffen Tower Floor @{1}
10470000903	斐扬	Payon
10470000903	斐揚	Payon
10470000904	弓箭手村	Archer Village
10470000905	斐扬东部	Eastern Payon
10470000905	斐揚東部	Eastern Payon
10470000906	树林深处	Deep Forest
10470000906	樹林深處	Deep Forest
10470000907	波利岛	Poring Island
10470000907	波利島	Poring Island
10470000908	斐扬东南	Southeast Payon
10470000908	斐揚東南	Southeast Payon
10470000909	斐扬树林	Payon Forest
10470000909	斐揚樹林	Payon Forest
10470000910	斐扬南部	Southern Payon
10470000910	斐揚南部	Southern Payon
10470000911	僵尸洞	Payon Cave
10470000911	斐揚洞穴	Payon Cave
10470000912	废弃村落	Abandoned Village
10470000912	廢棄村莊	Abandoned Village
10470000913	夢羅克	Morroc
10470000913	梦罗克	Morroc
10470000914	沙漠之桥	Bridge of Desert
10470000914	沙漠之橋	Bridge of Desert
10470000915	夢羅克西部	Western Morroc
10470000915	梦罗克西部	Western Morroc
10470000916	夢羅克南部	South Morroc
10470000916	梦罗克南部	South Morroc
10470000917	苏克拉特沙漠	Sograt Desert
10470000917	蘇克拉特沙漠	Sograt Desert
10470000918	苏克拉特南部	Southern Sograt
10470000918	蘇克拉特南部	Southern Sograt
10470000919	巴不其卡森林	Papuchicha Forest
10470000920	发乐斯灯塔岛	Pharos Lighthouse
10470000920	發樂斯燈塔島	Pharos Lighthouse
10470000921	蚂蚁密穴	Ant Hell
10470000921	螞蟻密穴	Ant Hell
10470000922	金字塔@{1}楼	Pyramid Floor @{1}
10470000922	金字塔@{1}樓	Pyramid Floor @{1}
10470000923	史芬克斯密穴	Sphinx Crypt
10470000923	斯芬克斯密穴	Sphinx Crypt
10470000924	史芬克斯密穴 @{1}層	Sphinx Dungeon Floor @{1}
10470000924	斯芬克斯密穴 @{1}层	Sphinx Dungeon Floor @{1}
10470000925	艾尔贝塔	Alberta
10470000925	艾爾貝塔	Alberta
10470000926	沉沒之船	Sunken Ship
10470000926	沉没之船	Sunken Ship
10470000927	沉船迷宫	Shipwreck Labyrinth
10470000927	沉船迷宮	Shipwreck Labyrinth
10470000928	沉船迷宫@{1}楼	Shipwreck Labyrinth Floor @{1}
10470000928	沉船迷宮@{1}樓	Shipwreck Labyrinth Floor @{1}
10470000929	@{1}层	Floor @{1}
10470000929	@{1}層	Floor @{1}
10470000930	图书馆	Library
10470000930	圖書館	Library
10470000931	大教堂	Grand Cathedral
10470000932	王宫	Royal Palace
10470000933	旅館	Inn
10470000933	旅馆	Inn
10470000934	普隆德拉-飛行觸發	Prontera-Flying Trigger
10470000934	普隆德拉-飞行触发	Prontera-Flying Trigger
10470000935	南門－飛行觸發	South Gate-Flying Trigger
10470000935	南门-飞行触发	South Gate-Flying Trigger
10470000936	伊斯魯德-飛行觸發	Izlude-Flying Trigger
10470000936	伊斯鲁德-飞行触发	Izlude-Flying Trigger
10470000937	斐扬-飞行触发	Payon-Flying Trigger
10470000937	斐揚-飛行觸發	Payon-Flying Trigger
10470000938	斐扬东部-飞行触发	Eastern Payon-Flying Trigger
10470000938	斐揚東部-飛行觸發	Eastern Payon-Flying Trigger
10470000939	斐扬东南-飞行触发	Southeast Payon-Flying Trigger
10470000939	斐揚東南-飛行觸發	Southeast Payon-Flying Trigger
10470000940	斐扬森林-飞行触发	Payon Forest-Flying Trigger
10470000940	斐揚森林-飛行觸發	Payon Forest-Flying Trigger
10470000941	領地爭霸戰-一	Territory War-I
10470000941	领土战-一	Territory War-I
10470000942	領地爭霸戰-二	Territory War-II
10470000942	领土战-二	Territory War-II
10470000943	領地爭霸戰-三	Territory War-III
10470000943	领土战-三	Territory War-III
10470000944	領地爭霸戰-四	Territory War-IV
10470000944	领土战-四	Territory War-IV
10470000945	領地爭霸戰-五	Territory War-V
10470000945	领土战-五	Territory War-V
10470000946	領地爭霸戰-六	Territory War - Six
10470000946	领土战-六	Territory War - Six
10470000947	領地爭霸戰-七	Territory War - Seven
10470000947	领土战-七	Territory War - Seven
10470000948	領地爭霸戰-八	Territory War - Eight
10470000948	领土战-八	Territory War - Eight
10470000949	領地爭霸戰-九	Territory War - Nine
10470000949	领土战-九	Territory War - Nine
10470000950	領地爭霸戰-十	Territory War - Ten
10470000950	领土战-十	Territory War - Ten
10470000951	領地爭霸戰-十一	Territory War-11
10470000951	领土战-十一	Territory War-11
10470000952	領地爭霸戰-十二	Territory War - Twelve
10470000952	领土战-十二	Territory War - Twelve
10470000953	領地爭霸戰-十三	Territory War - Thirteen
10470000953	领土战-十三	Territory War - Thirteen
10470000954	領地爭霸戰-十四	Territory War - Fourteen
10470000954	领土战-十四	Territory War - Fourteen
10470000955	領地爭霸戰-十五	Territory War - Fifteen
10470000955	领土战-十五	Territory War - Fifteen
10470000956	領地爭霸戰-十六	Territory War - Sixteen
10470000956	领土战-十六	Territory War - Sixteen
10470000957	領地爭霸戰-十七	Territory War - Seventeen
10470000957	领土战-十七	Territory War - Seventeen
10470000958	領地爭霸戰-十八	Territory War - Eighteen
10470000958	领土战-十八	Territory War - Eighteen
10470000959	領地爭霸戰-十九	Territory War - Nineteen
10470000959	领土战-十九	Territory War - Nineteen
10470000960	領地爭霸戰-二十	Territory War - 20
10470000960	领土战-二十	Territory War - 20
10470000961	領地爭霸戰-二一	Territory War - 21
10470000961	领土战-二一	Territory War - 21
10470000962	領地爭霸戰-二二	Territory War-22
10470000962	领土战-二二	Territory War-22
10470000963	領地爭霸戰-二三	Territory War-23
10470000963	领土战-二三	Territory War-23
10470000964	領地爭霸戰-二四	Territory War - 24
10470000964	领土战-二四	Territory War - 24
10470000965	領地爭霸戰-二五	Territory War-25
10470000965	领土战-二五	Territory War-25
10470000966	領地爭霸戰-二六	Territory War - 26
10470000966	领土战-二六	Territory War - 26
10470000967	領地爭霸戰-二七	Territory War - 27
10470000967	领土战-二七	Territory War - 27
10470000968	領地爭霸戰-二八	Territory War - 28
10470000968	领土战-二八	Territory War - 28
10470000969	領地爭霸戰-二九	Territory War-29
10470000969	领土战-二九	Territory War-29
10470000970	領地爭霸戰-三十	Territory War-30
10470000970	领土战-三十	Territory War-30
10470000971	領地爭霸戰-三一	Territory War-31
10470000971	领土战-三一	Territory War-31
10470000972	領地爭霸戰-三二	Territory War - 32
10470000972	领土战-三二	Territory War - 32
10470000973	領地爭霸戰-三三	Territory War - 33
10470000973	领土战-三三	Territory War - 33
10470000974	領地爭霸戰-三四	Territory War - 34
10470000974	领土战-三四	Territory War - 34
10470000975	領地爭霸戰-三五	Territory War - 35
10470000975	领土战-三五	Territory War - 35
10470000976	領地爭霸戰-三六	Territory War - 36
10470000976	领土战-三六	Territory War - 36
10470000977	森林深处-飞行触发	Deep in the Forest - Flying Trigger
10470000977	森林深處-飛行觸發	Deep in the Forest - Flying Trigger
10470000978	莱茵	Rhine
10470000978	萊茵	Rhine
10470000979	初心者教官	Novice Instructor
10470000980	艾玛	Emma
10470000980	艾瑪	Emma
10470000981	飛空艇工作人員	Airship Staff
10470000981	飞空艇工作人员	Airship Staff
10470000982	霍克	Hawke
10470000983	莱恩教授	Professor Ryan
10470000983	萊恩教授	Professor Ryan
10470000984	菜鳥劍士	Rookie Swordsman
10470000984	菜鸟剑士	Rookie Swordsman
10470000985	奇怪机器	Strange Machine
10470000985	奇怪機器	Strange Machine
10470000986	教廷騎士	Church Knight
10470000986	教廷骑士	Church Knight
10470000988	神器	Relic
10470000989	旅館阿姨	Innkeeper
10470000989	旅馆阿姨	Innkeeper
10470000990	施密特	Schmidt
10470000991	凯瑟琳	Katherine
10470000991	凱瑟琳	Katherine
10470000992	特里斯坦三世	Tristan III
10470000993	巴雷蒙德	Varmundt
10470000994	哈因里希	Heinrich
10470000995	商队队长	Caravan Party Leader
10470000995	商隊隊長	Caravan Party Leader
10470000996	商队成员	Caravan Member
10470000996	商隊成員	Caravan Member
10470000997	猎人	Hunter
10470000997	獵人	Hunter
10470000998	艾伦	Allen
10470000998	艾倫	Allen
10470000999	头饰商人	Headwear Merchant
10470000999	頭飾商人	Headwear Merchant
10470001000	莱蒙	Lemon
10470001000	萊蒙	Lemon
10470001001	琪琪	Kiki
10470001002	格温	Gwen
10470001002	格溫	Gwen
10470001003	鮑伯	Bob
10470001003	鲍勃	Bob
10470001004	老铁	Buddy
10470001004	鐵哥	Buddy
10470001005	賈克斯	Jax
10470001005	贾克斯	Jax
10470001006	約翰	John
10470001006	约翰	John
10470001007	威廉	William
10470001008	乔安	Joanne
10470001008	喬安	Joanne
10470001009	約翰的妻子	John's Wife
10470001009	约翰的妻子	John's Wife
10470001010	威廉的母亲	William's Mother
10470001010	威廉的母親	William's Mother
10470001011	乔安的妻子	Joanne's Wife
10470001011	喬安的妻子	Joanne's Wife
10470001012	巨蚁	Giant Ant
10470001012	巨蟻	Giant Ant
10470001013	克里弗	Cleaver
10470001014	野猫	Wildcat
10470001014	野貓	Wildcat
10470001015	妮塔	Nita
10470001016	伊尔玛塔的信徒	Follower of Ilmata
10470001016	伊爾瑪塔的信徒	Follower of Ilmata
10470001017	福金	Genesis
10470001018	希莫梅斯	Himomes
10470001019	魔物研究冒险者	Monster Research Adventurer
10470001019	魔物研究冒險者	Monster Research Adventurer
10470001020	形跡可疑的男子	Suspicious Man
10470001020	形迹可疑的男人	Suspicious Man
10470001021	普拉斯	Praxx
10470001022	奇特的石制方台	Strange Stone Platform
10470001022	奇特的石製方台	Strange Stone Platform
10470001023	空模型	Empty Model
10470001024	三明治	Sandwich
10470001025	凶恶的大嘴鸟	Ferocious Peco Peco
10470001025	凶惡的大嘴鳥	Ferocious Peco Peco
10470001026	互動任務NPC	Interaction Quest NPC
10470001026	交互任务npc	Interaction Quest NPC
10470001027	裂隙之石	Rift Stone
10470001028	剑士(怪)@{1}（无需翻译）	Swordsman (Monster)@{1}
10470001029	传送门	Teleporter
10470001029	傳送門	Teleporter
10470001030	10470001030	Kafra Staff
10470001030	卡普拉职员（无需翻译）	Kafra Staff
10470001031	10470001031	Passerby
10470001031	路人（无需翻译）	Passerby
10470001032	10470001032	Guard
10470001032	守卫（无需翻译）	Guard
10470001033	10470001033	Dove
10470001033	鸽子（无需翻译）	Dove
10470001034	10470001034	Mouse
10470001034	老鼠（无需翻译）	Mouse
10470001035	10470001035	Huahua
10470001035	花花（无需翻译）	Huahua
10470001036	10470001036	Gatekeeper
10470001036	门人（无需翻译）	Gatekeeper
10470001037	10470001037	Gate
10470001037	门（无需翻译）	Gate
10470001038	10470001038	Event Kafra
10470001038	活动卡普拉（无需翻译）	Event Kafra
10470001039	10470001039	Swordsman (Monster)
10470001039	剑士(怪)（无需翻译）	Swordsman (Monster)
10470001040	普隆德拉保卫战 氛围裂隙	Battle of Prontera Atmosphere Rift
10470001040	普隆德拉保衛戰 氛圍裂隙	Battle of Prontera Atmosphere Rift
10470001041	10470001041	To Prontera East Gate
10470001041	前往普隆德拉东门（无需翻译）	To Prontera East Gate
10470001042	10470001042	No Translation Required
10470001042	无需翻译	No Translation Required
10470001043	10470001043	Magic Circle_Angeling Damage Area
10470001043	法阵_天使波利伤害圈（无需翻译）	Magic Circle_Angeling Damage Area
10470001044	10470001044	Magic Circle_Orc Hero Ground Cleave
10470001044	法阵_兽人英雄地面砍刀（无需翻译）	Magic Circle_Orc Hero Ground Cleave
10470001045	10470001045	Magic Circle_Maya Petrify Mist
10470001045	法阵_蚁后石化迷雾（无需翻译）	Magic Circle_Maya Petrify Mist
10470001046	10470001046	Magic Circle_Empty
10470001046	法阵_空（无需翻译）	Magic Circle_Empty
10470001047	10470001047	Magic Circle_Mistress Slow Area
10470001047	法阵_蜂后减速区域（无需翻译）	Magic Circle_Mistress Slow Area
10470001048	10470001048	Mandragora Ranged Attack
10470001048	曼陀罗魔花远程攻击（无需翻译）	Mandragora Ranged Attack
10470001049	10470001049	MVP Magic Circle_Mistress Slow Area
10470001049	MVP法阵_蜂后减速区域（无需翻译）	MVP Magic Circle_Mistress Slow Area
10470001050	10470001050	Magic Circle_Great Fire Dragon Meteor Fall
10470001050	法阵_巨火龙陨石落下（无需翻译）	Magic Circle_Great Fire Dragon Meteor Fall
10470001051	公会场景雕像	Guild Area Statue
10470001051	公會場景雕像	Guild Area Statue
10470001052	摆摊模型	Stall Model
10470001052	擺攤模型	Stall Model
10470001053	卡普拉商店	Kafra Shop
10470001054	希爾芙風暴裂隙	Wind Lord Storm Rift
10470001054	风领主风暴裂隙	Wind Lord Storm Rift
10470001055	狐球	Foxball
10470001056	猫头鹰博士	Dr. Owl
10470001056	貓頭鷹博士	Dr. Owl
10470001057	賽杜拉法陣	Squidgitte Magic Circle
10470001057	赛杜拉法阵	Squidgitte Magic Circle
10470001058	古树	Ancient Tree
10470001058	古樹	Ancient Tree
10470001059	熔岩蜥蜴	Lava Lizard
10470001060	捕虫堇	Nepenthes
10470001060	捕蟲堇	Nepenthes
10470001061	森林妖精	Forest Fairy
10470001062	丟雷樓某@{1}	Diu Lei Lou Mou@{1}
10470001062	丢雷楼某@{1}	Diu Lei Lou Mou@{1}
10470001063	銀月魔女	Silver Moon Witch
10470001063	银月魔女	Silver Moon Witch
10470001064	恶魔女仆	Succubus
10470001064	惡魔女僕	Succubus
10470001065	血蝴蝶	Bloody Butterfly
10470001066	代行刑者	Retribution
10470001067	妖仙女	Fairy
10470001068	米雅毕	Miyabi Doll
10470001068	米雅畢	Miyabi Doll
10470001069	无颅武士	Dullahan
10470001069	無顱武士	Dullahan
10470001070	愛麗瑟	Alicel
10470001070	爱丽瑟	Alicel
10470001071	兽人战士长	High Orc
10470001071	獸人戰士長	High Orc
10470001072	死亡女巫	Death Witch
10470001073	愛麗俄	Aliot
10470001073	爱丽俄	Aliot
10470001074	邪心猎人伊芙	Darkheart Hunter Eve
10470001074	邪心獵人伊芙	Darkheart Hunter Eve
10470001075	异形	Hodremlin Sword
10470001075	異形	Hodremlin Sword
10470001076	污染邪骸浪人	Corrupted Wander Man
10470001077	火忍西怒毕	Raging Shinobi
10470001077	火忍西怒畢	Raging Shinobi
10470001078	恶魔侍者	Incubus
10470001078	惡魔侍者	Incubus
10470001079	邪魔馬	Nightmare
10470001079	邪魔马	Nightmare
10470001080	坚硬七彩梦魇	Hardened Rainbow Nightmare
10470001080	堅硬七彩夢魘	Hardened Rainbow Nightmare
10470001081	小蛇女伊丝	Little Isis
10470001081	小蛇女伊絲	Little Isis
10470001082	美杜莎	Medusa
10470001083	独角光辉凯美拉	One-Horned Radiant Chimera
10470001083	獨角光輝凱美拉	One-Horned Radiant Chimera
10470001084	鶚梟男爵	Owl Baron
10470001084	鹗枭男爵	Owl Baron
10470001085	侦查巴西利斯克	Scout Basilisk
10470001085	偵查巴西利斯克	Scout Basilisk
10470001086	女战士罗拉	Female Warrior Lola
10470001086	女戰士羅拉	Female Warrior Lola
10470001087	果树龟	Fruit Tree Turtle
10470001087	果樹龜	Fruit Tree Turtle
10470001088	野猫骑士	Wildcat Knight
10470001088	野貓騎士	Wildcat Knight
10470001089	皮亚米特	Piamette
10470001089	皮亞米特	Piamette
10470001090	监视者	Watcher
10470001090	監視者	Watcher
10470001091	卡仑宝宝	Garm Baby
10470001091	卡倫寶寶	Garm Baby
10470001092	古鐘魔	Clock
10470001092	古钟魔	Clock
10470001093	祈望女神	Goddess of Hope
10470001094	七彩地龍	Rainbow Ferus
10470001094	七彩地龙	Rainbow Ferus
10470001095	戴德雷	Daedre
10470001096	狐仙	Fox Immortal
10470001097	米谷尔	Miguel
10470001097	米谷爾	Miguel
10470001098	魔羌	Goat
10470001099	埃琳娜·博克巴	Elena Bokba
10470001099	埃琳娜ᆞ博克巴	Elena Bokba
10470001100	莎拉艾琳	Sarah Irene
10470001101	圣化领地	Consecrated Domain
10470001101	聖化領地	Consecrated Domain
10470001102	黑暗領地	Realm of Darkness
10470001102	黑暗领地	Realm of Darkness
10470001103	虫洞	Wormhole
10470001103	蟲洞	Wormhole
10470001104	沙塵暴@{1}m	Sandstorm@{1}m
10470001104	沙尘暴@{1}m	Sandstorm@{1}m
10470001105	未知首領	Unknown Boss
10470001105	未知首领	Unknown Boss
10470001106	傀儡	Puppet
10470001107	海盗船（子弹）	Pirate Ship (Projectile)
10470001107	海盜船（子彈）	Pirate Ship (Projectile)
10470001108	海盗之王-困难木桩	Drake-Hard Dummy
10470001108	海盜之王－困難木樁	Drake-Hard Dummy
10470001109	水龍捲（子彈）	Water Tornado (Projectile)
10470001109	水龙卷（子弹）	Water Tornado (Projectile)
10470001110	水刃（子弹）	Water Blade (Projectile)
10470001110	水刃（子彈）	Water Blade (Projectile)
10470001111	蜂巢	Beehive
10470001112	一滩蜂蜜	Puddle of Honey
10470001112	一灘蜂蜜	Puddle of Honey
10470001113	场地特效	Area Effect
10470001113	場地特效	Area Effect
10470001114	冲锋子弹	Charge Projectile
10470001114	衝鋒子彈	Charge Projectile
10470001115	行进蜂兵	Marching Hornet
10470001115	行進蜂兵	Marching Hornet
10470001116	法阵_蚁后石化迷雾	Magic Circle_Maya Petrifying Mist
10470001116	法陣_蟻后石化迷霧	Magic Circle_Maya Petrifying Mist
10470001117	法阵_蚁后沙尘暴	Magic Circle_Maya Sandstorm
10470001117	法陣_蟻后沙塵暴	Magic Circle_Maya Sandstorm
10470001118	法阵_蚁后沙尘暴秒杀区域	Magic Circle_Maya Sandstorm Instant-Kill Zone
10470001118	法陣_蟻后沙塵暴秒殺區域	Magic Circle_Maya Sandstorm Instant-Kill Zone
10470001119	法阵_蚁后石柱	Magic Circle_Maya Stone Pillar
10470001119	法陣_蟻后石柱	Magic Circle_Maya Stone Pillar
10470001120	子弹_沙尘暴	Projectile_Sandstorm
10470001120	子彈_沙塵暴	Projectile_Sandstorm
10470001121	空单位_召唤用	Empty Unit_Summoning
10470001121	空單位_召喚用	Empty Unit_Summoning
10470001122	法阵_石化迷雾new	Magic Circle_Petrifying Mist new
10470001122	法陣_石化迷霧New	Magic Circle_Petrifying Mist new
10470001123	俄塞里斯	Osiris
10470001124	小木乃伊	Little Mummy
10470001125	鬼火子弹	Horong Projectile
10470001125	鬼火子彈	Horong Projectile
10470001126	並排鬼火	Side-by-Side Horongs
10470001126	并排鬼火	Side-by-Side Horongs
10470001127	斗轉星移	Astral Shift
10470001127	斗转星移	Astral Shift
10470001128	爆炸	Explosion
10470001129	月夜猫铃铛牢笼	Moonlight Flower Bell Cage
10470001129	月夜貓鈴鐺牢籠	Moonlight Flower Bell Cage
10470001130	月夜猫铃铛牢笼亡语	Moonlight Flower Bell Cage Deathrattle
10470001130	月夜貓鈴鐺牢籠亡語	Moonlight Flower Bell Cage Deathrattle
10470001131	月夜猫猜谜铃铛	Moonlight Flower Riddle Bell
10470001131	月夜貓猜謎鈴鐺	Moonlight Flower Riddle Bell
10470001132	月夜猫子弹	Moonlight Flower Projectile
10470001132	月夜貓子彈	Moonlight Flower Projectile
10470001133	月夜猫聚光灯子弹	Moonlight Flower Spotlight Projectile
10470001133	月夜貓聚光燈子彈	Moonlight Flower Spotlight Projectile
10470001134	月夜猫-幻影	Moonlight Flower-Illusion
10470001134	月夜貓-幻影	Moonlight Flower-Illusion
10470001135	月夜猫四角铃铛	Moonlight Flower Four-Corner Bells
10470001135	月夜貓四角鈴鐺	Moonlight Flower Four-Corner Bells
10470001136	月夜猫子弹大	Moonlight Flower Large Projectile
10470001136	月夜貓子彈大	Moonlight Flower Large Projectile
10470001137	月夜猫-透明锚点	Moonlight Flower-Transparent Anchor
10470001137	月夜貓-透明錨點	Moonlight Flower-Transparent Anchor
10470001138	10470001138	Baphomet AoE Magic Circle
10470001138	巴风特aoe法阵【无需翻译】	Baphomet AoE Magic Circle
10470001139	P@{1}泡泡NPC	P@{1} Bubble NPC
10470001140	紅色泡泡NPC	Red Bubble NPC
10470001140	红色泡泡NPC	Red Bubble NPC
10470001141	黃色泡泡NPC	Yellow Bubble NPC
10470001141	黄色泡泡NPC	Yellow Bubble NPC
10470001142	蓝色泡泡NPC	Blue Bubble NPC
10470001142	藍色泡泡NPC	Blue Bubble NPC
10470001143	綠色泡泡NPC	Green Bubble NPC
10470001143	绿色泡泡NPC	Green Bubble NPC
10470001144	紅色跟蹤泡泡npc	Red Tracking Bubble NPC
10470001144	红色跟踪泡泡npc	Red Tracking Bubble NPC
10470001145	黃色跟蹤泡泡npc	Yellow Tracking Bubble NPC
10470001145	黄色跟踪泡泡npc	Yellow Tracking Bubble NPC
10470001146	蓝色跟踪泡泡npc	Blue Tracking Bubble NPC
10470001146	藍色跟蹤泡泡npc	Blue Tracking Bubble NPC
10470001147	綠色跟蹤泡泡npc	Green Tracking Bubble NPC
10470001147	绿色跟踪泡泡npc	Green Tracking Bubble NPC
10470001148	伊丝缇-困难	Isti - Hard
10470001148	伊絲緹-困難	Isti - Hard
10470001149	同色相撞泡泡NPC左	Same-Color Collision Bubble NPC Left
10470001150	同色相撞泡泡NPC下	Same-Color Collision Bubble NPC Down
10470001151	P@{1}紅色泡泡NPC	P@{1} Red Bubble NPC
10470001151	P@{1}红色泡泡NPC	P@{1} Red Bubble NPC
10470001152	P@{1}黃色泡泡NPC	P@{1} Yellow Bubble NPC
10470001152	P@{1}黄色泡泡NPC	P@{1} Yellow Bubble NPC
10470001153	P@{1}蓝色泡泡NPC	P@{1} Blue Bubble NPC
10470001153	P@{1}藍色泡泡NPC	P@{1} Blue Bubble NPC
10470001154	P@{1}綠色泡泡NPC	P@{1} Green Bubble NPC
10470001154	P@{1}绿色泡泡NPC	P@{1} Green Bubble NPC
10470001155	出生动作测试	Spawn Animation Test
10470001155	出生動作測試	Spawn Animation Test
10470001156	P@{1}紅色泡泡NPC@{2}	P@{1} Red Bubble NPC@{2}
10470001156	P@{1}红色泡泡NPC@{2}	P@{1} Red Bubble NPC@{2}
10470001157	P@{1}黃色泡泡NPC@{2}	P@{1} Yellow Bubble NPC@{2}
10470001157	P@{1}黄色泡泡NPC@{2}	P@{1} Yellow Bubble NPC@{2}
10470001158	P@{1}蓝色泡泡NPC@{2}	P@{1} Blue Bubble NPC@{2}
10470001158	P@{1}藍色泡泡NPC@{2}	P@{1} Blue Bubble NPC@{2}
10470001159	P@{1}綠色泡泡NPC@{2}	P@{1} Green Bubble NPC@{2}
10470001159	P@{1}绿色泡泡NPC@{2}	P@{1} Green Bubble NPC@{2}
10470001160	伊丝缇-普通	Isti - Normal
10470001160	伊絲緹-普通	Isti - Normal
10470001161	伊丝缇-终末	Isti - Apocalypse
10470001161	伊絲緹-終末	Isti - Apocalypse
10470001162	奈莎-困难	Nasha - Hard
10470001162	奈莎-困難	Nasha - Hard
10470001163	舞女	Dancer
10470001163	舞孃	Dancer
10470001164	踩圈法阵	Circle-Stepping Magic Circle
10470001164	踩圈法陣	Circle-Stepping Magic Circle
10470001166	跳舞机踩点	Dance Machine Step Point
10470001166	跳舞機踩點	Dance Machine Step Point
10470001167	黑暗預警圈	Dark Warning Circle
10470001167	黑暗预警圈	Dark Warning Circle
10470001168	测试死亡	Test Death
10470001168	測試死亡	Test Death
10470001169	奈莎-普通	Nasha - Normal
10470001170	奈莎-終末	Nasha - Finale
10470001170	奈莎-终末	Nasha - Finale
10470001171	領取紅色音符	Collect Red Note
10470001171	领取红色音符	Collect Red Note
10470001172	領取藍色音符	Collect Blue Note
10470001172	领取蓝色音符	Collect Blue Note
10470001173	領取黃色音符	Collect Yellow Note
10470001173	领取黄色音符	Collect Yellow Note
10470001174	領取綠色音符	Collect Green Note
10470001174	领取绿色音符	Collect Green Note
10470001175	伊尔莫-困难	Ilmo - Hard
10470001175	伊爾莫-困難	Ilmo - Hard
10470001176	伊尔莫-普通	Ilmo - Normal
10470001176	伊爾莫-普通	Ilmo - Normal
10470001177	伊尔莫-终末	Ilmo - Finale
10470001177	伊爾莫-終末	Ilmo - Finale
10470001178	弥尔寇-困难	Mirko - Hard
10470001178	彌爾寇-困難	Mirko - Hard
10470001179	弥尔寇-普通	Mirko - Normal
10470001179	彌爾寇-普通	Mirko - Normal
10470001180	弥尔寇-终末	Mirko - Finale
10470001180	彌爾寇-終末	Mirko - Finale
10470001181	全场圆	Full-Arena Circle
10470001181	全場圓	Full-Arena Circle
10470001182	金色号角	Golden Horn
10470001182	金色號角	Golden Horn
10470001183	蓝色竖琴	Blue Harp
10470001183	藍色豎琴	Blue Harp
10470001184	黑	Black
10470001186	艾德琳·冯·克雷斯特	Adeline von Crest
10470001186	艾德琳ᆞ馮ᆞ克雷斯特	Adeline von Crest
10470001187	Demo測試樁	Demo Test Dummy
10470001187	demo测试桩	Demo Test Dummy
10470001188	伊丝缇	Isti
10470001188	伊絲緹	Isti
10470001189	奈莎	Nasha
10470001190	紅色泡泡	Red Bubble
10470001190	红色泡泡	Red Bubble
10470001191	黃色泡泡	Yellow Bubble
10470001191	黄色泡泡	Yellow Bubble
10470001192	綠色泡泡	Green Bubble
10470001192	绿色泡泡	Green Bubble
10470001193	蓝色泡泡	Blue Bubble
10470001193	藍色泡泡	Blue Bubble
10470001194	海浪	Wave
10470001195	@{1}D包围盒测试子弹	@{1}D Bounding Box Test Projectile
10470001195	@{1}D包圍盒測試子彈	@{1}D Bounding Box Test Projectile
10470001196	不稳定的红色泡泡	Unstable Red Bubble
10470001196	不穩定的紅色泡泡	Unstable Red Bubble
10470001197	不稳定的黄色泡泡	Unstable Yellow Bubble
10470001197	不穩定的黃色泡泡	Unstable Yellow Bubble
10470001198	不稳定的绿色泡泡	Unstable Green Bubble
10470001198	不穩定的綠色泡泡	Unstable Green Bubble
10470001199	不稳定的蓝色泡泡	Unstable Blue Bubble
10470001199	不穩定的藍色泡泡	Unstable Blue Bubble
10470001200	飛刀	Kunai
10470001200	飞刀	Kunai
10470001201	五人副本沙塵暴	Five-Player Dungeon Sandstorm
10470001201	五人本沙尘暴	Five-Player Dungeon Sandstorm
10470001202	五人副本沙塵暴@{1}	Five-Player Dungeon Sandstorm@{1}
10470001202	五人本沙尘暴@{1}	Five-Player Dungeon Sandstorm@{1}
10470001203	测试？	Test?
10470001203	測試？	Test?
10470001204	测试子弹追踪	Test Homing Projectile
10470001204	測試子彈追蹤	Test Homing Projectile
10470001205	测试子弹直线	Test Straight-Line Projectile
10470001205	測試子彈直線	Test Straight-Line Projectile
10470001206	测试子弹环型	Test Circular Projectile
10470001206	測試子彈環型	Test Circular Projectile
10470001207	暴風雪	Storm Gust
10470001207	暴风雪	Storm Gust
10470001208	怒雷強擊	Lord of Vermilion
10470001208	怒雷强击	Lord of Vermilion
10470001209	暗之障壁	Safety Wall
10470001210	火焰之壁	Fire Wall
10470001211	泥沼地	Quagmire
10470001212	火柱攻击	Fire Pillar
10470001212	火柱攻擊	Fire Pillar
10470001213	陨石术	Meteor Storm
10470001213	隕石術	Meteor Storm
10470001214	崩裂术	Heaven's Drive
10470001214	崩裂術	Heaven's Drive
10470001215	深紅隕石	Crimson Rock
10470001215	深红陨石	Crimson Rock
10470001216	閃電連擊	Arc Lightning
10470001216	闪电连击	Arc Lightning
10470001217	霜冻新星	Frost Nova
10470001217	霜凍新星	Frost Nova
10470001218	深淵之握	Marsh of Abyss
10470001218	深渊之握	Marsh of Abyss
10470001219	重力原野	Gravitation Field
10470001220	陨石术@{1}	Meteor Storm@{1}
10470001220	隕石術@{1}	Meteor Storm@{1}
10470001221	光之障壁	Pneuma
10470001222	余烬地带-BD	Ember Zone-BD
10470001222	餘燼地帶-流派	Ember Zone-BD
10470001223	光耀之堂	Sanctuary
10470001224	十字驅魔攻擊	Magnus Exorcismus
10470001224	十字驱魔攻击	Magnus Exorcismus
10470001225	进阶伤害增压	Advanced Head Crush
10470001225	進階傷害增壓	Advanced Head Crush
10470001226	爆散陷阱	Claymore Trap
10470001227	霜冻陷阱	Freezing Trap
10470001227	霜凍陷阱	Freezing Trap
10470001228	定时爆炸陷阱	Blast Mine
10470001228	定時爆炸陷阱	Blast Mine
10470001229	強化地雷陷阱	Enhance Land Mine
10470001229	强化地雷陷阱	Enhance Land Mine
10470001230	強化爆散陷阱	Enhance Claymore Trap
10470001230	强化爆散陷阱	Enhance Claymore Trap
10470001231	強化霜凍陷阱	Enhance Freezing Trap
10470001231	强化霜冻陷阱	Enhance Freezing Trap
10470001232	強化定時爆炸陷阱	Enhance Blast Mine
10470001232	强化定时爆炸陷阱	Enhance Blast Mine
10470001233	法阵_圣母之祈福	Magic Circle_Assumptio
10470001233	法陣_聖母之祈福	Magic Circle_Assumptio
10470001234	法阵_高阶十字驱魔攻击	Magic Circle_Advanced Cross Exorciser Attack
10470001234	法陣_高階十字驅魔攻擊	Magic Circle_Advanced Cross Exorciser Attack
10470001235	法阵_圣母之祈福BD	Magic Circle_Assumptio BD
10470001235	法陣_聖母之祈福流派	Magic Circle_Assumptio BD
10470001236	法阵_高阶十字驱魔攻击BD	Magic Circle_Advanced Cross Exorciser Attack BD
10470001236	法陣_高階十字驅魔攻擊流派	Magic Circle_Advanced Cross Exorciser Attack BD
10470001237	圣光回廊	Holy Light Corridor
10470001237	聖光迴廊	Holy Light Corridor
10470001238	像素突刺残影	Pixel Thrust Increase Dodge
10470001238	像素突刺殘影	Pixel Thrust Increase Dodge
10470001239	箭雨風暴	Arrow Storm
10470001239	箭雨风暴	Arrow Storm
10470001240	法阵_刺客影子S@{1}	Magic Circle_Assassin Shadow S@{1}
10470001240	法陣_刺客影子S@{1}	Magic Circle_Assassin Shadow S@{1}
10470001241	雷諾	Reno
10470001241	雷诺	Reno
10470001242	魯米	Rumi
10470001242	鲁米	Rumi
10470001243	蓝发卡普拉	Blue-Haired Kafra
10470001243	藍髮卡普拉	Blue-Haired Kafra
10470001244	准它社宣传人员	Zhuntuo Agency Promoter
10470001244	準它社宣傳人員	Zhuntuo Agency Promoter
10470001245	10470001245	Guide Line
10470001245	引导线（无需翻译）	Guide Line
10470001246	10470001246	Minor Speed Boost
10470001246	小加速（无需翻译）	Minor Speed Boost
10470001247	10470001247	Major Speed Boost
10470001247	大加速（无需翻译）	Major Speed Boost
10470001248	10470001248	Freezing Trap Hunter
10470001248	冰冻陷阱（无需翻译）	Freezing Trap Hunter
10470001249	10470001249	Flame Trap Hunter
10470001249	火焰陷阱（无需翻译）	Flame Trap Hunter
10470001250	10470001250	Item Box
10470001250	道具箱（无需翻译）	Item Box
10470001251	10470001251	Barricade
10470001251	拒马（无需翻译）	Barricade
10470001252	制作人YU	Producer YU
10470001252	製作人YU	Producer YU
10470001253	10470001253	Friendly Test Dummy
10470001253	友方测试木桩（无需翻译）	Friendly Test Dummy
10470001254	蜂后-简单	Mistress-Easy
10470001254	蜂后－簡單	Mistress-Easy
10470001255	蜂后-普通	Mistress-Normal
10470001255	蜂后－普通	Mistress-Normal
10470001256	蜂后-困难	Mistress-Hard
10470001256	蜂后－困難	Mistress-Hard
10470001257	蜂后-极难	Mistress-Very Hard
10470001257	蜂后－極難	Mistress-Very Hard
10470001258	蜂后-噩梦	Mistress-Nightmare
10470001258	蜂后－夢魘	Mistress-Nightmare
10470001259	蜂后-终焉	Mistress-Final
10470001259	蜂后－終焉	Mistress-Final
10470001260	蚁后-简单	Maya-Easy
10470001260	蟻后－簡單	Maya-Easy
10470001261	蚁后-普通	Maya-Normal
10470001261	蟻后－普通	Maya-Normal
10470001262	蚁后-困难	Maya-Hard
10470001262	蟻后－困難	Maya-Hard
10470001263	蚁后-极难	Maya-Very Hard
10470001263	蟻后－極難	Maya-Very Hard
10470001264	蚁后-噩梦	Maya-Nightmare
10470001264	蟻后－夢魘	Maya-Nightmare
10470001265	蚁后-终焉	Maya-Final
10470001265	蟻后－終焉	Maya-Final
10470001266	俄塞里斯－簡單	Osiris-Easy
10470001266	俄赛里斯-简单	Osiris-Easy
10470001267	俄塞里斯－普通	Osiris-Normal
10470001267	俄赛里斯-普通	Osiris-Normal
10470001268	俄塞里斯－困難	Osiris-Hard
10470001268	俄赛里斯-困难	Osiris-Hard
10470001269	俄塞里斯－極難	Osiris-Very Hard
10470001269	俄赛里斯-极难	Osiris-Very Hard
10470001270	俄塞里斯－夢魘	Osiris-Nightmare
10470001270	俄赛里斯-噩梦	Osiris-Nightmare
10470001271	俄塞里斯－終焉	Osiris-Final
10470001271	俄赛里斯-终焉	Osiris-Final
10470001272	月夜猫-简单	Moonlight Flower-Easy
10470001272	月夜貓－簡單	Moonlight Flower-Easy
10470001273	月夜猫-普通	Moonlight Flower-Normal
10470001273	月夜貓－普通	Moonlight Flower-Normal
10470001274	月夜猫-困难	Moonlight Flower-Hard
10470001274	月夜貓－困難	Moonlight Flower-Hard
10470001275	月夜猫-极难	Moonlight Flower-Very Hard
10470001275	月夜貓－極難	Moonlight Flower-Very Hard
10470001276	月夜猫-噩梦	Moonlight Flower-Nightmare
10470001276	月夜貓－夢魘	Moonlight Flower-Nightmare
10470001277	月夜猫-终焉	Moonlight Flower-Final
10470001277	月夜貓－終焉	Moonlight Flower-Final
10470001278	法老王-简单	Pharaoh-Easy
10470001278	法老王－簡單	Pharaoh-Easy
10470001279	法老王-普通	Pharaoh-Normal
10470001279	法老王－普通	Pharaoh-Normal
10470001280	法老王-困难	Pharaoh-Hard
10470001280	法老王－困難	Pharaoh-Hard
10470001281	法老王-极难	Pharaoh-Very Hard
10470001281	法老王－極難	Pharaoh-Very Hard
10470001282	法老王-噩梦	Pharaoh-Nightmare
10470001282	法老王－夢魘	Pharaoh-Nightmare
10470001283	法老王-终焉	Pharaoh-Final
10470001283	法老王－終焉	Pharaoh-Final
10470001284	巴風特－簡單	Baphomet-Easy
10470001284	巴风特-简单	Baphomet-Easy
10470001285	巴風特－普通	Baphomet-Normal
10470001285	巴风特-普通	Baphomet-Normal
10470001286	巴風特－困難	Baphomet-Hard
10470001286	巴风特-困难	Baphomet-Hard
10470001287	巴風特－極難	Baphomet-Very Hard
10470001287	巴风特-极难	Baphomet-Very Hard
10470001288	巴風特－夢魘	Baphomet-Nightmare
10470001288	巴风特-噩梦	Baphomet-Nightmare
10470001289	巴風特－終焉	Baphomet-Final
10470001289	巴风特-终焉	Baphomet-Final
10470001290	海盗之王-简单	Drake-Easy
10470001290	海盜之王－簡單	Drake-Easy
10470001291	海盗之王-普通	Drake-Normal
10470001291	海盜之王－普通	Drake-Normal
10470001292	海盗之王-困难	Drake-Hard
10470001292	海盜之王－困難	Drake-Hard
10470001293	海盗之王-极难	Drake-Very Hard
10470001293	海盜之王－極難	Drake-Very Hard
10470001294	海盗之王-噩梦	Drake-Nightmare
10470001294	海盜之王－夢魘	Drake-Nightmare
10470001295	海盗之王-终焉	Drake-Final
10470001295	海盜之王－終焉	Drake-Final
10470001296	法老王@{1}	Pharaoh@{1}
10530000000	波利	Poring
10530000001	疯兔	Lunatic
10530000001	瘋兔	Lunatic
10530000002	綠棉蟲	Fabre
10530000002	绿棉虫	Fabre
10530000003	小雞	Picky
10530000003	小鸡	Picky
10530000004	苍蝇	Chonchon
10530000004	蒼蠅	Chonchon
10530000005	蛋壳小鸡	Super Picky
10530000005	蛋殼小雞	Super Picky
10530000006	树精	Willow
10530000006	樹精	Willow
10530000007	禿鷹	Condor
10530000007	秃鹰	Condor
10530000008	小野猪	Savage Babe
10530000008	小野豬	Savage Babe
10530000009	蝗虫	Rocker
10530000009	蝗蟲	Rocker
10530000010	罗达蛙	Roda Frog
10530000010	羅達蛙	Roda Frog
10530000011	森灵	Worm Tail
10530000011	森靈	Worm Tail
10530000012	蜗牛	Ambernite
10530000012	蝸牛	Ambernite
10530000013	魔菇	Spore
10530000014	盗虫	Thief Bug
10530000014	盜蟲	Thief Bug
10530000015	克瑞米	Creamy
10530000016	土波利	Drops
10530000017	白鼠	Tarou
10530000018	吸血蝙蝠	Familiar
10530000019	沙漠幼狼	Baby Desert Wolf
10530000020	溜溜猴	Yoyo
10530000021	蝎子	Scorpion
10530000021	蠍子	Scorpion
10530000022	波波利	Poporing
10530000023	浮勒盗虫	Thief Bug Female
10530000023	浮勒盜蟲	Thief Bug Female
10530000024	曼陀罗魔花	Mandragora
10530000024	曼陀羅魔花	Mandragora
10530000025	玛勒盗虫	Thief Bug Male
10530000025	瑪勒盜蟲	Thief Bug Male
10530000026	狸猫	Smokie
10530000026	狸貓	Smokie
10530000027	青蛇	Boa
10530000028	毒魔菇	Poison Spore
10530000029	鍬形蟲	Horn
10530000029	锹形虫	Horn
10530000030	大脚熊	Bigfoot
10530000030	大腳熊	Bigfoot
10530000031	松鼠	Coco
10530000032	大嘴鳥蛋	Peco Peco Egg
10530000032	大嘴鸟蛋	Peco Peco Egg
10530000033	盗虫卵	Thief Bug Egg
10530000033	盜蟲卵	Thief Bug Egg
10530000034	虫蛹	Pupa
10530000034	蟲蛹	Pupa
10530000035	直升机哥布灵	Rotar Zairo
10530000035	直升機哥布靈	Rotar Zairo
10530000036	恶灵	Wraith
10530000036	惡靈	Wraith
10530000037	猎蝇	Dustiness
10530000037	獵蠅	Dustiness
10530000038	轉轉蛋	Eggyra
10530000038	转转蛋	Eggyra
10530000039	摩卡	Muka
10530000040	小野猪-占位	Savage Babe - Placeholder
10530000040	小野豬-佔位	Savage Babe - Placeholder
10530000041	邪骸士兵	Soldier Skeleton
10530000042	木乃伊	Mummy
10530000043	腐尸	Zombie
10530000043	腐屍	Zombie
10530000044	兵蚁	Deniro
10530000044	兵蟻	Deniro
10530000045	工蚁	Piere
10530000045	工蟻	Piere
10530000046	白蚁	Andre
10530000046	白蟻	Andre
10530000047	海葵	Hydra
10530000048	黑蚁	Vitata
10530000048	黑蟻	Vitata
10530000049	土拨鼠	Martin
10530000049	土撥鼠	Martin
10530000050	基尔瑟	Giearth
10530000050	基爾瑟	Giearth
10530000051	邪骸矿工	Skeleton Worker
10530000051	邪骸礦工	Skeleton Worker
10530000052	紅蝙蝠	Drainliar
10530000052	红蝙蝠	Drainliar
10530000053	邪骸海盗	Pirate Skeleton
10530000053	邪骸海盜	Pirate Skeleton
10530000054	巧克猴	Choco
10530000055	邪骸弓箭手	Archer Skeleton
10530000056	毕莱特	Verit
10530000056	畢萊特	Verit
10530000057	人魚	Obeaune
10530000057	人鱼	Obeaune
10530000058	魔鍋蛋	Magnolia
10530000058	魔锅蛋	Magnolia
10530000059	将军魔碑	Greatest General
10530000059	將軍魔碑	Greatest General
10530000060	邪恶箱	Mimic
10530000060	邪惡箱	Mimic
10530000061	伞蜥	Frilldora
10530000061	傘蜥	Frilldora
10530000062	小巴風特	Baphomet Jr.
10530000062	小巴风特	Baphomet Jr.
10530000063	黑狐	Matyr
10530000064	米洛斯	Minorous
10530000065	噬人花	Flora
10530000066	野猪	Savage
10530000066	野豬	Savage
10530000067	蛇女伊丝	Isis
10530000067	蛇女伊絲	Isis
10530000068	妖道	Bongun
10530000069	雪熊	Sasquatch
10530000070	瓢虫	Ladybug
10530000070	瓢蟲	Ladybug
10530000071	刺猬虫	Hedgehog Bug
10530000071	刺蝟蟲	Hedgehog Bug
10530000072	大嘴鳥	Peco Peco
10530000072	大嘴鸟	Peco Peco
10530000073	邪骸战士	Skeleton
10530000073	邪骸戰士	Skeleton
10530000074	白蚁幼虫	Ant Egg
10530000074	白蟻幼蟲	Ant Egg
10530000075	愤怒波波利	Furious Poporing
10530000075	憤怒波波利	Furious Poporing
10530000076	長老樹精	Elder Willow
10530000076	长老树精	Elder Willow
10530000077	冰波利	Marin
10530000078	漂浮虫	Plankton
10530000078	漂浮蟲	Plankton
10530000079	水母	Marina
10530000080	库克雷	Kukre
10530000080	庫克雷	Kukre
10530000081	大斧哥布灵	Goblin (Axe)
10530000081	大斧哥布靈	Goblin (Axe)
10530000082	鏈鎚哥布靈	Goblin (Flail)
10530000082	链锤哥布灵	Goblin (Flail)
10530000083	螃蟹	Vadon
10530000084	狼	Wolf
10530000085	达拉蛙	Thara Frog
10530000085	達拉蛙	Thara Frog
10530000086	兽人婴儿	Orc Baby
10530000086	獸人嬰兒	Orc Baby
10530000087	兽人战士	Orc Warrior
10530000087	獸人戰士	Orc Warrior
10530000088	兽人女战士	Orc Lady
10530000088	獸人女戰士	Orc Lady
10530000089	白幽灵	Whisper
10530000089	白幽靈	Whisper
10530000090	邪骸食人魚	Megalodon
10530000090	邪骸食人鱼	Megalodon
10530000091	乌贼	Marse
10530000091	烏賊	Marse
10530000092	艾斯蜘蛛	Argos
10530000093	綠蒼蠅	Steel Chonchon
10530000093	绿苍蝇	Steel Chonchon
10530000094	刺刀哥布灵	Goblin (Dagger)
10530000094	刺刀哥布靈	Goblin (Dagger)
10530000095	麥斯特	Myst
10530000095	麦斯特	Myst
10530000096	气泡虫	Marine Sphere
10530000096	氣泡蟲	Marine Sphere
10530000097	剑鱼	Phen
10530000097	劍魚	Phen
10530000098	兹诺克	Zenorc
10530000098	茲諾克	Zenorc
10530000099	巨象甲虫	Beetle King
10530000099	巨象甲蟲	Beetle King
10530000100	弓箭哥布灵	Goblin Archer
10530000100	弓箭哥布靈	Goblin Archer
10530000101	重金属蝗虫	Metaller
10530000101	重金屬蝗蟲	Metaller
10530000102	馬克	Marc
10530000102	马克	Marc
10530000103	刺錘哥布靈	Goblin (Mace)
10530000103	刺锤哥布灵	Goblin (Mace)
10530000104	异变鱼	Sword Fish
10530000104	異變魚	Sword Fish
10530000105	邪骸兽人	Orc Skeleton
10530000105	邪骸獸人	Orc Skeleton
10530000106	榔头哥布灵	Goblin (Hammer)
10530000106	榔頭哥布靈	Goblin (Hammer)
10530000107	兽人腐尸	Orc Zombie
10530000107	獸人腐屍	Orc Zombie
10530000108	僵尸	Munak
10530000108	殭屍	Munak
10530000109	人魚士兵	Merman
10530000109	人鱼士兵	Merman
10530000110	狄奥斯	Deviace
10530000110	狄奧斯	Deviace
10530000111	綠腐屍	Ghoul
10530000111	绿腐尸	Ghoul
10530000112	泥人	Sandman
10530000113	巨石怪	Golem
10530000114	赤苍蝇	Hunter Fly
10530000114	赤蒼蠅	Hunter Fly
10530000115	蚯蚓	Hode
10530000116	鬼女	Sohee
10530000117	螳螂	Mantis
10530000118	爆鑽傘蜥	Driller
10530000118	爆钻伞蜥	Driller
10530000119	喷射哥布灵	Goblin Steamrider
10530000119	噴射哥布靈	Goblin Steamrider
10530000120	鬼火	Horong
10530000121	土人	Dokebi
10530000122	夢魘	Nightmare
10530000122	梦魇	Nightmare
10530000123	黑蛇	Side Winder
10530000124	傑洛米	Zerom
10530000124	杰洛米	Zerom
10530000125	諾可伊	Requiem
10530000125	诺可伊	Requiem
10530000126	九尾狐	Nine Tails
10530000127	艾吉欧蜈蚣	Argiope
10530000127	艾吉歐蜈蚣	Argiope
10530000128	兽人弓箭手	Orc Archer
10530000128	獸人弓箭手	Orc Archer
10530000129	梅納海葵	Penomena
10530000129	梅纳海葵	Penomena
10530000130	卡拉蟹	Crab
10530000131	奈吉鳥	Raggler
10530000131	奈吉鸟	Raggler
10530000132	貝殼魔靈	Shellfish
10530000132	贝壳魔灵	Shellfish
10530000133	海星	Starfish
10530000134	綠變色龍	Grove
10530000134	绿变色龙	Grove
10530000135	鱷魚人	Alligator
10530000135	鳄鱼人	Alligator
10530000136	海神	Strouf
10530000137	南瓜先生	Jakk
10530000138	狂暴野猫	Wild Rose
10530000138	狂暴野貓	Wild Rose
10530000139	馬爾杜克	Marduk
10530000139	马尔杜克	Marduk
10530000140	毕帝特飞龙	Sky Petite
10530000140	畢帝特飛龍	Sky Petite
10530000141	帕莎納	Pasana
10530000141	帕莎纳	Pasana
10530000142	風魔巫師	Wind Ghost
10530000142	风魔巫师	Wind Ghost
10530000143	蓝鼠	Cramp
10530000143	藍鼠	Cramp
10530000144	灰森灵	Stem Worm
10530000144	灰森靈	Stem Worm
10530000145	毕帝特地龙	Petite
10530000145	畢帝特地龍	Petite
10530000146	傀儡娃娃	Marionette
10530000147	小恶魔	Deviruchi
10530000147	小惡魔	Deviruchi
10530000148	刺錘犬妖	Mace Kobold
10530000148	刺锤犬妖	Mace Kobold
10530000149	榔头犬妖	Hammer Kobold
10530000149	榔頭犬妖	Hammer Kobold
10530000150	沙漠之狼	Desert Wolf
10530000151	安毕斯	Anubis
10530000151	安畢斯	Anubis
10530000152	大斧犬妖	Axe Kobold
10530000153	犬妖弓箭手	Kobold Archer
10530000154	賽杜拉	Squidgitte
10530000154	赛杜拉	Squidgitte
10530000155	深海电鳗	Sropho
10530000155	深海電鰻	Sropho
10530000156	狂暴木乃伊	Ancient Mummy
10530000157	酱缸章鱼	Pot Dofle
10530000157	醬缸章魚	Pot Dofle
10530000158	大脚龙虾	King Dramoh
10530000158	大腳龍蝦	King Dramoh
10530000159	狂暴克瑞米	Creamy Fear
10530000160	狂暴大脚熊	Leib Olmai
10530000160	狂暴大腳熊	Leib Olmai
10530000161	狂暴螳螂	Killer Mantis
10680100000	轉職場景	Job Advance Scene
10680100000	转职场景	Job Advance Scene
10680100001	未知区域	Unknown Area
10680100001	未知區域	Unknown Area
10680100002	10680100002	Test Instance
10680100002	测试位面【无需翻译】	Test Instance
10680100003	普隆德拉西門	Prontera West Gate
10680100003	普隆德拉西门	Prontera West Gate
10680100004	普隆德拉北門	Prontera North Gate
10680100004	普隆德拉北门	Prontera North Gate
10680100005	冒险团创建位面	Adventure Party Creation Instance
10680100005	冒險團建立位面	Adventure Party Creation Instance
10680100006	彩虹錦鯉副本	Rainbow Koi Dungeon
10680100006	彩虹锦鲤副本	Rainbow Koi Dungeon
10680100007	伊斯魯得	Izlude
10680100007	伊斯鲁得	Izlude
10680100008	王宫	Royal Palace
10680100009	下水道@{1}层	Culvert Floor @{1}
10680100009	下水道@{1}層	Culvert Floor @{1}
10680100010	斐扬	Payon
10680100010	斐揚	Payon
10680100011	斐扬南部	Southern Payon
10680100011	斐揚南部	Southern Payon
10680100012	斐扬东部	Eastern Payon
10680100012	斐楊東部	Eastern Payon
10680100013	斐扬树林	Payon Forest
10680100013	斐揚樹林	Payon Forest
10680100014	斐扬位面	Payon Instance
10680100014	斐揚位面	Payon Instance
10680100015	吉芬	Geffen
10680100016	10680100016	Multiplayer PvP
10680100016	多人PVP【无需翻译】	Multiplayer PvP
10680100017	哥布灵森林	Goblin Forest
10680100017	哥布靈森林	Goblin Forest
10680100018	吉芬东门	Geffen East Gate
10680100018	吉芬東門	Geffen East Gate
10680100019	沙漠岔道	Desert Crossroad
10680100020	蚂蚁密穴	Ant Hell
10680100020	螞蟻密穴	Ant Hell
10680100021	精灵之塔	Spirit Tower
10680100021	精靈之塔	Spirit Tower
10680100022	諸神戰場	Battleground of the Gods
10680100022	诸神战场	Battleground of the Gods
10680100023	10680100023	RO Survivors
10680100023	RO幸存者【无需翻译】	RO Survivors
10680100024	10680100024	Sky Realm
10680100024	天空之境【无需翻译】	Sky Realm
10680100025	10680100025	Underground Kingdom
10680100025	地底之国【无需翻译】	Underground Kingdom
10680100026	训练场	Training Ground
10680100027	公会联赛-主战场	Guild League - Main Battlefield
10680100027	公會聯賽-主戰場	Guild League - Main Battlefield
10680100028	公会联赛-副战场	Guild League - Sub-Battlefield
10680100028	公會聯賽-副戰場	Guild League - Sub-Battlefield
10680100029	10680100029	Shine! Alpaca Girl
10680100029	闪耀！优驼少女【无需翻译】	Shine! Alpaca Girl
10680100030	模拟对抗战-报名阶段	Mock Battle - Registration Phase
10680100030	模擬對抗戰-報名階段	Mock Battle - Registration Phase
10680100031	模拟对抗战	Mock Battle
10680100031	模擬對抗戰	Mock Battle
10680100032	攻城战	War of Emperium
10680100032	攻城戰	War of Emperium
10680100033	10680100033	Multilevel Pathfinding
10680100033	多层寻路（无需翻译）	Multilevel Pathfinding
10680100034	据点争夺	Stronghold Battle
10680100034	據點爭奪	Stronghold Battle
10680100035	10680100035	Eastern Prontera State Capital
10680100035	普隆德拉东部州府（无需翻译）	Eastern Prontera State Capital
10680100036	10680100036	Western Prontera State Capital
10680100036	普隆德拉西部州府（无需翻译）	Western Prontera State Capital
10680100037	10680100037	Southern Prontera State Capital
10680100037	普隆德拉南部州府（无需翻译）	Southern Prontera State Capital
10680100038	10680100038	Eastern Geffen State Capital
10680100038	吉芬东部州府（无需翻译）	Eastern Geffen State Capital
10680100039	10680100039	Western Geffen State Capital
10680100039	吉芬西部州府（无需翻译）	Western Geffen State Capital
10680100040	10680100040	Southern Geffen State Capital
10680100040	吉芬南部州府（无需翻译）	Southern Geffen State Capital
10680100041	10680100041	Eastern Payon State Capital
10680100041	斐扬东部州府（无需翻译）	Eastern Payon State Capital
10680100042	10680100042	Western Payon State Capital
10680100042	斐扬西部州府（无需翻译）	Western Payon State Capital
10680100043	10680100043	Southern Payon State Capital
10680100043	斐扬南部州府（无需翻译）	Southern Payon State Capital
10680100044	10680100044	Eastern Morroc State Capital
10680100044	梦罗克东部州府（无需翻译）	Eastern Morroc State Capital
10680100045	10680100045	Western Morroc State Capital
10680100045	梦罗克西部州府（无需翻译）	Western Morroc State Capital
10680100046	10680100046	South Morroc State Capital
10680100046	梦罗克南部州府（无需翻译）	South Morroc State Capital
10680100047	10680100047	Eastern Izlude State Capital
10680100047	伊斯鲁德东部州府（无需翻译）	Eastern Izlude State Capital
10680100048	10680100048	Western Izlude State Capital
10680100048	伊斯鲁德西部州府（无需翻译）	Western Izlude State Capital
10680100049	10680100049	Southern Izlude State Capital
10680100049	伊斯鲁德南部州府（无需翻译）	Southern Izlude State Capital
10680100050	10680100050	Eastern Alberta State Capital
10680100050	艾尔贝塔东部州府（无需翻译）	Eastern Alberta State Capital
10680100051	10680100051	Western Alberta State Capital
10680100051	艾尔贝塔西部州府（无需翻译）	Western Alberta State Capital
10680100052	10680100052	Southern Alberta State Capital
10680100052	艾尔贝塔南部州府（无需翻译）	Southern Alberta State Capital
10680100053	领土战据分格-@{1}（无需翻译）	Territory War Grid - @{1}
10680100054	据点战白盒	Stronghold Battle White Box
10680100054	據點戰白盒	Stronghold Battle White Box
10680100055	卡普拉-生存之战	Kafra - Battle for Survival
10680100055	卡普拉-生存之戰	Kafra - Battle for Survival
10680100056	10680100056	Treasure Chamber
10680100056	挖宝密室【无需翻译】	Treasure Chamber
10680100057	关卡测试蓝图	Stage Test Blueprint
10680100057	關卡測試藍圖	Stage Test Blueprint
10680100058	10680100058	Dragon Hunt
10680100058	巨龙围猎【无需翻译】	Dragon Hunt
10680100059	10680100059	Seal Defense Battle
10680100059	封印守卫战【无需翻译】	Seal Defense Battle
10680100060	龍槨島之戰	Battle of Dragon Coffin Island
10680100060	龙椁岛之战	Battle of Dragon Coffin Island
10680100061	德古拉的巢穴	Dracula's Lair
10680100062	10680100062	Sky Temple (Test)
10680100062	高空神殿（测试）【无需翻译】	Sky Temple (Test)
10680100063	10680100063	Battle in the Sea of Clouds (Test)
10680100063	云海激战（测试）【无需翻译】	Battle in the Sea of Clouds (Test)
10680100064	10680100064	Hope Beach (Test)
10680100064	希望沙滩（测试）【无需翻译】	Hope Beach (Test)
10680100065	10680100065	Chaos Realm (Test)
10680100065	混沌神域（测试）【无需翻译】	Chaos Realm (Test)
10680100066	咏律神殿	Temple of Cadence
10680100066	詠律神殿	Temple of Cadence
10680100067	云海之上	Above the Sea of Clouds
10680100067	雲海之上	Above the Sea of Clouds
10680100068	哀鳴灘塗	Wailing Tidal Flats
10680100068	哀鸣滩涂	Wailing Tidal Flats
10680100069	混沌墟庭	Chaos Court
10680100070	鯨脊滑道	Whaleback Chute
10680100070	鲸脊滑道	Whaleback Chute
10680100071	巨骨荒地	Giantbone Wastes
10680100072	10680100072	Battle in the Sea of Clouds - Spiral Slide
10680100072	云海激战-旋转滑梯【无需翻译】	Battle in the Sea of Clouds - Spiral Slide
10680100073	S@{1}-GVE-@{2}boss【无需翻译】	S@{1}-GVE-@{2}boss
10680100074	神之境界	Realm of the Gods
10680100075	S@{1}十人本@{2}号【无需翻译】	S@{1} 10-Player Dungeon No. @{2}
10680100076	S@{1}十人本@{2}号-@{3}【无需翻译】	S@{1}10-Player Raid No. @{2}-@{3}
10680100077	据点战-@{1}	Stronghold Battle-@{1}
10680100077	據點戰-@{1}	Stronghold Battle-@{1}
10680100078	兽人村落	Orc Village
10680100078	獸人村落	Orc Village
10680100079	沉默之船	Silent Ship
10680100080	妙勒尼山脈	Mt. Mjolnir
10680100080	妙勒尼山脉	Mt. Mjolnir
10680100081	下水道	Culvert
10680100082	蚂蚁地狱密穴	Ant Hell
10680100082	螞蟻地獄密穴	Ant Hell
10680100083	金字塔迷宫	Pyramid Maze
10680100083	金字塔迷宮	Pyramid Maze
10680100084	法老王	Pharaoh
10680100085	月夜猫	Moonlight Flower
10680100085	月夜貓	Moonlight Flower
10680100086	巴風特	Baphomet
10680100086	巴风特	Baphomet
10680100087	狮鹫兽	Gryphon
10680100087	獅鷲獸	Gryphon
10680100088	暗黑祭司	Dark Priest
10680100089	搖滾蝗蟲	Vocal
10680100089	摇滚蝗虫	Vocal
10680100090	蚁后	Maya
10680100090	蟻后	Maya
10680100091	兽人英雄	Orc Hero
10680100091	獸人英雄	Orc Hero
10680100092	虎王	Eddga
10680100093	俄塞里斯	Osiris
10680100093	俄赛里斯	Osiris
10680100094	海盗船长	Pirate Captain
10680100094	海盜船長	Pirate Captain
10680100095	公会	Guild
10680100095	公會	Guild
10680100096	环形测试	Ring Test
10680100096	環形測試	Ring Test
10680100097	10680100097	MVP Role-Playing Party
10680100097	MVP扮演派对【无需翻译】	MVP Role-Playing Party
10680100098	首領挑戰	Boss Challenge
10680100098	首领挑战	Boss Challenge
12390000000	疯兔卡片	Card: Lunatic
12390000000	瘋兔卡片	Card: Lunatic
12390000001	小野猪卡片	Card: Savage Babe
12390000001	小野豬卡片	Card: Savage Babe
12390000002	綠棉蟲卡片	Card: Fabre
12390000002	绿棉虫卡片	Card: Fabre
12390000003	土波利卡片	Card: Drops
12390000004	吸血蝙蝠卡片	Card: Familiar
12390000005	浮勒盗虫卡片	Card: Thief Bug Female
12390000005	浮勒盜蟲卡片	Card: Thief Bug Female
12390000006	邪骸战士卡片	Card: Skeleton
12390000006	邪骸戰士卡片	Card: Skeleton
12390000007	魔鍋蛋卡片	Card: Magnolia
12390000007	魔锅蛋卡片	Card: Magnolia
12390000008	蜂兵卡片	Card: Hornet
12390000009	巨象甲虫卡片	Card: Beetle King
12390000009	巨象甲蟲卡片	Card: Beetle King
12390000010	兹诺克卡片	Card: Zenorc
12390000010	茲諾克卡片	Card: Zenorc
12390000011	爆鑽傘蜥卡片	Card: Driller
12390000011	爆钻伞蜥卡片	Card: Driller
12390000012	木乃伊卡片	Card: Mummy
12390000013	蜗牛卡片	Card: Ambernite
12390000013	蝸牛卡片	Card: Ambernite
12390000014	盗虫卵卡片	Card: Thief Bug Egg
12390000014	盜蟲卵卡片	Card: Thief Bug Egg
12390000015	蚁卵卡片	Card: Ant Egg
12390000015	蟻卵卡片	Card: Ant Egg
12390000016	波利卡片	Card: Poring
12390000017	小雞卡片	Card: Picky
12390000017	小鸡卡片	Card: Picky
12390000018	蛋壳小鸡卡片	Card: Super Picky
12390000018	蛋殼小雞卡片	Card: Super Picky
12390000019	虫蛹卡片	Card: Pupa
12390000019	蟲蛹卡片	Card: Pupa
12390000020	搖滾蝗蟲卡片	Card: Rocker
12390000020	摇滚蝗虫卡片	Card: Rocker
12390000021	罗达蛙卡片	Card: Roda Frog
12390000021	羅達蛙卡片	Card: Roda Frog
12390000022	盗虫卡片	Card: Thief Bug
12390000022	盜蟲卡片	Card: Thief Bug
12390000023	沙漠幼狼卡片	Card: Baby Desert Wolf
12390000024	禿鷹卡片	Card: Condor
12390000024	秃鹰卡片	Card: Condor
12390000025	苍蝇卡片	Card: Chonchon
12390000025	蒼蠅卡片	Card: Chonchon
12390000026	腐尸卡片	Card: Zombie
12390000026	腐屍卡片	Card: Zombie
12390000027	玛勒盗虫卡片	Card: Thief Bug Male
12390000027	瑪勒盜蟲卡片	Card: Thief Bug Male
12390000028	轉轉蛋卡片	Card: Eggyra
12390000028	转转蛋卡片	Card: Eggyra
12390000029	森灵卡片	Card: Worm Tail
12390000029	森靈卡片	Card: Worm Tail
12390000030	魔菇卡片	Card: Spore
12390000031	溜溜猴卡片	Card: Yoyo
12390000032	白鼠卡片	Card: Tarou
12390000033	波波利卡片	Card: Poporing
12390000034	毒魔菇卡片	Card: Poison Spore
12390000035	摩卡卡片	Card: Muka
12390000036	树精卡片	Card: Willow
12390000036	樹精卡片	Card: Willow
12390000037	大嘴鳥蛋卡片	Card: Peco Peco Egg
12390000037	大嘴鸟蛋卡片	Card: Peco Peco Egg
12390000038	白蚁卡片	Card: Andre
12390000038	白蟻卡片	Card: Andre
12390000039	青蛇卡片	Card: Boa
12390000040	蝎子卡片	Card: Scorpion
12390000040	蠍子卡片	Card: Scorpion
12390000041	曼陀罗魔花卡片	Card: Mandragora
12390000041	曼陀羅魔花卡片	Card: Mandragora
12390000042	漂浮虫卡片	Card: Plankton
12390000042	漂浮蟲卡片	Card: Plankton
12390000043	水母卡片	Card: Marina
12390000044	狼卡片	Card: Wolf
12390000045	兽人女战士卡片	Card: Orc Lady
12390000045	獸人女戰士卡片	Card: Orc Lady
12390000046	重金属蝗虫卡片	Card: Metaller
12390000046	重金屬蝗蟲卡片	Card: Metaller
12390000047	螃蟹卡片	Card: Vadon
12390000048	紅蝙蝠卡片	Card: Drainliar
12390000048	红蝙蝠卡片	Card: Drainliar
12390000049	哥布灵卡片	Card: Goblin
12390000049	哥布靈卡片	Card: Goblin
12390000050	噬人花卡片	Card: Flora
12390000051	海葵影繪卡片	Shadow Card: Hydra
12390000051	海葵影绘卡片	Shadow Card: Hydra
12390000052	米洛斯影繪卡片	Shadow Card: Minorous
12390000052	米洛斯影绘卡片	Shadow Card: Minorous
12390000053	巨石怪卡片	Card: Golem
12390000054	諾可伊卡片	Card: Requiem
12390000054	诺可伊卡片	Card: Requiem
12390000055	赤苍蝇卡片	Card: Hunter Fly
12390000055	赤蒼蠅卡片	Card: Hunter Fly
12390000056	邪骸兽人卡片	Card: Orc Skeleton
12390000056	邪骸獸人卡片	Card: Orc Skeleton
12390000057	海神卡片	Card: Strouf
12390000058	邪骸矿工影绘卡片	Shadow Card: Skeleton Worker
12390000058	邪骸礦工影繪卡片	Shadow Card: Skeleton Worker
12390000059	毕帝特地龙卡片	Card: Petite
12390000059	畢帝特地龍卡片	Card: Petite
12390000060	刺猬虫卡片	Card: Caramel
12390000060	刺蝟蟲卡片	Card: Caramel
12390000061	卡拉蟹卡片	Card: Crab
12390000062	貝殼魔靈卡片	Card: Shellfish
12390000062	贝壳魔灵卡片	Card: Shellfish
12390000063	海星卡片	Card: Aster
12390000064	狄奥斯卡片	Card: Deviace
12390000064	狄奧斯卡片	Card: Deviace
12390000065	深海电鳗卡片	Card: Sropho
12390000065	深海電鰻卡片	Card: Sropho
12390000066	大脚熊卡片	Card: Bigfoot
12390000066	大腳熊卡片	Card: Bigfoot
12390000067	邪骸食人魚卡片	Card: Megalodon
12390000067	邪骸食人鱼卡片	Card: Megalodon
12390000068	兽人战士卡片	Card: Orc Warrior
12390000068	獸人戰士卡片	Card: Orc Warrior
12390000069	达拉蛙影绘卡片	Shadow Card: Thara Frog
12390000069	達拉蛙影繪卡片	Shadow Card: Thara Frog
12390000070	僵尸卡片	Card: Munak
12390000070	殭屍卡片	Card: Munak
12390000071	毕帝特飞龙卡片	Card: Sky Petite
12390000071	畢帝特飛龍卡片	Card: Sky Petite
12390000072	狂暴木乃伊卡片	Card: Ancient Mummy
12390000073	梅納海葵卡片	Card: Penomena
12390000073	梅纳海葵卡片	Card: Penomena
12390000074	安毕斯卡片	Card: Anubis
12390000074	安畢斯卡片	Card: Anubis
12390000075	野猪卡片	Card: Savage
12390000075	野豬卡片	Card: Savage
12390000076	綠蒼蠅卡片	Card: Steel Chonchon
12390000076	绿苍蝇卡片	Card: Steel Chonchon
12390000077	大嘴鳥卡片	Card: Peco Peco
12390000077	大嘴鸟卡片	Card: Peco Peco
12390000078	卡那多斯卡片	Card: Cornutus
12390000079	白幽灵卡片	Card: Whisper
12390000079	白幽靈卡片	Card: Whisper
12390000080	乌贼卡片	Card: Marse
12390000080	烏賊卡片	Card: Marse
12390000081	巧克猴卡片	Card: Choco
12390000082	蛇女伊丝卡片	Card: Isis
12390000082	蛇女伊絲卡片	Card: Isis
12390000083	猎蝇卡片	Card: Dustiness
12390000083	獵蠅卡片	Card: Dustiness
12390000084	蚯蚓卡片	Card: Hode
12390000085	麥斯特卡片	Card: Myst
12390000085	麦斯特卡片	Card: Myst
12390000086	伞蜥卡片	Card: Frilldora
12390000086	傘蜥卡片	Card: Frilldora
12390000087	南瓜先生卡片	Card: Jakk
12390000088	傀儡娃娃卡片	Card: Marionette
12390000089	小巴風特卡片	Card: Baphomet Jr.
12390000089	小巴风特卡片	Card: Baphomet Jr.
12390000090	兽人腐尸卡片	Card: Orc Zombie
12390000090	獸人腐屍卡片	Card: Orc Zombie
12390000091	人魚士兵卡片	Card: Merman
12390000091	人鱼士兵卡片	Card: Merman
12390000092	鬼女卡片	Card: Sohee
12390000093	狂暴野猫卡片	Card: Wild Rose
12390000093	狂暴野貓卡片	Card: Wild Rose
12390000094	奈吉鳥卡片	Card: Raggler
12390000094	奈吉鸟卡片	Card: Raggler
12390000095	黑蚁卡片	Card: Vitata
12390000095	黑蟻卡片	Card: Vitata
12390000096	狸猫卡片	Card: Smokie
12390000096	狸貓卡片	Card: Smokie
12390000097	气泡虫卡片	Card: Marine Sphere
12390000097	氣泡蟲卡片	Card: Marine Sphere
12390000098	鬼火卡片	Card: Horong
12390000099	妖道卡片	Card: Bongun
12390000100	将军魔碑卡片	Card: Greatest General
12390000100	將軍魔碑卡片	Card: Greatest General
12390000101	邪恶箱卡片	Card: Mimic
12390000101	邪惡箱卡片	Card: Mimic
12390000102	傑洛米卡片	Card: Zerom
12390000102	杰洛米卡片	Card: Zerom
12390000103	螳螂卡片	Card: Mantis
12390000104	灰森灵卡片	Card: Stem Worm
12390000104	灰森靈卡片	Card: Stem Worm
12390000105	犬妖卡片	Card: Kobold
12390000106	恶灵卡片	Card: Wraith
12390000106	惡靈卡片	Card: Wraith
12390000107	風魔巫師卡片	Card: Wind Ghost
12390000107	风魔巫师卡片	Card: Wind Ghost
12390000108	冰波利卡片	Card: Marin
12390000109	库克雷卡片	Card: Kukre
12390000109	庫克雷卡片	Card: Kukre
12390000110	綠變色龍卡片	Card: Grove
12390000110	绿变色龙卡片	Card: Grove
12390000111	鱷魚人卡片	Card: Alligator
12390000111	鳄鱼人卡片	Card: Alligator
12390000112	松鼠卡片	Card: Coco
12390000113	土拨鼠卡片	Card: Martin
12390000113	土撥鼠卡片	Card: Martin
12390000114	瓢虫卡片	Card: Ladybug
12390000114	瓢蟲卡片	Card: Ladybug
12390000115	兽人英雄草绘卡片	Sketch Card: Orc Hero
12390000115	獸人英雄草繪卡片	Sketch Card: Orc Hero
12390000116	蜂后草繪卡片	Sketch Card: Mistress
12390000116	蜂后草绘卡片	Sketch Card: Mistress
12390000117	法老王草繪卡片	Sketch Card: Pharaoh
12390000117	法老王草绘卡片	Sketch Card: Pharaoh
12390000118	巴風特草繪卡片	Sketch Card: Baphomet
12390000118	巴风特草绘卡片	Sketch Card: Baphomet
12390000119	黃金蟲草繪卡片	Sketch Card: Golden Thief Bug
12390000119	黄金虫草绘卡片	Sketch Card: Golden Thief Bug
12390000120	蚁后草绘卡片	Sketch Card: Maya
12390000120	蟻后草繪卡片	Sketch Card: Maya
12390000121	恶魔波利草绘卡片	Sketch Card: Deviling
12390000121	惡魔波利草繪卡片	Sketch Card: Deviling
12390000122	俄塞里斯草繪卡片	Sketch Card: Osiris
12390000122	俄赛里斯草绘卡片	Sketch Card: Osiris
12390000123	虎王草繪卡片	Sketch Card: Eddga
12390000123	虎王草绘卡片	Sketch Card: Eddga
12390000124	長老樹精卡片	Card: Elder Willow
12390000124	长老树精卡片	Card: Elder Willow
12390000125	月夜猫草绘卡片	Sketch Card: Moonlight Flower
12390000125	月夜貓草繪卡片	Sketch Card: Moonlight Flower
12390000126	天使波利草繪卡片	Sketch Card: Angeling
12390000126	天使波利草绘卡片	Sketch Card: Angeling
12390000127	兽人酋长草绘卡片	Sketch Card: Orc Lord
12390000127	獸人酋長草繪卡片	Sketch Card: Orc Lord
12390000128	海盗之王草绘卡片	Sketch Card: Drake
12390000128	海盜之王草繪卡片	Sketch Card: Drake
12390000129	皮里恩草繪卡片	Sketch Card: Phreeoni
12390000129	皮里恩草绘卡片	Sketch Card: Phreeoni
12390000130	德古拉伯爵草繪卡片	Sketch Card: Dracula
12390000130	德古拉伯爵草绘卡片	Sketch Card: Dracula
12390000131	死灵草绘卡片	Sketch Card: Doppelganger
12390000131	死靈草繪卡片	Sketch Card: Doppelganger
12390000132	哥布灵首领草绘卡片	Sketch Card: Goblin Leader
12390000132	哥布靈首領草繪卡片	Sketch Card: Goblin Leader
12390000133	魔鬼大乌贼草绘卡片	Sketch Card: Kraken
12390000133	魔鬼大烏賊草繪卡片	Sketch Card: Kraken
12390000134	綠腐屍卡片	Card: Ghoul
12390000134	绿腐尸卡片	Card: Ghoul
12390000135	蓝鼠卡片	Card: Cramp
12390000135	藍鼠卡片	Card: Cramp
12390000136	邪骸士兵卡片	Card: Soldier Skeleton
12390000137	直升机哥布灵卡片	Card: Rotar Zairo
12390000137	直升機哥布靈卡片	Card: Rotar Zairo
12390000138	邪骸弓箭手卡片	Card: Archer Skeleton
12390000139	弓箭哥布灵卡片	Card: Goblin Archer
12390000139	弓箭哥布靈卡片	Card: Goblin Archer
12390000140	海葵卡片	Card: Hydra
12390000141	米洛斯卡片	Card: Minorous
12390000142	喷射哥布灵卡片	Card: Goblin Steamrider
12390000142	噴射哥布靈卡片	Card: Goblin Steamrider
12390000143	黑蛇卡片	Card: Side Winder
12390000144	邪骸矿工卡片	Card: Skeleton Worker
12390000144	邪骸礦工卡片	Card: Skeleton Worker
12390000145	狮鹫兽卡片	Card: Gryphon
12390000145	獅鷲獸卡片	Card: Gryphon
12390000146	犬妖弓箭手卡片	Card: Kobold Archer
12390000147	犬妖首領卡片	Card: Kobold Leader
12390000147	犬妖首领卡片	Card: Kobold Leader
12390000148	暗黑祭司卡片	Card: Dark Priest
12390000149	沙漠之狼卡片	Card: Desert Wolf
12390000150	賽杜拉卡片	Card: Squidgitte
12390000150	赛杜拉卡片	Card: Squidgitte
12390000151	鍬形蟲卡片	Card: Horn
12390000151	锹形虫卡片	Card: Horn
12390000152	达拉蛙卡片	Card: Thara Frog
12390000152	達拉蛙卡片	Card: Thara Frog
12390000153	雪熊卡片	Card: Sasquatch
12390000154	泥人卡片	Card: Sandman
12390000155	馬克卡片	Card: Marc
12390000155	马克卡片	Card: Marc
12390000156	异变鱼卡片	Card: Swordfish
12390000156	異變魚卡片	Card: Swordfish
12390000157	土人卡片	Card: Dokebi
12390000158	艾吉欧蜈蚣卡片	Card: Argiope
12390000158	艾吉歐蜈蚣卡片	Card: Argiope
12390000159	帕莎納卡片	Card: Pasana
12390000159	帕莎纳卡片	Card: Pasana
12390000160	幽灵波利卡片	Card: Ghostring
12390000160	幽靈波利卡片	Card: Ghostring
12390000161	酱缸章鱼卡片	Card: Pot Dofle
12390000161	醬缸章魚卡片	Card: Pot Dofle
12390000162	狂暴螳螂卡片	Card: Killer Mantis
12390000163	蓝疯兔卡片	Card: Eclipse
12390000163	藍瘋兔卡片	Card: Eclipse
12390000164	蝗虫之王卡片	Card: Vocal
12390000164	蝗蟲之王卡片	Card: Vocal
12390000165	蛙王卡片	Card: Toad
12390000166	龍蠅卡片	Card: Dragon Fly
12390000166	龙蝇卡片	Card: Dragon Fly
12390000167	波利之王卡片	Card: Mastering
12390000168	兽人婴儿卡片	Card: Orc Baby
12390000168	獸人嬰兒卡片	Card: Orc Baby
12390000169	流浪之狼卡片	Card: Vagabond Wolf
12390000170	九尾狐卡片	Card: Nine-Tail
12390000171	狂暴克瑞米卡片	Card: Creamy Fear
12390000172	木乃伊犬卡片	Card: Verit
12390000173	黑狐卡片	Card: Matyr
12390000174	狂暴月夜猫卡片	Card: Cat o' Nine-Tail
12390000174	狂暴月夜貓卡片	Card: Cat o' Nine-Tail
12390000175	克瑞米卡片	Card: Creamy
12390000176	人魚卡片	Card: Obeaune
12390000176	人鱼卡片	Card: Obeaune
12390000177	邪骸海盗卡片	Card: Pirate Skeleton
12390000177	邪骸海盜卡片	Card: Pirate Skeleton
12390000178	兽人弓箭手卡片	Card: Orc Archer
12390000178	獸人弓箭手卡片	Card: Orc Archer
12390000179	剑鱼卡片	Card: Phen
12390000179	劍魚卡片	Card: Phen
12390000180	基尔瑟卡片	Card: Giearth
12390000180	基爾瑟卡片	Card: Giearth
12390000181	馬爾杜克卡片	Card: Marduk
12390000181	马尔杜克卡片	Card: Marduk
12390000182	夢魘卡片	Card: Nightmare
12390000182	梦魇卡片	Card: Nightmare
12390000183	小恶魔卡片	Card: Deviruchi
12390000183	小惡魔卡片	Card: Deviruchi
12390000184	狂暴蚁后卡片	Card: Maya Purple
12390000184	狂暴蟻后卡片	Card: Maya Purple
12390000185	兽人英雄形绘卡片	Portrait Card: Orc Hero
12390000185	獸人英雄形繪卡片	Portrait Card: Orc Hero
12390000186	蜂后形繪卡片	Portrait Card: Mistress
12390000186	蜂后形绘卡片	Portrait Card: Mistress
12390000187	法老王形繪卡片	Portrait Card: Pharaoh
12390000187	法老王形绘卡片	Portrait Card: Pharaoh
12390000188	巴風特形繪卡片	Portrait Card: Baphomet
12390000188	巴风特形绘卡片	Portrait Card: Baphomet
12390000189	黃金蟲形繪卡片	Portrait Card: Golden Thief Bug
12390000189	黄金虫形绘卡片	Portrait Card: Golden Thief Bug
12390000190	蚁后形绘卡片	Portrait Card: Maya
12390000190	蟻后形繪卡片	Portrait Card: Maya
12390000191	恶魔波利形绘卡片	Portrait Card: Deviling
12390000191	惡魔波利形繪卡片	Portrait Card: Deviling
12390000192	俄塞里斯形繪卡片	Portrait Card: Osiris
12390000192	俄赛里斯形绘卡片	Portrait Card: Osiris
12390000193	虎王形繪卡片	Portrait Card: Eddga
12390000193	虎王形绘卡片	Portrait Card: Eddga
12390000194	艾斯蜘蛛卡片	Card: Argos
12390000195	大脚龙虾卡片	Card: King Dramoh
12390000195	大腳龍蝦卡片	Card: King Dramoh
12390000196	月夜猫形绘卡片	Portrait Card: Moonlight Flower
12390000196	月夜貓形繪卡片	Portrait Card: Moonlight Flower
12390000197	天使波利形繪卡片	Portrait Card: Angeling
12390000197	天使波利形绘卡片	Portrait Card: Angeling
12390000198	兽人酋长形绘卡片	Portrait Card: Orc Lord
12390000198	獸人酋長形繪卡片	Portrait Card: Orc Lord
12390000199	海盗之王形绘卡片	Portrait Card: Drake
12390000199	海盜之王形繪卡片	Portrait Card: Drake
12390000200	皮里恩形繪卡片	Portrait Card: Phreeoni
12390000200	皮里恩形绘卡片	Portrait Card: Phreeoni
12390000201	德古拉伯爵形繪卡片	Portrait Card: Dracula
12390000201	德古拉伯爵形绘卡片	Portrait Card: Dracula
12390000202	死灵形绘卡片	Portrait Card: Doppelganger
12390000202	死靈形繪卡片	Portrait Card: Doppelganger
12390000203	哥布灵首领形绘卡片	Portrait Card: Goblin Leader
12390000203	哥布靈首領形繪卡片	Portrait Card: Goblin Leader
12390000204	魔鬼大乌贼形绘卡片	Portrait Card: Kraken
12390000204	魔鬼大烏賊形繪卡片	Portrait Card: Kraken
12390000205	狂暴大脚熊卡片	Card: Leib Olmai
12390000205	狂暴大腳熊卡片	Card: Leib Olmai
12390000206	海盗之王影绘卡片	Shadow Card: Drake
12390000206	海盜之王影繪卡片	Shadow Card: Drake
12390000207	皮里恩影繪卡片	Shadow Card: Phreeoni
12390000207	皮里恩影绘卡片	Shadow Card: Phreeoni
12390000208	德古拉伯爵影繪卡片	Shadow Card: Dracula
12390000208	德古拉伯爵影绘卡片	Shadow Card: Dracula
12390000209	死灵影绘卡片	Shadow Card: Doppelganger
12390000209	死靈影繪卡片	Shadow Card: Doppelganger
12390000210	巴風特影繪卡片	Shadow Card: Baphomet
12390000210	巴风特影绘卡片	Shadow Card: Baphomet
12390000211	哥布灵首领影绘卡片	Shadow Card: Goblin Leader
12390000211	哥布靈首領影繪卡片	Shadow Card: Goblin Leader
12390000212	黃金蟲影繪卡片	Shadow Card: Golden Thief Bug
12390000212	黄金虫影绘卡片	Shadow Card: Golden Thief Bug
12390000213	蚁后影绘卡片	Shadow Card: Maya
12390000213	蟻后影繪卡片	Shadow Card: Maya
12390000214	天使波利影繪卡片	Shadow Card: Angeling
12390000214	天使波利影绘卡片	Shadow Card: Angeling
12390000215	兽人酋长影绘卡片	Shadow Card: Orc Lord
12390000215	獸人酋長影繪卡片	Shadow Card: Orc Lord
12390000216	恶魔波利影绘卡片	Shadow Card: Deviling
12390000216	惡魔波利影繪卡片	Shadow Card: Deviling
12390000217	魔鬼大乌贼影绘卡片	Shadow Card: Kraken
12390000217	魔鬼大烏賊影繪卡片	Shadow Card: Kraken
12390000218	虎王影繪卡片	Shadow Card: Eddga
12390000218	虎王影绘卡片	Shadow Card: Eddga
12390000219	月夜猫影绘卡片	Shadow Card: Moonlight Flower
12390000219	月夜貓影繪卡片	Shadow Card: Moonlight Flower
12390000220	俄塞里斯影繪卡片	Shadow Card: Osiris
12390000220	俄赛里斯影绘卡片	Shadow Card: Osiris
12390000221	兽人英雄影绘卡片	Shadow Card: Orc Hero
12390000221	獸人英雄影繪卡片	Shadow Card: Orc Hero
12390000222	蜂后影繪卡片	Shadow Card: Mistress
12390000222	蜂后影绘卡片	Shadow Card: Mistress
12390000223	法老王影繪卡片	Shadow Card: Pharaoh
12390000223	法老王影绘卡片	Shadow Card: Pharaoh
12390000224	海盗之王卡片	Card: Drake
12390000224	海盜之王卡片	Card: Drake
12390000225	皮里恩卡片	Card: Phreeoni
12390000226	德古拉伯爵卡片	Card: Dracula
12390000227	死灵卡片	Card: Doppelganger
12390000227	死靈卡片	Card: Doppelganger
12390000228	巴風特卡片	Card: Baphomet
12390000228	巴风特卡片	Card: Baphomet
12390000229	哥布灵首领卡片	Card: Goblin Leader
12390000229	哥布靈首領卡片	Card: Goblin Leader
12390000230	黃金蟲卡片	Card: Golden Thief Bug
12390000230	黄金虫卡片	Card: Golden Thief Bug
12390000231	蚁后卡片	Card: Maya
12390000231	蟻后卡片	Card: Maya
12390000232	天使波利卡片	Card: Angeling
12390000233	兽人酋长卡片	Card: Orc Lord
12390000233	獸人酋長卡片	Card: Orc Lord
12390000234	恶魔波利卡片	Card: Deviling
12390000234	惡魔波利卡片	Card: Deviling
12390000235	魔鬼大乌贼卡片	Card: Kraken
12390000235	魔鬼大烏賊卡片	Card: Kraken
12390000236	虎王卡片	Card: Eddga
12390000237	月夜猫卡片	Card: Moonlight Flower
12390000237	月夜貓卡片	Card: Moonlight Flower
12390000238	俄塞里斯卡片	Card: Osiris
12390000238	俄赛里斯卡片	Card: Osiris
12390000239	兽人英雄卡片	Card: Orc Hero
12390000239	獸人英雄卡片	Card: Orc Hero
12390000240	蜂后卡片	Card: Mistress
12390000241	法老王卡片	Card: Pharaoh
12390000242	Zeny	Zeny
12390000243	鑄幣	Minted Coin
12390000243	铸币	Minted Coin
12390000244	圣迹水晶	Sacred Relic Crystal
12390000244	聖蹟水晶	Sacred Relic Crystal
12390000245	信用点	Credit Points
12390000245	信用點	Credit Points
12390000246	活跃度	Activity
12390000247	竞技勋章	Competition Medal
12390000247	競技勳章	Competition Medal
12390000248	生存者之战净胜分	Survivor Battle Net Victory Points
12390000248	生存者之戰淨勝分	Survivor Battle Net Victory Points
12390000249	生存者之战净胜分保护分	Survivor Battle Net Victory Protection Points
12390000249	生存者之戰淨勝分保護分數	Survivor Battle Net Victory Protection Points
12390000250	試煉幣	Trial Coins
12390000250	试炼币	Trial Coins
12390000251	MVP币	MVP Coin
12390000251	MVP幣	MVP Coin
12390000252	MVP賽季段位積分	MVP Season Rank Points
12390000252	MVP赛季段位分	MVP Season Rank Points
12390000253	攻城战赛季段位分	War of Emperium Season Rank Points
12390000253	攻城戰季段位積分	War of Emperium Season Rank Points
12390000254	公会联赛赛季段位分	Guild League Season Rank Points
12390000254	公會聯賽賽季段位積分	Guild League Season Rank Points
12390000255	副职赛季段位分	Secondary Profession Season Rank Points
12390000255	副職賽季段位積分	Secondary Profession Season Rank Points
12390000256	战功积分	War Merit Points
12390000256	戰功積分	War Merit Points
12390000257	龍槨島淨勝分	Dragon Coffin Island Net Victory Points
12390000257	龙椁岛净胜分	Dragon Coffin Island Net Victory Points
12390000258	龍槨島保護分	Dragon Coffin Island Protection Points
12390000258	龙椁岛保护分	Dragon Coffin Island Protection Points
12390000259	Base經驗	Base EXP
12390000259	Base经验	Base EXP
12390000260	Job經驗	Job EXP
12390000260	Job经验	Job EXP
12390000261	个人公会贡献	Personal Guild Contribution
12390000261	個人公會貢獻	Personal Guild Contribution
12390000262	公会纹章	Guild Emblem
12390000262	公會紋章	Guild Emblem
12390000263	公会资金	Guild Funds
12390000263	公會資金	Guild Funds
12390000264	公会威望	Guild Prestige
12390000264	公會威望	Guild Prestige
12390000265	公会活跃	Guild Activity
12390000265	公會活躍	Guild Activity
12390000266	公会贡献	Guild Contribution
12390000266	公會貢獻	Guild Contribution
12390000267	初心者学分	Novice Credits
12390000267	初心者學分	Novice Credits
12390000268	图鉴点	Collection Points
12390000268	圖鑑點	Collection Points
12390000269	图鉴点（卡片）	Codex Points (Cards)
12390000269	圖鑑點（卡片）	Codex Points (Cards)
12390000270	图鉴点（书籍）	Codex Points (Books)
12390000270	圖鑑點（書籍）	Codex Points (Books)
12390000271	图鉴点（怪物）	Codex Points (Monsters)
12390000271	圖鑑點（魔物）	Codex Points (Monsters)
12390000272	图鉴点（怪物-吉芬）	Codex Points (Monsters - Geffen)
12390000272	圖鑑點（魔物－吉芬）	Codex Points (Monsters - Geffen)
12390000273	图鉴点（怪物-斐扬）	Codex Points (Monsters - Payon)
12390000273	圖鑑點（魔物-斐揚）	Codex Points (Monsters - Payon)
12390000274	图鉴点（怪物-妙勒尼）	Codex Points (Monsters - Mjolnir)
12390000274	圖鑑點（魔物-妙勒尼）	Codex Points (Monsters - Mjolnir)
12390000275	图鉴点（怪物-沙漠）	Codex Points (Monsters - Desert)
12390000275	圖鑑點（魔物-沙漠）	Codex Points (Monsters - Desert)
12390000276	公会物资	Guild Supplies
12390000276	公會物資	Guild Supplies
12390000277	时隙银铸	Time Rift Silver Casting
12390000277	時隙銀鑄	Time Rift Silver Casting
12390000278	时隙金铸	Time Rift Gold Casting
12390000278	時隙金鑄	Time Rift Gold Casting
12390000279	竞拍物资	Auction Supplies
12390000279	競拍物資	Auction Supplies
12390000280	冒险羁绊值	Adventure Bond Points
12390000280	冒險羈絆值	Adventure Bond Points
12390000281	心意紙鶴	Paper Crane of Affection
12390000281	心意纸鹤	Paper Crane of Affection
12390000282	通行證經驗	Pass EXP
12390000282	通行证经验	Pass EXP
12390000283	晶化矿石	Crystallized Ore
12390000283	晶化礦石	Crystallized Ore
12390000284	貢獻者徽章	Contributor Badge
12390000284	贡献者徽章	Contributor Badge
12390000285	生活礦工經驗	Mining EXP
12390000285	生活采矿工经验	Mining EXP
12390000286	生活鍛造師經驗	Smithing EXP
12390000286	生活锻造师经验	Smithing EXP
12390000287	生活伐木工經驗	Logging EXP
12390000287	生活伐木工经验	Logging EXP
12390000288	生活雕刻工经验	Carving EXP
12390000288	生活雕刻師經驗	Carving EXP
12390000289	生活园艺师经验	Gardening EXP
12390000289	生活園藝師經驗	Gardening EXP
12390000290	生活裁縫師經驗	Tailoring EXP
12390000290	生活裁衣匠经验	Tailoring EXP
12390000291	活力值	Vigor
12390000292	討伐獎章	Subjugation Medal
12390000292	讨伐奖章	Subjugation Medal
12390000293	地区@{1}积分	Region @{1} Points
12390000293	地區@{1}積分	Region @{1} Points
12390000294	战备物资	Military Supplies
12390000294	戰備物資	Military Supplies
12390000295	帮贡积分	Guild Contribution Points
12390000295	幫貢積分	Guild Contribution Points
12390000296	普通月卡貨幣	Standard Monthly Pass Currency
12390000296	普通月卡货币	Standard Monthly Pass Currency
12390000297	至尊月卡貨幣	Premium Monthly Pass Currency
12390000297	至尊月卡货币	Premium Monthly Pass Currency
12390000298	通行證貨幣	Pass Currency
12390000298	通行证货币	Pass Currency
12390000299	寻宝活动挖宝次数	Treasure Hunt Dig Attempts
12390000299	尋寶活動挖寶次數	Treasure Hunt Dig Attempts
12390000300	戈尔斯克号角	Gorsk's Horn
12390000300	戈爾斯克號角	Gorsk's Horn
12390000301	雪夜旋律盒	Snowy Night Music Box
12390000302	珠泪螺壳	Pearltear Conch
12390000302	珠淚螺殼	Pearltear Conch
12390000303	秩序权杖	Scepter of Order
12390000303	秩序權杖	Scepter of Order
12390000304	白蜡树之喉	Throat of the Ash Tree
12390000304	白蠟樹之喉	Throat of the Ash Tree
12390000305	末誓金杯	Final Vow Chalice
12390000306	食夢短笛	Dream-Eating Flute
12390000306	食梦短笛	Dream-Eating Flute
12390000307	囚者舞鈴	Prisoner's Dancing Bells
12390000307	囚者舞铃	Prisoner's Dancing Bells
12390000308	銀月豎琴	Silvermoon Harp
12390000308	银月竖琴	Silvermoon Harp
12390000309	荒雾风笛	Desolate Mist Bagpipes
12390000309	荒霧風笛	Desolate Mist Bagpipes
12390000310	惊惧之鼓	Drum of Dread
12390000310	驚懼之鼓	Drum of Dread
12390000311	极秩序权杖	Supreme Scepter of Order
12390000311	極秩序權杖	Supreme Scepter of Order
12390000312	双色-绿蓝	Two-Tone - Green/Blue
12390000312	雙色－綠藍	Two-Tone - Green/Blue
12390000313	双色-绿黄	Two-Tone - Green/Yellow
12390000313	雙色－綠黃	Two-Tone - Green/Yellow
12390000314	双色-绿红	Two-Tone - Green/Red
12390000314	雙色－綠紅	Two-Tone - Green/Red
12390000315	双色-蓝黄	Two-Tone - Blue/Yellow
12390000315	雙色－藍黃	Two-Tone - Blue/Yellow
12390000316	双色-蓝红	Two-Tone - Blue/Red
12390000316	雙色－藍紅	Two-Tone - Blue/Red
12390000317	双色-黄红	Two-Tone - Yellow/Red
12390000317	雙色－黃紅	Two-Tone - Yellow/Red
12390000318	短剑	Dagger
12390000318	短劍	Dagger
12390000319	新手短剑	Novice Dagger
12390000319	新手短劍	Novice Dagger
12390000320	卡特短剑	Cutter
12390000320	卡特短劍	Cutter
12390000321	新手卡特短剑	Novice Cutter
12390000321	新手卡特短劍	Novice Cutter
12390000322	笨拙短剑	Main Gauche
12390000322	笨拙短劍	Main Gauche
12390000323	新手笨拙短剑	Novice Main Gauche
12390000323	新手笨拙短劍	Novice Main Gauche
12390000324	德克短剑	Dirk
12390000324	德克短劍	Dirk
12390000325	大駒短劍	Dagger
12390000325	大驹短剑	Dagger
12390000326	長柄短劍	Gladius
12390000326	长柄短剑	Gladius
12390000327	大馬士革短劍	Damascus
12390000327	大马士革短剑	Damascus
12390000328	华丽短剑	Ornate Dagger
12390000328	華麗短劍	Ornate Dagger
12390000329	双刃短剑	Double-Edged Dagger
12390000329	雙刃短劍	Double-Edged Dagger
12390000330	待定	TBD
12390000331	長劍	Sword
12390000331	长剑	Sword
12390000332	新手長劍	Novice Sword
12390000332	新手长剑	Novice Sword
12390000333	厚刃剑	Blade
12390000333	厚刃劍	Blade
12390000334	新手厚刃剑	Novice Blade
12390000334	新手厚刃劍	Novice Blade
12390000335	击刺长剑	Rapier
12390000335	擊刺長劍	Rapier
12390000336	新手击刺长剑	Novice Rapier
12390000336	新手刺擊長劍	Novice Rapier
12390000337	騎兵之劍	Saber
12390000337	骑兵之剑	Saber
12390000338	海东剑	Haedonggum
12390000338	海東劍	Haedonggum
12390000339	石中剑	Excalibur
12390000339	石中劍	Excalibur
12390000340	寻宝之剑	Treasure Sword
12390000340	尋寶之劍	Treasure Sword
12390000341	狂击之剑	Bash Sword
12390000341	狂擊之劍	Bash Sword
12390000342	首領之劍	Byeollungum
12390000342	首领之剑	Byeollungum
12390000343	双手剑	Two-Handed Sword
12390000343	雙手劍	Two-Handed Sword
12390000344	新手双手剑	Novice Two-Handed Sword
12390000344	新手雙手劍	Novice Two-Handed Sword
12390000345	亚尔特剑	Yalt Sword
12390000345	亞爾特劍	Yalt Sword
12390000346	新手亚尔特剑	Novice Yalt Sword
12390000346	新手亞爾特劍	Novice Yalt Sword
12390000347	双手巨剑	Greatsword
12390000347	雙手巨劍	Greatsword
12390000348	新手双手巨剑	Novice Greatsword
12390000348	新手雙手巨劍	Novice Greatsword
12390000349	双手重剑	Heavy Two-Handed Sword
12390000349	雙手重劍	Heavy Two-Handed Sword
12390000350	十字巨剑	Claymore
12390000350	十字巨劍	Claymore
12390000351	巨大双手剑	Giant Two-Handed Sword
12390000351	巨大雙手劍	Giant Two-Handed Sword
12390000352	死神之剑	Executioner
12390000352	死神之劍	Executioner
12390000353	風靈之劍	Wind Spirit Sword
12390000353	风灵之剑	Wind Spirit Sword
12390000354	亚蓝斯之剑	Arans Sword
12390000354	亞藍斯之劍	Arans Sword
12390000355	長戟	Halberd
12390000355	长戟	Halberd
12390000356	長矛	Spear
12390000356	长矛	Spear
12390000357	步兵長矛	Pike
12390000357	步兵长矛	Pike
12390000358	刚尼尔长矛	Gungnir
12390000358	剛尼爾長矛	Gungnir
12390000359	地灵之矛	Earth Spirit Spear
12390000359	地靈之矛	Earth Spirit Spear
12390000360	狩猎之矛	Hunting Spear
12390000360	狩獵之矛	Hunting Spear
12390000361	強襲戰矛	Battle Hook
12390000361	强袭战矛	Battle Hook
12390000362	鐮戟	Halberd
12390000362	镰戟	Halberd
12390000363	長角之矛	Long Horn
12390000363	长角之矛	Long Horn
12390000364	騎士長矛	Knight Spear
12390000364	骑士长矛	Knight Spear
12390000365	新手騎士長矛	Novice Knight Spear
12390000365	新手骑士长矛	Novice Knight Spear
12390000366	弯刃长矛	Guisarme
12390000366	彎刃長矛	Guisarme
12390000367	新手弯刃长矛	Novice Guisarme
12390000367	新手彎刃長矛	Novice Guisarme
12390000368	長槍	Pike
12390000368	长枪	Pike
12390000369	新手長槍	Novice Pike
12390000369	新手长枪	Novice Pike
12390000370	双刃长戟	Double-Bladed Halberd
12390000370	雙刃長戟	Double-Bladed Halberd
12390000371	德瑞尹長戟	Dreyn Halberd
12390000371	德瑞尹长戟	Dreyn Halberd
12390000372	斧錘長矛	Halberd
12390000372	斧锤长矛	Halberd
12390000373	龍戚弩斯長矛	Dragutin Spear
12390000373	龙戚弩斯长矛	Dragutin Spear
12390000374	風靈之矛	Wind Spirit Spear
12390000374	风灵之矛	Wind Spirit Spear
12390000375	修尔特长矛	Schulte Spear
12390000375	修爾特長矛	Schulte Spear
12390000376	斧頭	Axe
12390000377	鐵斧	Iron Axe
12390000377	铁斧	Iron Axe
12390000378	双刃斧	Double-Bladed Axe
12390000378	雙刃斧	Double-Bladed Axe
12390000379	兽人斧	Orcish Axe
12390000379	獸人斧	Orcish Axe
12390000380	切削之斧	Cleaver
12390000381	希尔之斧	Hill's Axe
12390000381	希爾之斧	Hill's Axe
12390000382	貝克戰斧	Vecer Axe
12390000382	贝克战斧	Vecer Axe
12390000383	增能斧	Empowered Axe
12390000384	血腥战斧	Bloody Battle Axe
12390000384	血腥戰斧	Bloody Battle Axe
12390000385	巨斧	Battle Axe
12390000386	新手巨斧	Novice Battle Axe
12390000387	鋼斧	Steel Axe
12390000387	钢斧	Steel Axe
12390000388	新手鋼斧	Novice Steel Axe
12390000388	新手钢斧	Novice Steel Axe
12390000389	毀滅之斧	Buster
12390000389	毁灭之斧	Buster
12390000390	新手毀滅之斧	Novice Buster
12390000390	新手毁灭之斧	Novice Buster
12390000391	血斧	Bloody Axe
12390000392	克莱伊特斧	Great Axe
12390000392	克萊伊特斧	Great Axe
12390000393	斩首之斧	Guillotine
12390000393	斬首之斧	Guillotine
12390000394	超重双手斧	Doom Slayer
12390000394	超重雙手斧	Doom Slayer
12390000395	強襲戰斧	Bardiche
12390000395	强袭战斧	Bardiche
12390000396	風靈之斧	Wind Spirit Axe
12390000396	风灵之斧	Wind Spirit Axe
12390000397	木錘	Club
12390000397	木锤	Club
12390000398	鐵鎚	Mace
12390000398	铁锤	Mace
12390000399	思麥斯鐵錘	Smash's Hammer
12390000399	思麦斯铁锤	Smash's Hammer
12390000400	昏迷之錘	Stunner
12390000400	昏迷之锤	Stunner
12390000401	日星錘	Morning Star
12390000401	日星锤	Morning Star
12390000402	尖刃鐵錘	Sword Mace
12390000402	尖刃铁锤	Sword Mace
12390000403	秘錘 冷月	Secret Hammer: Cold Moon
12390000403	秘锤 冷月	Secret Hammer: Cold Moon
12390000404	黃金之錘	Golden Hammer
12390000404	黄金之锤	Golden Hammer
12390000405	秘銀長錘	Mithril Longhammer
12390000405	秘银长锤	Mithril Longhammer
12390000406	手杖	Rod
12390000407	新手手杖	Novice Staff
12390000408	橡木魔杖	Oak Staff
12390000409	新手橡木魔杖	Novice Oak Staff
12390000410	智慧魔杖	Staff
12390000411	新手智慧魔杖	Novice Staff of Wisdom
12390000412	言灵魔杖	Arc Wand
12390000412	言靈魔杖	Arc Wand
12390000413	骷髅魔杖	Skull Staff
12390000413	骷髏魔杖	Skull Staff
12390000414	羽翼之杖	Wing Staff
12390000415	生存的魔杖	Survivor's Rod (Dex)
12390000416	巫妖之骨杖	Lich's Bone Staff
12390000417	催眠师的魔杖	Hypnotist's Staff
12390000417	催眠師的魔杖	Hypnotist's Staff
12390000418	松木短杖	Pinewood Rod
12390000419	槲寄生法杖	Mistletoe Staff
12390000420	符文魔杖	Rune Staff
12390000421	灵魂之杖	Soul Staff
12390000421	靈魂之杖	Soul Staff
12390000422	大巫师之杖	Wizardry Staff
12390000422	大巫師之杖	Wizardry Staff
12390000423	勇士毀滅魔杖	Warrior's Staff of Destruction
12390000423	勇士毁灭魔杖	Warrior's Staff of Destruction
12390000424	克罗诺斯之杖	Kronos
12390000424	克羅諾斯之杖	Kronos
12390000425	黛雅之杖	Dea Staff
12390000426	毀滅之杖	Staff of Destruction
12390000426	毁灭之杖	Staff of Destruction
12390000428	新手弓	Novice Bow
12390000429	坎普兹弓	Composite Bow
12390000429	坎普茲弓	Composite Bow
12390000430	新手坎普兹弓	Novice Composite Bow
12390000431	克罗伊特弓	Great Bow
12390000431	克羅伊特弓	Great Bow
12390000432	新手克罗伊特弓	Novice Great Bow
12390000432	新手克羅伊特弓	Novice Great Bow
12390000433	猎人之弓	Hunter Bow
12390000433	獵人之弓	Hunter Bow
12390000434	天龍之翼	Sky Dragon Wing
12390000434	天龙之翼	Sky Dragon Wing
12390000435	炽天使之弓	Rudra Bow
12390000435	熾天使之弓	Rudra Bow
12390000436	伊克希恩的羽翼	Ixion Wing
12390000436	伊克西翁之翼	Ixion Wing
12390000437	亞伯雷弓	Eblere Bow
12390000437	埃布尔雷弓	Eblere Bow
12390000438	露娜弓	Luna Bow
12390000439	拳刃	Katar
12390000440	新手拳刃	Novice Katar
12390000441	卡塔勒拳刃	Katar
12390000442	新手卡塔勒拳刃	Novice Katar Blade
12390000443	秘刃 暗啸	Secret Blade: Dark Howl
12390000443	秘刃 暗嘯	Secret Blade: Dark Howl
12390000444	新手秘刃 暗啸	Novice Secret Blade: Dark Howl
12390000444	新手秘刃 暗嘯	Novice Secret Blade: Dark Howl
12390000445	刺藤拳刃	Katar of Dusty Thornbush
12390000446	骸灵拳刃	Wraith Katar
12390000446	骸靈拳刃	Wraith Katar
12390000447	刺杀拳刃	Infiltrator
12390000447	刺殺拳刃	Infiltrator
12390000448	洛奇的指甲	Loki's Nail
12390000449	邪恶拳刃	Evil Katar
12390000449	邪惡拳刃	Evil Katar
12390000450	風靈拳刃	Wind Spirit Katar
12390000450	风灵拳刃	Wind Spirit Katar
12390000451	鐵盾	Guard
12390000451	铁盾	Guard
12390000452	新手鐵盾	Novice Iron Shield
12390000452	新手铁盾	Novice Iron Shield
12390000453	圆盾	Buckler
12390000453	圓盾	Buckler
12390000454	新手圆盾	Novice Buckler
12390000454	新手圓盾	Novice Buckler
12390000455	鋼盾	Shield
12390000455	钢盾	Shield
12390000456	新手鋼盾	Novice Steel Shield
12390000456	新手钢盾	Novice Steel Shield
12390000457	刺盾	Thorny Buckler
12390000458	石制圆盾	Stone Buckler
12390000458	石製圓盾	Stone Buckler
12390000459	瓦尔基里亚钢盾	Valkyrja's Shield
12390000459	瓦爾基莉亞鋼盾	Valkyrja's Shield
12390000460	坚固盾牌	Strong Shield
12390000460	堅固盾牌	Strong Shield
12390000461	大天使之盾	Archangel's Shield
12390000462	圣耀之盾	Holy Guard
12390000462	聖耀之盾	Holy Guard
12390000463	棉衬衫	Cotton Shirt
12390000463	棉襯衫	Cotton Shirt
12390000464	新手棉衬衫	Novice Cotton Shirt
12390000464	新手棉襯衫	Novice Cotton Shirt
12390000465	皮製外套	Leather Jacket
12390000465	皮质外套	Leather Jacket
12390000466	新手皮製外套	Novice Leather Jacket
12390000466	新手皮质外套	Novice Leather Jacket
12390000467	長大衣	Coat
12390000467	长大衣	Coat
12390000468	新手長大衣	Novice Coat
12390000468	新手长大衣	Novice Coat
12390000469	冒险衣	Adventurer's Suit
12390000469	冒險衣	Adventurer's Suit
12390000470	毛皮大衣	Mink Coat
12390000471	毛皮大衣-力/敏-攻	Mink Coat-STR/AGI-ATK
12390000472	毛皮大衣-力/幸-攻	Mink Coat-STR/LUK-ATK
12390000473	毛皮大衣-力/体-攻	Mink Coat-STR/VIT-ATK
12390000473	毛皮大衣-力/體-攻	Mink Coat-STR/VIT-ATK
12390000474	毛皮大衣-智/灵-攻	Mink Coat-INT/DEX-ATK
12390000474	毛皮大衣-智/靈-攻	Mink Coat-INT/DEX-ATK
12390000475	毛皮大衣-灵/敏-攻	Mink Coat-DEX/AGI-ATK
12390000475	毛皮大衣-靈/敏-攻	Mink Coat-DEX/AGI-ATK
12390000476	毛皮大衣-力/体-御	Mink Coat-STR/VIT-DEF
12390000476	毛皮大衣-力/體-禦	Mink Coat-STR/VIT-DEF
12390000477	鐵製鎧甲	Iron Armor
12390000477	铁制盔甲	Iron Armor
12390000478	鋼鐵鎖子甲	Steel Chain Mail
12390000478	钢铁锁子甲	Steel Chain Mail
12390000479	丝质外袍	Silk Robe
12390000479	絲質外袍	Silk Robe
12390000480	鋼鐵鎧甲	Steel Armor
12390000480	钢铁盔甲	Steel Armor
12390000481	连帽护肩	Hooded Pauldrons
12390000481	連帽披肩	Hooded Pauldrons
12390000482	新手连帽护肩	Novice Hooded Pauldrons
12390000482	新手連帽披肩	Novice Hooded Pauldrons
12390000483	护肩	Pauldrons
12390000483	護肩	Pauldrons
12390000484	新手护肩	Novice Pauldrons
12390000484	新手護肩	Novice Pauldrons
12390000485	斗篷	Cloak
12390000486	新手斗篷	Novice Cloak
12390000487	伯爵斗篷	Ancient Cloak
12390000488	生存斗篷	Survivor's Cloak
12390000489	护肩甲	Armored Pauldrons
12390000489	護肩甲	Armored Pauldrons
12390000490	貝利的斗篷	Vali's Cloak
12390000490	贝利的斗篷	Vali's Cloak
12390000491	邪骸战士的斗篷	Soldier Skeleton's Cloak
12390000491	邪骸戰士的斗篷	Soldier Skeleton's Cloak
12390000492	猎鹰披肩	Falcon Cloak
12390000492	獵鷹披肩	Falcon Cloak
12390000493	輕便鞋	Sandals
12390000493	轻便鞋	Sandals
12390000494	新手輕便鞋	Novice Sandals
12390000494	新手轻便鞋	Novice Sandals
12390000495	長靴	Shoes
12390000495	长靴	Shoes
12390000496	新手長靴	Novice Boots
12390000496	新手长靴	Novice Boots
12390000497	重靴	Greaves
12390000498	新手重靴	Novice Greaves
12390000499	战士长靴	Boots
12390000499	戰士長靴	Boots
12390000500	安全鞋	Safety Shoes
12390000501	傅里哥長靴	Fricco's Shoes
12390000501	傅里哥长靴	Fricco's Shoes
12390000502	哥夫內軍靴	Goibne's Greaves
12390000502	哥夫内军靴	Goibne's Greaves
12390000503	兔子拖鞋	Bunny Slippers
12390000504	迪塔乐长靴	Vidar's Boots
12390000504	迪塔樂長靴	Vidar's Boots
12390000505	戒指	Ring
12390000506	新手戒指	Novice Ring
12390000507	耳环	Earrings
12390000507	耳環	Earrings
12390000508	新手耳环	Novice Earrings
12390000508	新手耳環	Novice Earrings
12390000509	項鍊	Amulet
12390000509	项链	Amulet
12390000510	新手項鍊	Novice Necklace
12390000510	新手项链	Novice Necklace
12390000511	手套	Gloves
12390000512	別針	Clip
12390000512	别针	Clip
12390000513	金戒指	Gold Ring
12390000514	鑽石戒指	Diamond Ring
12390000514	钻石戒指	Diamond Ring
12390000515	珠鏈	Rosary
12390000515	珠链	Rosary
12390000516	花戒指	Flower Ring
12390000517	初級手杖	Basic Rod
12390000517	初级手杖	Basic Rod
12390000518	初級短劍	Basic Dagger
12390000518	初级短剑	Basic Dagger
12390000519	初級拳刃	Basic Katar
12390000519	初级拳刃	Basic Katar
12390000520	初級雙手劍	Basic Two-Handed Sword
12390000520	初级双手剑	Basic Two-Handed Sword
12390000521	初級騎士長矛	Basic Knight Spear
12390000521	初级骑士长矛	Basic Knight Spear
12390000522	初級弓@{1}	Basic Bow@{1}
12390000522	初级弓@{1}	Basic Bow@{1}
12390000523	初級地靈之矛	Basic Earth Spirit Spear
12390000523	初级地灵之矛	Basic Earth Spirit Spear
12390000524	初級貝克戰斧@{1}	Basic Beck Battle Axe@{1}
12390000524	初级贝克战斧@{1}	Basic Beck Battle Axe@{1}
12390000525	中級手杖	Intermediate Rod
12390000525	中级手杖	Intermediate Rod
12390000526	中級短劍	Intermediate Dagger
12390000526	中级短剑	Intermediate Dagger
12390000527	中級拳刃	Intermediate Katar
12390000527	中级拳刃	Intermediate Katar
12390000528	中級雙手劍	Intermediate Two-Handed Sword
12390000528	中级双手剑	Intermediate Two-Handed Sword
12390000529	中級騎士長矛	Intermediate Knight Spear
12390000529	中级骑士长矛	Intermediate Knight Spear
12390000530	中级弓@{1}	Intermediate Bow@{1}
12390000531	中級地靈之矛	Intermediate Earth Spirit Spear
12390000531	中级地灵之矛	Intermediate Earth Spirit Spear
12390000532	中級貝克戰斧@{1}	Intermediate Beck Battle Axe@{1}
12390000532	中级贝克战斧@{1}	Intermediate Beck Battle Axe@{1}
12390000533	高級手杖	Advanced Rod
12390000533	高级手杖	Advanced Rod
12390000534	高級短劍	Advanced Dagger
12390000534	高级短剑	Advanced Dagger
12390000535	高級拳刃	Advanced Katar
12390000535	高级拳刃	Advanced Katar
12390000536	高級雙手劍	Advanced Two-Handed Sword
12390000536	高级双手剑	Advanced Two-Handed Sword
12390000537	高級騎士長矛	Advanced Knight Spear
12390000537	高级骑士长矛	Advanced Knight Spear
12390000538	高級弓@{1}	Advanced Bow@{1}
12390000538	高级弓@{1}	Advanced Bow@{1}
12390000539	高級地靈之矛	Advanced Earth Spirit Spear
12390000539	高级地灵之矛	Advanced Earth Spirit Spear
12390000540	高級貝克戰斧@{1}	Advanced Beck Battle Axe@{1}
12390000540	高级贝克战斧@{1}	Advanced Beck Battle Axe@{1}
12390000541	頂級手杖	Superior Rod
12390000541	顶级手杖	Superior Rod
12390000542	頂級短劍	Superior Dagger
12390000542	顶级短剑	Superior Dagger
12390000543	頂級拳刃	Superior Katar
12390000543	顶级拳刃	Superior Katar
12390000544	頂級雙手劍	Superior Two-Handed Sword
12390000544	顶级双手剑	Superior Two-Handed Sword
12390000545	頂級騎士長矛	Superior Knight Spear
12390000545	顶级骑士长矛	Superior Knight Spear
12390000546	頂級弓@{1}	Superior Bow@{1}
12390000546	顶级弓@{1}	Superior Bow@{1}
12390000547	頂級地靈之矛	Superior Earth Spirit Spear
12390000547	顶级地灵之矛	Superior Earth Spirit Spear
12390000548	頂級貝克戰斧@{1}	Superior Beck Battle Axe@{1}
12390000548	顶级贝克战斧@{1}	Superior Beck Battle Axe@{1}
12390000549	超級比武手杖	Super Tournament Rod
12390000549	超级比武手杖	Super Tournament Rod
12390000550	超級比武短劍	Super Tournament Dagger
12390000550	超级比武短剑	Super Tournament Dagger
12390000551	超級比武拳刃	Super Arena Katar
12390000551	超级比武拳刃	Super Arena Katar
12390000552	超級比武雙手劍	Super Arena Two-Handed Sword
12390000552	超级比武双手剑	Super Arena Two-Handed Sword
12390000553	超級比武騎士長矛	Super Arena Knight Spear
12390000553	超级比武骑士长矛	Super Arena Knight Spear
12390000554	超級比武弓@{1}	Super Arena Bow@{1}
12390000554	超级比武弓@{1}	Super Arena Bow@{1}
12390000555	超級比武地靈之矛	Super Arena Earth Spirit Spear
12390000555	超级比武地灵之矛	Super Arena Earth Spirit Spear
12390000556	超級比武貝克戰斧@{1}	Super Arena Beck Battle Axe@{1}
12390000556	超级比武贝克战斧@{1}	Super Arena Beck Battle Axe@{1}
12390000557	@{1}級短劍	Lv. @{1} Dagger
12390000557	@{1}级短剑	Lv. @{1} Dagger
12390000558	@{1}級單手劍	Lv. @{1} One-Handed Sword
12390000558	@{1}级单手剑	Lv. @{1} One-Handed Sword
12390000559	@{1}級雙手劍	Lv. @{1} Two-Handed Sword
12390000559	@{1}级双手剑	Lv. @{1} Two-Handed Sword
12390000560	@{1}級單手矛	Lv. @{1} One-Handed Spear
12390000560	@{1}级单手矛	Lv. @{1} One-Handed Spear
12390000561	@{1}級雙手矛	Lv. @{1} Two-Handed Spear
12390000561	@{1}级双手矛	Lv. @{1} Two-Handed Spear
12390000562	@{1}級單手斧	Lv. @{1} One-Handed Axe
12390000562	@{1}级单手斧	Lv. @{1} One-Handed Axe
12390000563	@{1}級雙手斧	Lv. @{1} Two-Handed Axe
12390000563	@{1}级双手斧	Lv. @{1} Two-Handed Axe
12390000564	@{1}級鈍器	Lv. @{1} Mace
12390000564	@{1}级钝器	Lv. @{1} Mace
12390000565	@{1}級單手杖	Lv. @{1} Wand
12390000565	@{1}级单手杖	Lv. @{1} Wand
12390000566	@{1}級雙手杖	Lv. @{1} Staff
12390000566	@{1}级双手杖	Lv. @{1} Staff
12390000567	@{1}級弓	Lv. @{1} Bow
12390000567	@{1}级弓	Lv. @{1} Bow
12390000568	@{1}級拳刃	Lv. @{1} Katar
12390000568	@{1}级拳刃	Lv. @{1} Katar
12390000569	@{1}級盾牌	Lv. @{1} Shield
12390000569	@{1}级盾牌	Lv. @{1} Shield
12390000570	@{1}級@{2}短劍	Lv. @{1} @{2} Dagger
12390000570	@{1}级@{2}短剑	Lv. @{1} @{2} Dagger
12390000571	@{1}級@{2}單手劍	Lv. @{1} @{2} One-Handed Sword
12390000571	@{1}级@{2}单手剑	Lv. @{1} @{2} One-Handed Sword
12390000572	@{1}級@{2}雙手劍	Lv. @{1} @{2} Two-Handed Sword
12390000572	@{1}级@{2}双手剑	Lv. @{1} @{2} Two-Handed Sword
12390000573	@{1}級@{2}單手矛	Lv. @{1} @{2} One-Handed Spear
12390000573	@{1}级@{2}单手矛	Lv. @{1} @{2} One-Handed Spear
12390000574	@{1}級@{2}雙手矛	Lv. @{1} @{2} Two-Handed Spear
12390000574	@{1}级@{2}双手矛	Lv. @{1} @{2} Two-Handed Spear
12390000575	@{1}級@{2}單手斧	Lv. @{1} @{2} One-Handed Axe
12390000575	@{1}级@{2}单手斧	Lv. @{1} @{2} One-Handed Axe
12390000576	@{1}級@{2}雙手斧	Lv. @{1} @{2} Two-Handed Axe
12390000576	@{1}级@{2}双手斧	Lv. @{1} @{2} Two-Handed Axe
12390000577	@{1}級@{2}鈍器	Lv. @{1} @{2} Mace
12390000577	@{1}级@{2}钝器	Lv. @{1} @{2} Mace
12390000578	@{1}級@{2}單手杖	Lv. @{1} @{2} Wand
12390000578	@{1}级@{2}单手杖	Lv. @{1} @{2} Wand
12390000579	@{1}級@{2}雙手杖	Lv. @{1} @{2} Staff
12390000579	@{1}级@{2}双手杖	Lv. @{1} @{2} Staff
12390000580	@{1}級@{2}弓	Lv. @{1} @{2} Bow
12390000580	@{1}级@{2}弓	Lv. @{1} @{2} Bow
12390000581	@{1}級@{2}拳刃	Lv. @{1} @{2} Katar
12390000581	@{1}级@{2}拳刃	Lv. @{1} @{2} Katar
12390000582	@{1}級@{2}盾牌	Lv. @{1} @{2} Shield
12390000582	@{1}级@{2}盾牌	Lv. @{1} @{2} Shield
12390000583	@{1}級雙手矛(槍騎專屬)	Lv. @{1} Two-Handed Spear (Lance Knight Only)
12390000583	@{1}级双手矛(枪骑专属)	Lv. @{1} Two-Handed Spear (Lance Knight Only)
12390000584	@{1}級不帶流派短劍	Lv. @{1} Dagger (No BD)
12390000584	@{1}级不带BD短剑	Lv. @{1} Dagger (No BD)
12390000585	@{1}級不帶流派單手劍	Lv. @{1} One-Handed Sword (No BD)
12390000585	@{1}级不带BD单手剑	Lv. @{1} One-Handed Sword (No BD)
12390000586	@{1}級不帶流派雙手劍	Lv. @{1} Two-Handed Sword (No BD)
12390000586	@{1}级不带BD双手剑	Lv. @{1} Two-Handed Sword (No BD)
12390000587	@{1}級不帶流派單手矛	Lv. @{1} One-Handed Spear (No BD)
12390000587	@{1}级不带BD单手矛	Lv. @{1} One-Handed Spear (No BD)
12390000588	@{1}級不帶流派雙手矛	Lv. @{1} Two-Handed Spear (No BD)
12390000588	@{1}级不带BD双手矛	Lv. @{1} Two-Handed Spear (No BD)
12390000589	@{1}級不帶流派單手斧	Lv. @{1} One-Handed Axe (No BD)
12390000589	@{1}级不带BD单手斧	Lv. @{1} One-Handed Axe (No BD)
12390000590	@{1}級不帶流派雙手斧	Lv. @{1} Two-Handed Axe (No BD)
12390000590	@{1}级不带BD双手斧	Lv. @{1} Two-Handed Axe (No BD)
12390000591	@{1}級不帶流派鈍器	Lv. @{1} Mace (No BD)
12390000591	@{1}级不带BD钝器	Lv. @{1} Mace (No BD)
12390000592	@{1}級不帶流派單手杖	Lv. @{1} Wand (No BD)
12390000592	@{1}级不带BD单手杖	Lv. @{1} Wand (No BD)
12390000593	@{1}級不帶流派雙手杖	Lv. @{1} Staff (No BD)
12390000593	@{1}级不带BD双手杖	Lv. @{1} Staff (No BD)
12390000594	@{1}級不帶流派弓	Lv. @{1} Bow (No BD)
12390000594	@{1}级不带BD弓	Lv. @{1} Bow (No BD)
12390000595	@{1}級不帶流派拳刃	Lv. @{1} Katar (No BD)
12390000595	@{1}级不带BD拳刃	Lv. @{1} Katar (No BD)
12390000596	@{1}級不帶流派盾牌	Lv. @{1} Shield (No BD)
12390000596	@{1}级不带BD盾牌	Lv. @{1} Shield (No BD)
12390000597	@{1}級雙手矛槍騎專屬不帶流派	Lv. @{1} Two-Handed Spear (Lance Knight Only, No BD)
12390000597	@{1}级双手矛枪骑专属不带BD	Lv. @{1} Two-Handed Spear (Lance Knight Only, No BD)
12390000598	放輕鬆	Take It Easy
12390000598	放轻松	Take It Easy
12390000599	FIRE	FIRE
12390000600	圣诞袜	Christmas Stocking
12390000600	聖誕襪	Christmas Stocking
12390000601	星鏈	Star Chain
12390000601	星链	Star Chain
12390000603	羽焰	Feather Flame
12390000604	羽灵	Feather Spirit
12390000604	羽靈	Feather Spirit
12390000605	初心者药水	Beginner Potion
12390000605	初心者藥水	Beginner Potion
12390000606	赤色药水	Orange Potion
12390000606	赤色藥水	Orange Potion
12390000607	黃色藥水	Yellow Potion
12390000607	黄色药水	Yellow Potion
12390000608	白色药水	White Potion
12390000608	白色藥水	White Potion
12390000609	清润调息药剂	Refreshing Breath Medicine
12390000609	清潤調息藥劑	Refreshing Breath Medicine
12390000610	温和调息药剂	Gentle Breath Medicine
12390000610	溫和調息藥劑	Gentle Breath Medicine
12390000611	精品調息藥劑	Premium Breath Medicine
12390000611	精品调息药剂	Premium Breath Medicine
12390000612	強效調息藥劑	Potent Breath Medicine
12390000612	强效调息药剂	Potent Breath Medicine
12390000613	急救調息藥劑	First Aid Breath Medicine
12390000613	急救调息药剂	First Aid Breath Medicine
12390000614	浓缩调息药剂	Concentrated Breath Medicine
12390000614	濃縮調息藥劑	Concentrated Breath Medicine
12390000615	卓越調息藥劑	Superior Breath Medicine
12390000615	卓越调息药剂	Superior Breath Medicine
12390000616	卓越紅色藥水	Superior Red Potion
12390000616	卓越红色药水	Superior Red Potion
12390000617	卓越赤色药水	Superior Orange Potion
12390000617	卓越赤色藥水	Superior Orange Potion
12390000618	卓越黃色藥水	Superior Yellow Potion
12390000618	卓越黄色药水	Superior Yellow Potion
12390000619	蓝色药水	Blue Potion
12390000619	藍色藥水	Blue Potion
12390000620	高級藍色藥水	Condensed Blue Potion
12390000620	高级蓝色药水	Condensed Blue Potion
12390000621	綠色藥水	Green Potion
12390000621	绿色药水	Green Potion
12390000622	紅色藥水	Red Potion
12390000622	红色药水	Red Potion
12390000623	生机药水	Vitality Potion
12390000623	生機藥水	Vitality Potion
12390000624	圣灵药水	Holy Spirit Potion
12390000624	聖靈藥水	Holy Spirit Potion
12390000625	生命之泉	Fountain of Life
12390000626	卓越綠色藥水	Superior Green Potion
12390000626	卓越绿色药水	Superior Green Potion
12390000627	卓越生机药水	Superior Vitality Potion
12390000627	卓越生機藥水	Superior Vitality Potion
12390000628	卓越圣灵药水	Superior Spirit Potion
12390000628	卓越聖靈藥水	Superior Spirit Potion
12390000629	卓越生命之泉	Superior Fountain of Life
12390000630	万能药水	Panacea
12390000630	萬能藥水	Panacea
12390000631	万能药	Panacea
12390000631	萬能藥	Panacea
12390000632	速效白色药水	Quick-acting White Potion
12390000632	速效白色藥水	Quick-acting White Potion
12390000633	黑暗料理	Yor's Kitchen Creation
12390000634	番茄浓汤	Creamy Tomato Soup
12390000634	番茄濃湯	Creamy Tomato Soup
12390000635	菌菇番茄汤	Mushroom Tomato Soup
12390000635	蕈菇番茄湯	Mushroom Tomato Soup
12390000636	香菇烤串	Grilled Mushroom Skewers
12390000637	辣椒兽排	Chili Beast Steak
12390000637	辣椒獸排	Chili Beast Steak
12390000638	辣味肉餅	Spicy Meat Patty
12390000638	辣肉饼	Spicy Meat Patty
12390000639	草莓硬糖	Strawberry Hard Candy
12390000640	草莓可可球	Strawberry Cocoa Truffle
12390000641	香草热可可	Vanilla Hot Cocoa
12390000641	香草熱可可	Vanilla Hot Cocoa
12390000642	草莓奶昔	Strawberry Milkshake
12390000643	草莓可可热牛乳	Hot Strawberry Cocoa Milk
12390000643	草莓熱可可牛奶	Hot Strawberry Cocoa Milk
12390000644	葡萄酒	Grape Wine
12390000645	青檬鸡尾酒	Green Lemon Cocktail
12390000645	青檸雞尾酒	Green Lemon Cocktail
12390000646	清爽柠檬酿	Refreshing Lemon Brew
12390000646	清爽檸檬釀	Refreshing Lemon Brew
12390000647	葡萄味气泡水	Grape Sparkling Water
12390000647	葡萄氣泡水	Grape Sparkling Water
12390000648	混合果汁	Mixed Fruit Juice
12390000648	綜合果汁	Mixed Fruit Juice
12390000649	肉包	Meat Bun
12390000650	药草粥	Herb Porridge
12390000650	藥草粥	Herb Porridge
12390000651	香辣药草卷	Spicy Herb Wrap
12390000651	香辣藥草捲	Spicy Herb Wrap
12390000652	辣味炒飯	Spicy Fried Rice
12390000652	辣味炒饭	Spicy Fried Rice
12390000653	可可奶冻	Cocoa Pudding
12390000653	可可奶凍	Cocoa Pudding
12390000654	繽紛棒棒糖	Colorful Lollipop
12390000654	缤纷棒棒糖	Colorful Lollipop
12390000655	莓果藥草茶	Berry Herbal Tea
12390000655	莓莓药草茶	Berry Herbal Tea
12390000656	草莓可可脆棒	Strawberry Cocoa Crunch Bar
12390000656	草莓脆可可棒	Strawberry Cocoa Crunch Bar
12390000657	純淨檸檬水	Pure Lemon Water
12390000657	纯净柠檬水	Pure Lemon Water
12390000658	柠檬药草茶	Lemon Herbal Tea
12390000658	檸檬藥草茶	Lemon Herbal Tea
12390000659	葡萄木香飲	Woody Grape Drink
12390000659	葡萄木香饮	Woody Grape Drink
12390000660	柑木鮮果茶	Citruswood Fruit Tea
12390000660	柑木鲜果茶	Citruswood Fruit Tea
12390000661	刃之結晶	Blade Crystal
12390000661	刃之结晶	Blade Crystal
12390000662	盾之結晶	Shield Crystal
12390000662	盾之结晶	Shield Crystal
12390000663	魔力結晶	Mana Crystal
12390000663	魔力结晶	Mana Crystal
12390000664	魔防結晶	Magic DEF Crystal
12390000664	魔防结晶	Magic DEF Crystal
12390000665	生命結晶	Life Crystal
12390000665	生命结晶	Life Crystal
12390000666	生命結晶@{1}	Life Crystal@{1}
12390000666	生命结晶@{1}	Life Crystal@{1}
12390000667	蝴蝶翅膀	Butterfly Wing
12390000668	苍蝇翅膀	Fly Wing
12390000668	蒼蠅翅膀	Fly Wing
12390000669	枯树枝	Dead Branch
12390000669	枯樹枝	Dead Branch
12390000670	血跡樹枝	Bloody Branch
12390000670	血迹树枝	Bloody Branch
12390000671	天地树叶子	Yggdrasil Leaf
12390000671	天地樹葉子	Yggdrasil Leaf
12390000672	任务苍蝇翅膀	Quest Fly Wing
12390000672	任務蒼蠅翅膀	Quest Fly Wing
12390000673	箭矢	Arrow
12390000674	鋼鐵箭矢	Steel Arrow
12390000674	钢铁箭矢	Steel Arrow
12390000675	火箭矢	Fire Arrow
12390000676	水灵箭矢	Crystal Arrow
12390000676	水靈箭矢	Crystal Arrow
12390000677	銀箭矢	Silver Arrow
12390000677	银箭矢	Silver Arrow
12390000678	風靈箭矢	Arrow of Wind
12390000678	风灵箭矢	Arrow of Wind
12390000679	地灵箭矢	Stone Arrow
12390000679	地靈箭矢	Stone Arrow
12390000680	小喇叭	Small Horn
12390000681	小恶魔喇叭	Deviruchi Horn
12390000681	小惡魔喇叭	Deviruchi Horn
12390000682	疯兔喇叭	Lunatic Horn
12390000682	瘋兔喇叭	Lunatic Horn
12390000683	閃光氣球	Sparkling Balloon
12390000683	闪光气球	Sparkling Balloon
12390000684	可愛閃光氣球	Cute Sparkling Balloon
12390000684	可爱闪光气球	Cute Sparkling Balloon
12390000685	幸福閃光氣球	Happy Sparkling Balloon
12390000685	幸福闪光气球	Happy Sparkling Balloon
12390000686	仙女棒	Sparkler
12390000687	金色烟花	Golden Fireworks
12390000687	金色煙火	Golden Fireworks
12390000688	絢爛煙火	Dazzling Fireworks
12390000688	绚烂烟花	Dazzling Fireworks
12390000689	普通气球	Plain Balloon
12390000689	普通氣球	Plain Balloon
12390000690	加农炮	Arm Cannon
12390000690	加農砲	Arm Cannon
12390000691	飛鴉	Flying Raven
12390000691	飞鸦	Flying Raven
12390000692	高射炮	Anti-Aircraft Gun
12390000692	高射砲	Anti-Aircraft Gun
12390000693	火箭炮	Rocket Launcher
12390000693	火箭砲	Rocket Launcher
12390000694	鋼鐵機甲	Steel Madogear
12390000694	钢铁机甲	Steel Madogear
12390000695	秘銀機甲	Mithril Madogear
12390000695	秘银机甲	Mithril Madogear
12390000696	精金机甲	Adamantine Madogear
12390000696	精金機甲	Adamantine Madogear
12390000697	坦克	Tank
12390000698	大嘴鳥	Peco Peco
12390000698	大嘴鸟	Peco Peco
12390000699	机甲维修	Madogear Pilot Repair
12390000699	機甲維修	Madogear Pilot Repair
12390000700	波利加农炮	Poring Cannon
12390000700	波利加農砲	Poring Cannon
12390000701	神圣火箭炮	Holy Rocket Launcher
12390000701	神聖火箭砲	Holy Rocket Launcher
12390000702	閃電飛鴉	Lightning Raven
12390000702	闪电飞鸦	Lightning Raven
12390000703	神圣高射炮	Holy Flak Cannon
12390000703	神聖高射砲	Holy Flak Cannon
12390000704	黑暗高射炮	Dark Flak Cannon
12390000704	黑暗高射砲	Dark Flak Cannon
12390000705	哨站之匙	Outpost Key
12390000705	哨站之鑰	Outpost Key
12390000706	传送密钥	Teleport Key
12390000706	傳送密鑰	Teleport Key
12390000707	寻路蚁	Pathfinder Ant
12390000707	尋路蟻	Pathfinder Ant
12390000708	忽克连的证词	Hollgrehenn's Testimony
12390000708	忽克連的證詞	Hollgrehenn's Testimony
12390000709	妮塔的證詞	Nita's Testimony
12390000709	妮塔的证词	Nita's Testimony
12390000710	克里弗的證詞	Cleaver's Testimony
12390000710	克里弗的证词	Cleaver's Testimony
12390000711	高品質黏稠液體	High-Quality Sticky Mucus
12390000711	高品质粘稠液体	High-Quality Sticky Mucus
12390000712	虎王的皮	Eddga Hide
12390000713	呢喃花	Whispering Flower
12390000714	过期的大饼	Expired Flatbread
12390000714	過期的大餅	Expired Flatbread
12390000715	試煉證明	Proof of Trial
12390000715	试炼证明	Proof of Trial
12390000716	教授的笔记	Professor's Notes
12390000716	教授的筆記	Professor's Notes
12390000717	思念粒子储存器	Memory Particle Storage Unit
12390000717	思念粒子儲存器	Memory Particle Storage Unit
12390000718	树皮	Tree Bark
12390000718	樹皮	Tree Bark
12390000719	蛇胆	Snake Gallbladder
12390000719	蛇膽	Snake Gallbladder
12390000720	大蛇蛋	Giant Snake Egg
12390000721	主的鬃毛	Lord's Mane
12390000722	巨人卷軸ᆞ雙持－綠	Giant Scroll · Dual Wield - Green
12390000722	巨人卷轴·双持-绿	Giant Scroll · Dual Wield - Green
12390000723	鷹眼卷軸ᆞ雙持－綠	Eagle Eye Scroll · Dual Wield - Green
12390000723	鹰眼卷轴·双持-绿	Eagle Eye Scroll · Dual Wield - Green
12390000724	山峦卷轴·双持-绿	Mountain Scroll · Dual Wield - Green
12390000724	山巒卷軸ᆞ雙持－綠	Mountain Scroll · Dual Wield - Green
12390000725	伊米尔卷轴·双持-绿	Ymir Scroll · Dual Wield - Green
12390000725	伊米爾卷軸ᆞ雙持－綠	Ymir Scroll · Dual Wield - Green
12390000726	蜂鳥卷軸ᆞ雙持－綠	Hummingbird Scroll · Dual Wield - Green
12390000726	蜂鸟卷轴·双持-绿	Hummingbird Scroll · Dual Wield - Green
12390000727	命运卷轴·双持-绿	Destiny Scroll · Dual Wield - Green
12390000727	命運卷軸ᆞ雙持－綠	Destiny Scroll · Dual Wield - Green
12390000728	生命百分比·双持-绿	Life Percentage · Dual Wield - Green
12390000728	生命百分比ᆞ雙持－綠	Life Percentage · Dual Wield - Green
12390000729	巨人卷軸ᆞ雙持－藍	Giant Scroll · Dual Wield - Blue
12390000729	巨人卷轴·双持-蓝	Giant Scroll · Dual Wield - Blue
12390000730	鷹眼卷軸ᆞ雙持－藍	Eagle Eye Scroll · Dual Wield - Blue
12390000730	鹰眼卷轴·双持-蓝	Eagle Eye Scroll · Dual Wield - Blue
12390000731	山峦卷轴·双持-蓝	Mountain Scroll · Dual Wield - Blue
12390000731	山巒卷軸ᆞ雙持－藍	Mountain Scroll · Dual Wield - Blue
12390000732	伊米尔卷轴·双持-蓝	Ymir Scroll · Dual Wield - Blue
12390000732	伊米爾卷軸ᆞ雙持－藍	Ymir Scroll · Dual Wield - Blue
12390000733	蜂鳥卷軸ᆞ雙持－藍	Hummingbird Scroll · Dual Wield - Blue
12390000733	蜂鸟卷轴·双持-蓝	Hummingbird Scroll · Dual Wield - Blue
12390000734	命运卷轴·双持-蓝	Destiny Scroll · Dual Wield - Blue
12390000734	命運卷軸ᆞ雙持－藍	Destiny Scroll · Dual Wield - Blue
12390000735	生命百分比·双持-蓝	Life Percentage · Dual Wield - Blue
12390000735	生命百分比ᆞ雙持－藍	Life Percentage · Dual Wield - Blue
12390000736	巨人卷軸ᆞ雙持－紫	Giant Scroll·Dual-Wield-Purple
12390000736	巨人卷轴·双持-紫	Giant Scroll·Dual-Wield-Purple
12390000737	鷹眼卷軸ᆞ雙持－紫	Eagle Eye Scroll·Dual-Wield-Purple
12390000737	鹰眼卷轴·双持-紫	Eagle Eye Scroll·Dual-Wield-Purple
12390000738	山峦卷轴·双持-紫	Mountain Scroll·Dual-Wield-Purple
12390000738	山巒卷軸ᆞ雙持－紫	Mountain Scroll·Dual-Wield-Purple
12390000739	伊米尔卷轴·双持-紫	Ymir Scroll·Dual-Wield-Purple
12390000739	伊米爾卷軸ᆞ雙持－紫	Ymir Scroll·Dual-Wield-Purple
12390000740	蜂鳥卷軸ᆞ雙持－紫	Hummingbird Scroll·Dual-Wield-Purple
12390000740	蜂鸟卷轴·双持-紫	Hummingbird Scroll·Dual-Wield-Purple
12390000741	命运卷轴·双持-紫	Fate Scroll·Dual-Wield-Purple
12390000741	命運卷軸ᆞ雙持－紫	Fate Scroll·Dual-Wield-Purple
12390000742	生命百分比·双持-紫	Life Percentage·Dual-Wield-Purple
12390000742	生命百分比ᆞ雙持－紫	Life Percentage·Dual-Wield-Purple
12390000743	巨人卷軸ᆞ雙持－橙	Giant Scroll·Dual-Wield-Orange
12390000743	巨人卷轴·双持-橙	Giant Scroll·Dual-Wield-Orange
12390000744	鷹眼卷軸ᆞ雙持－橙	Eagle Eye Scroll·Dual-Wield-Orange
12390000744	鹰眼卷轴·双持-橙	Eagle Eye Scroll·Dual-Wield-Orange
12390000745	山峦卷轴·双持-橙	Mountain Scroll·Dual-Wield-Orange
12390000745	山巒卷軸ᆞ雙持－橙	Mountain Scroll·Dual-Wield-Orange
12390000746	伊米尔卷轴·双持-橙	Ymir Scroll·Dual-Wield-Orange
12390000746	伊米爾卷軸ᆞ雙持－橙	Ymir Scroll·Dual-Wield-Orange
12390000747	蜂鳥卷軸ᆞ雙持－橙	Hummingbird Scroll·Dual-Wield-Orange
12390000747	蜂鸟卷轴·双持-橙	Hummingbird Scroll·Dual-Wield-Orange
12390000748	命运卷轴·双持-橙	Fate Scroll·Dual-Wield-Orange
12390000748	命運卷軸ᆞ雙持－橙	Fate Scroll·Dual-Wield-Orange
12390000749	生命百分比·双持-橙	Life Percentage·Dual-Wield-Orange
12390000749	生命百分比ᆞ雙持－橙	Life Percentage·Dual-Wield-Orange
12390000750	緋紅破界卷軸ᆞ雙持－紅	Crimson Boundary-Breaking Scroll·Dual-Wield-Red
12390000750	绯红破界卷轴·双持-红	Crimson Boundary-Breaking Scroll·Dual-Wield-Red
12390000751	金黃破界卷軸ᆞ雙持－紅	Golden Boundary-Breaking Scroll·Dual-Wield-Red
12390000751	金黄破界卷轴·双持-红	Golden Boundary-Breaking Scroll·Dual-Wield-Red
12390000752	天蓝破界卷轴·双持-红	Azure Boundary-Breaking Scroll·Dual-Wield-Red
12390000752	天藍破界卷軸ᆞ雙持－紅	Azure Boundary-Breaking Scroll·Dual-Wield-Red
12390000753	翡綠破界卷軸ᆞ雙持－紅	Emerald Boundary-Breaking Scroll·Dual-Wield-Red
12390000753	翡绿破界卷轴·双持-红	Emerald Boundary-Breaking Scroll·Dual-Wield-Red
12390000754	巨人卷軸ᆞ單手－綠	Giant Scroll·One-Handed-Green
12390000754	巨人卷轴·单手-绿	Giant Scroll·One-Handed-Green
12390000755	鷹眼卷軸ᆞ單手－綠	Eagle Eye Scroll·One-Handed-Green
12390000755	鹰眼卷轴·单手-绿	Eagle Eye Scroll·One-Handed-Green
12390000756	山峦卷轴·单手-绿	Mountain Scroll·One-Handed-Green
12390000756	山巒卷軸ᆞ單手－綠	Mountain Scroll·One-Handed-Green
12390000757	伊米尔卷轴·单手-绿	Ymir Scroll·One-Handed-Green
12390000757	伊米爾卷軸ᆞ單手－綠	Ymir Scroll·One-Handed-Green
12390000758	蜂鳥卷軸ᆞ單手－綠	Hummingbird Scroll·One-Handed-Green
12390000758	蜂鸟卷轴·单手-绿	Hummingbird Scroll·One-Handed-Green
12390000759	命运卷轴·单手-绿	Fate Scroll·One-Handed-Green
12390000759	命運卷軸ᆞ單手－綠	Fate Scroll·One-Handed-Green
12390000760	巨人卷軸ᆞ單手－藍	Giant Scroll·One-Handed-Blue
12390000760	巨人卷轴·单手-蓝	Giant Scroll·One-Handed-Blue
12390000761	鷹眼卷軸ᆞ單手－藍	Eagle Eye Scroll·One-Handed-Blue
12390000761	鹰眼卷轴·单手-蓝	Eagle Eye Scroll·One-Handed-Blue
12390000762	山峦卷轴·单手-蓝	Mountain Scroll·One-Handed-Blue
12390000762	山巒卷軸ᆞ單手－藍	Mountain Scroll·One-Handed-Blue
12390000763	伊米尔卷轴·单手-蓝	Ymir Scroll·One-Handed-Blue
12390000763	伊米爾卷軸ᆞ單手－藍	Ymir Scroll·One-Handed-Blue
12390000764	蜂鳥卷軸ᆞ單手－藍	Hummingbird Scroll·One-Handed-Blue
12390000764	蜂鸟卷轴·单手-蓝	Hummingbird Scroll·One-Handed-Blue
12390000765	命运卷轴·单手-蓝	Fate Scroll·One-Handed-Blue
12390000765	命運卷軸ᆞ單手－藍	Fate Scroll·One-Handed-Blue
12390000766	巨人卷軸ᆞ單手－紫	Giant Scroll·One-Handed-Purple
12390000766	巨人卷轴·单手-紫	Giant Scroll·One-Handed-Purple
12390000767	鷹眼卷軸ᆞ單手－紫	Eagle Eye Scroll·One-Handed-Purple
12390000767	鹰眼卷轴·单手-紫	Eagle Eye Scroll·One-Handed-Purple
12390000768	山峦卷轴·单手-紫	Mountain Scroll·One-Handed-Purple
12390000768	山巒卷軸ᆞ單手－紫	Mountain Scroll·One-Handed-Purple
12390000769	伊米尔卷轴·单手-紫	Ymir Scroll·One-Handed-Purple
12390000769	伊米爾卷軸ᆞ單手－紫	Ymir Scroll·One-Handed-Purple
12390000770	蜂鳥卷軸ᆞ單手－紫	Hummingbird Scroll·One-Handed-Purple
12390000770	蜂鸟卷轴·单手-紫	Hummingbird Scroll·One-Handed-Purple
12390000771	命运卷轴·单手-紫	Fate Scroll·One-Handed-Purple
12390000771	命運卷軸ᆞ單手－紫	Fate Scroll·One-Handed-Purple
12390000772	巨人卷軸ᆞ單手－橙	Giant Scroll·One-Handed-Orange
12390000772	巨人卷轴·单手-橙	Giant Scroll·One-Handed-Orange
12390000773	鷹眼卷軸ᆞ單手－橙	Eagle Eye Scroll·One-Handed-Orange
12390000773	鹰眼卷轴·单手-橙	Eagle Eye Scroll·One-Handed-Orange
12390000774	山峦卷轴·单手-橙	Mountain Scroll·One-Handed-Orange
12390000774	山巒卷軸ᆞ單手－橙	Mountain Scroll·One-Handed-Orange
12390000775	伊米尔卷轴·单手-橙	Ymir Scroll·One-Handed-Orange
12390000775	伊米爾卷軸ᆞ單手－橙	Ymir Scroll·One-Handed-Orange
12390000776	蜂鳥卷軸ᆞ單手－橙	Hummingbird Scroll·One-Handed-Orange
12390000776	蜂鸟卷轴·单手-橙	Hummingbird Scroll·One-Handed-Orange
12390000777	命运卷轴·单手-橙	Fate Scroll·One-Handed-Orange
12390000777	命運卷軸ᆞ單手－橙	Fate Scroll·One-Handed-Orange
12390000778	緋紅破界卷軸ᆞ單手－紅	Crimson Boundary-Breaking Scroll·One-Handed-Red
12390000778	绯红破界卷轴·单手-红	Crimson Boundary-Breaking Scroll·One-Handed-Red
12390000779	金黃破界卷軸ᆞ單手－紅	Golden Boundary-Breaking Scroll·One-Handed-Red
12390000779	金黄破界卷轴·单手-红	Golden Boundary-Breaking Scroll·One-Handed-Red
12390000780	天蓝破界卷轴·单手-红	Azure Boundary-Breaking Scroll·One-Handed-Red
12390000780	天藍破界卷軸ᆞ單手－紅	Azure Boundary-Breaking Scroll·One-Handed-Red
12390000781	翡綠破界卷軸ᆞ單手－紅	Emerald Boundary-Breaking Scroll·One-Handed-Red
12390000781	翡绿破界卷轴·单手-红	Emerald Boundary-Breaking Scroll·One-Handed-Red
12390000782	巨人卷軸ᆞ副手－綠	Giant Scroll·Off-Hand-Green
12390000782	巨人卷轴·副手-绿	Giant Scroll·Off-Hand-Green
12390000783	鷹眼卷軸ᆞ副手－綠	Eagle Eye Scroll·Off-Hand-Green
12390000783	鹰眼卷轴·副手-绿	Eagle Eye Scroll·Off-Hand-Green
12390000784	山峦卷轴·副手-绿	Mountain Scroll·Off-Hand-Green
12390000784	山巒卷軸ᆞ副手－綠	Mountain Scroll·Off-Hand-Green
12390000785	伊米尔卷轴·副手-绿	Ymir Scroll·Off-Hand-Green
12390000785	伊米爾卷軸ᆞ副手－綠	Ymir Scroll·Off-Hand-Green
12390000786	蜂鳥卷軸ᆞ副手－綠	Hummingbird Scroll·Off-Hand-Green
12390000786	蜂鸟卷轴·副手-绿	Hummingbird Scroll·Off-Hand-Green
12390000787	命运卷轴·副手-绿	Fate Scroll·Off-Hand-Green
12390000787	命運卷軸ᆞ副手－綠	Fate Scroll·Off-Hand-Green
12390000788	生命百分比·副手-绿	Life Percentage·Off-Hand-Green
12390000788	生命百分比ᆞ副手－綠	Life Percentage·Off-Hand-Green
12390000789	巨人卷軸ᆞ副手－藍	Giant Scroll·Off-Hand-Blue
12390000789	巨人卷轴·副手-蓝	Giant Scroll·Off-Hand-Blue
12390000790	鷹眼卷軸ᆞ副手－藍	Eagle Eye Scroll·Off-Hand-Blue
12390000790	鹰眼卷轴·副手-蓝	Eagle Eye Scroll·Off-Hand-Blue
12390000791	山峦卷轴·副手-蓝	Mountain Scroll·Off-Hand-Blue
12390000791	山巒卷軸ᆞ副手－藍	Mountain Scroll·Off-Hand-Blue
12390000792	伊米尔卷轴·副手-蓝	Ymir Scroll·Off-Hand-Blue
12390000792	伊米爾卷軸ᆞ副手－藍	Ymir Scroll·Off-Hand-Blue
12390000793	蜂鳥卷軸ᆞ副手－藍	Hummingbird Scroll·Off-Hand-Blue
12390000793	蜂鸟卷轴·副手-蓝	Hummingbird Scroll·Off-Hand-Blue
12390000794	命运卷轴·副手-蓝	Fate Scroll·Off-Hand-Blue
12390000794	命運卷軸ᆞ副手－藍	Fate Scroll·Off-Hand-Blue
12390000795	生命百分比·副手-蓝	Life Percentage·Off-Hand-Blue
12390000795	生命百分比ᆞ副手－藍	Life Percentage·Off-Hand-Blue
12390000796	巨人卷軸ᆞ副手－紫	Giant Scroll·Off-Hand-Purple
12390000796	巨人卷轴·副手-紫	Giant Scroll·Off-Hand-Purple
12390000797	鷹眼卷軸ᆞ副手－紫	Hawkeye Scroll·Off-Hand-Purple
12390000797	鹰眼卷轴·副手-紫	Hawkeye Scroll·Off-Hand-Purple
12390000798	山峦卷轴·副手-紫	Mountain Scroll·Off-Hand-Purple
12390000798	山巒卷軸ᆞ副手－紫	Mountain Scroll·Off-Hand-Purple
12390000799	伊米尔卷轴·副手-紫	Ymir Scroll·Off-Hand-Purple
12390000799	伊米爾卷軸ᆞ副手－紫	Ymir Scroll·Off-Hand-Purple
12390000800	蜂鳥卷軸ᆞ副手－紫	Hummingbird Scroll·Off-Hand-Purple
12390000800	蜂鸟卷轴·副手-紫	Hummingbird Scroll·Off-Hand-Purple
12390000801	命运卷轴·副手-紫	Fate Scroll·Off-Hand-Purple
12390000801	命運卷軸ᆞ副手－紫	Fate Scroll·Off-Hand-Purple
12390000802	生命百分比·副手-紫	Life Percentage·Off-Hand-Purple
12390000802	生命百分比ᆞ副手－紫	Life Percentage·Off-Hand-Purple
12390000803	巨人卷軸ᆞ副手－橙	Giant Scroll·Off-Hand-Orange
12390000803	巨人卷轴·副手-橙	Giant Scroll·Off-Hand-Orange
12390000804	鷹眼卷軸ᆞ副手－橙	Hawkeye Scroll·Off-Hand-Orange
12390000804	鹰眼卷轴·副手-橙	Hawkeye Scroll·Off-Hand-Orange
12390000805	山峦卷轴·副手-橙	Mountain Scroll·Off-Hand-Orange
12390000805	山巒卷軸ᆞ副手－橙	Mountain Scroll·Off-Hand-Orange
12390000806	伊米尔卷轴·副手-橙	Ymir Scroll·Off-Hand-Orange
12390000806	伊米爾卷軸ᆞ副手－橙	Ymir Scroll·Off-Hand-Orange
12390000807	蜂鳥卷軸ᆞ副手－橙	Hummingbird Scroll·Off-Hand-Orange
12390000807	蜂鸟卷轴·副手-橙	Hummingbird Scroll·Off-Hand-Orange
12390000808	命运卷轴·副手-橙	Fate Scroll·Off-Hand-Orange
12390000808	命運卷軸ᆞ副手－橙	Fate Scroll·Off-Hand-Orange
12390000809	生命百分比·副手-橙	Life Percentage·Off-Hand-Orange
12390000809	生命百分比ᆞ副手－橙	Life Percentage·Off-Hand-Orange
12390000810	緋紅御界卷軸ᆞ副手－紅	Crimson Realmguard Scroll·Off-Hand-Red
12390000810	绯红御界卷轴·副手-红	Crimson Realmguard Scroll·Off-Hand-Red
12390000811	金黃御界卷軸ᆞ副手－紅	Golden Realmguard Scroll·Off-Hand-Red
12390000811	金黄御界卷轴·副手-红	Golden Realmguard Scroll·Off-Hand-Red
12390000812	天蓝御界卷轴·副手-红	Azure Realmguard Scroll·Off-Hand-Red
12390000812	天藍御界卷軸ᆞ副手－紅	Azure Realmguard Scroll·Off-Hand-Red
12390000813	翡綠御界卷軸ᆞ副手－紅	Emerald Realmguard Scroll·Off-Hand-Red
12390000813	翡绿御界卷轴·副手-红	Emerald Realmguard Scroll·Off-Hand-Red
12390000814	巨人卷軸ᆞ衣服－綠	Giant Scroll·Armor-Green
12390000814	巨人卷轴·衣服-绿	Giant Scroll·Armor-Green
12390000815	鷹眼卷軸ᆞ衣服－綠	Hawkeye Scroll·Armor-Green
12390000815	鹰眼卷轴·衣服-绿	Hawkeye Scroll·Armor-Green
12390000816	山峦卷轴·衣服-绿	Mountain Scroll·Armor-Green
12390000816	山巒卷軸ᆞ衣服－綠	Mountain Scroll·Armor-Green
12390000817	伊米尔卷轴·衣服-绿	Ymir Scroll·Armor-Green
12390000817	伊米爾卷軸ᆞ衣服－綠	Ymir Scroll·Armor-Green
12390000818	蜂鳥卷軸ᆞ衣服－綠	Hummingbird Scroll·Armor-Green
12390000818	蜂鸟卷轴·衣服-绿	Hummingbird Scroll·Armor-Green
12390000819	命运卷轴·衣服-绿	Fate Scroll·Armor-Green
12390000819	命運卷軸ᆞ衣服－綠	Fate Scroll·Armor-Green
12390000820	生命百分比·衣服-绿	Life Percentage·Armor-Green
12390000820	生命百分比ᆞ衣服－綠	Life Percentage·Armor-Green
12390000821	巨人卷軸ᆞ衣服－藍	Giant Scroll·Armor-Blue
12390000821	巨人卷轴·衣服-蓝	Giant Scroll·Armor-Blue
12390000822	鷹眼卷軸ᆞ衣服－藍	Hawkeye Scroll·Armor-Blue
12390000822	鹰眼卷轴·衣服-蓝	Hawkeye Scroll·Armor-Blue
12390000823	山峦卷轴·衣服-蓝	Mountain Scroll·Armor-Blue
12390000823	山巒卷軸ᆞ衣服－藍	Mountain Scroll·Armor-Blue
12390000824	伊米尔卷轴·衣服-蓝	Ymir Scroll·Armor-Blue
12390000824	伊米爾卷軸ᆞ衣服－藍	Ymir Scroll·Armor-Blue
12390000825	蜂鳥卷軸ᆞ衣服－藍	Hummingbird Scroll·Armor-Blue
12390000825	蜂鸟卷轴·衣服-蓝	Hummingbird Scroll·Armor-Blue
12390000826	命运卷轴·衣服-蓝	Fate Scroll·Armor-Blue
12390000826	命運卷軸ᆞ衣服－藍	Fate Scroll·Armor-Blue
12390000827	生命百分比·衣服-蓝	Life Percentage·Armor-Blue
12390000827	生命百分比ᆞ衣服－藍	Life Percentage·Armor-Blue
12390000828	巨人卷軸ᆞ衣服－紫	Giant Scroll·Armor-Purple
12390000828	巨人卷轴·衣服-紫	Giant Scroll·Armor-Purple
12390000829	鷹眼卷軸ᆞ衣服－紫	Hawkeye Scroll·Armor-Purple
12390000829	鹰眼卷轴·衣服-紫	Hawkeye Scroll·Armor-Purple
12390000830	山峦卷轴·衣服-紫	Mountain Scroll·Armor-Purple
12390000830	山巒卷軸ᆞ衣服－紫	Mountain Scroll·Armor-Purple
12390000831	伊米尔卷轴·衣服-紫	Ymir Scroll·Armor-Purple
12390000831	伊米爾卷軸ᆞ衣服－紫	Ymir Scroll·Armor-Purple
12390000832	蜂鳥卷軸ᆞ衣服－紫	Hummingbird Scroll·Armor-Purple
12390000832	蜂鸟卷轴·衣服-紫	Hummingbird Scroll·Armor-Purple
12390000833	命运卷轴·衣服-紫	Fate Scroll·Armor-Purple
12390000833	命運卷軸ᆞ衣服－紫	Fate Scroll·Armor-Purple
12390000834	生命百分比·衣服-紫	Life Percentage·Armor-Purple
12390000834	生命百分比ᆞ衣服－紫	Life Percentage·Armor-Purple
12390000835	巨人卷軸ᆞ衣服－橙	Giant Scroll·Armor-Orange
12390000835	巨人卷轴·衣服-橙	Giant Scroll·Armor-Orange
12390000836	鷹眼卷軸ᆞ衣服－橙	Hawkeye Scroll·Armor-Orange
12390000836	鹰眼卷轴·衣服-橙	Hawkeye Scroll·Armor-Orange
12390000837	山峦卷轴·衣服-橙	Mountain Scroll·Armor-Orange
12390000837	山巒卷軸ᆞ衣服－橙	Mountain Scroll·Armor-Orange
12390000838	伊米尔卷轴·衣服-橙	Ymir Scroll·Armor-Orange
12390000838	伊米爾卷軸ᆞ衣服－橙	Ymir Scroll·Armor-Orange
12390000839	蜂鳥卷軸ᆞ衣服－橙	Hummingbird Scroll·Armor-Orange
12390000839	蜂鸟卷轴·衣服-橙	Hummingbird Scroll·Armor-Orange
12390000840	命运卷轴·衣服-橙	Fate Scroll·Armor-Orange
12390000840	命運卷軸ᆞ衣服－橙	Fate Scroll·Armor-Orange
12390000841	生命百分比·衣服-橙	Life Percentage·Armor-Orange
12390000841	生命百分比ᆞ衣服－橙	Life Percentage·Armor-Orange
12390000842	緋紅御界卷軸ᆞ衣服－紅	Crimson Realmguard Scroll·Armor-Red
12390000842	绯红御界卷轴·衣服-红	Crimson Realmguard Scroll·Armor-Red
12390000843	金黃御界卷軸ᆞ衣服－紅	Golden Realmguard Scroll·Armor-Red
12390000843	金黄御界卷轴·衣服-红	Golden Realmguard Scroll·Armor-Red
12390000844	天蓝御界卷轴·衣服-红	Azure Realmguard Scroll·Armor-Red
12390000844	天藍御界卷軸ᆞ衣服－紅	Azure Realmguard Scroll·Armor-Red
12390000845	翡綠御界卷軸ᆞ衣服－紅	Emerald Realmguard Scroll·Armor-Red
12390000845	翡绿御界卷轴·衣服-红	Emerald Realmguard Scroll·Armor-Red
12390000846	橡木卷軸ᆞ披風－綠	Oak Scroll·Cloak-Green
12390000846	橡木卷轴·披风-绿	Oak Scroll·Cloak-Green
12390000847	壁垒卷轴·披风-绿	Bulwark Scroll·Cloak-Green
12390000847	壁壘卷軸ᆞ披風－綠	Bulwark Scroll·Cloak-Green
12390000848	御魔卷軸ᆞ披風－綠	Magic Ward Scroll·Cloak-Green
12390000848	御魔卷轴·披风-绿	Magic Ward Scroll·Cloak-Green
12390000849	生命百分比·披风-绿	Life Percentage·Cloak-Green
12390000849	生命百分比ᆞ披風－綠	Life Percentage·Cloak-Green
12390000850	橡木卷軸ᆞ披風－藍	Oak Scroll·Cloak-Blue
12390000850	橡木卷轴·披风-蓝	Oak Scroll·Cloak-Blue
12390000851	壁垒卷轴·披风-蓝	Bulwark Scroll·Cloak-Blue
12390000851	壁壘卷軸ᆞ披風－藍	Bulwark Scroll·Cloak-Blue
12390000852	御魔卷軸ᆞ披風－藍	Magic Ward Scroll·Cloak-Blue
12390000852	御魔卷轴·披风-蓝	Magic Ward Scroll·Cloak-Blue
12390000853	生命百分比·披风-蓝	Life Percentage·Cloak-Blue
12390000853	生命百分比ᆞ披風－藍	Life Percentage·Cloak-Blue
12390000854	橡木卷軸ᆞ披風－紫	Oak Scroll·Cloak-Purple
12390000854	橡木卷轴·披风-紫	Oak Scroll·Cloak-Purple
12390000855	壁垒卷轴·披风-紫	Bulwark Scroll·Cloak-Purple
12390000855	壁壘卷軸ᆞ披風－紫	Bulwark Scroll·Cloak-Purple
12390000856	御魔卷軸ᆞ披風－紫	Magic Ward Scroll · Cloak-Purple
12390000856	御魔卷轴·披风-紫	Magic Ward Scroll · Cloak-Purple
12390000857	生命百分比·披风-紫	Life Percentage · Cloak-Purple
12390000857	生命百分比ᆞ披風－紫	Life Percentage · Cloak-Purple
12390000858	橡木卷軸ᆞ披風－橙	Oak Scroll · Cloak-Orange
12390000858	橡木卷轴·披风-橙	Oak Scroll · Cloak-Orange
12390000859	壁垒卷轴·披风-橙	Bulwark Scroll · Cloak-Orange
12390000859	壁壘卷軸ᆞ披風－橙	Bulwark Scroll · Cloak-Orange
12390000860	御魔卷軸ᆞ披風－橙	Magic Ward Scroll · Cloak-Orange
12390000860	御魔卷轴·披风-橙	Magic Ward Scroll · Cloak-Orange
12390000861	生命百分比·披风-橙	Life Percentage · Cloak-Orange
12390000861	生命百分比ᆞ披風－橙	Life Percentage · Cloak-Orange
12390000862	緋紅御界卷軸ᆞ披風－紅	Crimson Realm Ward Scroll · Cloak-Red
12390000862	绯红御界卷轴·披风-红	Crimson Realm Ward Scroll · Cloak-Red
12390000863	金黃御界卷軸ᆞ披風－紅	Golden Realm Ward Scroll · Cloak-Red
12390000863	金黄御界卷轴·披风-红	Golden Realm Ward Scroll · Cloak-Red
12390000864	天蓝御界卷轴·披风-红	Azure Realm Ward Scroll · Cloak-Red
12390000864	天藍御界卷軸ᆞ披風－紅	Azure Realm Ward Scroll · Cloak-Red
12390000865	翡綠御界卷軸ᆞ披風－紅	Emerald Realm Ward Scroll · Cloak-Red
12390000865	翡绿御界卷轴·披风-红	Emerald Realm Ward Scroll · Cloak-Red
12390000866	橡木卷軸ᆞ鞋子－綠	Oak Scroll · Shoes-Green
12390000866	橡木卷轴·鞋子-绿	Oak Scroll · Shoes-Green
12390000867	壁垒卷轴·鞋子-绿	Bulwark Scroll · Shoes-Green
12390000867	壁壘卷軸ᆞ鞋子－綠	Bulwark Scroll · Shoes-Green
12390000868	御魔卷軸ᆞ鞋子－綠	Magic Ward Scroll · Shoes-Green
12390000868	御魔卷轴·鞋子-绿	Magic Ward Scroll · Shoes-Green
12390000869	生命百分比·鞋子-绿	Life Percentage · Shoes-Green
12390000869	生命百分比ᆞ鞋子－綠	Life Percentage · Shoes-Green
12390000870	橡木卷軸ᆞ鞋子－藍	Oak Scroll · Shoes-Blue
12390000870	橡木卷轴·鞋子-蓝	Oak Scroll · Shoes-Blue
12390000871	壁垒卷轴·鞋子-蓝	Bulwark Scroll · Shoes-Blue
12390000871	壁壘卷軸ᆞ鞋子－藍	Bulwark Scroll · Shoes-Blue
12390000872	御魔卷軸ᆞ鞋子－藍	Magic Ward Scroll · Shoes-Blue
12390000872	御魔卷轴·鞋子-蓝	Magic Ward Scroll · Shoes-Blue
12390000873	生命百分比·鞋子-蓝	Life Percentage · Shoes-Blue
12390000873	生命百分比ᆞ鞋子－藍	Life Percentage · Shoes-Blue
12390000874	橡木卷軸ᆞ鞋子－紫	Oak Scroll · Shoes-Purple
12390000874	橡木卷轴·鞋子-紫	Oak Scroll · Shoes-Purple
12390000875	壁垒卷轴·鞋子-紫	Bulwark Scroll · Shoes-Purple
12390000875	壁壘卷軸ᆞ鞋子－紫	Bulwark Scroll · Shoes-Purple
12390000876	御魔卷軸ᆞ鞋子－紫	Magic Ward Scroll · Shoes-Purple
12390000876	御魔卷轴·鞋子-紫	Magic Ward Scroll · Shoes-Purple
12390000877	生命百分比·鞋子-紫	Life Percentage · Shoes-Purple
12390000877	生命百分比ᆞ鞋子－紫	Life Percentage · Shoes-Purple
12390000878	橡木卷軸ᆞ鞋子－橙	Oak Scroll · Shoes-Orange
12390000878	橡木卷轴·鞋子-橙	Oak Scroll · Shoes-Orange
12390000879	壁垒卷轴·鞋子-橙	Bulwark Scroll · Shoes-Orange
12390000879	壁壘卷軸ᆞ鞋子－橙	Bulwark Scroll · Shoes-Orange
12390000880	御魔卷軸ᆞ鞋子－橙	Magic Ward Scroll · Shoes-Orange
12390000880	御魔卷轴·鞋子-橙	Magic Ward Scroll · Shoes-Orange
12390000881	生命百分比·鞋子-橙	Life Percentage · Shoes-Orange
12390000881	生命百分比ᆞ鞋子－橙	Life Percentage · Shoes-Orange
12390000882	緋紅御界卷軸ᆞ鞋子－紅	Crimson Realm Ward Scroll · Shoes-Red
12390000882	绯红御界卷轴·鞋子-红	Crimson Realm Ward Scroll · Shoes-Red
12390000883	金黃御界卷軸ᆞ鞋子－紅	Golden Realm Ward Scroll · Shoes-Red
12390000883	金黄御界卷轴·鞋子-红	Golden Realm Ward Scroll · Shoes-Red
12390000884	天蓝御界卷轴·鞋子-红	Azure Realm Ward Scroll · Shoes-Red
12390000884	天藍御界卷軸ᆞ鞋子－紅	Azure Realm Ward Scroll · Shoes-Red
12390000885	翡綠御界卷軸ᆞ鞋子－紅	Emerald Realm Ward Scroll · Shoes-Red
12390000885	翡绿御界卷轴·鞋子-红	Emerald Realm Ward Scroll · Shoes-Red
12390000886	橡木卷軸ᆞ飾品－綠	Oak Scroll · Accessory-Green
12390000886	橡木卷轴·饰品-绿	Oak Scroll · Accessory-Green
12390000887	战神卷轴·饰品-绿	God of War Scroll · Accessory-Green
12390000887	戰神卷軸ᆞ飾品－綠	God of War Scroll · Accessory-Green
12390000888	秘法卷軸ᆞ飾品－綠	Arcane Scroll · Accessory-Green
12390000888	秘法卷轴·饰品-绿	Arcane Scroll · Accessory-Green
12390000889	破城卷軸ᆞ飾品－綠	Siegebreaker Scroll · Accessory-Green
12390000889	破城卷轴·饰品-绿	Siegebreaker Scroll · Accessory-Green
12390000890	破魔卷軸ᆞ飾品－綠	Magic Breaker Scroll · Accessory-Green
12390000890	破魔卷轴·饰品-绿	Magic Breaker Scroll · Accessory-Green
12390000891	生命百分比·饰品-绿	Life Percentage · Accessory-Green
12390000891	生命百分比ᆞ飾品－綠	Life Percentage · Accessory-Green
12390000892	橡木卷軸ᆞ飾品－藍	Oak Scroll · Accessory-Blue
12390000892	橡木卷轴·饰品-蓝	Oak Scroll · Accessory-Blue
12390000893	战神卷轴·饰品-蓝	God of War Scroll · Accessory-Blue
12390000893	戰神卷軸ᆞ飾品－藍	God of War Scroll · Accessory-Blue
12390000894	秘法卷軸ᆞ飾品－藍	Arcane Scroll · Accessory-Blue
12390000894	秘法卷轴·饰品-蓝	Arcane Scroll · Accessory-Blue
12390000895	破城卷軸ᆞ飾品－藍	Siegebreaker Scroll · Accessory-Blue
12390000895	破城卷轴·饰品-蓝	Siegebreaker Scroll · Accessory-Blue
12390000896	破魔卷軸ᆞ飾品－藍	Magic Breaker Scroll · Accessory-Blue
12390000896	破魔卷轴·饰品-蓝	Magic Breaker Scroll · Accessory-Blue
12390000897	生命百分比·饰品-蓝	Life Percentage · Accessory-Blue
12390000897	生命百分比ᆞ飾品－藍	Life Percentage · Accessory-Blue
12390000898	橡木卷軸ᆞ飾品－紫	Oak Scroll · Accessory-Purple
12390000898	橡木卷轴·饰品-紫	Oak Scroll · Accessory-Purple
12390000899	战神卷轴·饰品-紫	God of War Scroll · Accessory-Purple
12390000899	戰神卷軸ᆞ飾品－紫	God of War Scroll · Accessory-Purple
12390000900	秘法卷軸ᆞ飾品－紫	Arcane Scroll · Accessory-Purple
12390000900	秘法卷轴·饰品-紫	Arcane Scroll · Accessory-Purple
12390000901	破城卷軸ᆞ飾品－紫	Siegebreaker Scroll · Accessory-Purple
12390000901	破城卷轴·饰品-紫	Siegebreaker Scroll · Accessory-Purple
12390000902	破魔卷軸ᆞ飾品－紫	Magic Breaker Scroll · Accessory-Purple
12390000902	破魔卷轴·饰品-紫	Magic Breaker Scroll · Accessory-Purple
12390000903	生命百分比·饰品-紫	Life Percentage · Accessory-Purple
12390000903	生命百分比ᆞ飾品－紫	Life Percentage · Accessory-Purple
12390000904	橡木卷軸ᆞ飾品－橙	Oak Scroll · Accessory-Orange
12390000904	橡木卷轴·饰品-橙	Oak Scroll · Accessory-Orange
12390000905	战神卷轴·饰品-橙	God of War Scroll · Accessory-Orange
12390000905	戰神卷軸ᆞ飾品－橙	God of War Scroll · Accessory-Orange
12390000906	秘法卷軸ᆞ飾品－橙	Arcane Scroll · Accessory-Orange
12390000906	秘法卷轴·饰品-橙	Arcane Scroll · Accessory-Orange
12390000907	破城卷軸ᆞ飾品－橙	Siegebreaker Scroll · Accessory-Orange
12390000907	破城卷轴·饰品-橙	Siegebreaker Scroll · Accessory-Orange
12390000908	破魔卷軸ᆞ飾品－橙	Magic Breaker Scroll · Accessory-Orange
12390000908	破魔卷轴·饰品-橙	Magic Breaker Scroll · Accessory-Orange
12390000909	生命百分比·饰品-橙	Life Percentage · Accessory-Orange
12390000909	生命百分比ᆞ飾品－橙	Life Percentage · Accessory-Orange
12390000910	緋紅破界卷軸ᆞ飾品－紅	Crimson Realm Breaker Scroll · Accessory-Red
12390000910	绯红破界卷轴·饰品-红	Crimson Realm Breaker Scroll · Accessory-Red
12390000911	金黃破界卷軸ᆞ飾品－紅	Golden Realm Breaker Scroll · Accessory-Red
12390000911	金黄破界卷轴·饰品-红	Golden Realm Breaker Scroll · Accessory-Red
12390000912	天蓝破界卷轴·饰品-红	Azure Realm Breaker Scroll · Accessory-Red
12390000912	天藍破界卷軸ᆞ飾品－紅	Azure Realm Breaker Scroll · Accessory-Red
12390000913	翡綠破界卷軸ᆞ飾品－紅	Emerald Realm Breaker Scroll · Accessory-Red
12390000913	翡绿破界卷轴·饰品-红	Emerald Realm Breaker Scroll · Accessory-Red
12390000914	通行證贈禮	Pass Gift
12390000914	通行证赠礼	Pass Gift
12390000915	冒险币	Adventure Coins
12390000915	冒險幣	Adventure Coins
12390000916	痛之結晶	Crystal of Pain
12390000916	痛之结晶	Crystal of Pain
12390000917	悅之結晶	Crystal of Joy
12390000917	悦之结晶	Crystal of Joy
12390000918	惑之結晶	Crystal of Confusion
12390000918	惑之结晶	Crystal of Confusion
12390000919	憾之結晶	Crystal of Regret
12390000919	憾之结晶	Crystal of Regret
12390000920	誓之結晶	Crystal of Oaths
12390000920	誓之结晶	Crystal of Oaths
12390000921	未來之匣	Box of the Future
12390000921	未来之匣	Box of the Future
12390000922	普通寶藏圖	Standard Treasure Map
12390000922	普通藏宝图	Standard Treasure Map
12390000923	珍奇藏宝图	Rare Treasure Map
12390000923	珍奇藏寶圖	Rare Treasure Map
12390000924	宝图碎片（预兆）	Treasure Map Fragment (Omen)
12390000924	藏寶圖碎片（預兆）	Treasure Map Fragment (Omen)
12390000925	宝图碎片（指引）	Treasure Map Fragment (Guidance)
12390000925	藏寶圖碎片（指引）	Treasure Map Fragment (Guidance)
12390000926	宝图碎片（归宿）	Treasure Map Fragment (Destination)
12390000926	藏寶圖碎片（歸宿）	Treasure Map Fragment (Destination)
12390000927	宝藏线索：末路秘藏	Treasure Clue: Dead End Cache
12390000927	寶藏線索：末路秘藏	Treasure Clue: Dead End Cache
12390000928	宝藏线索：修士赠礼	Treasure Clue: Monk's Gift
12390000928	寶物線索：修士贈禮	Treasure Clue: Monk's Gift
12390000929	宝藏线索：庭院秘藏	Treasure Clue: Courtyard Cache
12390000930	宝藏线索：书架遗物	Treasure Clue: Bookshelf Relic
12390000930	寶藏線索：書架遺物	Treasure Clue: Bookshelf Relic
12390000931	宝藏线索：银甲暗影	Treasure Clue: Silver-Clad Shadow
12390000931	寶藏線索：銀甲暗影	Treasure Clue: Silver-Clad Shadow
12390000932	宝藏线索：营地余烬	Treasure Clue: Camp Embers
12390000932	寶物線索：營地餘燼	Treasure Clue: Camp Embers
12390000933	宝藏线索：桥心秘藏	Treasure Clue: Bridge Center Cache
12390000934	宝藏线索：蝶栖之约	Treasure Clue: Butterfly's Promise
12390000934	寶藏線索：橋心秘藏	Treasure Clue: Butterfly's Promise
12390000935	宝藏线索：匠心遗藏	Treasure Clue: Artisan's Legacy
12390000935	寶藏線索：匠心遺藏	Treasure Clue: Artisan's Legacy
12390000936	宝藏线索：商贾的暗格	Treasure Clue: Merchant's Secret Compartment
12390000936	寶藏線索：商賈的暗格	Treasure Clue: Merchant's Secret Compartment
12390000937	宝藏线索：未赴之约	Treasure Clue: Unfulfilled Promise
12390000937	寶藏線索：未赴之約	Treasure Clue: Unfulfilled Promise
12390000938	宝藏线索：石像暗格	Treasure Clue: Statue's Secret Compartment
12390000938	寶藏線索：石像暗格	Treasure Clue: Statue's Secret Compartment
12390000939	宝藏线索：桥缝藏珍	Treasure Clue: Treasure Hidden in the Bridge's Cracks
12390000939	寶藏線索：橋縫藏珍	Treasure Clue: Treasure Hidden in the Bridge's Cracks
12390000940	宝藏线索：木桩旧契	Treasure Clue: Dummy's Old Contract
12390000940	寶物線索：木樁舊契	Treasure Clue: Dummy's Old Contract
12390000941	宝藏线索：墙根秘藏	Treasure Clue: Cache by the Wall
12390000941	寶藏線索：牆根秘藏	Treasure Clue: Cache by the Wall
12390000942	音符·Do	Note · Do
12390000942	音符ᆞDo	Note · Do
12390000943	音符·Re	Note · Re
12390000943	音符ᆞRe	Note · Re
12390000944	音符·Mi	Note · Mi
12390000944	音符ᆞMi	Note · Mi
12390000945	音符·Fa	Note · Fa
12390000945	音符ᆞFa	Note · Fa
12390000946	音符·So	Note · So
12390000946	音符ᆞSo	Note · So
12390000947	音符·La	Note · La
12390000947	音符ᆞLa	Note · La
12390000948	音符·Ti	Note · Ti
12390000948	音符ᆞSi	Note · Ti
12390000949	旋律海螺	Melody Conch
12390000950	南門重聚邀請函	South Gate Reunion Invitation
12390000950	南门重聚邀请函	South Gate Reunion Invitation
12390000951	神之金属	Oridecon
12390000951	神之金屬	Oridecon
12390000952	浓缩神之金属	Enriched Oridecon
12390000952	濃縮神之金屬	Enriched Oridecon
12390000953	鋁	Elunium
12390000953	铝	Elunium
12390000954	浓缩铝	Enriched Elunium
12390000954	濃縮鋁	Enriched Elunium
12390000955	高浓缩神之金属	High-Density Enriched Oridecon
12390000955	高濃縮神之金屬	High-Density Enriched Oridecon
12390000956	高浓缩铝	High-Density Enriched Elunium
12390000956	高濃縮鋁	High-Density Enriched Elunium
12390000957	受祝福的武器礦石	Blessed Weapon Ore
12390000957	武器受祝福的矿石	Blessed Weapon Ore
12390000958	传说的武器矿石	Legendary Weapon Ore
12390000958	傳說的武器礦石	Legendary Weapon Ore
12390000959	受祝福的防具礦石	Blessed Armor Ore
12390000959	防具受祝福的矿石	Blessed Armor Ore
12390000960	传说的防具矿石	Legendary Armor Ore
12390000960	傳說的防具礦石	Legendary Armor Ore
12390000961	配飾受祝福的礦石	Blessed Accessory Ore
12390000961	配饰受祝福的矿石	Blessed Accessory Ore
12390000962	传说的配饰矿石	Legendary Accessory Gem
12390000962	傳說的配飾礦石	Legendary Accessory Gem
12390000963	一級星鑽石	Star Diamond I
12390000963	一级星钻石	Star Diamond I
12390000964	二級星鑽石	Star Diamond II
12390000964	二级星钻石	Star Diamond II
12390000965	三級星鑽石	Star Diamond III
12390000965	三级星钻石	Star Diamond III
12390000966	四級星鑽石	Star Diamond IV
12390000966	四级星钻石	Star Diamond IV
12390000967	五級星鑽石	Star Diamond V
12390000967	五级星钻石	Star Diamond V
12390000968	六級星鑽石	Star Diamond VI
12390000968	六级星钻石	Star Diamond VI
12390000969	七級星鑽石	Star Diamond VII
12390000969	七级星钻石	Star Diamond VII
12390000970	八級星鑽石	Star Diamond VIII
12390000970	八级星钻石	Star Diamond VIII
12390000971	九級星鑽石	Star Diamond IX
12390000971	九级星钻石	Star Diamond IX
12390000972	一级星光丝	Starlight Silk I
12390000972	一级星光絲	Starlight Silk I
12390000973	二級星光絲	Starlight Silk II
12390000973	二级星光丝	Starlight Silk II
12390000974	三級星光絲	Starlight Silk III
12390000974	三级星光丝	Starlight Silk III
12390000975	四級星光絲	Starlight Silk IV
12390000975	四级星光丝	Starlight Silk IV
12390000976	五級星光絲	Starlight Silk V
12390000976	五级星光丝	Starlight Silk V
12390000977	六級星光絲	Starlight Silk VI
12390000977	六级星光丝	Starlight Silk VI
12390000978	七級星光絲	Starlight Silk VII
12390000978	七级星光丝	Starlight Silk VII
12390000979	八級星光絲	Starlight Silk VIII
12390000979	八级星光丝	Starlight Silk VIII
12390000980	九級星光絲	Starlight Silk IX
12390000980	九级星光丝	Starlight Silk IX
12390000981	素質輪迴石（暫無功能）	Stat Reset Stone (No Function Yet)
12390000981	素质轮回石（暂无功能）	Stat Reset Stone (No Function Yet)
12390000982	技能重置棒（暂无功能）	Skill Reset Rod (No Function Yet)
12390000982	技能重置棒（暫無功能）	Skill Reset Rod (No Function Yet)
12390000983	背包扩建券（暂无功能）	Backpack Expansion Voucher (No Function Yet)
12390000983	背包擴建券（暫無功能）	Backpack Expansion Voucher (No Function Yet)
12390000984	仓库扩建券（暂无功能）	Storage Expansion Voucher (No Function Yet)
12390000984	倉庫擴建券（暫無功能）	Storage Expansion Voucher (No Function Yet)
12390000985	蓝绿卡片碎片	Blue-Green Card Fragment
12390000985	藍綠卡片碎片	Blue-Green Card Fragment
12390000986	紫色卡片碎片	Epic Card Fragment
12390000987	橙色卡片碎片	Orange Cards Fragment
12390000988	紅色卡片碎片	Red Card Fragment
12390000988	红色卡片碎片	Red Card Fragment
12390000989	金刚石	Diamond
12390000989	金剛石	Diamond
12390000990	高級金剛石	Advanced Diamond
12390000990	高级金刚石	Advanced Diamond
12390000991	低级打造图腾	Basic Forging Totem
12390000991	低階打造圖騰	Basic Forging Totem
12390000992	中級打造圖騰	Intermediate Forging Totem
12390000992	中级打造图腾	Intermediate Forging Totem
12390000993	高級打造圖騰	Advanced Forging Totem
12390000993	高级打造图腾	Advanced Forging Totem
12390000994	装备晶石	Equipment Crystal
12390000994	裝備晶石	Equipment Crystal
12390000995	@{1}級裝備晶石	Lv. @{1} Equipment Crystal
12390000995	@{1}级装备晶石	Lv. @{1} Equipment Crystal
12390000996	精魔矿石	Arcane Ore
12390000996	精魔礦石	Arcane Ore
12390000997	銳利鱗片	Sharp Scale
12390000997	锐利鳞片	Sharp Scale
12390000998	幻影碎片	Phantom Fragment
12390000999	热可可	Hot Cocoa
12390000999	熱可可	Hot Cocoa
12390001000	姜面包	Gingerbread
12390001000	薑麵包	Gingerbread
12390001001	精酿	Craft Brew
12390001001	精釀	Craft Brew
12390001002	幽冥-破碎之塔	Netherworld - Shattered Tower
12390001002	幽冥ᆞ破碎之塔	Netherworld - Shattered Tower
12390001003	棱形星核-灰	Prism Star Core - Gray
12390001004	棱形星核-蓝	Prism Star Core - Blue
12390001004	棱形星核-藍	Prism Star Core - Blue
12390001005	棱形星核-綠	Prism Star Core - Green
12390001005	棱形星核-绿	Prism Star Core - Green
12390001006	棱形星核-紫	Prism Star Core - Purple
12390001007	棱形星核-橙	Prism Star Core - Orange
12390001008	棱形星核-紅	Prism Star Core - Red
12390001008	棱形星核-红	Prism Star Core - Red
12390001009	太阳星核-灰	Solar Star Core - Gray
12390001009	太陽星核-灰	Solar Star Core - Gray
12390001010	太阳星核-蓝	Sun Star Core - Blue
12390001010	太陽星核-藍	Sun Star Core - Blue
12390001011	太阳星核-绿	Sun Star Core - Green
12390001011	太陽星核-綠	Sun Star Core - Green
12390001012	太阳星核-紫	Sun Star Core - Purple
12390001012	太陽星核-紫	Sun Star Core - Purple
12390001013	太阳星核-橙	Sun Star Core - Orange
12390001013	太陽星核-橙	Sun Star Core - Orange
12390001014	太阳星核-红	Sun Star Core - Red
12390001014	太陽星核-紅	Sun Star Core - Red
12390001015	月亮星核-灰	Moon Star Core - Gray
12390001016	月亮星核-蓝	Moon Star Core - Blue
12390001016	月亮星核-藍	Moon Star Core - Blue
12390001017	月亮星核-綠	Moon Star Core - Green
12390001017	月亮星核-绿	Moon Star Core - Green
12390001018	月亮星核-紫	Moon Star Core - Purple
12390001019	月亮星核-橙	Moon Star Core - Orange
12390001020	月亮星核-紅	Moon Star Core - Red
12390001020	月亮星核-红	Moon Star Core - Red
12390001021	水滴星核-灰	Waterdrop Star Core - Gray
12390001022	水滴星核-蓝	Waterdrop Star Core - Blue
12390001022	水滴星核-藍	Waterdrop Star Core - Blue
12390001023	水滴星核-綠	Waterdrop Star Core - Green
12390001023	水滴星核-绿	Waterdrop Star Core - Green
12390001024	水滴星核-紫	Waterdrop Star Core - Purple
12390001025	水滴星核-橙	Waterdrop Star Core - Orange
12390001026	水滴星核-紅	Waterdrop Star Core - Red
12390001026	水滴星核-红	Waterdrop Star Core - Red
12390001027	十字星核-灰	Cross Star Core - Gray
12390001028	十字星核-蓝	Cross Star Core - Blue
12390001028	十字星核-藍	Cross Star Core - Blue
12390001029	十字星核-綠	Cross Star Core - Green
12390001029	十字星核-绿	Cross Star Core - Green
12390001030	十字星核-紫	Cross Star Core - Purple
12390001031	十字星核-橙	Cross Star Core - Orange
12390001032	十字星核-紅	Cross Star Core - Red
12390001032	十字星核-红	Cross Star Core - Red
12390001033	普通助燃剂	Basic Ignition Agent
12390001033	普通助燃劑	Basic Ignition Agent
12390001034	中級助燃劑	Intermediate Ignition Agent
12390001034	中级助燃剂	Intermediate Ignition Agent
12390001035	高級助燃劑	Advanced Ignition Agent
12390001035	高级助燃剂	Advanced Ignition Agent
12390001036	原初幻化手冊	Primordial Transmutation Manual
12390001036	原初幻化手册	Primordial Transmutation Manual
12390001037	公会图案-自然之神	Guild Design - God of Nature
12390001037	公會圖案－自然之神	Guild Design - God of Nature
12390001038	公会图案-原初混沌	Guild Design - Primordial Chaos
12390001038	公會圖案－原初混沌	Guild Design - Primordial Chaos
12390001039	公会图案-万城归序	Guild Design - All Cities in Order
12390001039	公會圖案－萬城歸序	Guild Design - All Cities in Order
12390001040	12390001040	Guild Emblem - Shield
12390001040	公会徽章-盾牌（占位-无需翻译）	Guild Emblem - Shield
12390001041	12390001041	Guild Emblem - Castle
12390001041	公会徽章-城堡（占位-无需翻译）	Guild Emblem - Castle
12390001042	12390001042	Guild Emblem - Small Flower
12390001042	公会徽章-小花（占位-无需翻译）	Guild Emblem - Small Flower
12390001043	狩猎之证·巡守者	Proof of the Hunt · Warden
12390001043	狩獵之證ᆞ巡守者	Proof of the Hunt · Warden
12390001044	狩猎之证·追索者	Proof of the Hunt · Pursuer
12390001044	狩獵之證ᆞ追索者	Proof of the Hunt · Pursuer
12390001045	狩猎之证·征服者	Proof of the Hunt · Conqueror
12390001045	狩獵之證ᆞ征服者	Proof of the Hunt · Conqueror
12390001046	狩猎之证·处决者	Proof of the Hunt · Executioner
12390001046	狩獵之證ᆞ處決者	Proof of the Hunt · Executioner
12390001047	公会徽章-霜穹环	Guild Emblem - Frostsky Ring
12390001047	公會徽章－霜穹環	Guild Emblem - Frostsky Ring
12390001048	公会徽章-暗晶环	Guild Emblem - Dark Crystal Ring
12390001048	公會徽章－暗晶環	Guild Emblem - Dark Crystal Ring
12390001049	公会徽章-星冕环	Guild Emblem - Starcrown Ring
12390001049	公會徽章－星冕環	Guild Emblem - Starcrown Ring
12390001050	狩猎徽记·巡守者	Hunting Emblem · Warden
12390001050	狩獵徽記ᆞ巡守者	Hunting Emblem · Warden
12390001051	狩猎徽记·追索者	Hunting Emblem · Pursuer
12390001051	狩獵徽記ᆞ追索者	Hunting Emblem · Pursuer
12390001052	狩猎徽记·征服者	Hunting Emblem · Conqueror
12390001052	狩獵徽記ᆞ征服者	Hunting Emblem · Conqueror
12390001053	狩猎徽记·处决者	Hunting Emblem · Executioner
12390001053	狩獵徽記ᆞ處決者	Hunting Emblem · Executioner
12390001054	公会全员礼包初级	Basic All-Member Guild Gift Pack
12390001054	公會全員禮包初級	Basic All-Member Guild Gift Pack
12390001055	公会全员礼包中级	Intermediate All-Member Guild Gift Pack
12390001055	公會全員禮包中級	Intermediate All-Member Guild Gift Pack
12390001056	公会全员礼包高级	Advanced All-Member Guild Gift Pack
12390001056	公會全員禮包高級	Advanced All-Member Guild Gift Pack
12390001057	通用表情解鎖	Universal Emotes Unlock
12390001057	通用表情解锁	Universal Emotes Unlock
12390001058	通用表情解鎖（限時）	Universal Emotes Unlock (Limited-Time)
12390001058	通用表情解锁（限时）	Universal Emotes Unlock (Limited-Time)
12390001059	恶魔波利表情包	Deviling Emoji
12390001059	惡魔波利表情包	Deviling Emoji
12390001060	摩卡表情包	Muka Emotes Pack
12390001060	摩卡貼圖	Muka Emotes Pack
12390001061	坚硬外壳	Solid Shell
12390001061	堅硬外殼	Solid Shell
12390001063	动物外皮	Animal Skin
12390001063	動物外皮	Animal Skin
12390001064	牛奶	Milk
12390001065	鳥嘴	Bill of Birds
12390001065	鸟嘴	Bill of Birds
12390001066	霉菌粉末	Mold Powder
12390001066	黴菌粉末	Mold Powder
12390001067	柔軟的毛	Soft Fur
12390001067	柔软的毛	Soft Fur
12390001068	枯木汁	Decayed Tree Sap
12390001069	植物梗	Stem
12390001070	空瓶	Empty Bottle
12390001071	傑勒比結晶	Jellopy
12390001071	杰勒比结晶	Jellopy
12390001072	狐狸尾巴	Fox Tail
12390001073	三叶幸运草	Three-Leaf Clover
12390001073	三葉幸運草	Three-Leaf Clover
12390001074	虎掌	Tiger's Footskin
12390001075	愛麗絲的圍裙	Alice's Apron
12390001075	爱丽丝的围裙	Alice's Apron
12390001076	鋼鐵	Steel
12390001076	钢铁	Steel
12390001077	小恶魔角	Little Deviruchi Horn
12390001077	小惡魔角	Little Deviruchi Horn
12390001078	单细胞	Single Cell
12390001078	單細胞	Single Cell
12390001079	妖精胡须	Fairy's Whiskers
12390001079	妖精鬍鬚	Fairy's Whiskers
12390001080	幻想花	Illusion Flower
12390001081	刹勒空结晶	Cyfar
12390001082	黃金	Gold
12390001082	黄金	Gold
12390001083	龍鱗	Dragon Scale
12390001083	龙鳞	Dragon Scale
12390001084	人魚之心	Heart of Obeaune
12390001084	人鱼之心	Heart of Obeaune
12390001085	銀色毛皮	Silver Fur
12390001085	银色毛皮	Silver Fur
12390001086	玛哪树枝	Trunk
12390001086	瑪那樹枝	Trunk
12390001087	神之手	Hand of God
12390001088	四叶幸运草	Four-leaf Clover
12390001088	四葉幸運草	Four-leaf Clover
12390001089	玻璃珠	Glass Bead
12390001090	太阳神的象征	Symbol of the Sun God
12390001090	太陽神的象徵	Symbol of the Sun God
12390001091	星星的粉末	Star Dust
12390001092	珍珠	Pearl
12390001093	紅寶石	Ruby
12390001093	红宝石	Ruby
12390001094	蓝宝石	Kyanite
12390001094	藍寶石	Kyanite
12390001095	白宝石	Opal
12390001095	白寶石	Opal
12390001096	黃寶石	Topaz
12390001096	黄宝石	Topaz
12390001097	青綠寶石	Zircon
12390001097	青绿宝石	Zircon
12390001098	紫宝石	Amethyst
12390001098	紫寶石	Amethyst
12390001099	綠寶石	Emerald
12390001099	绿宝石	Emerald
12390001100	呆呆的粉色宝石	Dopey Pink Gem
12390001100	呆呆的粉色寶石	Dopey Pink Gem
12390001101	宠物初级经验书	Pet Training Diary I
12390001101	寵物初級經驗書	Pet Training Diary I
12390001102	宠物中级经验书	Pet Training Diary II
12390001102	寵物中級經驗書	Pet Training Diary II
12390001103	宠物高级经验书	Pet Training Diary III
12390001103	寵物高級經驗書	Pet Training Diary III
12390001104	公会改名卡	Change Guild Name Card
12390001104	公會改名卡	Change Guild Name Card
12390001105	宠物蛋	Pet Egg
12390001105	寵物蛋	Pet Egg
12390001106	寵物幣	Cute Pet Coin
12390001106	萌宠币	Cute Pet Coin
12390001107	华丽金属	Emperium
12390001107	華麗金屬	Emperium
12390001108	宠物自选礼盒	Pet Selection Gift Box
12390001108	寵物自選禮盒	Pet Selection Gift Box
12390001109	小紅花	Little Red Flower
12390001109	小红花	Little Red Flower
12390001110	喵呜鱼干	Meow Fish Jerky
12390001110	喵嗚魚乾	Meow Fish Jerky
12390001111	星芒石	Starlight Stone
12390001112	宠物顶级经验书	Top-Tier Pet EXP Book
12390001112	寵物頂級經驗書	Top-Tier Pet EXP Book
12390001113	宠物特级经验书	Supreme Pet EXP Book
12390001113	寵物特級經驗書	Supreme Pet EXP Book
12390001114	渡鴉尾羽	Raven Tail Feather
12390001114	渡鸦尾羽	Raven Tail Feather
12390001115	不腐之根	Undying Root
12390001116	巨人盐粒	Grain of Giant Salt
12390001116	巨人鹽粒	Grain of Giant Salt
12390001117	乙太催化劑	Aether Catalyst
12390001117	以太催化剂	Aether Catalyst
12390001118	苍白沉淀	Pale Sediment
12390001118	蒼白沉澱	Pale Sediment
12390001119	苔化組織	Moss-Covered Tissue
12390001119	苔化组织	Moss-Covered Tissue
12390001120	脂質觸手	Lipid Tentacle
12390001120	脂质‌触手	Lipid Tentacle
12390001121	晶化骨片	Crystallized Bone Fragment
12390001122	脈動團塊	Pulsating Mass
12390001122	脉动团块	Pulsating Mass
12390001123	哲人之核	Philosopher's Core
12390001124	菁純源露	Pure Source Dew
12390001124	菁纯源露	Pure Source Dew
12390001125	游历之章	Crest of Journey
12390001125	遊歷之章	Crest of Journey
12390001126	冒险之章	Crest of Venture
12390001126	冒險之章	Crest of Venture
12390001127	征服之章	Crest of Conquer
12390001128	自由之章	Crest of Freedom
12390001129	月之章	Crest of Moon
12390001130	日之章	Crest of Sun
12390001131	英雄之章	Crest of Heroes
12390001132	英雄令	Hero Token
12390001133	天賦殘痕	Talent Remnant
12390001133	天赋残痕	Talent Remnant
12390001134	天賦印記	Talent Mark
12390001134	天赋印记	Talent Mark
12390001135	@{1}克拉鑽石	@{1}-Carat Diamond
12390001135	@{1}克拉钻石	@{1}-Carat Diamond
12390001136	黃玉碎片	Grit
12390001136	黄玉碎片	Grit
12390001137	布里刊	Brigan
12390001138	光粒	Light Granule
12390001139	慧眼	Eye of Wisdom
12390001140	賽依伐	Cyfar
12390001140	赛依伐	Cyfar
12390001141	加勒結晶	Garlet
12390001141	加勒结晶	Garlet
12390001142	昆虫外壳	Worm Peeling
12390001142	昆蟲外殼	Worm Peeling
12390001143	死人遗骨	Skeleton Bone
12390001143	死人遺骨	Skeleton Bone
12390001144	坚硬外皮	Solid Shell
12390001144	堅硬外皮	Solid Shell
12390001145	剎勒空结晶	Zargon
12390001146	苹果汁	Apple Juice
12390001146	蘋果汁	Apple Juice
12390001147	柔毛	Feather
12390001148	粘稠液体	Sticky Mucus
12390001148	黏稠液體	Sticky Mucus
12390001149	蜂蜜	Honey
12390001150	透明之布	Transparent Fabric
12390001151	受损的钻石	Cracked Diamond
12390001151	受損的鑽石	Cracked Diamond
12390001152	水晶碎片	Crystal Fragment
12390001153	雪勒結晶	Scell
12390001153	雪勒结晶	Scell
12390001154	欧拉欧拉	Euler Euler
12390001154	歐拉歐拉	Euler Euler
12390001155	小恶魔翅膀	Baby Devil Wings
12390001155	小惡魔翅膀	Baby Devil Wings
12390001156	巨大傑勒比結晶	Large Jellopy
12390001156	巨大杰勒比结晶	Large Jellopy
12390001157	蜂胶	Royal Jelly
12390001157	蜂膠	Royal Jelly
12390001158	大嘴鳥之羽	Peco Peco's Feathers
12390001158	大嘴鸟之羽	Peco Peco's Feathers
12390001159	怀表	Pocket Watch
12390001159	懷錶	Pocket Watch
12390001160	蜜餞香蕉	Sweet Bananas
12390001160	蜜饯香蕉	Sweet Bananas
12390001161	柔軟的羽毛	Soft Feather
12390001161	柔软的羽毛	Soft Feather
12390001162	圆形外皮	Round Shell
12390001162	圓形外皮	Round Shell
12390001163	昆虫硬壳	Hard Insect Shell
12390001163	昆蟲硬殼	Hard Insect Shell
12390001164	黃水晶	Citrin
12390001164	黄水晶	Citrin
12390001165	巨大雪勒結晶	Big Scell
12390001165	巨大雪勒结晶	Big Scell
12390001166	荧光色的液体	Fluorescent Liquid
12390001166	螢光色的液體	Fluorescent Liquid
12390001167	泯滅之心	Necklace of Oblivion
12390001167	泯灭之心	Necklace of Oblivion
12390001168	忠誠之證	Chivalry Emblem
12390001168	忠诚之证	Chivalry Emblem
12390001169	超坚硬外皮	Super Solid Shell
12390001169	超堅硬外皮	Super Solid Shell
12390001170	光泽杰勒比结晶	Glossy Jellopy
12390001170	光澤傑勒比結晶	Glossy Jellopy
12390001171	彩色昆虫外壳	Colorful Worm Peeling
12390001171	彩色昆蟲外殼	Colorful Worm Peeling
12390001172	发光的水晶	Glowing Crystal
12390001172	發光的水晶	Glowing Crystal
12390001173	光泽雪勒结晶	Glossy Scell
12390001173	光澤雪勒結晶	Glossy Scell
12390001174	閃耀的液體	Shimmering Liquid
12390001174	闪耀的液体	Shimmering Liquid
12390001175	波利的药材	Poring's Medicinal Herbs
12390001175	波利的藥材	Poring's Medicinal Herbs
12390001176	綠棉蟲的黏液	Fabre's Mucus
12390001176	绿棉虫的粘液	Fabre's Mucus
12390001177	飛艇船票	Airship Ticket
12390001177	飞艇船票	Airship Ticket
12390001178	波波	Bobo
12390001179	紙箱貓砂盆	Cardboard Cat Litter Box
12390001179	纸箱猫砂盆	Cardboard Cat Litter Box
12390001180	虎皮	Tiger Pelt
12390001181	能量控制閥	Energy Control Valve
12390001181	能量控制阀	Energy Control Valve
12390001182	时序罗盘	Temporal Compass
12390001182	時序羅盤	Temporal Compass
12390001183	思念粒子装置	Memory Particle Device
12390001183	思念粒子裝置	Memory Particle Device
12390001184	被丟棄的制服	Discarded Uniform
12390001184	被丢弃的制服	Discarded Uniform
12390001185	沾满猫毛的性感背心	Sexy Vest Covered in Cat Hair
12390001185	沾滿貓毛的性感背心	Sexy Vest Covered in Cat Hair
12390001186	孵蛋器	Egg Incubator
12390001187	紅色小領結	Red Bow Tie
12390001187	红色小领结	Red Bow Tie
12390001188	@{1}阶图纸 - 武器	Tier @{1} Blueprint - Weapon
12390001188	@{1}階設計圖-武器	Tier @{1} Blueprint - Weapon
12390001189	@{1}阶图纸 - 盾牌	Tier @{1} Blueprint - Shield
12390001189	@{1}階設計圖-盾牌	Tier @{1} Blueprint - Shield
12390001190	@{1}阶图纸 - 铠甲	Tier @{1} Blueprint - Armor
12390001190	@{1}階設計圖-鎧甲	Tier @{1} Blueprint - Armor
12390001191	@{1}阶图纸 - 披肩	Tier @{1} Blueprint - Muffler
12390001191	@{1}階設計圖-披肩	Tier @{1} Blueprint - Muffler
12390001192	@{1}阶图纸 - 鞋子	Tier @{1} Blueprint - Shoes
12390001192	@{1}階設計圖-鞋子	Tier @{1} Blueprint - Shoes
12390001193	@{1}阶图纸 - 饰品	Tier @{1} Blueprint - Accessory
12390001193	@{1}階設計圖-飾品	Tier @{1} Blueprint - Accessory
12390001194	@{1}阶绿色武器	Tier @{1} Green Weapon
12390001194	@{1}階綠色武器	Tier @{1} Green Weapon
12390001195	@{1}阶蓝色装备	Tier @{1} Blue Equipment
12390001195	@{1}階藍色裝備	Tier @{1} Blue Equipment
12390001196	@{1}阶紫色装备	Tier @{1} Purple Equipment
12390001196	@{1}階紫色裝備	Tier @{1} Purple Equipment
12390001197	神术图腾	Divine Totem
12390001197	神術圖騰	Divine Totem
12390001198	神术图腾技能书	Divine Art Totem Skill Book
12390001198	神術圖騰技能書	Divine Art Totem Skill Book
12390001199	灵魂残响	Soul Echo
12390001199	靈魂殘響	Soul Echo
12390001200	蓝色卡片	Blue Cards
12390001200	藍色卡片	Blue Cards
12390001201	紫色卡片	Purple Card
12390001202	橙色卡片	Orange Cards
12390001203	紅色卡片	Red Card
12390001203	红色卡片	Red Card
12390001204	橙色神术图腾	Orange Divine Art Totem
12390001204	橙色神術圖騰	Orange Divine Art Totem
12390001205	高阶图腾技能书	Advanced Totem Skill Book
12390001205	高階圖騰技能書	Advanced Totem Skill Book
12390001206	橙色灵魂残响	Orange Soul Echo
12390001206	橙色靈魂殘響	Orange Soul Echo
12390001207	橙色灵魂残响（双同色）	Orange Soul Echo (Two Matching Colors)
12390001207	橙色靈魂殘響（雙同色）	Orange Soul Echo (Two Matching Colors)
12390001208	天賦神術圖騰	Talent Divine Art Totem
12390001208	天赋神术图腾	Talent Divine Art Totem
12390001209	綠色卡片	Green Cards
12390001209	绿色卡片	Green Cards
12390001210	卡片	Card
12390001211	轉職武器	Job Advance Weapon
12390001211	转职武器	Job Advance Weapon
12390001212	装备打造图纸	Equipment Forging Blueprint
12390001212	裝備打造設計圖	Equipment Forging Blueprint
12390001213	@{1}阶蓝色武器	Tier @{1} Blue Weapon
12390001213	@{1}階藍色武器	Tier @{1} Blue Weapon
12390001214	装备打造材料	Equipment Forging Material
12390001214	裝備打造材料	Equipment Forging Material
12390001215	@{1}阶装备打造图纸	Tier @{1} Equipment Forging Blueprint
12390001215	@{1}階裝備打造設計圖	Tier @{1} Equipment Forging Blueprint
12390001216	@{1}阶装备打造图纸套装	Tier @{1} Equipment Forging Blueprint Set
12390001216	@{1}階裝備打造設計圖套裝	Tier @{1} Equipment Forging Blueprint Set
12390001217	綠色頭飾材料	Green Headgear Material
12390001217	绿色头饰材料	Green Headgear Material
12390001218	蓝色头饰材料	Blue Headgear Material
12390001218	藍色頭飾材料	Blue Headgear Material
12390001219	紫色头饰材料	Purple Headgear Material
12390001219	紫色頭飾材料	Purple Headgear Material
12390001220	橙色头饰材料	Orange Headgear Material
12390001220	橙色頭飾材料	Orange Headgear Material
12390001221	紫色神术图腾	Purple Divine Arts Totem
12390001221	紫色神術圖騰	Purple Divine Arts Totem
12390001222	@{1}阶装备图纸	Tier @{1} Equipment Blueprint
12390001222	@{1}階裝備設計圖	Tier @{1} Equipment Blueprint
12390001223	紫色灵魂残响	Purple Soul Echo
12390001223	紫色靈魂殘響	Purple Soul Echo
12390001224	低阶图腾技能书	Low-Tier Totem Skill Book
12390001224	低階圖騰技能書	Low-Tier Totem Skill Book
12390001225	MVP时装	MVP Costume
12390001225	MVP時裝	MVP Costume
12390001226	坐騎	Mount
12390001226	坐骑	Mount
12390001227	蓝色头饰	Blue Headwear
12390001227	藍色頭飾	Blue Headwear
12390001228	紫色头饰	Purple Headwear
12390001228	紫色頭飾	Purple Headwear
12390001229	橙色头饰	Orange Headwear
12390001229	橙色頭飾	Orange Headwear
12390001230	精炼材料	Refinement Material
12390001230	精煉材料	Refinement Material
12390001231	@{1}阶装备打造套装	Tier @{1} Equipment Forging Set
12390001231	@{1}階裝備打造套裝	Tier @{1} Equipment Forging Set
12390001232	綠色裝備	Green Equipment
12390001232	绿色装备	Green Equipment
12390001233	@{1}阶绿色装备	Tier @{1} Green Equipment
12390001233	@{1}階綠色裝備	Tier @{1} Green Equipment
12390001234	蓝色装备	Blue Equipment
12390001234	藍色裝備	Blue Equipment
12390001235	紫色装备	Purple Equipment
12390001235	紫色裝備	Purple Equipment
12390001236	橙色装备	Orange Equipment
12390001236	橙色裝備	Orange Equipment
12390001237	@{1}阶橙色装备	Tier @{1} Orange Equipment
12390001237	@{1}階橙色裝備	Tier @{1} Orange Equipment
12390001238	紅色裝備	Red Equipment
12390001238	红色装备	Red Equipment
12390001239	@{1}阶红色装备	Tier @{1} Red Equipment
12390001239	@{1}階紅色裝備	Tier @{1} Red Equipment
12390001240	@{1}阶装备	Tier @{1} Equipment
12390001240	@{1}階裝備	Tier @{1} Equipment
12390001241	觀想之燭	Candle of Contemplation
12390001241	观想之烛	Candle of Contemplation
12390001242	灵思余烬	Embers of Insight
12390001242	靈思餘燼	Embers of Insight
12390001243	灵思火种	Live Coal of Insight
12390001243	靈思火種	Live Coal of Insight
12390001244	灵思源火	Sourcefire of Insight
12390001244	靈思源火	Sourcefire of Insight
12390001245	觀想之燭-生命	Candle of Contemplation - Life
12390001245	观想之烛-生命	Candle of Contemplation - Life
12390001246	觀想之燭-物攻	Candle of Contemplation - P. ATK
12390001246	观想之烛-物攻	Candle of Contemplation - P. ATK
12390001247	觀想之燭-魔攻	Candle of Contemplation - M. ATK
12390001247	观想之烛-魔攻	Candle of Contemplation - M. ATK
12390001248	图腾碎片	Totem Fragment
12390001248	圖騰碎片	Totem Fragment
12390001249	无主灵魂碎片	Masterless Soul Fragment
12390001249	無主靈魂碎片	Masterless Soul Fragment
12390001250	无主灵魂结晶	Masterless Soul Crystal
12390001250	無主靈魂結晶	Masterless Soul Crystal
12390001251	无主灵魂核心	Masterless Soul Core
12390001251	無主靈魂核心	Masterless Soul Core
12390001252	押鏢物資	Escort Supplies
12390001252	押镖物资	Escort Supplies
12390001253	面罩	Face Mask
12390001254	战备物资（普通）	Military Supplies (Common)
12390001254	戰備物資（普通）	Military Supplies (Common)
12390001255	战备物资（中级）	Military Supplies (Intermediate)
12390001255	戰備物資（中級）	Military Supplies (Intermediate)
12390001256	战备物资（高级）	Military Supplies (Advanced)
12390001256	戰備物資（高級）	Military Supplies (Advanced)
12390001257	碎裂的金属	Shattered Metal
12390001257	碎裂的金屬	Shattered Metal
12390001258	普通粉末	Common Powder
12390001259	黑色星泪石碎片	Black Sobbing Starlight Fragment
12390001259	黑色星淚石碎片	Black Sobbing Starlight Fragment
12390001260	魔力粉末	Magic Powder
12390001261	特殊的鬃毛	Special Mane
12390001262	狼指甲	Wolf Claw
12390001263	兽人犬齿	Orc Fang
12390001263	獸人犬齒	Orc Fang
12390001264	亡者指甲	Dead Man's Nail
12390001265	銳利麟片	Sharp Scale
12390001265	锐利麟片	Sharp Scale
12390001266	星星的角	Star Crumb
12390001267	星泪石的碎片	Sobbing Starlight Fragment
12390001267	星淚石的碎片	Sobbing Starlight Fragment
12390001268	乌龟外壳	Turtle Shell
12390001268	烏龜外殼	Turtle Shell
12390001269	传说的毛皮	Legendary Pelt
12390001269	傳說的毛皮	Legendary Pelt
12390001270	匠紋徽章	Artisan's Mark Badge
12390001270	匠纹徽章	Artisan's Mark Badge
12390001271	工艺手札	Crafting Notes
12390001271	工藝手扎	Crafting Notes
12390001272	匠师证书	Master Artisan Certificate
12390001272	匠師證書	Master Artisan Certificate
12390001273	活力药水	Vivify Potion
12390001273	活力藥水	Vivify Potion
12390001274	鐵礦石	Iron Ore
12390001274	铁矿石	Iron Ore
12390001275	煤矿石	Coal Ore
12390001275	煤礦石	Coal Ore
12390001276	粗糙的石头	Rough Stone
12390001276	粗糙的石頭	Rough Stone
12390001277	星泪石	Sobbing Starlight
12390001277	星淚石	Sobbing Starlight
12390001278	秘銀礦石	Mithril Ore
12390001278	秘银矿石	Mithril Ore
12390001279	輝金礦石	Luminous Gold Ore
12390001279	辉金矿石	Luminous Gold Ore
12390001280	坚固的石头	Solid Stone
12390001280	堅固的石頭	Solid Stone
12390001281	猫眼石	Moongaze Gem
12390001281	貓眼石	Moongaze Gem
12390001282	陨星矿石	Meteorite Ore
12390001282	隕星礦石	Meteorite Ore
12390001283	鐵塊	Iron Ingot
12390001283	铁块	Iron Ingot
12390001284	煤块	Coal Chunk
12390001284	煤塊	Coal Chunk
12390001285	鋼塊	Steel Ingot
12390001285	钢块	Steel Ingot
12390001286	秘銀塊	Mithril Ingot
12390001286	秘银块	Mithril Ingot
12390001287	粗制砂轮	Coarse Grinding Wheel
12390001287	粗製砂輪	Coarse Grinding Wheel
12390001288	秘銀握柄	Mithril Grip
12390001288	秘银握柄	Mithril Grip
12390001289	輝金塊	Luminous Gold Ingot
12390001289	辉金块	Luminous Gold Ingot
12390001290	輝金鋒刃	Luminous Gold Blade
12390001290	辉金锋刃	Luminous Gold Blade
12390001291	緻密輝金塊	Dense Luminous Gold Ingot
12390001291	致密辉金块	Dense Luminous Gold Ingot
12390001292	輝金握柄	Radiant Gold Grip
12390001292	辉金握柄	Radiant Gold Grip
12390001293	精密砂輪	Precision Grinding Wheel
12390001293	精密砂轮	Precision Grinding Wheel
12390001294	陨星块	Meteorite Chunk
12390001294	隕星塊	Meteorite Chunk
12390001295	陨星锋刃	Meteorite Blade
12390001295	隕星鋒刃	Meteorite Blade
12390001296	緻密隕星塊	Dense Meteorite Chunk
12390001296	致密陨星块	Dense Meteorite Chunk
12390001297	陨星握柄	Meteorite Grip
12390001297	隕星握柄	Meteorite Grip
12390001298	淬鋒石	Honing Stone
12390001298	淬锋石	Honing Stone
12390001299	銳化淬鋒石	Sharpened Honing Stone
12390001299	锐化淬锋石	Sharpened Honing Stone
12390001300	淬鋒鐵	Honing Iron
12390001300	淬锋铁	Honing Iron
12390001301	聚能淬鋒鐵	Energized Honing Iron
12390001301	聚能淬锋铁	Energized Honing Iron
12390001302	紅色藥草	Red Herb
12390001302	红色药草	Red Herb
12390001303	黃色藥草	Yellow Herb
12390001303	黄色药草	Yellow Herb
12390001304	白色药草	White Herb
12390001304	白色藥草	White Herb
12390001305	綠色藥草	Green Herb
12390001305	绿色药草	Green Herb
12390001306	谷物	Grains
12390001307	紅辣椒	Red Chili Pepper
12390001307	红辣椒	Red Chili Pepper
12390001308	葡萄	Grape
12390001309	可可豆	Cocoa Bean
12390001310	番茄	Tomato
12390001311	香菇	Shiitake Mushroom
12390001312	兽肉	Beast Meat
12390001312	獸肉	Beast Meat
12390001313	糖	Sugar
12390001314	柠檬	Lemon
12390001314	檸檬	Lemon
12390001315	酒精	Alcohol
12390001316	草莓	Strawberry
12390001317	盐	Salt
12390001317	鹽	Salt
12390001318	实木芯	Solid Wood Core
12390001318	實木木芯	Solid Wood Core
12390001319	实木别针模具	Solid Wood Pin Mold
12390001319	實木別針模具	Solid Wood Pin Mold
12390001320	鐵木木塊	Ironwood Chunk
12390001320	铁木块	Ironwood Chunk
12390001321	鐵木料	Ironwood Blank
12390001321	铁木坯件	Ironwood Blank
12390001322	高級塗層	Advanced Coating
12390001322	高级涂层	Advanced Coating
12390001323	鐵木木芯	Ironwood Core
12390001323	铁木芯	Ironwood Core
12390001324	铁木戒指模具	Ironwood Ring Mold
12390001325	鐵木包覆層	Ironwood Wrapping
12390001325	铁木裹层	Ironwood Wrapping
12390001326	神圣木块	Sacred Wood Chunk
12390001326	神聖木木塊	Sacred Wood Chunk
12390001327	神圣木坯件	Sacred Wood Blank
12390001327	神聖木木胚	Sacred Wood Blank
12390001328	神圣木芯	Sacred Wood Core
12390001328	神聖木木芯	Sacred Wood Core
12390001329	神圣戒指模具	Sacred Ring Mold
12390001330	神圣木裹层	Sacred Wood Wrapping
12390001330	神聖木包覆層	Sacred Wood Wrapping
12390001331	雕文	Glyph
12390001331	雕紋	Glyph
12390001332	灵雕文	Spirit Glyph
12390001332	靈雕紋	Spirit Glyph
12390001333	圣雕文	Sacred Glyph
12390001333	聖雕紋	Sacred Glyph
12390001334	祝福圣雕文	Blessed Sacred Glyph
12390001334	祝福聖雕紋	Blessed Sacred Glyph
12390001335	亚麻叶	Flax Leaf
12390001335	亞麻葉	Flax Leaf
12390001336	棉花团	Cotton Tuft
12390001336	棉花團	Cotton Tuft
12390001337	蓬松的絮团	Fluffy Fiber Tuft
12390001337	蓬鬆的絮團	Fluffy Fiber Tuft
12390001338	灵气鳞梗	Spirit Scale Stalk
12390001338	靈氣鱗梗	Spirit Scale Stalk
12390001339	毛苔	Woolly Moss
12390001340	灵丝	Spirit Silk
12390001340	靈絲	Spirit Silk
12390001341	精緻的纖維團	Fine Fiber Tuft
12390001341	精致的纤团	Fine Fiber Tuft
12390001342	神圣汁液	Sacred Sap
12390001342	神聖汁液	Sacred Sap
12390001343	神圣丝	Sacred Silk
12390001343	神聖絲	Sacred Silk
12390001344	麻布卷	Linen Roll
12390001345	粗棉布卷	Coarse Cotton Roll
12390001346	毛呢布卷	Woolen Cloth Roll
12390001347	普通丝线	Standard Thread
12390001347	普通絲線	Standard Thread
12390001348	毛呢內襯	Woolen Padding
12390001348	毛呢衬垫	Woolen Padding
12390001349	丝绸布卷	Silk Roll
12390001349	絲綢布卷	Silk Roll
12390001350	丝绸衬垫	Silk Padding
12390001350	絲綢內襯	Silk Padding
12390001351	丝绸衣坯件	Silk Garment Blank
12390001351	絲綢衣衣料	Silk Garment Blank
12390001352	丝绸肩坯件	Silk Shoulderwear Blank
12390001352	絲綢肩衣料	Silk Shoulderwear Blank
12390001353	丝绸足坯件	Silk Footwear Blank
12390001353	絲綢足衣料	Silk Footwear Blank
12390001354	高級絲線	Advanced Thread
12390001354	高级丝线	Advanced Thread
12390001355	神圣布卷	Sacred Cloth Roll
12390001355	神聖布卷	Sacred Cloth Roll
12390001356	神圣衬垫	Sacred Padding
12390001356	神聖內襯	Sacred Padding
12390001357	神圣衣坯件	Sacred Garment Blank
12390001357	神聖衣衣料	Sacred Garment Blank
12390001358	神圣肩坯件	Sacred Shoulderwear Blank
12390001358	神聖肩衣料	Sacred Shoulderwear Blank
12390001359	神圣足坯件	Sacred Footwear Blank
12390001359	神聖足衣料	Sacred Footwear Blank
12390001360	护甲片	Armor Plate
12390001360	護甲片	Armor Plate
12390001361	加強護甲片	Reinforced Armor Plate
12390001361	加强护甲片	Reinforced Armor Plate
12390001362	圣甲片	Sacred Armor Plate
12390001362	聖甲片	Sacred Armor Plate
12390001363	高韌性聖甲片	High-Tenacity Sacred Armor Plate
12390001363	高韧性圣甲片	High-Tenacity Sacred Armor Plate
12390001364	虾子	Shrimp
12390001364	蝦子	Shrimp
12390001365	蛤蜊	Basilac Clam
12390001366	青花鱼	Mackerel
12390001366	鯖魚	Mackerel
12390001367	青蟹	Blue Crab
12390001368	鯉魚	Carp
12390001368	鲤鱼	Carp
12390001369	鰻魚	Eel
12390001369	鳗鱼	Eel
12390001370	跳跳蛙	Hopping Frog
12390001371	海星星	Starfish
12390001372	烏鱧	Snakehead
12390001372	黑鱼	Snakehead
12390001373	鱖魚	Mandarin Fish
12390001373	鳜鱼	Mandarin Fish
12390001374	鯛魚	Sea Bream
12390001374	鲷鱼	Sea Bream
12390001375	章魚	Octopus Axe
12390001375	章鱼	Octopus Axe
12390001376	刺球海胆	Spiny Sea Urchin
12390001376	刺球海膽	Spiny Sea Urchin
12390001377	海蓝鱼	Azure Fish
12390001377	海藍魚	Azure Fish
12390001378	月亮水母	Moon Jellyfish
12390001379	金枪鱼	Tuna
12390001379	鮪魚	Tuna
12390001380	三文鱼	Salmon
12390001380	鮭魚	Salmon
12390001381	惊喜礼盒(废弃)	Surprise Pack (Deprecated)
12390001381	驚喜禮盒(廢棄)	Surprise Pack (Deprecated)
12390001382	神秘宝箱(废弃)	Mysterious Chest (Deprecated)
12390001382	神秘寶箱(廢棄)	Mysterious Chest (Deprecated)
12390001383	高級寶箱(廢棄)	Advanced Chest (Deprecated)
12390001383	高级宝箱(废弃)	Advanced Chest (Deprecated)
12390001384	豪华礼盒(废弃)	Deluxe Pack (Deprecated)
12390001384	豪華禮盒(廢棄)	Deluxe Pack (Deprecated)
12390001385	普通礼盒(废弃)	Basic Pack (Deprecated)
12390001385	普通禮盒(廢棄)	Basic Pack (Deprecated)
12390001386	打造礼包	Crafting Pack
12390001386	打造禮包	Crafting Pack
12390001387	豪华礼盒	Deluxe Gift Box
12390001387	豪華禮盒	Deluxe Gift Box
12390001388	黃金蟲的饋贈	Golden Thief Bug's Gift
12390001388	黄金虫的馈赠	Golden Thief Bug's Gift
12390001389	成長饋贈@{1}	Growth Gift @{1}
12390001389	成长馈赠@{1}	Growth Gift @{1}
12390001390	強化禮盒	Enhance Pack
12390001390	强化礼盒	Enhance Pack
12390001391	主線完結禮盒	Main Story Completion Pack
12390001391	主线完结礼盒	Main Story Completion Pack
12390001392	灵魂残响宝箱	Soul Echo Chest
12390001392	靈魂殘響寶箱	Soul Echo Chest
12390001393	每日活跃礼盒	Daily Activity Pack
12390001393	每日活躍禮盒	Daily Activity Pack
12390001394	神术图腾技能书宝箱	Divine Totem Skill Book Chest
12390001394	神術圖騰技能書寶箱	Divine Totem Skill Book Chest
12390001395	觀想之燭禮盒	Contemplation Candle Pack
12390001395	观想之烛礼盒	Contemplation Candle Pack
12390001396	初心者宝箱--@{1}级	Novice Chest--Lv. @{1}
12390001396	初心者寶箱--@{1}級	Novice Chest--Lv. @{1}
12390001397	职业武器自选宝箱	Class Weapon Selection Chest
12390001397	職業武器自選寶箱	Class Weapon Selection Chest
12390001398	T@{1}橙色装备部位自选箱	T@{1} Orange Equipment Slot Selection Chest
12390001398	T@{1}橙色裝備部位自選箱	T@{1} Orange Equipment Slot Selection Chest
12390001399	测试道具重复获取功能	Test Item Repeat Acquisition Function
12390001399	測試道具重複獲得功能	Test Item Repeat Acquisition Function
12390001400	豪华礼盒-测试跨赛季清除	Deluxe Pack-Test Cross-Season Removal
12390001400	豪華禮盒-測試跨賽季清除	Deluxe Pack-Test Cross-Season Removal
12390001401	豪华礼盒-测试跨赛季失效	Deluxe Pack-Test Cross-Season Expiration
12390001401	豪華禮盒-測試跨賽季失效	Deluxe Pack-Test Cross-Season Expiration
12390001402	豪华礼盒-测试跨赛季白名单	Deluxe Pack-Test Cross-Season Allowlist
12390001402	豪華禮盒-測試跨賽季白名單	Deluxe Pack-Test Cross-Season Allowlist
12390001403	豪华礼盒-测试跨赛季使用	Deluxe Pack-Test Cross-Season Use
12390001403	豪華禮盒-測試跨賽季使用	Deluxe Pack-Test Cross-Season Use
12390001404	神之金属-清除	Oridecon-Clear
12390001404	神之金屬-清除	Oridecon-Clear
12390001405	浓缩神之金属-失效	Enriched Oridecon-Expire
12390001405	濃縮神之金屬-失效	Enriched Oridecon-Expire
12390001406	鋁-使用	Elunium-Use
12390001406	铝-使用	Elunium-Use
12390001407	武器受祝福的矿石-清除	Blessed Weapon Ore-Clear
12390001407	武器受祝福的礦石-清除	Blessed Weapon Ore-Clear
12390001408	传说的武器矿石-失效	Legendary Weapon Ore-Expire
12390001408	傳說的武器礦石-失效	Legendary Weapon Ore-Expire
12390001409	防具受祝福的矿石-使用	Blessed Armor Ore-Use
12390001409	防具受祝福的礦石-使用	Blessed Armor Ore-Use
12390001410	测试-奖励投放的赛季化改造宝箱	Test-Seasonal Reward Distribution Rework Chest
12390001410	測試-獎勵投放的賽季化改造寶箱	Test-Seasonal Reward Distribution Rework Chest
12390001411	无主灵魂结晶宝箱	Unclaimed Soul Crystal Chest
12390001411	無主靈魂結晶寶箱	Unclaimed Soul Crystal Chest
12390001412	普通打造材料宝箱	Basic Crafting Material Chest
12390001412	普通打造材料寶箱	Basic Crafting Material Chest
12390001413	橙色灵魂残响宝箱	Orange Soul Echo Chest
12390001413	橙色靈魂殘響寶箱	Orange Soul Echo Chest
12390001414	紀念章A	Commemorative Medal A
12390001414	纪念章A	Commemorative Medal A
12390001415	紀念章B	Commemorative Medal B
12390001415	纪念章B	Commemorative Medal B
12390001416	紀念章C	Commemorative Medal C
12390001416	纪念章C	Commemorative Medal C
12390001417	紀念章D	Commemorative Medal D
12390001417	纪念章D	Commemorative Medal D
12390001418	紀念章E	Commemorative Medal E
12390001418	纪念章E	Commemorative Medal E
12390001419	奢華藥水禮包	Whale Potion Pack
12390001419	神豪药水礼包	Whale Potion Pack
12390001420	主力药水礼包	Mainstay Potion Pack
12390001420	實用藥水禮包	Mainstay Potion Pack
12390001421	常用藥水禮包	Workhorse Potion Pack
12390001421	牛马药水礼包	Workhorse Potion Pack
12390001422	随机卡片礼包	Random Card Pack
12390001422	隨機卡片禮包	Random Card Pack
12390001423	@{1}阶橙色武器宝箱	Tier @{1} Orange Weapon Chest
12390001423	@{1}階橙色武器寶箱	Tier @{1} Orange Weapon Chest
12390001424	T@{1}宠物碎片自选宝箱	T@{1} Pet Shard Selection Chest
12390001424	T@{1}寵物碎片自選寶箱	T@{1} Pet Shard Selection Chest
12390001425	征服者礼盒	Conqueror Pack
12390001425	征服者禮盒	Conqueror Pack
12390001426	历战者礼盒	Veteran Pack
12390001426	歷戰者禮盒	Veteran Pack
12390001427	随机紫色卡片礼包	Random Purple Card Pack
12390001427	隨機紫色卡片禮包	Random Purple Card Pack
12390001428	小野猪卡片宝箱	Card: Savage Babe Chest
12390001428	小野豬卡片寶箱	Card: Savage Babe Chest
12390001429	精炼材料宝箱	Refinement Material Chest
12390001429	精煉材料寶箱	Refinement Material Chest
12390001430	T@{1}橙色武器自选箱	T@{1} Orange Weapon Selection Chest
12390001430	T@{1}橙色武器自選箱	T@{1} Orange Weapon Selection Chest
12390001431	蓝色卡片自选宝箱	Blue Cards Selection Chest
12390001431	藍色卡片自選寶箱	Blue Cards Selection Chest
12390001432	头饰材料宝箱	Headgear Material Chest
12390001432	頭飾材料寶箱	Headgear Material Chest
12390001433	头饰宝箱	Headgear Chest
12390001433	頭飾寶箱	Headgear Chest
12390001434	精炼祝福宝箱	Refinement Blessing Chest
12390001434	精煉祝福寶箱	Refinement Blessing Chest
12390001435	精炼材料包	Refinement Material Pack
12390001435	精煉材料包	Refinement Material Pack
12390001436	残响材料包	Echo Material Pack
12390001436	殘響材料包	Echo Material Pack
12390001437	Zeny袋子	Zeny Bag
12390001438	鑄幣袋子	Coin Bag
12390001438	铸币袋子	Coin Bag
12390001439	随机卡册	Random Card Album
12390001439	隨機卡冊	Random Card Album
12390001440	随机神术图腾	Random Divine Arts Totem
12390001440	隨機神術圖騰	Random Divine Arts Totem
12390001441	惊喜宝箱	Surprise Chest
12390001441	驚喜寶箱	Surprise Chest
12390001442	集换卡册	Trading Card Album
12390001442	集換卡冊	Trading Card Album
12390001443	紫色卡片自选宝箱	Purple Card Selection Chest
12390001443	紫色卡片自選寶箱	Purple Card Selection Chest
12390001444	九色梵音时装礼盒	Nine-Tone Mantra Costume Gift Box
12390001444	九色梵音時裝禮盒	Nine-Tone Mantra Costume Gift Box
12390001445	T@{1}紅色上衣自選箱	T@{1} Red Top Selection Box
12390001445	T@{1}红色上衣自选箱	T@{1} Red Top Selection Box
12390001446	寻宝-精致宝箱	Dig - Exquisite Chest
12390001446	尋寶-精緻寶箱	Dig - Exquisite Chest
12390001447	寻宝-珍贵宝箱	Dig - Precious Chest
12390001447	尋寶-珍貴寶箱	Dig - Precious Chest
12390001448	寻宝-协力宝箱	Dig - Co-op Chest
12390001448	尋寶-協力寶箱	Dig - Co-op Chest
12390001449	成長禮盒ᆞ一日	Growth Gift Box · Day 1
12390001449	成长礼盒·一日	Growth Gift Box · Day 1
12390001450	成長禮盒ᆞ二日	Growth Gift Box · Day 2
12390001450	成长礼盒·二日	Growth Gift Box · Day 2
12390001451	成長禮盒ᆞ三日	Growth Gift Box · Day 3
12390001451	成长礼盒·三日	Growth Gift Box · Day 3
12390001452	成長禮盒ᆞ四日	Growth Gift Box · Day 4
12390001452	成长礼盒·四日	Growth Gift Box · Day 4
12390001453	成長禮盒ᆞ五日	Growth Gift Box · Day 5
12390001453	成长礼盒·五日	Growth Gift Box · Day 5
12390001454	成長禮盒ᆞ六日	Growth Gift Box · Day 6
12390001454	成长礼盒·六日	Growth Gift Box · Day 6
12390001455	成長禮盒ᆞ七日	Growth Gift Box · Day 7
12390001455	成长礼盒·七日	Growth Gift Box · Day 7
12390001456	附贈秘禮ᆞ一日	Bonus Secret Gift · Day 1
12390001456	附赠秘礼·一日	Bonus Secret Gift · Day 1
12390001457	附贈秘禮ᆞ二日	Bonus Secret Gift · Day 2
12390001457	附赠秘礼·二日	Bonus Secret Gift · Day 2
12390001458	附贈秘禮ᆞ三日	Bonus Secret Gift · Day 3
12390001458	附赠秘礼·三日	Bonus Secret Gift · Day 3
12390001459	附贈秘禮ᆞ四日	Bonus Secret Gift · Day 4
12390001459	附赠秘礼·四日	Bonus Secret Gift · Day 4
12390001460	附贈秘禮ᆞ五日	Bonus Secret Gift · Day 5
12390001460	附赠秘礼·五日	Bonus Secret Gift · Day 5
12390001461	附贈秘禮ᆞ六日	Bonus Secret Gift · Day 6
12390001461	附赠秘礼·六日	Bonus Secret Gift · Day 6
12390001462	附贈秘禮ᆞ七日	Bonus Secret Gift · Day 7
12390001462	附赠秘礼·七日	Bonus Secret Gift · Day 7
12390001463	老旧收集册	Old Card Album
12390001463	老舊收集冊	Old Card Album
12390001464	惊喜礼盒@{1}(废弃)	Surprise Pack@{1}(Deprecated)
12390001464	驚喜禮盒@{1}(廢棄)	Surprise Pack@{1}(Deprecated)
12390001465	神秘宝箱@{1}(废弃)	Mysterious Treasure Chest@{1} (Deprecated)
12390001465	神秘寶箱@{1}(廢棄)	Mysterious Treasure Chest@{1} (Deprecated)
12390001466	高級寶箱@{1}(廢棄)	Advanced Treasure Chest@{1}(Deprecated)
12390001466	高级宝箱@{1}(废弃)	Advanced Treasure Chest@{1}(Deprecated)
12390001467	豪华礼盒@{1}(废弃)	Deluxe Gift Box@{1}(Deprecated)
12390001467	豪華禮盒@{1}(廢棄)	Deluxe Gift Box@{1}(Deprecated)
12390001468	普通礼盒@{1}(废弃)	Standard Gift Box@{1} (Deprecated)
12390001468	普通禮盒@{1}(廢棄)	Standard Gift Box@{1} (Deprecated)
12390001469	初級卡冊@{1}(廢棄)	Basic Card Album@{1} (Deprecated)
12390001469	初级卡册@{1}(废弃)	Basic Card Album@{1} (Deprecated)
12390001470	卡片收集冊	Card Album
12390001470	卡片收集册	Card Album
12390001471	随机卡片礼盒	Random Card Gift Box
12390001471	隨機卡片禮盒	Random Card Gift Box
12390001472	标准酬金箱	Standard Compensation Chest
12390001472	標準酬金箱	Standard Compensation Chest
12390001473	【裂隙危机】特派嘉奖	[Rift Crisis] Special Commendation
12390001473	【裂隙危機】特派嘉獎	[Rift Crisis] Special Commendation
12390001474	【裂隙危机】表彰礼盒	[Rift Crisis] Commendation Gift Box
12390001474	【裂隙危機】表彰禮盒	[Rift Crisis] Commendation Gift Box
12390001475	MVP战利品宝箱	MVP Loot Chest
12390001475	MVP戰利品寶箱	MVP Loot Chest
12390001476	魔能晶石	Arcane Crystal
12390001477	雷根貝勒之星	Star of Rekenber
12390001477	雷根贝勒之星	Star of Rekenber
12390001479	创世诗篇	Genesis Canticle
12390001479	創世詩篇	Genesis Canticle
12390001480	契約的勝利	Victory of the Covenant
12390001480	契约的胜利	Victory of the Covenant
12390001481	空之裂隙	Rift in the Sky
12390001482	十大英雄（@{1}小时）废弃	Top Ten Heroes (@{1} Hours) Discontinued
12390001482	十大英雄（@{1}小時）	Top Ten Heroes (@{1} Hours) Discontinued
12390001483	初心者的驕傲	Novice's Pride
12390001483	初心者的骄傲	Novice's Pride
12390001484	精灵征服者（@{1}小时）	Spirit Conqueror (@{1} Hours)
12390001484	精靈征服者（@{1}小時）	Spirit Conqueror (@{1} Hours)
12390001485	勇者名录（@{1}小时）废弃	Hero Registry (@{1} Hours) Discontinued
12390001485	勇者名錄（@{1}小時）廢棄	Hero Registry (@{1} Hours) Discontinued
12390001486	时尚盛典（@{1}小时）	Fashion Gala (@{1} Hours)
12390001486	時尚盛典（@{1}小時）	Fashion Gala (@{1} Hours)
12390001487	测试名片@{1}-永久	Test Name Card@{1}-Permanent
12390001487	測試名片@{1}-永久	Test Name Card@{1}-Permanent
12390001488	英灵币	Einherjar Coin
12390001488	英靈幣	Einherjar Coin
12390001489	冒险之路	Path of Adventure
12390001489	冒險之路	Path of Adventure
12390001490	鈴蘭之地	Land of Lilies of the Valley
12390001490	铃兰之地	Land of Lilies of the Valley
12390001492	喵呜	Meow
12390001492	喵嗚	Meow
12390001493	启航	Set Sail
12390001493	啟航	Set Sail
12390001494	碎星龍	Starshatter Dragon
12390001494	碎星龙	Starshatter Dragon
12390001495	太阳战车	Solar Chariot
12390001495	太陽戰車	Solar Chariot
12390001496	幽兰水榭	Orchid Waterside Pavilion
12390001496	幽蘭水榭	Orchid Waterside Pavilion
12390001497	綿綿兔	Fluffy Bunny
12390001497	绵绵兔	Fluffy Bunny
12390001498	飛機頭	Pompadour
12390001498	飞机头	Pompadour
12390001499	哥布灵气球	Goblin Balloon
12390001499	哥布靈氣球	Goblin Balloon
12390001500	发条摇椅	Wind-Up Rocking Chair
12390001500	發條搖椅	Wind-Up Rocking Chair
12390001501	蛋壳胖胖鸡	Eggshell Chubby Chick
12390001501	蛋殼胖胖雞	Eggshell Chubby Chick
12390001502	夢馬	Dream Steed
12390001502	梦马	Dream Steed
12390001503	大波利	Big Poring
12390001504	狮子	Lion
12390001504	獅子	Lion
12390001505	羊駝	Alpaca
12390001505	羊驼	Alpaca
12390001506	鬣狗	Hyena
12390001507	狐狸	Fox
12390001508	鴕鳥	Ostrich
12390001508	鸵鸟	Ostrich
12390001509	野猪	Savage
12390001509	野豬	Savage
12390001510	碎星龍-限定	Starshatter Dragon - Limited
12390001510	碎星龙-限定	Starshatter Dragon - Limited
12390001511	太阳战车-限定	Sun Chariot - Limited
12390001511	太陽戰車-限定	Sun Chariot - Limited
12390001512	幽兰水榭-限定	Orchid Pavilion - Limited
12390001512	幽蘭水榭－限定	Orchid Pavilion - Limited
12390001513	綿綿兔－限定	Fluffy Bunny - Limited
12390001513	绵绵兔-限定	Fluffy Bunny - Limited
12390001514	飛機頭-限定	Pompadour - Limited
12390001514	飞机头-限定	Pompadour - Limited
12390001515	哥布灵气球-限定	Goblin Balloon - Limited
12390001515	哥布靈氣球-限定	Goblin Balloon - Limited
12390001516	发条摇椅-限定	Wind-Up Rocking Chair - Limited
12390001516	發條搖椅-限定	Wind-Up Rocking Chair - Limited
12390001517	蛋壳胖胖鸡-限定	Eggshell Chubby Chick - Limited
12390001517	蛋殼胖胖雞-限定	Eggshell Chubby Chick - Limited
12390001518	夢馬－限定	Dream Horse - Limited
12390001518	梦马-限定	Dream Horse - Limited
12390001519	哥布灵气球飞行版-限时版	Flying Goblin Balloon - Limited-Time Edition
12390001519	哥布靈氣球飛行版-限時版	Flying Goblin Balloon - Limited-Time Edition
12390001520	哥布灵气球飞行版	Flying Goblin Balloon
12390001520	哥布靈氣球飛行版	Flying Goblin Balloon
12390001521	蟹蟹你	Crab You Very Much
12390001522	北冥有魚	Fish of the Northern Deep
12390001522	北冥有鱼	Fish of the Northern Deep
12390001523	鯤寶寶	Baby Kun
12390001523	鲲宝宝	Baby Kun
12390001524	魔毯	Magic Carpet
12390001525	一本书第一章	Chapter One of a Book
12390001525	一本書第一章	Chapter One of a Book
12390001526	一本书第二章	Chapter 2 of a Book
12390001526	一本書第二章	Chapter 2 of a Book
12390001527	普隆德拉秘史@{1}之@{2}	Secret History of Prontera@{1}: @{2}
12390001528	狂暴月夜猫碎片	Cat o' Nine-Tail Shard
12390001528	狂暴月夜貓碎片	Cat o' Nine-Tail Shard
12390001529	火忍西怒毕碎片	Fire Ninja Shinobi Shard
12390001529	火忍西怒畢碎片	Fire Ninja Shinobi Shard
12390001530	銀月魔女碎片	Silver Moon Witch Shard
12390001530	银月魔女碎片	Silver Moon Witch Shard
12390001531	恶魔女仆碎片	Demon Maid Shard
12390001531	惡魔女僕碎片	Demon Maid Shard
12390001532	异形碎片	Alien Fragment
12390001532	異形碎片	Alien Fragment
12390001533	美杜莎碎片	Medusa Shard
12390001534	野猫骑士碎片	Wild Rose Knight Shard
12390001534	野貓騎士碎片	Wild Rose Knight Shard
12390001535	恶魔侍者碎片	Demon Servant Shard
12390001535	惡魔侍者碎片	Demon Servant Shard
12390001536	独角光辉凯美拉碎片	Radiant Unicorn Chimera Shard
12390001536	獨角光輝凱美拉碎片	Radiant Unicorn Chimera Shard
12390001537	死亡女巫碎片	Death Witch Shard
12390001538	男爵碎片	Baron Fragment
12390001539	狂暴木乃伊碎片	Ancient Mummy Shard
12390001540	鬼女碎片	Pet Shard: Sohee
12390001541	愛麗俄碎片	Elio Fragment
12390001541	爱丽俄碎片	Elio Fragment
12390001542	艾斯恩魔女碎片	Zherlthsh Shard
12390001543	祈望女神碎片	Goddess of Hope Fragment
12390001544	污染邪骸浪人碎片	Corrupted Wander Man Shard
12390001545	妖仙女碎片	Evil Nymph Shard
12390001546	戴德雷碎片	Pet Shard: Deadre
12390001547	米雅毕碎片	Pet Shard: Miyabi Doll
12390001547	米雅畢碎片	Pet Shard: Miyabi Doll
12390001548	邪魔馬碎片	Pet Shard: Nightmare
12390001548	邪魔马碎片	Pet Shard: Nightmare
12390001549	兽人战士长碎片	Pet Shard: High Orc
12390001549	獸人戰士長碎片	Pet Shard: High Orc
12390001550	小蛇女伊丝碎片	Pet Shard: Baby Isis
12390001550	小蛇女伊絲碎片	Pet Shard: Baby Isis
12390001551	监视者碎片	Pet Shard: Watcher
12390001551	監視者碎片	Pet Shard: Watcher
12390001552	邪心猎人伊芙碎片	Pet Shard: Darkhearted Hunter Eve
12390001552	邪心獵人伊芙碎片	Pet Shard: Darkhearted Hunter Eve
12390001553	女战士罗拉碎片	Pet Shard: Warrior Lola
12390001553	女戰士羅拉碎片	Pet Shard: Warrior Lola
12390001554	无颅武士碎片	Pet Shard: Dullahan
12390001554	無顱武士碎片	Pet Shard: Dullahan
12390001555	天使波利碎片	Pet Shard: Angeling
12390001556	博克巴碎片	Pet Shard: Bokba
12390001557	坚硬七彩梦魇碎片	Pet Shard: Tough Rainbow Nightmare
12390001557	堅硬七彩夢魘碎片	Pet Shard: Tough Rainbow Nightmare
12390001558	米谷尔碎片	Pet Shard: Miguel
12390001558	米谷爾碎片	Pet Shard: Miguel
12390001559	皮亚米特碎片	Pet Shard: Piamette
12390001559	皮亞米特碎片	Pet Shard: Piamette
12390001560	血蝴蝶碎片	Pet Shard: Blood Butterfly
12390001561	莎拉艾琳碎片	Pet Shard: Sarah Irene
12390001562	愛麗瑟碎片	Pet Shard: Alicel
12390001562	爱丽瑟碎片	Pet Shard: Alicel
12390001563	代行刑者碎片	Pet Shard: Retribution
12390001564	七彩地龍碎片	Pet Shard: Rainbow Earth Dragon
12390001564	七彩地龙碎片	Pet Shard: Rainbow Earth Dragon
12390001565	狐仙碎片	Pet Shard: Moonlight Flower
12390001566	傀儡娃娃碎片	Pet Shard: Marionette
12390001567	小巴風特碎片	Pet Shard: Baphomet Jr.
12390001567	小巴风特碎片	Pet Shard: Baphomet Jr.
12390001568	侦查巴西利斯克碎片	Pet Shard: Basilisk Scout
12390001568	偵查巴西利斯克碎片	Pet Shard: Basilisk Scout
12390001569	魔羌碎片	Pet Shard: Goat
12390001570	果树龟碎片	Pet Shard: Fruit Tree Turtle
12390001570	果樹龜碎片	Pet Shard: Fruit Tree Turtle
12390001571	卡仑宝宝碎片	Pet Shard: Garm Baby
12390001571	卡倫寶寶碎片	Pet Shard: Garm Baby
12390001572	古树碎片	Pet Shard: Ancient Tree
12390001572	古樹碎片	Pet Shard: Ancient Tree
12390001573	熔岩蜥蜴碎片	Pet Shard: Lava Lizard
12390001574	捕虫堇碎片	Pet Shard: Nepenthes
12390001574	捕蟲堇碎片	Pet Shard: Nepenthes
12390001575	森林妖精碎片	Pet Shard: Forest Fairy
12390001576	賽杜拉碎片	Pet Shard: Squidgitte
12390001576	赛杜拉碎片	Pet Shard: Squidgitte
12390001577	妖道碎片	Pet Shard: Bongun
12390001578	愛麗絲女僕碎片	Pet Shard: Alice the Maid
12390001578	爱丽丝女仆碎片	Pet Shard: Alice the Maid
12390001579	古鐘魔碎片	Pet Shard: Clock
12390001579	古钟魔碎片	Pet Shard: Clock
12390001580	巧克猴碎片	Pet Shard: Choco
12390001581	波利碎片	Pet Shard: Poring
12390001582	狂暴野猫碎片	Pet Shard: Wild Rose
12390001582	狂暴野貓碎片	Pet Shard: Wild Rose
12390001583	搖滾蝗蟲碎片	Pet Shard: Vocal
12390001583	摇滚蝗虫碎片	Pet Shard: Vocal
12390001584	沙羅曼達碎片	Pet Shard: Fire Lord
12390001584	火领主碎片	Pet Shard: Fire Lord
12390001585	水领主碎片	Pet Shard: Water Lord
12390001585	溫蒂妮碎片	Pet Shard: Water Lord
12390001586	希爾芙碎片	Pet Shard: Wind Lord
12390001586	风领主碎片	Pet Shard: Wind Lord
12390001587	土领主碎片	Pet Shard: Earth Lord
12390001587	葛羅姆碎片	Pet Shard: Earth Lord
12390001588	魔法之刃	Magic Blade
12390001589	魔法标记	Magic Mark
12390001589	魔法標記	Magic Mark
12390001590	野蛮之刃	Savage Blade
12390001590	野蠻之刃	Savage Blade
12390001591	战意	Resolve
12390001591	戰意	Resolve
12390001592	神灵寄语	Divine Message
12390001592	神靈寄語	Divine Message
12390001593	自然賜福	Nature's Blessing
12390001593	自然赐福	Nature's Blessing
12390001594	神圣守护	Holy Guard
12390001594	神聖守護	Holy Guard
12390001595	寒冰守护	Ice Guardian
12390001595	寒冰守護	Ice Guardian
12390001596	破势之力	Momentum Breaker
12390001596	破勢之力	Momentum Breaker
12390001597	神圣堡垒	Holy Fortress
12390001597	神聖堡壘	Holy Fortress
12390001598	低阶终结	Low-Tier Terminate
12390001598	低階終結	Low-Tier Terminate
12390001599	低阶复仇魔能	Low-Tier Vengeful Magic
12390001599	低階復仇魔能	Low-Tier Vengeful Magic
12390001600	低阶充沛魔能	Low-Tier Abundant Magic
12390001600	低階充沛魔能	Low-Tier Abundant Magic
12390001601	低阶魔法回响	Low-Tier Magic Echo
12390001601	低階魔法迴響	Low-Tier Magic Echo
12390001602	低阶斩杀	Low-Tier Execution
12390001602	低階斬殺	Low-Tier Execution
12390001603	低阶复仇之力	Low-Tier Vengeful Might
12390001603	低階復仇之力	Low-Tier Vengeful Might
12390001604	低阶充沛力量	Low-Tier Abundant Strength
12390001604	低階充沛力量	Low-Tier Abundant Strength
12390001605	低阶多重打击	Low-Tier Multi Strike
12390001605	低階多重打擊	Low-Tier Multi Strike
12390001606	低阶急救	Low-Tier First Aid
12390001606	低階急救	Low-Tier First Aid
12390001607	低阶充沛治疗	Low-Tier Abundant Healing
12390001607	低階充沛治療	Low-Tier Abundant Healing
12390001608	低阶连续治疗	Low-Tier Continuous Healing
12390001608	低階連續治療	Low-Tier Continuous Healing
12390001609	低阶坚毅防御	Low-Tier Fortitude Defense
12390001609	低階堅毅防禦	Low-Tier Fortitude Defense
12390001610	低阶绝境防御	Low-Tier Last Stand Defense
12390001610	低階絕境防禦	Low-Tier Last Stand Defense
12390001611	低阶连续护盾	Low-Tier Continuous Shield
12390001611	低階連續護盾	Low-Tier Continuous Shield
12390001612	低阶魔法攻击	Low-Tier Magic Attack
12390001612	低階魔法攻擊	Low-Tier Magic Attack
12390001613	低阶物理攻击	Low-Tier Physical Attack
12390001613	低階物理攻擊	Low-Tier Physical Attack
12390001614	低阶魔法防御	Low-Tier Magic Defense
12390001614	低階魔法防禦	Low-Tier Magic Defense
12390001615	低阶物理防御	Low-Tier Physical Defense
12390001615	低階物理防禦	Low-Tier Physical Defense
12390001616	低阶生命	Low-Tier Life
12390001616	低階生命	Low-Tier Life
12390001617	低阶物理穿透	Low-Tier Physical Penetration
12390001617	低階物理穿透	Low-Tier Physical Penetration
12390001618	低阶魔法穿透	Low-Tier Magic Penetration
12390001618	低階魔法穿透	Low-Tier Magic Penetration
12390001619	低阶命中	Low-Tier HIT
12390001619	低階命中	Low-Tier HIT
12390001620	低阶闪避	Low-Tier FLEE
12390001620	低階閃避	Low-Tier FLEE
12390001621	低阶无属性抗性	Low-Tier Neutral Resistance
12390001621	低階無屬性抗性	Low-Tier Neutral Resistance
12390001622	低阶风属性抗性	Low Wind Resistance
12390001622	低階風屬性抗性	Low Wind Resistance
12390001623	低阶地属性抗性	Minor Earth Resistance
12390001623	低階地屬性抗性	Minor Earth Resistance
12390001624	低阶火属性抗性	Minor Fire Resistance
12390001624	低階火屬性抗性	Minor Fire Resistance
12390001625	低阶水属性抗性	Minor Water Resistance
12390001625	低階水屬性抗性	Minor Water Resistance
12390001626	低阶毒属性抗性	Minor Poison Resistance
12390001626	低階毒屬性抗性	Minor Poison Resistance
12390001627	低阶圣属性抗性	Minor Holy Resistance
12390001627	低階聖屬性抗性	Minor Holy Resistance
12390001628	低阶暗属性抗性	Minor Shadow Resistance
12390001628	低階暗屬性抗性	Minor Shadow Resistance
12390001629	低阶念属性抗性	Minor Ghost Property Resistance
12390001629	低階念屬性抗性	Minor Ghost Property Resistance
12390001630	低阶不死属性抗性	Low-Tier Undead Resistance
12390001630	低階不死屬性抗性	Low-Tier Undead Resistance
12390001631	低阶全职业克制	Low-Tier DMG vs All Job
12390001631	低階全職業克制	Low-Tier DMG vs All Job
12390001632	低阶全职业抵抗	Low-Tier DMG Reduction vs All Job
12390001632	低階全職業抵抗	Low-Tier DMG Reduction vs All Job
12390001633	低阶狩猎技巧	Basic Hunting Technique
12390001633	低階狩獵技巧	Basic Hunting Technique
12390001634	低阶狩猎防护	Low-Level Hunting Protection
12390001634	低階狩獵防護	Low-Level Hunting Protection
12390001635	魔伤上限	Magic Damage Cap
12390001635	魔傷上限	Magic Damage Cap
12390001636	物伤上限	Physical Damage Cap
12390001636	物傷上限	Physical Damage Cap
12390001637	防御上限	Defense Cap
12390001637	防禦上限	Defense Cap
12390001638	治疗上限	Healing Cap
12390001638	治療上限	Healing Cap
12390001639	魔能增幅	Magic Amplification
12390001640	近战增幅	Melee Amplification
12390001640	近戰增幅	Melee Amplification
12390001641	远程增幅	Ranged Amplification
12390001641	遠距增幅	Ranged Amplification
12390001642	防御增幅	DEF Boost
12390001642	防禦增幅	DEF Boost
12390001643	治疗增幅	Healing Amplification
12390001643	治療增幅	Healing Amplification
12390001644	終結	Terminate
12390001644	终结	Terminate
12390001645	复仇魔能	Vengeful Magic
12390001645	復仇魔能	Vengeful Magic
12390001646	充沛魔能	Abundant Magic
12390001647	魔法回响	Magic Reverberation
12390001647	魔法迴響	Magic Reverberation
12390001648	斩杀	Decapitation
12390001648	斬殺	Decapitation
12390001649	复仇之力	Vengeful Strength
12390001649	復仇之力	Vengeful Strength
12390001650	充沛力量	Abundant Strength
12390001651	多重打击	Multi Strike
12390001651	多重打擊	Multi Strike
12390001652	急救	Cure
12390001653	充沛治疗	Abundant Healing
12390001653	充沛治療	Abundant Healing
12390001654	连续治疗	Continuous Healing
12390001654	連續治療	Continuous Healing
12390001655	坚毅防御	Fortitude Defense
12390001655	堅毅防禦	Fortitude Defense
12390001656	絕境防禦	Desperate Defense
12390001656	绝境防御	Desperate Defense
12390001657	连续护盾	Continuous Shield
12390001657	連續護盾	Continuous Shield
12390001658	魔法攻击	MATK
12390001658	魔法攻擊	MATK
12390001659	物理攻击	PATK
12390001659	物理攻擊	PATK
12390001660	魔法防禦	MDEF
12390001661	物理防禦	PDEF
12390001662	生命	Life
12390001663	物理穿透	Physical Penetration
12390001664	魔法穿透	Magic Penetration
12390001665	命中	HIT
12390001666	閃避	FLEE
12390001666	闪避	FLEE
12390001667	无属性抗性	Neutral Resistance
12390001667	無屬性抗性	Neutral Resistance
12390001668	風屬性抗性	Wind Resistance
12390001668	风属性抗性	Wind Resistance
12390001669	地属性抗性	Earth Property Resistance
12390001669	地屬性抗性	Earth Property Resistance
12390001670	火属性抗性	Fire Resistance
12390001670	火屬性抗性	Fire Resistance
12390001671	水属性抗性	Water Resistance
12390001671	水屬性抗性	Water Resistance
12390001672	毒属性抗性	Poison Resistance
12390001672	毒屬性抗性	Poison Resistance
12390001673	圣属性抗性	Holy Resistance
12390001673	聖屬性抗性	Holy Resistance
12390001674	暗属性抗性	Shadow Resistance
12390001674	暗屬性抗性	Shadow Resistance
12390001675	念属性抗性	Ghost Property Resistance
12390001675	念屬性抗性	Ghost Property Resistance
12390001676	不死属性抗性	Undead Property Resistance
12390001676	不死屬性抗性	Undead Property Resistance
12390001677	全职业克制	DMG vs All Job
12390001677	全職業克制	DMG vs All Job
12390001678	全职业抵抗	DMG Reduction vs All Job
12390001678	全職業抵抗	DMG Reduction vs All Job
12390001679	狩猎技巧	Hunting Mastery
12390001679	狩獵技巧	Hunting Mastery
12390001680	狩猎防护	Hunting Protection
12390001680	狩獵防護	Hunting Protection
12390001681	暴击	CRIT
12390001681	暴擊	CRIT
12390001682	暴击伤害	CRIT DMG
12390001682	暴擊傷害	CRIT DMG
12390001683	暴击抵抗	CRIT RES
12390001683	暴擊抵抗	CRIT RES
12390001684	暴伤减免	CRIT DMG Reduction
12390001684	爆傷減免	CRIT DMG Reduction
12390001685	黃昏角聲	Horn of Twilight
12390001685	黄昏角声	Horn of Twilight
12390001686	流蜜鹿角	Honeyed Antlers
12390001687	符文之牙	Runic Fang
12390001688	八足天馬	Eight-Legged Steed
12390001688	八足天马	Eight-Legged Steed
12390001689	野猪设宴	Boar's Feast
12390001689	野豬設宴	Boar's Feast
12390001690	衔尾蛇	Ouroboros
12390001690	銜尾蛇	Ouroboros
12390001691	全知渡鴉	All-Seeing Raven
12390001691	全知渡鸦	All-Seeing Raven
12390001692	神羊之哺	Divine Goat's Milk
12390001693	永恆之槍	Gungnir
12390001693	永恒之枪	Gungnir
12390001694	武神羽衣	War God's Raiment
12390001695	伪装戏法	Disguise Trick
12390001695	偽裝戲法	Disguise Trick
12390001696	流浪老者	Wandering Elder
12390001697	噬日之狼	Sun-Devouring Wolf
12390001698	至高王座	Supreme Throne
12390001699	生命之木	Tree of Life
12390001700	审讯之火	Flames of Inquisition
12390001700	審訊之火	Flames of Inquisition
12390001701	欺詐之鎖	Chains of Deceit
12390001701	欺诈之锁	Chains of Deceit
12390001702	智慧泉水	Fountain of Wisdom
12390001703	倒吊者	The Hanged Man
12390001704	狩猎时节	Hunting Season
12390001704	狩獵時節	Hunting Season
12390001705	屠龍之劍	Dragonslayer
12390001705	屠龙之剑	Dragonslayer
12390001706	灵感蜜酒	Mead of Inspiration
12390001706	靈感蜜酒	Mead of Inspiration
12390001707	无尽金环	Endless Golden Ring
12390001707	無盡金環	Endless Golden Ring
12390001708	勝利之劍	Sword of Victory
12390001708	胜利之剑	Sword of Victory
12390001709	临别赠礼	Parting Gift
12390001709	臨別贈禮	Parting Gift
12390001710	水果皮帽	Fruit Peel Hat
12390001711	面包纸袋帽	Bread Bag Hat
12390001711	麵包紙袋帽	Bread Bag Hat
12390001712	蛋壳帽	Egg Shell
12390001712	蛋殼帽	Egg Shell
12390001713	普隆德拉军帽	Army Cap
12390001713	普隆德拉軍帽	Army Cap
12390001714	魔法师帽	Mage's Hat
12390001714	魔法師帽	Mage's Hat
12390001715	學生帽	Student's Cap
12390001716	太阳眼镜	Sunglasses
12390001716	太陽眼鏡	Sunglasses
12390001717	眼罩	Blinker
12390001718	白胡须	White Beard
12390001718	白鬍鬚	White Beard
12390001719	雞喙	Chicken Beak
12390001719	鸡喙	Chicken Beak
12390001720	七彩大嘴鳥髮飾	Grand Peco Hair Accessory
12390001720	七彩大嘴鸟发饰	Grand Peco Hair Accessory
12390001721	兔耳发圈	Bunny Hair Band
12390001721	兔耳髮圈	Bunny Hair Band
12390001722	羽毛帽	Feather Bonnet
12390001723	防風皮革眼鏡	Goggles
12390001723	防风皮革眼镜	Goggles
12390001724	俏皮蕾丝小猫发带	Playful Lace Kitty Headband
12390001724	俏皮蕾絲小貓髮帶	Playful Lace Kitty Headband
12390001725	懒洋洋的猫	Drooping Cat
12390001725	懶洋洋的貓	Drooping Cat
12390001726	护士帽	Nurse Cap
12390001726	護士帽	Nurse Cap
12390001727	小恶魔帽	Deviruchi Hat
12390001727	小惡魔帽	Deviruchi Hat
12390001728	苹果头饰	Apple Headwear
12390001728	蘋果頭飾	Apple Headwear
12390001729	戏剧帽子	Theater Hat
12390001729	戲劇帽子	Theater Hat
12390001730	香蕉帽	Banana Hat
12390001731	先賢石盔	Sage's Stone Helm
12390001731	先贤石盔	Sage's Stone Helm
12390001732	黑猫耳朵	Black Cat Ears
12390001732	黑貓耳朵	Black Cat Ears
12390001733	急需治疗	Urgent Treatment Needed
12390001733	急需治療	Urgent Treatment Needed
12390001734	独眼龙眼罩	Eye Patch
12390001734	獨眼龍眼罩	Eye Patch
12390001735	旋轉眼鏡	Spinning Eyes
12390001735	旋转眼镜	Spinning Eyes
12390001736	笑脸面具	Smiling Mask
12390001736	笑臉面具	Smiling Mask
12390001737	紅暈	Blush
12390001737	红晕	Blush
12390001738	紅色小髮帶	Small Ribbons
12390001738	红色小发带	Small Ribbons
12390001739	愛心眼罩	Lovely Sleep Mask
12390001739	爱心眼罩	Lovely Sleep Mask
12390001740	小丑鼻子	Clown Nose
12390001741	甜甜糖果	Sweet Candy
12390001742	草叶	Romantic Leaf
12390001742	草葉	Romantic Leaf
12390001743	幸运草	Lucky Clover
12390001743	幸運草	Lucky Clover
12390001744	吐司	Toast
12390001745	小孩奶嘴	Baby Pacifier
12390001746	紅色面罩	Flame Scarf
12390001746	红色面罩	Flame Scarf
12390001747	毛毛尾巴	Fluffy Tail
12390001748	老旧电视机	Old Television
12390001748	老舊電視機	Old Television
12390001749	伟大航路	Grand Voyage
12390001749	偉大航路	Grand Voyage
12390001750	学生书包	Student Backpack
12390001750	學生書包	Student Backpack
12390001751	天使发圈	Angel Wing
12390001751	天使髮圈	Angel Wing
12390001752	黃金帽	Golden Headwear
12390001752	黄金帽	Golden Headwear
12390001753	恶魔发圈	Evil Wing
12390001753	惡魔髮圈	Evil Wing
12390001754	兽人英雄的头具	Helmet of Orc Hero
12390001754	獸人英雄的頭具	Helmet of Orc Hero
12390001755	后冠	Tiara
12390001756	領導者頭箍	Grand Circlet
12390001756	领导者头箍	Grand Circlet
12390001757	海盗船长帽	Pirate Captain's Hat
12390001757	海盜船長帽	Pirate Captain's Hat
12390001758	黃金冠冕	Golden Coronet
12390001758	黄金冠冕	Golden Coronet
12390001759	王冠	Crown
12390001760	人面狮身帽	Sphinx Hat
12390001760	人面獅身帽	Sphinx Hat
12390001761	尖角发圈	Pointed Horn Headband
12390001761	尖角髮圈	Pointed Horn Headband
12390001762	首領冠冕	Jewel Crown
12390001762	首领冠冕	Jewel Crown
12390001763	山羊头盔	Majestic Goat
12390001763	山羊頭盔	Majestic Goat
12390001764	月夜猫帽子	Moonlight Flower Hat
12390001764	月夜貓帽子	Moonlight Flower Hat
12390001765	吸血鬼发夹	Vampire Hairpin
12390001765	吸血鬼髮夾	Vampire Hairpin
12390001766	海星发夹	Starfish Hairpin
12390001766	海星髮夾	Starfish Hairpin
12390001767	太阳神头盔	Sun God Helmet
12390001767	太陽神頭盔	Sun God Helmet
12390001768	粪便帽	Poo Poo Hat
12390001768	糞便帽	Poo Poo Hat
12390001769	狐狸假面	Fox Mask
12390001770	暗夜荆棘	Night Thorn
12390001770	暗夜荊棘	Night Thorn
12390001771	符文之冕	Rune Crown
12390001772	整人面具	Prank Mask
12390001773	哥布灵首领假面	Goblin Leader Mask
12390001773	哥布靈首領假面	Goblin Leader Mask
12390001774	恶魔翅膀耳饰	Evil Wing Ears
12390001774	惡魔翅膀耳飾	Evil Wing Ears
12390001775	天使翅膀耳飾	Angel Wing Earrings
12390001775	天使翅膀耳饰	Angel Wing Earrings
12390001776	愤怒的嘴	Angry Snarl
12390001776	憤怒的嘴	Angry Snarl
12390001777	烟斗	Pipe
12390001777	菸斗	Pipe
12390001778	叼在嘴裡的魚	Fish In Mouth
12390001778	叼在嘴里的鱼	Fish In Mouth
12390001779	繁花精灵	Blossom Sprite
12390001779	繁花精靈	Blossom Sprite
12390001780	时空之轮	Wheel of Time
12390001780	時空之輪	Wheel of Time
12390001781	死神鐮刀	Reaper's Scythe
12390001781	死神镰刀	Reaper's Scythe
12390001782	疯狂兔宝宝	Crazy Baby Bunny
12390001782	瘋狂兔寶寶	Crazy Baby Bunny
12390001783	疯兔家族气球	Crazy Bunny Family Balloon
12390001783	瘋兔家族氣球	Crazy Bunny Family Balloon
12390001784	巨型蝴蝶結圍巾	Giant Bow Scarf
12390001784	巨型蝴蝶结围巾	Giant Bow Scarf
12390001785	灼世之羽·金乌	World-Scorching Feather · Golden Crow
12390001785	灼世之羽ᆞ金烏	World-Scorching Feather · Golden Crow
12390001786	灼世之羽	Worldscorch Feather
12390001787	灼世之羽·焚翼	Worldscorch Feather: Burning Wings
12390001787	灼世之羽ᆞ焚翼	Worldscorch Feather: Burning Wings
12390001788	灼世之羽·烬灰	Worldscorch Feather: Ashen Embers
12390001788	灼世之羽ᆞ燼灰	Worldscorch Feather: Ashen Embers
12390001789	甜心茶会·舒芙蕾	Sweetheart Tea Party · Soufflé
12390001789	甜心茶會ᆞ舒芙蕾	Sweetheart Tea Party · Soufflé
12390001790	甜心茶会	Sweetheart Tea Party
12390001790	甜心茶會	Sweetheart Tea Party
12390001791	邦尼的午后	Bonnie's Afternoon
12390001791	邦尼的午後	Bonnie's Afternoon
12390001792	猫咪尾巴	Kitty Tail
12390001792	貓咪尾巴	Kitty Tail
12390001793	草莓馬卡龍	Strawberry Macaron
12390001793	草莓马卡龙	Strawberry Macaron
12390001794	甜蜜圆舞曲	Sweet Waltz
12390001794	甜蜜圓舞曲	Sweet Waltz
12390001795	暗夜审判·假面	Night Judgment·Mask
12390001795	暗夜審判ᆞ假面	Night Judgment·Mask
12390001796	暗夜审判-假面	Night Judgment - Mask
12390001796	暗夜審判－假面	Night Judgment - Mask
12390001797	暗夜审判	Night Judgment
12390001797	暗夜審判	Night Judgment
12390001798	銀翼聖約－秩序	Silverwing Covenant - Order
12390001798	银翼圣约-秩序	Silverwing Covenant - Order
12390001799	銀翼聖約－戒律	Silverwing Covenant - Discipline
12390001799	银翼圣约-戒律	Silverwing Covenant - Discipline
12390001800	九色梵音·风华	Nine-Tone Mantra · Elegance
12390001800	九色梵音ᆞ風華	Nine-Tone Mantra · Elegance
12390001801	銀翼聖約	Silverwing Covenant
12390001801	银翼圣约	Silverwing Covenant
12390001802	九色梵音	Nine-Tone Mantra
12390001803	銀翼聖約－真理	Silverwing Covenant - Truth
12390001803	银翼圣约-真理	Silverwing Covenant - Truth
12390001804	銀翼聖約－禱言	Silverwing Covenant - Prayer
12390001804	银翼圣约-祷言	Silverwing Covenant - Prayer
12390001805	九色梵音·霓裳	Nine-Tone Mantra: Rainbow Raiment
12390001805	九色梵音ᆞ霓裳	Nine-Tone Mantra: Rainbow Raiment
12390001806	九色梵音·飞天	Nine-Hued Sacred Melody · Apsara
12390001806	九色梵音ᆞ飛天	Nine-Hued Sacred Melody · Apsara
12390001807	晚宴之約ᆞ輕盈	Banquet Invitation · Light
12390001807	晚宴之约·轻盈	Banquet Invitation · Light
12390001808	晚宴之約	Dinner Date
12390001808	晚宴之约	Dinner Date
12390001809	午后漫步·暖阳	Afternoon Stroll · Warm Sunshine
12390001809	午後漫步ᆞ暖陽	Afternoon Stroll · Warm Sunshine
12390001810	午后漫步	Afternoon Stroll
12390001810	午後漫步	Afternoon Stroll
12390001811	学园日记·课间	Academy Journal: Recess
12390001811	學園日記ᆞ課間	Academy Journal: Recess
12390001812	学园日记	Academy Journal
12390001812	學園日記	Academy Journal
12390001813	游戏的主人	Master of the Game
12390001813	遊戲的主人	Master of the Game
12390001814	喵喵出擊	Kitty's Charge
12390001814	喵喵的出击	Kitty's Charge
10110200000	天使之賜福	Blessing
10110200000	天使之赐福	Blessing
10110200001	天使之光	Signum Crucis
10110200002	光猎	Ruwach
10110200002	光獵	Ruwach
10110200003	治愈术	Heal
10110200003	治癒術	Heal
10110200004	加速术	Increase AGI
10110200004	加速術	Increase AGI
10110200005	神圣之光	Holy Light
10110200005	神聖之光	Holy Light
10110200006	天使之击	Angel Strike
10110200006	天使之擊	Angel Strike
10110200007	天使之护	Angel Protection
10110200007	天使之護	Angel Protection
10110200008	治疗术	Healing Skills
10110200008	治療術	Healing Skills
10110200009	天使之障壁	Angelus
10110200010	緩速術	Slow
10110200010	缓速术	Slow
10110200011	光之障壁	Pneuma
10110200012	临时复活术	Temporary Revive
10110200012	臨時復活術	Temporary Revive
10110200013	鈍器熟練度	Mace Mastery
10110200013	钝器熟练度	Mace Mastery
10110200014	天使之怒	Lex Aeterna
10110200015	禅心	Increase SP Recovery
10110200015	禪心	Increase SP Recovery
10110200016	痊愈术	Recovery
10110200016	痊癒術	Recovery
10110200017	圣母之颂歌	Magnificat
10110200017	聖母之頌歌	Magnificat
10110200018	幸运之颂歌	Gloria
10110200018	幸運之頌歌	Gloria
10110200019	十字驅魔攻擊	Magnus Exorcismus
10110200019	十字驱魔攻击	Magnus Exorcismus
10110200020	复活术	Resurrection
10110200020	復活術	Resurrection
10110200021	撒水祈福	Aspersio
10110200022	光耀之堂	Sanctuary
10110200023	霸邪之阵	Kyrie Eleison
10110200023	霸邪之陣	Kyrie Eleison
10110200024	轉生術	Turn Undead
10110200024	转生术	Turn Undead
10110200025	神威祈福	Impositio Manus
10110200026	沉默之术	Lex Divina
10110200026	沉默之術	Lex Divina
10110200027	暗之障壁	Safety Wall
10110200028	牺牲祈福	Suffragium
10110200028	犧牲祈福	Suffragium
10110200029	圣母之祈福	Assumptio
10110200029	聖母之祈福	Assumptio
10110200030	冥想	Meditatio
10110200031	魔力减免	Mana Recharge
10110200031	魔力減免	Mana Recharge
10110200032	神圣殿堂	Basilica
10110200032	神聖殿堂	Basilica
10110200033	秘术精通	Arcane Mastery
10110200033	秘術精通	Arcane Mastery
10110200034	耀光轉生	Radiant Resurrection
10110200034	耀光转生	Radiant Resurrection
10110200035	圣十字惩戒	Holy Cross Judgment
10110200035	聖十字懲戒	Holy Cross Judgment
10110200036	轉生術【額外觸發】	Turn Undead【Extra Trigger】
10110200036	转生术【额外触发】	Turn Undead【Extra Trigger】
10110200037	耀光圣庭	Radiant Sanctuary
10110200037	耀光聖庭	Radiant Sanctuary
10110200038	神光打击	Divine Light Strike
10110200038	神光打擊	Divine Light Strike
10110200039	圣光钝击	Holy Light Bludgeon
10110200039	聖光鈍擊	Holy Light Bludgeon
10110200040	圣光转生	Holy Light Resurrection
10110200040	聖光轉生	Holy Light Resurrection
10110200041	净耀光环	Purifying Light Orbit
10110200041	淨耀光環	Purifying Light Orbit
10110200042	神圣治愈	Sacred Divine Light
10110200042	神聖治癒	Sacred Divine Light
10110200043	高阶治愈术	Highness Heal
10110200043	高階治癒術	Highness Heal
10110200044	羔羊歌頌	Hymn of the Lamb
10110200044	羔羊颂歌	Hymn of the Lamb
10110200045	灿烂圣光	Radiant Holy Light
10110200045	燦爛聖光	Radiant Holy Light
10110200046	圣洁百合	Sacred Lily
10110200046	聖潔百合	Sacred Lily
10110200047	圣灵降临祈祷	Prayer of the Holy Spirit
10110200047	聖靈降臨祈禱	Prayer of the Holy Spirit
10110200048	感恩祈祷	Prayer of Gratitude
10110200048	感恩祈禱	Prayer of Gratitude
10110200049	树灵加护	Wood Spirit's Blessing
10110200049	樹靈加護	Wood Spirit's Blessing
10110200050	重生	Respawn
10110200051	审判	Judex
10110200051	審判	Judex
10110200052	謳歌	Holy Reckoning
10110200052	讴歌	Holy Reckoning
10110200053	二道圣光	Double Holy Light
10110200053	二道聖光	Double Holy Light
10110200054	圣灵涌现	Holy Spirit Surge
10110200054	聖靈湧現	Holy Spirit Surge
10110200055	天罚	Divine Retribution
10110200055	天罰	Divine Retribution
10110200056	圣痕	Holy Stigma
10110200056	聖痕	Holy Stigma
10110200057	奉献颂歌	Hymn of Devotion
10110200057	奉獻頌歌	Hymn of Devotion
10110200058	二道圣光：物理	Double Holy Light: Physical
10110200058	二道聖光：物理	Double Holy Light: Physical
10110200059	二道圣光：魔法	Double Holy Light: Magic
10110200059	二道聖光：魔法	Double Holy Light: Magic
10110200060	打开	Open
10110200060	打開	Open
10110200061	低价买进	Discount
10110200061	低價買進	Discount
10110200062	高价卖出	Overcharge
10110200062	高價賣出	Overcharge
10110200063	手推車使用	Cart Use
10110200063	手推车使用	Cart Use
10110200064	改装手推车	Cart Remodeling
10110200064	改裝手推車	Cart Remodeling
10110200065	露天商店	Vending
10110200066	手推車攻擊	Cart Revolution
10110200066	手推车攻击	Cart Revolution
10110200067	金錢攻擊	Mammonite
10110200067	金钱攻击	Mammonite
10110200068	大声呐喊	Crazy Uproar
10110200068	大聲吶喊	Crazy Uproar
10110200069	金錢投擲	Money Throw
10110200069	金钱投掷	Money Throw
10110200070	火药投掷	Gunpowder Throw
10110200070	火藥投擲	Gunpowder Throw
10110200071	武器保有	Hilt Binding
10110200073	強化火屬性	Skin Tempering
10110200073	强化火属性	Skin Tempering
10110200074	大地之击	Hammer Fall
10110200074	大地之擊	Hammer Fall
10110200075	速度激发	Adrenaline Rush
10110200075	速度激發	Adrenaline Rush
10110200076	凶砍	Power Thrust
10110200077	武器值最大化	Maximize Power
10110200078	大地之刺	Earth Spike
10110200079	手推車加速	Cart Boost
10110200079	手推车加速	Cart Boost
10110200080	手推車終結技	High Speed Cart Ram
10110200080	手推车终结技	High Speed Cart Ram
10110200081	手推車終結技－強化	High Speed Cart Ram - Enhance
10110200081	手推车终结技-强化	High Speed Cart Ram - Enhance
10110200082	野蛮凶砍	Melt Down
10110200082	野蠻凶砍	Melt Down
10110200083	凶砍最大值	Maximum Over Thrust
10110200084	爆裂一击	Explosive Strike
10110200084	爆裂一擊	Explosive Strike
10110200085	手推車衝撞	Cart Clash
10110200085	手推车冲撞	Cart Clash
10110200086	火和大地研究	Fire and Earth Research
10110200086	火與大地研究	Fire and Earth Research
10110200087	斧头修炼	Axe Mastery
10110200087	斧頭鍛鍊	Axe Mastery
10110200088	应急处理	Emergency Treatment
10110200088	應急處理	Emergency Treatment
10110200089	战斧飓风	Axe Tornado
10110200089	戰斧颶風	Axe Tornado
10110200090	战斧飓风-强化	Axe Tornado - Enhance
10110200090	戰斧颶風－強化	Axe Tornado - Enhance
10110200091	挥斧重击	Heavy Axe Smash
10110200091	揮斧重擊	Heavy Axe Smash
10110200092	回旋飞斧	Spinning Axe
10110200092	迴旋斧	Spinning Axe
10110200093	強力衝擊	High-Energy Impact
10110200093	高能冲击	High-Energy Impact
10110200094	孤月斩轮	Crescent Wheel
10110200094	孤月斬輪	Crescent Wheel
10110200095	魔导机甲驾驶执照	Madogear Pilot
10110200095	魔導機甲執照	Madogear Pilot
10110200096	喷射飞拳	Knuckle Boost
10110200096	噴射飛拳	Knuckle Boost
10110200097	加农炮	Arm Cannon
10110200097	加農砲	Arm Cannon
10110200098	加农炮-强化	Arm Cannon - Enhance
10110200098	加農砲－強化	Arm Cannon - Enhance
10110200099	火神炮	Vulcan Arm
10110200099	火神砲	Vulcan Arm
10110200100	冲击锥	Pile Bunker
10110200100	衝擊椎	Pile Bunker
10110200101	火焰喷射	Flame Launcher
10110200101	火焰噴射器	Flame Launcher
10110200102	高速推进	High-Speed Propulsion
10110200103	能量释放	Energy Release
10110200103	能量釋放	Energy Release
10110200104	高空轟炸	Aerial Bombardment
10110200104	高空轰炸	Aerial Bombardment
10110200105	高能脈衝	High-Energy Pulse
10110200105	高能脉冲	High-Energy Pulse
10110200106	动能战斧装配	Kinetic Battle Axe Assembly
10110200106	動能戰斧裝配	Kinetic Battle Axe Assembly
10110200107	高速移动	Fast Travel
10110200108	取回仪器	Retrieve Instrument
10110200108	取回儀器	Retrieve Instrument
10110200109	騎乘	Ride
10110200109	骑乘	Ride
10110200118	投入火種	Throw Live Coal
10110200118	投火种	Throw Live Coal
10110200119	投助燃剂	Throw Accelerant
10110200119	投擲助燃劑	Throw Accelerant
10110200120	採集火種	Collect Live Coals
10110200120	采集火种	Collect Live Coals
10110200121	怪物果	Monster Fruit
10110200121	魔物果	Monster Fruit
10110200122	原初怪物果	Primal Monster Fruit
10110200122	原初魔物果	Primal Monster Fruit
10110200123	波波利分裂	Poporing Split
10110200124	土波利分裂	Earth Poring Split
10110200125	冰波利分裂	Marin Split
10110200126	地鼠传送	Mole Teleport
10110200126	地鼠傳送	Mole Teleport
10110200127	採集	Collect
10110200127	采集	Collect
10110200128	取消变身	Cancel Transformation
10110200128	取消變身	Cancel Transformation
10110200130	变大	Enlarge
10110200130	變大	Enlarge
10110200131	变小	Shrink
10110200131	縮小	Shrink
10110200132	牵红线	Link with Red Thread
10110200132	牽紅線	Link with Red Thread
10110200133	狂击	Bash
10110200133	狂擊	Bash
10110200134	雷鳴術	Jupitel Thunder
10110200134	雷鸣术	Jupitel Thunder
10110200135	普通攻击	Basic Attack
10110200135	普通攻擊	Basic Attack
10110200136	扣SP	SP Reduction
10110200136	扣蓝	SP Reduction
10110200137	伪装	Disguise
10110200137	偽裝	Disguise
10110200138	怒爆	Magnum Break
10110200139	施毒	Envenom
10110200140	火狩	Sight
10110200141	潛擊	Sightless Mind
10110200141	潜击	Sightless Mind
10110200142	魔法吸收-卡片	Magic Absorption - Card
10110200142	魔法吸收－卡片	Magic Absorption - Card
10110200143	溅射-卡片	Splash - Card
10110200143	濺射－卡片	Splash - Card
10110200144	魔法反射-卡片	Magic Reflect - Card
10110200144	魔法反射－卡片	Magic Reflect - Card
10110200145	物理反射-卡片	Physical Reflect - Card
10110200145	物理反射－卡片	Physical Reflect - Card
10110200146	矛系使用熟練度	Spear Mastery
10110200146	矛系熟练度	Spear Mastery
10110200147	矛攻速增加	Increased Spear Attack Speed
10110200148	騎乘術	Riding
10110200148	骑乘术	Riding
10110200149	自动防御	Auto Guard
10110200149	自動防禦	Auto Guard
10110200150	盾击	Smite
10110200150	盾擊	Smite
10110200151	反射盾	Shield Reflect
10110200152	圣十字攻击	Holy Cross
10110200152	聖十字攻擊	Holy Cross
10110200153	圣十字审判	Grand Cross
10110200153	聖十字審判	Grand Cross
10110200154	牺牲	Devotion
10110200154	犧牲	Devotion
10110200155	神佑之光	Providence
10110200155	神祐之光	Providence
10110200156	光之盾	Defending Aura
10110200157	退縮	Recoil
10110200157	退缩	Recoil
10110200158	信任	Faith
10110200159	回旋盾击	Shield Boomerang
10110200159	迴旋盾擊	Shield Boomerang
10110200160	反射盾反击	Shield Reflect Auto Counter
10110200160	反射盾反擊	Shield Reflect Auto Counter
10110200161	退縮反擊	Recoil Auto Counter
10110200161	退缩反击	Recoil Auto Counter
10110200162	怪物抵御	Monster Resistance
10110200162	魔物抵禦	Monster Resistance
10110200163	十字爆破	Cross Blast
10110200164	十字突刺	Cross Thrust
10110200165	絕對審判	Absolute Judex
10110200165	绝对审判	Absolute Judex
10110200166	回旋盾连击	Shield Boomerang Combo
10110200166	迴旋盾連擊	Shield Boomerang Combo
10110200167	双倍威压	Double Pressure
10110200167	雙倍威壓	Double Pressure
10110200168	神之威压	Gloria Domini
10110200168	神之威壓	Gloria Domini
10110200169	神之惩戒	Divine Punishment
10110200169	神之懲戒	Divine Punishment
10110200170	连续盾追击	Shield Pursuit
10110200170	連續盾追擊	Shield Pursuit
10110200171	连续盾击	Rapid Smiting
10110200171	連續盾擊	Rapid Smiting
10110200172	捨命攻擊	Sacrifice
10110200172	舍命攻击	Sacrifice
10110200173	圣音	Battle Chant
10110200173	聖音	Battle Chant
10110200174	生命源泉	Fountain of Life
10110200175	光之紋章	Crest of Light
10110200175	光之纹章	Crest of Light
10110200176	进阶怪物抵御	Advanced Monster Resistance
10110200176	進階怪物抵禦	Advanced Monster Resistance
10110200177	驅逐點刺	Banishing Thrust
10110200177	驱逐点刺	Banishing Thrust
10110200178	重炮枪击	Heavy Cannon Shot
10110200178	重砲槍擊	Heavy Cannon Shot
10110200179	精准穿刺	Pinpoint Attack
10110200179	精準穿刺	Pinpoint Attack
10110200180	枪阵-血十字	Spear Formation - Blood Cross
10110200180	槍陣-血十字	Spear Formation - Blood Cross
10110200181	枪阵-圆月	Moon Slasher
10110200181	槍陣-圓月	Moon Slasher
10110200182	蓄势待发	Sniping Shot
10110200182	蓄勢待發	Sniping Shot
10110200183	黃昏之光	Twilight
10110200183	黄昏之光	Twilight
10110200184	盾牌压制	Shield Press
10110200184	盾牌壓制	Shield Press
10110200185	荆棘光环	Reflect Damage
10110200185	荊棘光環	Reflect Damage
10110200186	盾牌咏唱	Shield Cast
10110200186	盾牌詠唱	Shield Cast
10110200187	圣光压制	Holy Light Suppression
10110200187	聖光壓制	Holy Light Suppression
10110200188	大地猛击	Earth Drive
10110200188	大地猛擊	Earth Drive
10110200189	王之守护	King's Grace
10110200189	王之守護	King's Grace
10110200190	架盾防御	Shield Defense
10110200190	架盾防禦	Shield Defense
10110200191	联合	Union
10110200191	聯合	Union
10110200192	虔誠	Piety
10110200192	虔诚	Piety
10110200193	圣灵感应	Divine Insight
10110200193	聖靈感應	Divine Insight
10110200194	荆棘	Thorn
10110200194	荊棘	Thorn
10110200195	护盾破碎	Shield Break
10110200195	護盾破碎	Shield Break
10110200196	荆棘光环被动	Reflect Damage Passive
10110200196	荊棘光環被動	Reflect Damage Passive
10110200197	長槍反擊	Spear Auto Counter
10110200197	长枪反击	Spear Auto Counter
10110200198	蓄势一击	Charge Up Strike
10110200198	蓄勢一擊	Charge Up Strike
10110200199	盾击强化	Shield Bash Enhance
10110200199	盾擊強化	Shield Bash Enhance
10110200200	无畏冲锋	Fearless Charge
10110200200	無畏衝鋒	Fearless Charge
10110200201	翻天覆地	Earthshaker
10110200202	枪阵-旋月	Spear Formation - Crescent Moon
10110200202	槍陣-旋月	Spear Formation - Crescent Moon
10110200203	強力盾擊	Powerful Shield Bash
10110200203	强力盾击	Powerful Shield Bash
10110200204	超強力盾擊	Ultra Shield Bash
10110200204	超强力盾击	Ultra Shield Bash
10110200205	高阶怪物抵御	Advanced Monster Resistance
10110200205	高階怪物抵禦	Advanced Monster Resistance
10110200206	盾牌格挡	Shield Block
10110200206	盾牌格擋	Shield Block
10110200207	盾牌反击	Shield Auto Counter
10110200207	盾牌反擊	Shield Auto Counter
10110200208	強力反擊	Powerful Auto Counter
10110200208	强力反击	Powerful Auto Counter
10110200209	格挡受击	Block Impact
10110200209	格擋受擊	Block Impact
10110200210	测试技能@{1}	Test Skill@{1}
10110200210	測試技能@{1}	Test Skill@{1}
10110200211	测试技能@{1}*	Test Skill@{1}*
10110200211	測試技能@{1}*	Test Skill@{1}*
10110200212	立体空间	Spatial Dimension
10110200212	立體空間	Spatial Dimension
10110200213	弹射空间	Ricochet Dimension
10110200213	彈射空間	Ricochet Dimension
10110200214	火焰冲击	Flame Surge
10110200214	火焰衝擊	Flame Surge
10110200215	冰冻空间	Freezing Dimension
10110200215	冰凍空間	Freezing Dimension
10110200216	石化空間（未投放）	Petrify Dimension (Unreleased)
10110200216	石化空间（未投放）	Petrify Dimension (Unreleased)
10110200217	睡眠空間	Sleep Dimension
10110200217	睡眠空间	Sleep Dimension
10110200218	沉默空間	Silence Dimension
10110200218	沉默空间	Silence Dimension
10110200219	定身空間	Immobilize Dimension
10110200219	定身空间	Immobilize Dimension
10110200220	黑暗空間	Darkness Dimension
10110200220	黑暗空间	Darkness Dimension
10110200221	捕猎陷阱	Hunting Trap
10110200221	捕獵陷阱	Hunting Trap
10110200222	火焰空間（未投放）	Flame Dimension (Unreleased)
10110200222	火焰空间（未投放）	Flame Dimension (Unreleased)
10110200223	迟滞空间	Slow Dimension
10110200223	遲滯空間	Slow Dimension
10110200224	猎鹰巡查	Falcon Patrol
10110200224	獵鷹巡查	Falcon Patrol
10110200225	创造自动贩卖车	Create Vending Cart
10110200225	創造自動販賣車	Create Vending Cart
10110200226	创造救护车	Create Ambulance
10110200226	創造救護車	Create Ambulance
10110200227	伪装空间（未投放）	Cloaking Dimension (Unreleased)
10110200227	偽裝空間（未投放）	Cloaking Dimension (Unreleased)
10110200228	刺客普攻	Assassin Normal Attack
10110200229	暗影步	Shadow Step
10110200230	心灵震波	Soul Destroyer
10110200230	心靈震波	Soul Destroyer
10110200231	伪装强化	Enhance Cloaking
10110200231	偽裝強化	Enhance Cloaking
10110200232	黑暗瞬間	Meteor Assault
10110200232	黑暗瞬间	Meteor Assault
10110200233	回旋刀刃	Rolling Cutter
10110200233	迴旋刀刃	Rolling Cutter
10110200234	黑色幻影	Dark Illusion
10110200235	恶灵威胁	Evil Spirit Threat
10110200235	惡靈威脅	Evil Spirit Threat
10110200236	音速切割	Sonic Slash
10110200237	裂空冲击	Rift Impact
10110200237	裂空衝擊	Rift Impact
10110200238	斩劈挥砍	Cleaving Slash
10110200238	斬劈揮砍	Cleaving Slash
10110200239	幻象突刺	Phantom Thrust
10110200240	百矛穿刺	Rain of Spears
10110200241	法师普攻	Mage Normal Attack
10110200241	法師普攻	Mage Normal Attack
10110200242	元素漩涡	Tetra Vortex
10110200242	元素漩渦	Tetra Vortex
10110200243	破坏彗星	Comet
10110200243	破壞彗星	Comet
10110200244	霹雳雷霆	Thunderclap
10110200244	霹靂雷霆	Thunderclap
10110200245	深紅隕石	Crimson Rock
10110200245	深红陨石	Crimson Rock
10110200246	毀滅烈焰（廢棄）	Destructive Flame (Deprecated)
10110200246	毁灭烈焰（废弃）	Destructive Flame (Deprecated)
10110200247	石化詛咒（廢棄）	Petrify Curse (Deprecated)
10110200247	石化诅咒（废弃）	Petrify Curse (Deprecated)
10110200248	霜冻爆破	Jack Frost
10110200248	霜凍爆破	Jack Frost
10110200249	冰雾	Ice Fog
10110200249	冰霧	Ice Fog
10110200250	大地扭曲	Earth Strain
10110200251	重力原野	Gravitation Field
10110200252	念力连击	Napalm Vulcan
10110200252	念力連擊	Napalm Vulcan
10110200253	牧师普攻	Priest Normal Attack
10110200253	祭司普攻	Priest Normal Attack
10110200254	圣灵降临祈祷(废弃)	Prayer of the Holy Spirit's Descent (Deprecated)
10110200254	聖靈降臨祈禱(廢棄)	Prayer of the Holy Spirit's Descent (Deprecated)
10110200255	圣痕(废弃)	Stigma (Deprecated)
10110200255	聖痕(廢棄)	Stigma (Deprecated)
10110200256	天罚(废弃)	Divine Retribution (Deprecated)
10110200256	天罰(廢棄)	Divine Retribution (Deprecated)
10110200257	謳歌(廢棄)	Holy Reckoning (Deprecated)
10110200257	讴歌(废弃)	Holy Reckoning (Deprecated)
10110200258	弓箭攻击	Arrow Attack
10110200258	弓箭攻擊	Arrow Attack
10110200259	冲锋箭	Charge Arrow
10110200259	衝鋒箭	Charge Arrow
10110200260	箭雨風暴	Arrow Storm
10110200260	箭雨风暴	Arrow Storm
10110200261	猎鹰寻敌	Detecting
10110200261	獵鷹尋敵	Detecting
10110200262	千星逐月	Myriad Stars Chase the Moon
10110200263	定位陷阱	Anklesnare
10110200264	強光陷阱	Flasher
10110200264	强光陷阱	Flasher
10110200265	瞄准射击	Focused Arrow Strike
10110200265	瞄準射擊	Focused Arrow Strike
10110200266	加农炮强化	Arm Cannon Enhance
10110200266	加農砲強化	Arm Cannon Enhance
10110200267	喷射飞拳（废弃）	Knuckle Boost (Deprecated)
10110200267	噴射飛拳（廢棄）	Knuckle Boost (Deprecated)
10110200268	极速回复	Tension Relax
10110200268	極速恢復	Tension Relax
10110200269	群体霸体	AoE Endure
10110200269	群體霸體	AoE Endure
10110200270	怒雷強擊	Lord of Vermilion
10110200270	怒雷强击	Lord of Vermilion
10110200271	暴風雪	Storm Gust
10110200271	暴风雪	Storm Gust
10110200272	風之步	Wind Walker
10110200272	风之步	Wind Walker
10110200273	猎鹰之眼	Falcon's Eye
10110200273	獵鷹之眼	Falcon's Eye
10110200274	后退回避	Back Slide
10110200274	後退迴避	Back Slide
10110200275	躲猫猫	Hide-and-Seek
10110200275	躲貓貓	Hide-and-Seek
10110200277	風遁－龍捲風	Wind Style - Tornado
10110200277	风遁-龙卷风	Wind Style - Tornado
10110200278	土遁-钻地	Earth Style - Burrow
10110200278	土遁－鑽地	Earth Style - Burrow
10110200279	体术-倍化术	Body Style - Expansion
10110200279	體術－倍化術	Body Style - Expansion
10110200280	火遁-火焰喷射	Fire Style - Flame Jet
10110200280	火遁－火焰噴射	Fire Style - Flame Jet
10110200281	雷遁-天雷滚滚	Lightning Style - Rolling Thunder
10110200281	雷遁－天雷滾滾	Lightning Style - Rolling Thunder
10110200282	風遁－季風	Wind Style - Monsoon
10110200282	风遁-季风	Wind Style - Monsoon
10110200283	嘴遁-季风	Talk Style - Monsoon
10110200283	嘴遁－季風	Talk Style - Monsoon
10110200284	雷遁-天雷滚滚（实际伤害）	Lightning Style - Rolling Thunder (Actual Damage)
10110200284	雷遁－天雷滾滾（實際傷害）	Lightning Style - Rolling Thunder (Actual Damage)
10110200285	倍化术判断	Expansion Jutsu Check
10110200285	倍化術判定	Expansion Jutsu Check
10110200286	身份牌复活	Identity Card Revive
10110200286	身份牌復活	Identity Card Revive
10110200287	波利魔术	Poring Magic
10110200287	波利魔術	Poring Magic
10110200288	演出結束	Performance End
10110200288	演出结束	Performance End
10110200289	第二个表情	Second Emotes
10110200289	第二個表情	Second Emotes
10110200290	飛行魔法	Flying Magic
10110200290	飞行魔法	Flying Magic
10110200291	传送魔法	Teleportation Magic
10110200291	傳送魔法	Teleportation Magic
10110200292	乒乓波利	Ping-Pong Poring
10110200292	桌球波利	Ping-Pong Poring
10110200293	波利回击	Poring Counterattack
10110200293	波利回擊	Poring Counterattack
10110200294	掷出车辆	Throw Vehicle
10110200294	擲出車輛	Throw Vehicle
10110200295	拾取	Pick up
10110200296	急速飛馳	High-Speed Driving
10110200296	急速飞驰	High-Speed Driving
10110200297	卸下	Remove
10110200298	車載隱形	Vehicle Stealth
10110200298	车载隐形	Vehicle Stealth
10110200299	車載護盾	Vehicle Shield
10110200299	车载护盾	Vehicle Shield
10110200300	車載爆破裝置	Vehicle Explosive Device
10110200300	车载爆破装置	Vehicle Explosive Device
10110200301	区域探测	Area Detection
10110200301	區域探測	Area Detection
10110200302	群体传送	Group Warp
10110200302	群體傳送	Group Warp
10110200303	冲锋	Charge
10110200303	衝鋒	Charge
10110200304	号令	Command
10110200304	號令	Command
10110200305	鏢車爆炸	Escort Cart Explosion
10110200305	镖车爆炸	Escort Cart Explosion
10110200306	交付烟花	Deliver Fireworks
10110200306	交付煙火	Deliver Fireworks
10110200307	灵魂爆发	Soul Expansion
10110200307	靈魂爆發	Soul Expansion
10110200308	白色监狱	White Imprison
10110200308	白色監獄	White Imprison
10110200309	強念傳動	Intense Telekinesis
10110200309	强念传动	Intense Telekinesis
10110200310	灵魂爆发(复制)	Soul Expansion (Copy)
10110200310	靈魂爆發（複製）	Soul Expansion (Copy)
10110200311	念力精通	Psychic Mastery
10110200312	引力冲击	Gravitational Impact
10110200312	引力衝擊	Gravitational Impact
10110200313	念动星体	Psychokinetic Astral Body
10110200313	念動星體	Psychokinetic Astral Body
10110200314	引力冲击(复制)	Gravitational Impact (Copy)
10110200314	引力衝擊（複製）	Gravitational Impact (Copy)
10110200315	設定藍方	Set Blue Team
10110200315	设置蓝方	Set Blue Team
10110200316	設定紅方	Set Red Team
10110200316	设置红方	Set Red Team
10110200317	光明庇护	Blessing of Light
10110200317	光明庇護	Blessing of Light
10110200318	黑暗詛咒	Dark Curse
10110200318	黑暗诅咒	Dark Curse
10110200319	祝福之風	Blessed Wind
10110200319	祝福之风	Blessed Wind
10110200320	裂地之撼	Earthshaking Rift
10110200321	烈焰風暴	Flame Storm
10110200321	烈焰风暴	Flame Storm
10110200322	怒浪浩劫	Raging Wave Cataclysm
10110200323	水晶囚牢	Crystal Prison
10110200324	夺命烈刃	Deadly Flame Blade
10110200324	奪命烈刃	Deadly Flame Blade
10110200325	水之庇佑	Blessing of Water
10110200326	火之綻放	Blooming Flame
10110200326	火之绽放	Blooming Flame
10110200327	普攻	Normal Attack
10110200328	龍裔獻祭	Dragonkin Sacrifice
10110200328	龙裔献祭	Dragonkin Sacrifice
10110200329	炽热龙息	Scorching Dragon Breath
10110200329	熾熱龍息	Scorching Dragon Breath
10110200330	火焰浪潮	Flame Wave
10110200331	熔金龍息	Molten Gold Dragon Breath
10110200331	熔金龙息	Molten Gold Dragon Breath
10110200332	貪婪之怒	Greed's Wrath
10110200332	贪婪之怒	Greed's Wrath
10110200333	火焰连击	Flame Combo
10110200333	火焰連擊	Flame Combo
10110200334	俯冲轰炸-AOE	Dive Bomb - AOE
10110200334	俯衝轟炸－範圍效果	Dive Bomb - AOE
10110200335	火墙-AOE	Fire Wall - AOE
10110200335	火牆－範圍效果	Fire Wall - AOE
10110200336	盾牌-AOE	Shield - AOE
10110200336	盾牌－範圍效果	Shield - AOE
10110200337	法夫納－跳撲	Fafnir - Leaping Pounce
10110200337	法夫纳-跳扑	Fafnir - Leaping Pounce
10110200338	通用-自杀	Generic - Suicide
10110200338	通用-自殺	Generic - Suicide
10110200339	小龍普攻@{1}	Young Dragon Normal Attack@{1}
10110200339	小龙普攻@{1}	Young Dragon Normal Attack@{1}
10110200340	小龍吐火球	Young Dragon Fireball
10110200340	小龙吐火球	Young Dragon Fireball
10110200341	小龍衝撞	Young Dragon Charge
10110200341	小龙冲撞	Young Dragon Charge
10110200342	盾牌出场掉血@{1}%	Shield Spawn HP Loss@{1}%
10110200342	盾牌出場損失@{1}%HP	Shield Spawn HP Loss@{1}%
10110200343	小龍隨機普攻殼	Young Dragon Random Normal Attack Wrapper
10110200343	小龙随机普攻壳	Young Dragon Random Normal Attack Wrapper
10110200344	法夫納-火牆機制跳邊上	Fafnir - Fire Wall Mechanic Jump to Edge
10110200344	法夫纳-火墙机制跳边上	Fafnir - Fire Wall Mechanic Jump to Edge
10110200345	法夫納－召喚小龍機制跳中	Fafnir - Summon Young Dragon Mechanic Jump to Center
10110200345	法夫纳-召唤小龙机制跳中	Fafnir - Summon Young Dragon Mechanic Jump to Center
10110200346	法夫納-全螢幕火焰機制跳中	Fafnir - Full-screen Flame Mechanic Jump to Center
10110200346	法夫纳-全屏火焰机制跳中	Fafnir - Full-screen Flame Mechanic Jump to Center
10110200347	法夫納－絕招機制跳中	Fafnir - Ultimate Mechanic Jump to Center
10110200347	法夫纳-终极大招机制跳中	Fafnir - Ultimate Mechanic Jump to Center
10110200348	通用-出场掉血@{1}%	Generic - Spawn HP Loss@{1}%
10110200348	通用-出場掉血@{1}%	Generic - Spawn HP Loss@{1}%
10110200349	法夫納-巨龍吼叫（表演）	Fafnir - Dragon Roar (Performance)
10110200349	法夫纳-巨龙吼叫（表演）	Fafnir - Dragon Roar (Performance)
10110200350	俯冲喷火-警示圈	Diving Fire Breath - Warning Zone
10110200350	俯衝噴火-警示圈	Diving Fire Breath - Warning Zone
10110200351	法夫納－召喚盾牌	Fafnir - Summon Shield
10110200351	法夫纳-召唤盾牌	Fafnir - Summon Shield
10110200352	火墙-出生	Firewall - Spawn
10110200352	火牆-出生	Firewall - Spawn
10110200353	盾牌-出生	Shield - Spawn
10110200353	盾牌－出生	Shield - Spawn
10110200354	法夫納－召喚小龍	Fafnir - Summon Whelps
10110200354	法夫纳-召唤小龙	Fafnir - Summon Whelps
10110200355	給大龍加技能增傷BUFF	Apply Skill DMG Buff to the Dragon
10110200355	给大龙加技能增伤buff	Apply Skill DMG Buff to the Dragon
10110200356	火圈AOE	Ring of Fire AOE
10110200356	火圈範圍效果	Ring of Fire AOE
10110200357	火圈警示圈	Ring of Fire Warning Zone
10110200357	火圈警示範圍	Ring of Fire Warning Zone
10110200358	矩形火焰aoe@{1}	Rectangular Flame AOE@{1}
10110200358	矩形火焰範圍攻擊@{1}	Rectangular Flame AOE@{1}
10110200359	巨龍吼叫（表演）矩形範圍攻擊	Dragon Roar (Performance) Rectangular AOE
10110200359	巨龙吼叫（表演）矩形aoe	Dragon Roar (Performance) Rectangular AOE
10110200360	火龍檢查是否有小龍存活	Fire Dragon - Check for Surviving Whelps
10110200360	火龙检查有没有小龙存活	Fire Dragon - Check for Surviving Whelps
10110200362	回血	HP Recovery
10110200363	擊殺	Kill
10110200363	杀人	Kill
10110200365	挣扎	Struggle
10110200365	掙扎	Struggle
10110200366	全屏火前置起飞	Full-screen Fire Setup - Take Off
10110200366	全螢幕火前置起飛	Full-screen Fire Setup - Take Off
10110200367	全屏火前置蓄力	Full-screen Fire Setup - Charge
10110200367	全螢幕火前置蓄力	Full-screen Fire Setup - Charge
10110200368	捡起鳞片	Pick Up Scale
10110200368	撿起鱗片	Pick Up Scale
10110200369	丟棄鱗片	Discard Scale
10110200369	丢弃鳞片	Discard Scale
10110200370	建造盾墙	Build Shield Wall
10110200370	建造盾牆	Build Shield Wall
10110200371	搬运炮弹	Carry Cannonball
10110200371	搬運砲彈	Carry Cannonball
10110200372	修理炮台	Repair Turret
10110200372	修理砲台	Repair Turret
10110200373	战斗npc炮台施法技能（外壳）	Combat NPC Turret Cast Skill (Shell)
10110200373	戰鬥NPC砲台施放技能（外殼）	Combat NPC Turret Cast Skill (Shell)
10110200374	乘坐炮台	Mount Turret
10110200374	乘坐砲台	Mount Turret
10110200375	开炮！	Fire!
10110200375	開砲！	Fire!
10110200376	离开炮台	Exit Turret
10110200376	離開砲台	Exit Turret
10110200377	填裝砲彈	Load Cannonball
10110200377	装填炮弹	Load Cannonball
10110200378	战斗npc炮台施法技能（单体）	Combat NPC Turret Cast Skill (ST)
10110200378	戰鬥NPC砲台施放技能（單體）	Combat NPC Turret Cast Skill (ST)
10110200379	战斗npc炮台施法技能（AOE）	Combat NPC Turret Cast Skill (AOE)
10110200379	戰鬥NPC砲台施放技能（範圍攻擊）	Combat NPC Turret Cast Skill (AOE)
10110200380	同步BUFF層數	Sync Buff Floors
10110200380	同步buff层数	Sync Buff Floors
10110200381	战斗npc冰炮台施法技能（单体）	Combat NPC Ice Turret Cast Skill (ST)
10110200381	戰鬥NPC冰砲台施放技能（單體）	Combat NPC Ice Turret Cast Skill (ST)
10110200382	战斗npc冰炮台施法技能（AOE）	Combat NPC Ice Turret Cast Skill (AOE)
10110200382	戰鬥NPC冰砲台施放技能（範圍攻擊）	Combat NPC Ice Turret Cast Skill (AOE)
10110200383	丟棄砲彈	Discard Cannonball
10110200383	丢弃炮弹	Discard Cannonball
10110200384	火炮同步状态特效	Fire Turret Sync Status Effect
10110200384	火砲同步狀態特效	Fire Turret Sync Status Effect
10110200385	切换冰炮	Switch to Ice Turret
10110200385	切換冰砲	Switch to Ice Turret
10110200386	切换火炮	Switch to Fire Turret
10110200386	切換火砲	Switch to Fire Turret
10110200387	喷射火焰	Flame Jet
10110200387	噴射火焰	Flame Jet
10110200388	刺骨寒冰	Bone-Chilling Frost
10110200389	连环闪电	Chain Lightning
10110200389	連環閃電	Chain Lightning
10110200390	賜福天使互動	Blessing Angel Interaction
10110200390	赐福天使交互	Blessing Angel Interaction
10110200391	落雷	Lightning Strike
10110200392	传递炸弹	Pass the Dynamite
10110200392	傳遞炸彈	Pass the Dynamite
10110200393	炸弹爆炸	Dynamite Explosion
10110200393	炸彈爆炸	Dynamite Explosion
10110200394	传递炸弹实际生效	Apply Pass Dynamite Effect
10110200394	傳遞炸彈實際生效	Apply Pass Dynamite Effect
10110200395	炎爆术	Pyroblast
10110200395	炎爆術	Pyroblast
10110200396	熔岩热浪	Lava Heat Wave
10110200396	熔岩熱浪	Lava Heat Wave
10110200397	破胆怒吼	Terrifying Roar
10110200397	破膽怒吼	Terrifying Roar
10110200398	刀刃旋風	Blade Whirlwind
10110200398	刀刃旋风	Blade Whirlwind
10110200399	旋刃打击	Spinning Blade Strike
10110200399	旋刃打擊	Spinning Blade Strike
10110200400	碎刃	Shatter Blade
10110200401	碎石击	Rock-Shattering Strike
10110200401	碎石擊	Rock-Shattering Strike
10110200402	石字斩	Stone Glyph Slash
10110200403	石化順劈	Petrify Cleave
10110200403	石化顺劈	Petrify Cleave
10110200404	石化迷雾	Petrify Mist
10110200404	石化迷霧	Petrify Mist
10110200405	沙暴	Sandstorm
10110200406	吞噬之舌	Devouring Tongue
10110200408	腐烂爆炸	Putrid Explosion
10110200408	腐爛爆炸	Putrid Explosion
10110200409	酸液喷射	Acid Spray
10110200409	酸液噴射	Acid Spray
10110200410	強力吸取	Powerful Drain
10110200410	强力吸取	Powerful Drain
10110200411	盗虫召唤	Summon Thief Bugs
10110200411	盜蟲召喚	Summon Thief Bugs
10110200412	狂暴	Berserk
10110200413	黃金蟲普攻－火	Golden Thief Bug Normal Attack - Fire
10110200413	黄金虫普攻-火	Golden Thief Bug Normal Attack - Fire
10110200414	兽人英雄普攻-地	Orc Hero Normal Attack - Earth
10110200414	獸人英雄普攻-地	Orc Hero Normal Attack - Earth
10110200415	蚁后普攻-地	Maya Normal Attack - Earth
10110200415	蟻后普攻-地	Maya Normal Attack - Earth
10110200416	皮里恩普攻-无	Phreeoni Normal Attack - Neutral
10110200416	皮里恩普攻-無	Phreeoni Normal Attack - Neutral
10110200417	高达AOE特效表现	Gundam AOE Visual Effect
10110200417	高達範圍攻擊特效表現	Gundam AOE Visual Effect
10110200418	天上落陨石	Meteorfall
10110200418	天上落隕石	Meteorfall
10110200419	跳跃	Lope
10110200420	跳跃@{1}	Lope@{1}
10110200438	攻击增幅	ATK Boost
10110200438	攻擊增幅	ATK Boost
10110200439	防御增幅	DEF Boost
10110200439	防禦增幅	DEF Boost
10110200440	冷却衰减	Cooldown Reduction
10110200440	冷卻衰減	Cooldown Reduction
10110200441	暴击增幅	CRIT Boost
10110200441	暴擊增幅	CRIT Boost
10110200442	移動速度增幅	Movement Speed Boost
10110200442	移速增幅	Movement Speed Boost
10110200443	生命恢復	HP Recovery
10110200443	血量回复	HP Recovery
10110200444	深淵磁石	Abyss Magnet
10110200444	深渊磁石	Abyss Magnet
10110200445	鎖鏈禁錮	Chain Bind
10110200445	锁链禁锢	Chain Bind
10110200446	噩夢魔盒	Nightmare Mystery Box
10110200446	噩梦魔盒	Nightmare Mystery Box
10110200447	浓缩墨鱼汁	Concentrated Squid Ink
10110200447	濃縮墨魚汁	Concentrated Squid Ink
10110200448	防御针剂	DEF Injection
10110200448	防禦針劑	DEF Injection
10110200449	狂暴針劑	Berserk Injection
10110200449	狂暴针剂	Berserk Injection
10110200450	粘稠机油	Viscous Machine Oil
10110200450	黏稠機油	Viscous Machine Oil
10110200451	压缩气罐	Compressed Gas Canister
10110200451	壓縮氣罐	Compressed Gas Canister
10110200452	黃銅護身符	Brass Talisman
10110200452	黄铜护身符	Brass Talisman
10110200453	虚弱	Weak
10110200453	虛弱	Weak
10110200454	所有玩家上特效	Apply Effect to All Players
10110200509	水母远程攻击	Jellyfish Ranged Attack
10110200509	水母遠距攻擊	Jellyfish Ranged Attack
10110200510	水母出生	Jellyfish Spawn
10110200511	音律幼灵攻击	Melody Sprite Attack
10110200511	音律幼靈攻擊	Melody Sprite Attack
10110200512	音律幼灵出生	Melody Sprite Spawn
10110200512	音律幼靈出生	Melody Sprite Spawn
10110200513	共鳴貝簇攻擊	Resonant Shell Cluster Attack
10110200513	共鸣贝簇攻击	Resonant Shell Cluster Attack
10110200514	共鳴貝簇出生	Resonant Shell Cluster Spawn
10110200514	共鸣贝簇出生	Resonant Shell Cluster Spawn
10110200515	捕猎者冲锋	Hunter Charge
10110200515	捕獵者衝鋒	Hunter Charge
10110200516	捕猎者挥砍	Hunter Slash
10110200516	捕獵者揮砍	Hunter Slash
10110200517	捕猎者旋转	Hunter Spin
10110200517	捕獵者旋轉	Hunter Spin
10110200518	捕猎者普攻	Hunter Normal Attack
10110200518	捕獵者普攻	Hunter Normal Attack
10110200519	捕猎者出生	Hunter Spawn
10110200519	捕獵者出生	Hunter Spawn
10110200520	捕猎者冲锋@{1}	Hunter Charge@{1}
10110200520	捕獵者衝鋒@{1}	Hunter Charge@{1}
10110200521	捕猎者大逃杀回旋	Hunter Battle Royale Spin
10110200521	捕獵者大逃殺迴旋	Hunter Battle Royale Spin
10110200522	捕猎者水遁	Hunter Water Escape
10110200522	捕獵者水遁	Hunter Water Escape
10110200559	捕猎者死亡	Hunter Death
10110200559	捕獵者死亡	Hunter Death
10110200561	捕猎者蓄力回旋	Hunter Charged Spin
10110200561	捕獵者蓄力迴旋	Hunter Charged Spin
10110200562	召唤飞艇怪物	Summon Airship Monsters
10110200562	召喚飛空艇魔物	Summon Airship Monsters
10110200563	召唤飞艇怪物-普通	Summon Airship Monsters-Normal
10110200563	召喚飛空艇魔物-普通	Summon Airship Monsters-Normal
10110200564	駕駛	Pilot
10110200564	驾驶	Pilot
10110200632	圣光轰击	Holy Light Strike
10110200632	聖光轟擊	Holy Light Strike
10110200633	雷霆坠击	Thunderfall
10110200633	雷霆墜擊	Thunderfall
10110200634	深冰封鎖	Deep Freeze
10110200634	深冰封锁	Deep Freeze
10110200635	变身龙卷风	Transform into Tornado
10110200635	變身龍捲風	Transform into Tornado
10110200636	周期爆炸-效果	Periodic Explosion - Effect
10110200636	週期爆炸－效果	Periodic Explosion - Effect
10110200637	巨大範圍治療	Massive Area Heal
10110200637	巨大范围治疗	Massive Area Heal
10110200638	减伤	DMG Reduction
10110200638	減傷	DMG Reduction
10110200639	攻击加成	ATK Boost
10110200639	攻擊加成	ATK Boost
10110200640	錘擊	Hammer Strike
10110200640	锤击	Hammer Strike
10110200641	震地	Earthquake
10110200642	旋風斬	Whirlwind
10110200642	旋风斩	Whirlwind
10110200643	群体加速	AoE Acceleration
10110200643	群體加速	AoE Acceleration
10110200644	裂地重击	Earth-Splitting Blow
10110200644	裂地重擊	Earth-Splitting Blow
10110200645	爆炎阵	Blazing Formation
10110200645	爆炎陣	Blazing Formation
10110200646	化身龍捲	Tornado Incarnation
10110200646	化身龙卷	Tornado Incarnation
10110200647	回魂环	Soul Recall Ring
10110200647	回魂環	Soul Recall Ring
10110200648	护身盾	Protective Shield
10110200648	護身盾	Protective Shield
10110200649	凝神剑	Focused Blade
10110200649	凝神劍	Focused Blade
10110200650	召唤机甲	Summon Madogear Pilot
10110200650	召喚機甲	Summon Madogear Pilot
10110200651	ID段尾	End of ID Section
10110200653	建造炮台	Build Turret
10110200653	建造砲台	Build Turret
10110200654	开炮	Fire Cannon
10110200654	開砲	Fire Cannon
10110200655	机甲维修	Madogear Pilot Repair
10110200655	機甲維修	Madogear Pilot Repair
10110200656	跳上城墙	Jump onto the Rampart
10110200656	跳上城牆	Jump onto the Rampart
10110200657	跳下城墙	Jump off the Rampart
10110200657	跳下城牆	Jump off the Rampart
10110200658	发射飞弹	Launch Missile
10110200658	發射飛彈	Launch Missile
10110200667	战斗命令	Battle Command
10110200667	戰鬥命令	Battle Command
10110200668	坚守荣耀	Defend the Glory
10110200668	堅守榮耀	Defend the Glory
10110200669	紧急呼叫	Emergency Call
10110200669	緊急召喚	Emergency Call
10110200680	鶚梟之眼	Owl's Eye
10110200680	鹗枭之眼	Owl's Eye
10110200681	苍鹰之眼	Vulture's Eye
10110200681	蒼鷹之眼	Vulture's Eye
10110200682	二连矢	Double Strafe
10110200682	二連矢	Double Strafe
10110200683	箭雨	Arrow Shower
10110200684	心神凝聚	Steady Focus
10110200685	馴鷹術	Falconry Mastery
10110200685	驯鹰术	Falconry Mastery
10110200686	閃電衝擊	Blitz Beat
10110200686	闪电冲击	Blitz Beat
10110200687	动物杀手	Beastbane
10110200687	動物殺手	Beastbane
10110200688	鋼製喙	Steel Crow
10110200688	钢制喙	Steel Crow
10110200689	爆散陷阱	Claymore Trap
10110200690	霜冻陷阱	Freezing Trap
10110200690	霜凍陷阱	Freezing Trap
10110200691	猎鹰突击	Falcon Assault
10110200691	獵鷹突擊	Falcon Assault
10110200692	狙杀瞄准	True Sight
10110200692	狙殺瞄準	True Sight
10110200693	銳利射擊	Sharp Shooting
10110200693	锐利射击	Sharp Shooting
10110200694	极速连击	Rapid Combo
10110200694	極速連擊	Rapid Combo
10110200695	连锁闪电	Chain Lightning
10110200695	連鎖閃電	Chain Lightning
10110200696	三连矢	Triple Strafe
10110200696	三連矢	Triple Strafe
10110200697	爆炸箭矢	Explosive Arrow
10110200698	猎鹰一击	Falcon Strike
10110200698	獵鷹一擊	Falcon Strike
10110200699	星陨箭雨	Meteor Arrow Shower
10110200699	星隕箭雨	Meteor Arrow Shower
10110200700	猎鹰冲刺	Falcon Rush
10110200700	獵鷹衝刺	Falcon Rush
10110200701	游侠的决心	Ranger's Resolve
10110200701	遊俠的決心	Ranger's Resolve
10110200702	微風恐懼	Fear Breeze
10110200702	微风恐惧	Fear Breeze
10110200703	瞄准射击（无限射击）	Focused Arrow Strike (Unlimited Shooting)
10110200703	瞄準射擊（無限射擊）	Focused Arrow Strike (Unlimited Shooting)
10110200704	无限射击	Unlimited Shooting
10110200704	無限射擊	Unlimited Shooting
10110200705	敏銳嗅覺	Keen Senses
10110200705	敏锐嗅觉	Keen Senses
10110200706	馴狼術	Wolf Taming
10110200706	驯狼术	Wolf Taming
10110200707	狼突击	Warg Strike
10110200707	狼突擊	Warg Strike
10110200708	狼吼	Warg Howl
10110200709	狼爪击	Warg Strike
10110200709	狼爪擊	Warg Strike
10110200710	狼牙	Wolf's Fang
10110200711	群狼之王	King of the Wargs
10110200712	狼狩猎	Warg Hunt
10110200712	狼狩獵	Warg Hunt
10110200713	強化狼狩獵	Enhance Warg Hunt
10110200713	强化狼狩猎	Enhance Warg Hunt
10110200714	狼咬	Warg Bite
10110200714	狼撕咬	Warg Bite
10110200715	疾狼术	Swift Warg
10110200715	疾狼術	Swift Warg
10110200716	狼跟班（狼突击）	Warg Companion (Warg Strike)
10110200716	狼跟班（狼突擊）	Warg Companion (Warg Strike)
10110200717	狼跟班（狼咬）	Warg Companion (Warg Bite)
10110200717	狼跟班（狼撕咬）	Warg Companion (Warg Bite)
10110200718	狼狩猎（近）	Warg Hunt (Melee)
10110200718	狼狩獵（近）	Warg Hunt (Melee)
10110200719	強化狼狩獵（近）	Enhance Warg Hunt (Melee)
10110200719	强化狼狩猎（近）	Enhance Warg Hunt (Melee)
10110200720	狼狩猎（远）	Warg Hunt (Ranged)
10110200720	狼狩獵（遠）	Warg Hunt (Ranged)
10110200721	強化狼狩獵（遠）	Enhance Warg Hunt (Ranged)
10110200721	强化狼狩猎（远）	Enhance Warg Hunt (Ranged)
10110200722	天地树叶	Yggdrasil Leaf
10110200722	天地樹葉子	Yggdrasil Leaf
10110200723	脫離卡死	Unstuck
10110200723	脱离卡死	Unstuck
10110200734	寻宝	Dig
10110200734	尋寶	Dig
10110200735	挖矿	Mining
10110200735	採礦	Mining
10110200736	伐木	Logging
10110200737	对话	Talk
10110200737	對話	Talk
10110200738	挑衅	Provoke
10110200738	挑釁	Provoke
10110200739	火箭术	Fire Bolt
10110200739	火箭術	Fire Bolt
10110200740	雷击术	Lightning Bolt
10110200740	雷擊術	Lightning Bolt
10110200741	冰箭术	Cold Bolt
10110200741	冰箭術	Cold Bolt
10110200742	音速投掷	Sonic Blow
10110200743	塗毒	Envenom
10110200743	涂毒	Envenom
10110200745	跳下洞穴	Jump into the Cave
10110200746	救下波波	Rescue Bobo
10110200747	解开蚁卵	Free the Ant Egg
10110200747	解開蟻卵	Free the Ant Egg
10110200748	搀扶教授	Help the Professor Up
10110200748	攙扶教授	Help the Professor Up
10110200749	打开宝箱	Open
10110200749	開啟寶箱	Open
10110200750	离开	Leave
10110200750	離開	Leave
10110200751	投喂	Feed
10110200751	餵食	Feed
10110200752	上炮	Board the Cannon
10110200752	上砲	Board the Cannon
10110200753	波波泡泡	Bobo Bubble
10110200754	波波泡泡表现	Bobo Bubble Animation
10110200754	波波泡泡表現	Bobo Bubble Animation
10110201054	超級雷電術	Super Lightning Bolt
10110201054	超级雷电术	Super Lightning Bolt
10110201055	@{1}%血	@{1}% HP
10110201056	強攻	Smite
10110201056	强攻	Smite
10110201057	紧急治疗	First Aid
10110201057	緊急治療	First Aid
10110201058	強化狼爪擊	Empowered Warg Strike
10110201058	强化狼爪击	Empowered Warg Strike
10110201059	長劍重擊	Sword Smash
10110201059	长剑重击	Sword Smash
10110201060	技能队列	Skill Bar
10110201060	技能隊列	Skill Bar
10110201061	法术重击	Spell Smash
10110201061	法術重擊	Spell Smash
10110201062	弓箭重击	Arrow Smash
10110201062	弓箭重擊	Arrow Smash
10110201063	权杖重击	Staff Smash
10110201063	權杖重擊	Staff Smash
10110201064	利刃重击	Blade Smash
10110201064	利刃重擊	Blade Smash
10110201065	战斧重击	Battle Axe Smash
10110201065	戰斧重擊	Battle Axe Smash
10110201066	普通挥拳	Normal Punch
10110201066	普通揮拳	Normal Punch
10110201067	打坐	Meditate
10110201068	死亡鐮刀	Death Scythe
10110201068	死亡镰刀	Death Scythe
10110201069	邪恶巫术	Dark Sorcery
10110201069	邪惡巫術	Dark Sorcery
10110201070	巨鐮通靈	Scythe Channeling
10110201070	巨镰通灵	Scythe Channeling
10110201071	精准手术	Precision Surgery
10110201071	精確手術	Precision Surgery
10110201072	创伤汲取	Trauma Drain
10110201072	創傷汲取	Trauma Drain
10110201073	群体手术	AoE Surgery
10110201073	群體手術	AoE Surgery
10110201074	灵蛇守护	Serpent Spirit's Protection
10110201074	靈蛇守護	Serpent Spirit's Protection
10110201075	蛇灵萦绕	Serpent Spirit's Embrace
10110201075	蛇靈縈繞	Serpent Spirit's Embrace
10110201076	魅影屏障	Phantom Barrier
10110201077	邪心鐮刃	Sinister Scythe
10110201077	邪心镰刃	Sinister Scythe
10110201078	邪心鎖鏈	Sinister Chains
10110201078	邪心锁链	Sinister Chains
10110201079	鎌刃斬擊	Scythe Slash
10110201079	镰刃斩击	Scythe Slash
10110201080	天使輝環	Angel Halo
10110201080	天使辉环	Angel Halo
10110201081	圣灵治愈	Holy Spirit Divine Light
10110201082	圣光治愈	Holy Divine Light
10110201083	清風	Clear Breeze
10110201083	清风	Clear Breeze
10110201084	狐戾	Fox Fury
10110201085	狂風席捲	Raging Gale
10110201085	狂风席卷	Raging Gale
10110201086	嘲諷戲弄	Taunting Tease
10110201086	嘲风戏弄	Taunting Tease
10110201087	收割鐮刀	Harvesting Scythe
10110201087	收割镰刀	Harvesting Scythe
10110201088	詛咒斬擊	Curse Slash
10110201088	诅咒斩击	Curse Slash
10110201089	波波守护	Bobo's Protection
10110201089	波波守護	Bobo's Protection
10110201090	鈴鐺狂暴	Bell Rampage
10110201090	铃铛狂暴	Bell Rampage
10110201091	月夜詛咒	Moonlit Curse
10110201091	月夜诅咒	Moonlit Curse
10110201092	鈴鐺奇蹟	Bell Miracle
10110201092	铃铛奇迹	Bell Miracle
10110201093	被动触发技	Passive Trigger Skill
10110201093	被動觸發技	Passive Trigger Skill
10110201094	夜幕絕唱	Nightfall Finale
10110201094	夜幕绝唱	Nightfall Finale
10110201095	鞭花乱舞	Whirling Whip
10110201095	鞭花亂舞	Whirling Whip
10110201096	艾斯恩处决	Esen's Execution
10110201096	艾斯恩處決	Esen's Execution
10110201097	艾斯恩屠戮	Esen's Slaughter
10110201098	兽人咆哮	Orc Roar
10110201098	獸人咆哮	Orc Roar
10110201099	碎甲战吼	Armor-Shattering War Cry
10110201099	碎甲戰吼	Armor-Shattering War Cry
10110201100	兽人践踏	Orc Stomp
10110201100	獸人踐踏	Orc Stomp
10110201101	岚牙	Storm Fang
10110201101	嵐牙	Storm Fang
10110201102	虎啸裂断	Rending Tiger Roar
10110201102	虎嘯裂斷	Rending Tiger Roar
10110201103	暴怒虎啸	Enraged Tiger Roar
10110201103	暴怒虎嘯	Enraged Tiger Roar
10110201104	野蛮护盾	Savage Shield
10110201104	野蠻護盾	Savage Shield
10110201105	蛮族守护	Tribal Protection
10110201105	蠻族守護	Tribal Protection
10110201106	魔羌守护	Goat's Protection
10110201106	魔羌守護	Goat's Protection
10110201107	崩裂术	Heaven's Drive
10110201107	崩裂術	Heaven's Drive
10110201108	震眩	Stunning Tremor
10110201109	根须爆发	Root Burst
10110201109	根鬚爆發	Root Burst
10110201110	妖气喷涌	Demonic Aura Surge
10110201110	妖氣噴湧	Demonic Aura Surge
10110201111	妖咒	Demonic Curse
10110201112	妖气爆发	Demonic Aura Burst
10110201112	妖氣爆發	Demonic Aura Burst
10110201113	巧克猴戏	Choco Antics
10110201113	巧克猴戲	Choco Antics
10110201114	灵敏歌唱	Agility Song
10110201114	靈敏歌唱	Agility Song
10110201115	迅捷把戏	Swift Trick
10110201115	迅捷花招	Swift Trick
10110201116	异形之刃	Abomination Blade
10110201116	異形之刃	Abomination Blade
10110201117	异吼	Abominable Roar
10110201117	異吼	Abominable Roar
10110201118	异形尖啸	Abominable Shriek
10110201118	異形尖嘯	Abominable Shriek
10110201119	溅射	Splash
10110201119	濺射	Splash
10110201120	永恆詛咒	Eternal Curse
10110201120	永恒诅咒	Eternal Curse
10110201121	詛咒蔓延	Spreading Curse
10110201121	诅咒蔓延	Spreading Curse
10110201122	流沙陷阱	Quicksand Trap Hunter
10110201123	恶意之咒	Malicious Curse
10110201123	惡意之咒	Malicious Curse
10110201124	木乃伊之咒	Mummy's Curse
10110201125	魂之庇护	Soul's Protection
10110201125	魂之庇護	Soul's Protection
10110201126	幽魂庇佑	Spectral Protection
10110201127	幽魂游荡	Spectral Wandering
10110201127	幽魂遊蕩	Spectral Wandering
10110201128	浊魂斩	Tainted Soul Slash
10110201128	濁魂斬	Tainted Soul Slash
10110201129	浊魂冲击	Corrupted Soul Impact
10110201129	濁魂衝擊	Corrupted Soul Impact
10110201130	狂風拂斬	Gale Slash
10110201130	狂风拂斩	Gale Slash
10110201131	邪駭浪人斬	Wander Man Slash
10110201131	邪骸浪人斩	Wander Man Slash
10110201132	拔刀斩	Slash
10110201132	拔刀斬	Slash
10110201133	污染邪骸浪人核心被动	Corrupted Wander Man Core Passive
10110201133	污染邪骸浪人核心被動	Corrupted Wander Man Core Passive
10110201134	幽影蹄印	Shadow Hoofprint
10110201135	邪恶啼鸣	Sinister Cry
10110201135	邪惡啼鳴	Sinister Cry
10110201136	幽影召唤	Shadow Summoning
10110201136	幽影召喚	Shadow Summoning
10110201137	夺命之舞	Dance of Death
10110201137	奪命之舞	Dance of Death
10110201138	枪雾重伤	Gun-Smoke Severe Wound
10110201138	槍霧重傷	Gun-Smoke Severe Wound
10110201139	火力倾泻	Full Barrage
10110201139	火力傾瀉	Full Barrage
10110201140	夢魘纏繞	Nightmare Entanglement
10110201140	梦魇缠绕	Nightmare Entanglement
10110201141	恐惧再临	Fear Returns
10110201141	恐懼再臨	Fear Returns
10110201142	夢魘踐踏	Nightmare Stomp
10110201142	梦魇践踏	Nightmare Stomp
10110201143	火拳暴走	Blazing Fist Rampage
10110201144	烈火再燃	Flames Rekindled
10110201145	烈火突刺	Blazing Thrust
10110201146	炎拳	Flame Fist
10110201147	詛咒傀儡	Curse Puppet
10110201147	诅咒傀儡	Curse Puppet
10110201148	心神恐吓	Mind Fright
10110201148	心神恐嚇	Mind Fright
10110201149	古树缠绕	Ancient Tree Entanglement
10110201149	古樹纏繞	Ancient Tree Entanglement
10110201150	树枝守护	Branch Guard
10110201150	樹枝守護	Branch Guard
10110201151	古树普攻	Ancient Tree Normal Attack
10110201151	古樹普攻	Ancient Tree Normal Attack
10110201152	烈焰喷发	Flame Eruption
10110201152	烈焰噴發	Flame Eruption
10110201153	熔岩侵蚀	Lava Erosion
10110201153	熔岩侵蝕	Lava Erosion
10110201154	气息残留	Lingering Breath
10110201154	氣息殘留	Lingering Breath
10110201155	挥洒雷电	Lightning Surge
10110201155	揮灑雷電	Lightning Surge
10110201156	召雷	Summon Lightning
10110201157	冥影裂隙	Nether Rift
10110201158	亡灵趋附	Undead Convergence
10110201158	亡靈趨附	Undead Convergence
10110201159	冥影鬼影	Nether Phantom
10110201160	戴德雷：被动触发	Daedre: Passive Trigger
10110201160	戴德雷：被動觸發	Daedre: Passive Trigger
10110201161	鐵球大暴走	Iron Ball Rampage
10110201161	铁球大暴走	Iron Ball Rampage
10110201162	顱內震盪	Concussion
10110201162	颅内震荡	Concussion
10110201163	鐵球重擊	Iron Ball Smash
10110201163	铁球重击	Iron Ball Smash
10110201164	多重伤害	Multiple Damage
10110201164	多重傷害	Multiple Damage
10110201165	凶刃	Fierce Blade
10110201166	利刃暴走	Blade Rampage
10110201167	利刃飛舞	Dancing Blades
10110201167	利刃飞舞	Dancing Blades
10110201168	警覺偵查	Alert Reconnaissance
10110201168	警觉侦查	Alert Reconnaissance
10110201169	远视显露	Farsight Revelation
10110201169	遠視顯露	Farsight Revelation
10110201170	藤蔓打击	Vine Strike
10110201170	藤蔓打擊	Vine Strike
10110201171	花果疗愈	Fruit Blossom Healing
10110201171	花果療癒	Fruit Blossom Healing
10110201172	森林賜福	Forest's Blessing
10110201172	森林赐福	Forest's Blessing
10110201173	树之妖咒	Tree Spirit Curse
10110201173	樹之妖咒	Tree Spirit Curse
10110201174	鐘聲迴響	Echoing Bell
10110201174	钟声回响	Echoing Bell
10110201175	余音萦绕	Lingering Echo
10110201175	餘音繚繞	Lingering Echo
10110201176	时间封锁	Time Lock
10110201176	時間封鎖	Time Lock
10110201177	忍法·迷踪	Ninja Art: Vanishing Trail
10110201177	忍法ᆞ迷蹤	Ninja Art: Vanishing Trail
10110201178	忍法烟幕	Ninja Art: Smoke Screen
10110201178	忍法煙幕	Ninja Art: Smoke Screen
10110201179	忍法·连环爆破	Ninja Art: Chain Blast
10110201179	忍法ᆞ連環爆破	Ninja Art: Chain Blast
10110201180	火忍黑暗	Fire Ninja Darkness
10110201181	银月降临	Silver Moon Descends
10110201182	璀璨之月	Radiant Moon
10110201183	銀月打擊	Silver Moon Strike
10110201183	银月打击	Silver Moon Strike
10110201184	邪恶汲取	Vile Drain
10110201184	邪惡汲取	Vile Drain
10110201185	静默无声	Dead Silence
10110201185	靜默無聲	Dead Silence
10110201186	致命誘惑	Fatal Temptation
10110201186	致命诱惑	Fatal Temptation
10110201187	恶魔低语	Demon's Whisper
10110201187	惡魔低語	Demon's Whisper
10110201188	陷阵冲锋	Battle Charge
10110201188	陷陣衝鋒	Battle Charge
10110201189	猫骑士守护	Cat Knight's Guard
10110201189	貓騎士守護	Cat Knight's Guard
10110201190	飛魚衝擊	Flying Fish Impact
10110201190	飞鱼冲击	Flying Fish Impact
10110201191	被动周身检测	Passive Proximity Detection
10110201191	被動全身偵測	Passive Proximity Detection
10110201192	魔气环绕	Demonic Aura
10110201192	魔氣環繞	Demonic Aura
10110201193	炼狱祝祷	Infernal Prayer
10110201193	煉獄祝禱	Infernal Prayer
10110201194	恶魔魔气	Demonic Miasma
10110201194	惡魔魔氣	Demonic Miasma
10110201195	圣光领域	Realm of Light
10110201195	聖光領域	Realm of Light
10110201196	光輝灼灼	Blazing Radiance
10110201196	光辉灼灼	Blazing Radiance
10110201197	圣光穿刺	Holy Light Pierce
10110201197	聖光穿刺	Holy Light Pierce
10110201198	圣光降临	Holy Light Descending
10110201198	聖光降臨	Holy Light Descending
10110201199	被动	Passive
10110201199	被動	Passive
10110201200	妖仙女之舞	Mavka's Dance
10110201201	妖仙女之护	Fairy Ward
10110201201	妖仙女之護	Fairy Ward
10110201202	兔兔降临	Bunny Arrival
10110201202	兔兔降臨	Bunny Arrival
10110201203	兔群出动	Bunny Brigade
10110201203	兔群出動	Bunny Brigade
10110201204	大兔兔來囉	Here Comes the Big Bunny!
10110201204	大兔兔来啦	Here Comes the Big Bunny!
10110201205	血色風暴	Crimson Storm
10110201205	血色风暴	Crimson Storm
10110201206	悸动本能	Instinctive Thrill
10110201206	悸動本能	Instinctive Thrill
10110201207	血蝴蝶之舞	Blood Butterfly Dance
10110201208	行刑时刻	Execution Time
10110201208	行刑時刻	Execution Time
10110201209	行刑命途	Path of Execution
10110201210	行刑之刃	Executioner's Blade
10110201211	蝗虫摇滚	Rocker Rock
10110201211	蝗蟲搖滾	Rocker Rock
10110201212	回复渴望	Restorative Craving
10110201212	恢復渴望	Restorative Craving
10110201213	石化凝視	Petrification Gaze
10110201213	石化凝视	Petrification Gaze
10110201214	蛇妖咒术	Serpent Sorcery
10110201214	蛇妖咒術	Serpent Sorcery
10110201215	秘术银蛇	Arcane Silver Serpent
10110201215	秘術銀蛇	Arcane Silver Serpent
10110201216	祈望烈焰	Flame of Hope
10110201217	神之祈望	Divine Hope
10110201218	祈望穿刺	Piercing Hope
10110201219	无形缠绕	Formless Entanglement
10110201219	無形纏繞	Formless Entanglement
10110201220	灵魂祷告	Soul Prayer
10110201220	靈魂禱告	Soul Prayer
10110201221	灵魂汲取	Soul Siphon
10110201221	靈魂汲取	Soul Siphon
10110201222	连带监察	Collective Surveillance
10110201222	連帶監察	Collective Surveillance
10110201223	审视光芒	Light of Scrutiny
10110201223	審視光芒	Light of Scrutiny
10110201224	审视之眼	Eye of Scrutiny
10110201224	審視之眼	Eye of Scrutiny
10110201225	蓄意裂伤	Deliberate Laceration
10110201225	蓄意裂傷	Deliberate Laceration
10110201226	武士之怒	Samurai's Fury
10110201227	武士冲锋	Samurai Charge
10110201227	武士衝鋒	Samurai Charge
10110201228	火焰喷吐	Flame Breath
10110201228	火焰噴吐	Flame Breath
10110201229	故技重施	Same Old Trick
10110201230	霜冻蔓延	Spreading Frost
10110201230	霜凍蔓延	Spreading Frost
10110201231	冰霜吐息	Frost Breath
10110201232	潮汐頌歌	Tidal Hymn
10110201232	潮汐颂歌	Tidal Hymn
10110201233	海怪之舞	Dance of the Sea Monster
10110201234	清洁时间	Cleaning Time
10110201234	清潔時間	Cleaning Time
10110201235	愛麗絲守護	Alice's Protection
10110201235	爱丽丝守护	Alice's Protection
10110201236	女仆的礼节	A Maid's Etiquette
10110201236	女僕的禮節	A Maid's Etiquette
10110201298	鑽入蟲洞	Enter Wormhole
10110201298	钻入虫洞	Enter Wormhole
10110201328	弹刀	Blade Deflection
10110201328	彈刀	Blade Deflection
10110201329	巨刃斩击	Greatblade Slash
10110201329	巨刃斬擊	Greatblade Slash
10110201336	獲得巨刃	Obtain Greatblade
10110201336	获取巨刃	Obtain Greatblade
10110201337	獲得盾牌	Obtain Shield
10110201337	获取盾牌	Obtain Shield
10110201380	蚁后普攻	Maya Normal Attack
10110201380	蟻后普攻	Maya Normal Attack
10110201384	吐丝	Silk Spit
10110201384	吐絲	Silk Spit
10110201385	玩家连线	Player Link
10110201385	玩家連線	Player Link
10110201387	连线距离检测	Link Distance Check
10110201387	連線距離檢測	Link Distance Check
10110201388	反向十字斬	Reverse Stone Glyph Slash
10110201388	反向石字斩	Reverse Stone Glyph Slash
10110201389	沙塵暴教學版	Sandstorm Tutorial Version
10110201389	沙尘暴教学版	Sandstorm Tutorial Version
10110201391	十字斬點名	Stone Glyph Slash Targeting
10110201391	石字斩点名	Stone Glyph Slash Targeting
10110201392	石柱追踪点名	Stone Pillar Tracking Target
10110201392	石柱追蹤點名	Stone Pillar Tracking Target
10110201393	石柱随机选点	Stone Pillar Random Point Selection
10110201393	石柱隨機選點	Stone Pillar Random Point Selection
10110201394	石化迷雾追踪	Petrifying Mist Tracking
10110201394	石化迷霧追蹤	Petrifying Mist Tracking
10110201395	石化順劈-四向	Petrifying Cleave - Four Directions
10110201395	石化顺劈-四向	Petrifying Cleave - Four Directions
10110201396	石化順劈-追蹤	Petrifying Cleave - Tracking
10110201396	石化顺劈-追踪	Petrifying Cleave - Tracking
10110201397	新大招	New Ultimate
10110201397	新絕招	New Ultimate
10110201398	玩家连线@{1}	Player Link@{1}
10110201398	玩家連線@{1}	Player Link@{1}
10110201399	连线距离检测@{1}	Link Distance Check@{1}
10110201399	連線距離檢測@{1}	Link Distance Check@{1}
10110201400	吐丝@{1}	Silk Spit@{1}
10110201400	吐絲@{1}	Silk Spit@{1}
10110201401	沙暴@{1}	Sandstorm@{1}
10110201402	新大招@{1}	New Ultimate@{1}
10110201402	新絕招@{1}	New Ultimate@{1}
10110201403	吐丝教学	Silk Spit Tutorial
10110201403	吐絲教學	Silk Spit Tutorial
10110201404	场地技	Field Skill
10110201404	場地技	Field Skill
10110201405	石化迷雾追踪-简单	Petrifying Mist Tracking - Easy
10110201405	石化迷霧追蹤－簡單	Petrifying Mist Tracking - Easy
10110201406	十字斬點名－簡單	Stone Glyph Slash Targeting - Easy
10110201406	石字斩点名-简单	Stone Glyph Slash Targeting - Easy
10110201407	大招-简单	Ultimate - Easy
10110201407	絕招-簡單	Ultimate - Easy
10110201408	十字斬@{1}	Stone Glyph Slash@{1}
10110201408	石字斩@{1}	Stone Glyph Slash@{1}
10110201409	吐丝@{1}人	Silk Spit@{1} Players
10110201409	吐絲@{1}人	Silk Spit@{1} Players
10110201410	连线变红检测@{1}	Link Red Status Check@{1}
10110201410	連線變紅檢測@{1}	Link Red Status Check@{1}
10110201411	连线拖拽	Link Drag
10110201411	連線拖移	Link Drag
10110201415	召唤鬼火	Summon Horong
10110201415	召喚鬼火	Summon Horong
10110201416	黑暗脈衝	Dark Pulse
10110201416	黑暗脉冲	Dark Pulse
10110201417	鬼火分裂	Horong Split
10110201418	召唤木乃伊	Summon Mummy
10110201418	召喚木乃伊	Summon Mummy
10110201419	繃帶鞭撻	Bandage Lash
10110201419	绷带鞭挞	Bandage Lash
10110201420	斗轉星移	Astral Shift
10110201420	斗转星移	Astral Shift
10110201421	鬼火追踪	Horong Tracking
10110201421	鬼火追蹤	Horong Tracking
10110201424	繃帶鞭撻@{1}	Bandage Lash@{1}
10110201424	绷带鞭挞@{1}	Bandage Lash@{1}
10110201425	鬼火分裂@{1}	Horong Split@{1}
10110201426	黑暗脈衝@{1}	Dark Pulse@{1}
10110201426	黑暗脉冲@{1}	Dark Pulse@{1}
10110201427	刷新鬼火	Refresh Horong
10110201427	重置鬼火	Refresh Horong
10110201428	召唤鬼火@{1}	Summon Horong@{1}
10110201428	召喚鬼火@{1}	Summon Horong@{1}
10110201429	斗轉星移前分裂	Pre-Astral Shift Split
10110201429	斗转星移前分裂	Pre-Astral Shift Split
10110201430	鬼火脈衝	Horong Pulse
10110201430	鬼火脉冲	Horong Pulse
10110201431	黑暗脈衝旋轉	Rotating Dark Pulse
10110201431	黑暗脉冲旋转	Rotating Dark Pulse
10110201432	cd占位技能	Cooldown Placeholder Skill
10110201432	冷卻時間佔位技能	Cooldown Placeholder Skill
10110201433	居中传送	Teleport to Center
10110201433	居中傳送	Teleport to Center
10110201434	cd占位技能@{1}秒	Cooldown Placeholder Skill@{1} sec.
10110201434	冷卻時間佔位技能@{1}秒	Cooldown Placeholder Skill@{1} sec.
10110201435	法老王普攻	Pharaoh Normal Attack
10110201436	召唤金字塔	Summon Pyramid
10110201436	召喚金字塔	Summon Pyramid
10110201437	召唤棺材	Summon Coffin
10110201437	召喚棺材	Summon Coffin
10110201438	棺材喷发	Coffin Eruption
10110201438	棺材噴發	Coffin Eruption
10110201439	亡者之握	Grasp of the Dead
10110201440	裹尸布	Shroud
10110201440	裹屍布	Shroud
10110201441	撕开裹尸布	Tear Off the Shroud
10110201441	撕開裹屍布	Tear Off the Shroud
10110201442	裹尸布检测	Shroud Detection
10110201442	裹屍布檢測	Shroud Detection
10110201443	棺材喷发@{1}	Coffin Eruption@{1}
10110201443	棺材噴發@{1}	Coffin Eruption@{1}
10110201444	神光涤荡	Divine Light Purification
10110201444	神光滌蕩	Divine Light Purification
10110201445	增加免伤	Increase Damage Reduction
10110201445	增加免傷	Increase Damage Reduction
10110201446	激光召唤	Laser Summon
10110201446	雷射召喚	Laser Summon
10110201447	召唤棺材+绷带	Summon Coffin + Bandage
10110201447	召喚棺材+繃帶	Summon Coffin + Bandage
10110201448	棺材繃帶束縛目標	Coffin Bandage Restraint
10110201448	棺材绷带困人	Coffin Bandage Restraint
10110201449	棺材困人@{1}移除隐身	Coffin Restraint@{1}Remove Stealth
10110201449	棺材困人@{1}移除隱身	Coffin Restraint@{1}Remove Stealth
10110201450	法老王大招	Pharaoh Ultimate
10110201450	法老王絕招	Pharaoh Ultimate
10110201451	法老王大招伤害	Pharaoh Ultimate Damage
10110201451	法老王絕招傷害	Pharaoh Ultimate Damage
10110201452	瞬移	Blink
10110201453	金字塔技能被打断	Pyramid Skill Interrupted
10110201453	金字塔技能被打斷	Pyramid Skill Interrupted
10110201454	死亡射線	Death Ray
10110201454	死亡射线	Death Ray
10110201455	金字塔激光伤害	Pyramid Laser Damage
10110201455	金字塔雷射傷害	Pyramid Laser Damage
10110201456	激光	Laser
10110201456	雷射	Laser
10110201457	解除詛咒	Remove Curse
10110201457	解除诅咒	Remove Curse
10110201458	激光射棺材	Laser Coffin Shot
10110201458	雷射射棺材	Laser Coffin Shot
10110201459	激光召唤棺材	Laser Summons Coffins
10110201459	雷射召喚棺材	Laser Summons Coffins
10110201460	木乃伊普攻	Mummy Normal Attack
10110201461	木乃伊扇形	Mummy Cone Attack
10110201462	繃帶偷襲@{1}	Bandage Ambush@{1}
10110201462	绷带偷袭@{1}	Bandage Ambush@{1}
10110201486	P@{1}每@{2}s发射@{3}个泡泡	P@{1} Launches @{3} Bubbles Every @{2}s
10110201486	P@{1}每@{2}s發射@{3}個泡泡	P@{1} Launches @{3} Bubbles Every @{2}s
10110201487	EsteP@{1}随机泡泡	EsteP@{1} Random Bubbles
10110201487	EsteP@{1}隨機泡泡	EsteP@{1} Random Bubbles
10110201488	同色对撞泡泡	Same-Color Colliding Bubbles
10110201488	同色對撞泡泡	Same-Color Colliding Bubbles
10110201489	並排加@{1}個異色泡泡	Add @{1} Different-Color Bubbles Side by Side
10110201489	并排加@{1}个异色泡泡	Add @{1} Different-Color Bubbles Side by Side
10110201490	发射红色泡泡	Launch Red Bubble
10110201490	發射紅色泡泡	Launch Red Bubble
10110201491	发射黄色泡泡	Launch Yellow Bubble
10110201491	發射黃色泡泡	Launch Yellow Bubble
10110201492	发射蓝色泡泡	Launch Blue Bubble
10110201492	發射藍色泡泡	Launch Blue Bubble
10110201493	发射绿色泡泡	Launch Green Bubble
10110201493	發射綠色泡泡	Launch Green Bubble
10110201494	发射追踪泡泡	Launch Homing Bubble
10110201494	發射追蹤泡泡	Launch Homing Bubble
10110201495	发射海浪	Launch Wave
10110201495	發射海浪	Launch Wave
10110201496	全场波浪	Full-Arena Wave
10110201496	全場波浪	Full-Arena Wave
10110201497	浪花飛濺	Wave Splash
10110201497	浪花飞溅	Wave Splash
10110201498	扇形波浪	Cone-Shaped Wave
10110201499	创建@{1}个井字泡泡	Create @{1} Grid Bubbles
10110201499	建立@{1}個井字泡泡	Create @{1} Grid Bubbles
10110201500	创建@{1}个追踪泡泡	Create @{1} Homing Bubbles
10110201500	建立@{1}個追蹤泡泡	Create @{1} Homing Bubbles
10110201501	创建@{1}个异色交叉泡泡	Create @{1} Different-Color Cross Bubbles
10110201501	建立@{1}個異色交叉泡泡	Create @{1} Different-Color Cross Bubbles
10110201502	创建@{1}个同色交叉泡泡	Create @{1} Same-Color Cross Bubbles
10110201502	產生@{1}個同色十字泡泡	Create @{1} Same-Color Cross Bubbles
10110201503	发射红色追踪泡泡	Launch Red Homing Bubble
10110201503	發射紅色追蹤泡泡	Launch Red Homing Bubble
10110201504	发射黄色追踪泡泡	Launch Yellow Homing Bubble
10110201504	發射黃色追蹤泡泡	Launch Yellow Homing Bubble
10110201505	发射蓝色追踪泡泡	Launch Blue Homing Bubble
10110201505	發射藍色追蹤泡泡	Launch Blue Homing Bubble
10110201506	发射绿色追踪泡泡	Launch Green Homing Bubble
10110201506	發射綠色追蹤泡泡	Launch Green Homing Bubble
10110201507	发送关卡消息@{1}	Send Stage Message@{1}
10110201507	發送關卡消息@{1}	Send Stage Message@{1}
10110201508	发射原地红色泡泡	Launch Stationary Red Bubble
10110201508	發射原地紅色泡泡	Launch Stationary Red Bubble
10110201509	发射原地黄色泡泡	Launch Stationary Yellow Bubble
10110201509	發射原地黃色泡泡	Launch Stationary Yellow Bubble
10110201510	发射原地蓝色泡泡	Launch Stationary Blue Bubble
10110201510	發射原地藍色泡泡	Launch Stationary Blue Bubble
10110201511	发射原地绿色泡泡	Launch Stationary Green Bubble
10110201511	發射原地綠色泡泡	Launch Stationary Green Bubble
10110201512	普攻@{1}	Normal Attack@{1}
10110201513	点名原地泡泡	Targeted Stationary Bubble
10110201513	點名原地泡泡	Targeted Stationary Bubble
10110201514	追踪泡泡动作	Homing Bubble Action
10110201514	追蹤泡泡動作	Homing Bubble Action
10110201515	直線泡泡動作	Straight-Line Bubble Action
10110201515	直线泡泡动作	Straight-Line Bubble Action
10110201516	发射水柱	Launch Water Jet
10110201516	發射水柱	Launch Water Jet
10110201517	P@{1}加BUFF	P@{1} Applies Buff
10110201517	P@{1}加buff	P@{1} Applies Buff
10110201518	直線泡泡動作@{1}	Straight-Line Bubble Action@{1}
10110201518	直线泡泡动作@{1}	Straight-Line Bubble Action@{1}
10110201519	P@{1}动作	P@{1} Action
10110201519	P@{1}動作	P@{1} Action
10110201520	P@{1}紅色泡泡	P@{1} Red Bubble
10110201520	P@{1}红色泡泡	P@{1} Red Bubble
10110201521	P@{1}黃色泡泡	P@{1} Yellow Bubble
10110201521	P@{1}黄色泡泡	P@{1} Yellow Bubble
10110201522	P@{1}蓝色泡泡	P@{1} Blue Bubble
10110201522	P@{1}藍色泡泡	P@{1} Blue Bubble
10110201523	P@{1}綠色泡泡	P@{1} Green Bubble
10110201523	P@{1}绿色泡泡	P@{1} Green Bubble
10110201524	不稳定的红色泡泡	Unstable Red Bubble
10110201524	不穩定的紅色泡泡	Unstable Red Bubble
10110201525	不稳定的黄色泡泡	Unstable Yellow Bubble
10110201525	不穩定的黃色泡泡	Unstable Yellow Bubble
10110201526	不稳定的蓝色泡泡	Unstable Blue Bubble
10110201526	不穩定的藍色泡泡	Unstable Blue Bubble
10110201527	不稳定的绿色泡泡	Unstable Green Bubble
10110201527	不穩定的綠色泡泡	Unstable Green Bubble
10110201528	P@{1}紅色泡泡@{2}	P@{1} Red Bubble@{2}
10110201528	P@{1}红色泡泡@{2}	P@{1} Red Bubble@{2}
10110201529	P@{1}黃色泡泡@{2}	P@{1} Yellow Bubble@{2}
10110201529	P@{1}黄色泡泡@{2}	P@{1} Yellow Bubble@{2}
10110201530	P@{1}蓝色泡泡@{2}	P@{1} Blue Bubble@{2}
10110201530	P@{1}藍色泡泡@{2}	P@{1} Blue Bubble@{2}
10110201531	P@{1}綠色泡泡@{2}	P@{1} Green Bubble@{2}
10110201531	P@{1}绿色泡泡@{2}	P@{1} Green Bubble@{2}
10110201532	连线特效	Link Effect
10110201532	連線特效	Link Effect
10110201533	八方向海浪	Eight-Direction Wave
10110201534	水柱伤害	Water Jet Damage
10110201534	水柱傷害	Water Jet Damage
10110201535	地面紅色泡泡	Ground Red Bubble
10110201535	地面红色泡泡	Ground Red Bubble
10110201536	地面黃色泡泡	Ground Yellow Bubble
10110201536	地面黄色泡泡	Ground Yellow Bubble
10110201537	地面蓝色泡泡	Ground Blue Bubble
10110201537	地面藍色泡泡	Ground Blue Bubble
10110201538	地面綠色泡泡	Ground Green Bubble
10110201538	地面绿色泡泡	Ground Green Bubble
10110201539	创建@{1}个地面泡泡	Create @{1} Ground Bubbles
10110201539	建立@{1}個地面泡泡	Create @{1} Ground Bubbles
10110201540	创建@{1}个不同颜色追踪泡泡	Create @{1} Differently Colored Homing Bubbles
10110201540	建立@{1}個不同顏色追蹤泡泡	Create @{1} Differently Colored Homing Bubbles
10110201541	创建@{1}个同颜色追踪泡泡	Create @{1} Same-Color Homing Bubbles
10110201541	建立@{1}個同顏色追蹤泡泡	Create @{1} Same-Color Homing Bubbles
10110201542	BOSS移動偵測	Boss Movement Detection
10110201542	Boss移动检测	Boss Movement Detection
10110201543	@{1}色追@{2}人	@{1} Color Tracks @{2} Players
10110201544	普攻壳	Normal Attack Shell
10110201544	普攻殼	Normal Attack Shell
10110201545	回旋舞步	Whirling Dance Step
10110201545	迴旋舞步	Whirling Dance Step
10110201546	炫目舞步	Dazzling Dance Step
10110201547	重踏舞步	Stomping Dance Step
10110201548	共鳴舞步	Resonant Dance Step
10110201548	共鸣舞步	Resonant Dance Step
10110201549	跳舞机	Dance Machine
10110201549	跳舞機	Dance Machine
10110201550	音游交互	Rhythm Game Interaction
10110201550	音遊互動	Rhythm Game Interaction
10110201551	舞动	Dance Move
10110201551	舞動	Dance Move
10110201552	上_触发判定	Up_Trigger Check
10110201552	上_觸發判定	Up_Trigger Check
10110201553	下_触发判定	Down_Trigger Check
10110201553	下_觸發判定	Down_Trigger Check
10110201554	左_触发判定	Left_Trigger Check
10110201554	左_觸發判定	Left_Trigger Check
10110201555	右_触发判定	Right_Trigger Check
10110201555	右_觸發判定	Right_Trigger Check
10110201556	跳舞机_移除变身buff	Dance Machine_Remove Transform Buff
10110201556	跳舞機_移除變身BUFF	Dance Machine_Remove Transform Buff
10110201557	佔用格子的派生技能@{1}	Tile-Occupying Derived Skill@{1}
10110201557	占用格子的派生技能@{1}	Tile-Occupying Derived Skill@{1}
10110201558	愤怒一击	Furious Strike
10110201558	憤怒一擊	Furious Strike
10110201559	跳舞机_移除变身buff[连续变身修正]	Dance Machine_Remove Transform Buff[Consecutive Transform Fix]
10110201559	跳舞機_移除變身BUFF[連續變身修正]	Dance Machine_Remove Transform Buff[Consecutive Transform Fix]
10110201560	BOSS身上	Boss Up
10110201560	Bosss上	Boss Up
10110201561	BOSS下	Boss Down
10110201561	Bosss下	Boss Down
10110201562	BOSS左	Boss Left
10110201562	Bosss左	Boss Left
10110201563	BOSS右	Boss Right
10110201563	Bosss右	Boss Right
10110201564	上下左右-正确反馈	Up Down Left Right-Correct Feedback
10110201564	上下左右-正確回饋	Up Down Left Right-Correct Feedback
10110201565	上下左右-失敗回饋	Up, Down, Left, Right-Failure Feedback
10110201565	上下左右-失败反馈	Up, Down, Left, Right-Failure Feedback
10110201566	技能@{1}_閃光彈(變種)選點	Skill@{1}_Flash Bomb (Variant) Targeting
10110201566	技能@{1}_闪光弹(变种)选点	Skill@{1}_Flash Bomb (Variant) Targeting
10110201567	技能@{1}_閃光彈(變種)傷害	Skill@{1}_Flash Bomb (Variant) Damage
10110201567	技能@{1}_闪光弹(变种)伤害	Skill@{1}_Flash Bomb (Variant) Damage
10110201568	技能@{1}_召唤X@{2}十字压缩空间	Skill@{1}_Summon X@{2} Cross Compression Zone
10110201568	技能@{1}_召喚X@{2}十字壓縮空間	Skill@{1}_Summon X@{2} Cross Compression Zone
10110201569	技能@{1}_召唤X十@{2}字压缩空间	Skill@{1}_Summon X Cross@{2} Compression Zone
10110201569	技能@{1}_召喚X十@{2}字壓縮空間	Skill@{1}_Summon X Cross@{2} Compression Zone
10110201570	技能@{1}_召唤米字压缩空间	Skill@{1}_Summon Eight-Way Compression Zone
10110201570	技能@{1}_召喚米字壓縮空間	Skill@{1}_Summon Eight-Way Compression Zone
10110201571	技能@{1}_閃光彈地獄模式	Skill@{1}_Flash Bomb Hell Mode
10110201571	技能@{1}_闪光弹地狱模式	Skill@{1}_Flash Bomb Hell Mode
10110201572	節奏大師@{1}s	Rhythmic Moonlit Challenger@{1}s
10110201572	节奏大师@{1}s	Rhythmic Moonlit Challenger@{1}s
10110201573	技能@{1}_跳舞机_新	Skill@{1}_Dance Machine_New
10110201573	技能@{1}_跳舞機_新	Skill@{1}_Dance Machine_New
10110201574	技能@{1}_玩家变身跳舞NPC	Skill@{1}_Player Transforms into Dancing NPC
10110201574	技能@{1}_玩家變身跳舞NPC	Skill@{1}_Player Transforms into Dancing NPC
10110201575	技能@{1}_跳舞NPC离场播放特效	Skill@{1}_Play VFX When Dancing NPC Exits
10110201575	技能@{1}_跳舞NPC離場播放特效	Skill@{1}_Play VFX When Dancing NPC Exits
10110201576	BOSS建立互動法陣	Boss Creates Interaction Magic Circle
10110201576	boss创建交互法阵	Boss Creates Interaction Magic Circle
10110201577	黃色互動踩圈	Yellow Interaction Circle
10110201577	黄色交互踩圈	Yellow Interaction Circle
10110201578	節奏踩踏	Rhythmic Stomp
10110201578	节奏踩踏	Rhythmic Stomp
10110201579	创建交互法阵@{1}	Create Interaction Magic Circle@{1}
10110201579	建立互動法陣@{1}	Create Interaction Magic Circle@{1}
10110201580	创建交互法阵(变形)@{1}	Create Interaction Magic Circle (Deformed)@{1}
10110201580	建立互動法陣（變形）@{1}	Create Interaction Magic Circle (Deformed)@{1}
10110201581	紫色互動踩圈	Purple Interaction Circle
10110201581	紫色交互踩圈	Purple Interaction Circle
10110201582	拖住技能特效	Hold Skill VFX
10110201583	技能@{1}(新)_召唤压缩空间	Skill@{1}(New)_Summon Compression Zone
10110201583	技能@{1}(新)_召喚壓縮空間	Skill@{1}(New)_Summon Compression Zone
10110201584	技能@{1}_地狱模式@{2}	Skill@{1}_Hell Mode@{2}
10110201584	技能@{1}_地獄模式@{2}	Skill@{1}_Hell Mode@{2}
10110201585	技能@{1}(新)_压缩空间伤害	Skill@{1}(New)_Compression Zone Damage
10110201585	技能@{1}(新)_壓縮空間傷害	Skill@{1}(New)_Compression Zone Damage
10110201586	技能@{1}_召唤十字压缩空间	Skill@{1}_Summon Cross Compression Zone
10110201586	技能@{1}_召喚十字壓縮空間	Skill@{1}_Summon Cross Compression Zone
10110201587	技能@{1}_十字压缩空间玩家伤害	Skill@{1}_Cross Compression Zone Player Damage
10110201587	技能@{1}_十字壓縮空間玩家傷害	Skill@{1}_Cross Compression Zone Player Damage
10110201588	技能@{1}_召唤X字压缩空间	Skill@{1}_Summon X-Shaped Compression Zone
10110201588	技能@{1}_召喚X字壓縮空間	Skill@{1}_Summon X-Shaped Compression Zone
10110201589	技能@{1}_困难模式@{2}	Skill@{1}_Hard Mode@{2}
10110201589	技能@{1}_困難模式@{2}	Skill@{1}_Hard Mode@{2}
10110201590	技能@{1}_召唤圈@{2}+变身+踩圈交互技能	Skill@{1}_Summon Circle@{2}+Transform+Circle-Stepping Interaction Skill
10110201590	技能@{1}_召喚圈@{2}+變身+踩圈互動技能	Skill@{1}_Summon Circle@{2}+Transform+Circle-Stepping Interaction Skill
10110201591	技能@{1}_召唤圈@{2}	Skill@{1}_Summon Circle@{2}
10110201591	技能@{1}_召喚圈@{2}	Skill@{1}_Summon Circle@{2}
10110201592	技能@{1}_移除踩圈互動技能	Skill@{1}_Remove Circle-Stepping Interaction Skill
10110201592	技能@{1}_移除踩圈交互技能	Skill@{1}_Remove Circle-Stepping Interaction Skill
10110201593	技能@{1}蓄势	Skill@{1}Charge Up
10110201593	技能@{1}蓄勢	Skill@{1}Charge Up
10110201594	技能@{1}蓄势多段	Skill@{1}Multihit Charge Up
10110201594	技能@{1}蓄勢多段	Skill@{1}Multihit Charge Up
10110201595	技能@{1}蓄势超级多段	Skill@{1}Super Multihit Charge Up
10110201595	技能@{1}蓄勢超級多段	Skill@{1}Super Multihit Charge Up
10110201596	技能@{1}吶喊	Skill@{1}Shout
10110201596	技能@{1}呐喊	Skill@{1}Shout
10110201597	技能@{1}吶喊@{2}	Skill@{1}Shout@{2}
10110201597	技能@{1}呐喊@{2}	Skill@{1}Shout@{2}
10110201598	技能@{1}流星雨	Skill@{1}Meteor Shower
10110201599	技能@{1}流星雨@{2}	Skill@{1}Meteor Shower@{2}
10110201600	技能@{1}音律之火@{2}	Skill@{1}Melodic Flame@{2}
10110201601	技能@{1}呼唤@{2}	Skill@{1}Call@{2}
10110201601	技能@{1}呼喚@{2}	Skill@{1}Call@{2}
10110201602	技能@{1}記憶遊戲	Skill@{1}Memory Game
10110201602	技能@{1}记忆游戏	Skill@{1}Memory Game
10110201603	技能@{1}記憶遊戲_法陣技能	Skill@{1}Memory Game_Magic Circle Skill
10110201603	技能@{1}记忆游戏_法阵技能	Skill@{1}Memory Game_Magic Circle Skill
10110201604	技能@{1}鼓点牢笼	Skill@{1}Drumbeat Cage
10110201604	技能@{1}鼓點牢籠	Skill@{1}Drumbeat Cage
10110201605	技能@{1}鼓点牢笼_范围击退	Skill@{1}Drumbeat Cage_Area Knockback
10110201605	技能@{1}鼓點牢籠_範圍擊退	Skill@{1}Drumbeat Cage_Area Knockback
10110201606	技能@{1}陶醉	Skill@{1}Intoxication
10110201607	技能@{1}狂暴倒數計時	Skill@{1}Enrage Countdown
10110201607	技能@{1}狂暴倒计时	Skill@{1}Enrage Countdown
10110201608	技能@{1}轉階段表演	Skill@{1}Phase Transition Performance
10110201608	技能@{1}转阶段表演	Skill@{1}Phase Transition Performance
10110201609	獲得紅色音符	Obtain Red Note
10110201609	获得红色音符	Obtain Red Note
10110201610	獲得藍色音符	Obtain Blue Note
10110201610	获得蓝色音符	Obtain Blue Note
10110201611	獲得黃色音符	Obtain Yellow Note
10110201611	获得黄色音符	Obtain Yellow Note
10110201612	獲得綠色音符	Obtain Green Note
10110201612	获得绿色音符	Obtain Green Note
10110201613	譜寫樂章	Compose Movement
10110201613	谱写乐章	Compose Movement
10110201614	執行樂章	Perform Movement
10110201614	执行乐章	Perform Movement
10110201615	最終樂章	Final Movement
10110201615	最终乐章	Final Movement
10110201623	技能@{1}	Skill@{1}
10110201628	连线技能	Linked Skill
10110201628	連線技能	Linked Skill
10110201629	连线衍生技能@{1}	Linked Skill Variant@{1}
10110201629	連線衍生技能@{1}	Linked Skill Variant@{1}
10110201632	騎士音符@{1}	Knight Note@{1}
10110201632	骑士音符@{1}	Knight Note@{1}
10110201633	十字军音符@{1}	Crusader Note@{1}
10110201633	十字軍音符@{1}	Crusader Note@{1}
10110201634	法师音符@{1}	Mage Note@{1}
10110201634	法師音符@{1}	Mage Note@{1}
10110201635	猎人音符@{1}	Hunter Note@{1}
10110201635	獵人音符@{1}	Hunter Note@{1}
10110201636	圣音同谐-协和音	Battle Chant Harmony - Consonance
10110201636	聖音同諧－協和音	Battle Chant Harmony - Consonance
10110201637	音流	Melodic Flow
10110201638	圣音同谐-韵律	Battle Chant Harmony - Rhythm
10110201638	聖音同諧－韻律	Battle Chant Harmony - Rhythm
10110201639	圣音同谐-共鸣	Battle Chant Harmony - Resonance
10110201639	聖音同諧－共鳴	Battle Chant Harmony - Resonance
10110201640	圣音同谐-诗篇	Battle Chant Harmony - Psalm
10110201640	聖音同諧－詩篇	Battle Chant Harmony - Psalm
10110201641	圣音同谐-合唱	Battle Chant Harmony - Chorus
10110201641	聖音同諧-合唱	Battle Chant Harmony - Chorus
10110201642	苦难谏歌-奥尔加农	Song of Suffering - Organum
10110201642	苦難諫歌－奧爾加農	Song of Suffering - Organum
10110201643	苦难谏歌-低鸣	Song of Suffering - Murmur
10110201643	苦難諫歌－低鳴	Song of Suffering - Murmur
10110201644	苦难谏歌-洗礼	Song of Suffering - Baptism
10110201644	苦難諫歌-洗禮	Song of Suffering - Baptism
10110201645	苦难谏歌-圣乐真身	Song of Suffering - Sacred Music Incarnate
10110201645	苦難諫歌－聖樂真身	Song of Suffering - Sacred Music Incarnate
10110201646	乐句	Musical Phrase
10110201646	樂句	Musical Phrase
10110201647	牧师音符@{1}	Priest Note@{1}
10110201647	祭司音符@{1}	Priest Note@{1}
10110201648	刺客音符@{1}	Assassin Note@{1}
10110201649	商人音符@{1}	Merchant Note@{1}
10110201650	永寂慰藉	Solace of Eternal Silence
10110201651	音律战斧飓风	Melodic Axe Tornado
10110201651	音律戰斧颶風	Melodic Axe Tornado
10110201652	音律战斧飓风-强化	Melodic Axe Tornado - Enhance
10110201652	音律戰斧颶風-強化	Melodic Axe Tornado - Enhance
10110201653	音律強力衝擊	Melodic High-Energy Impact
10110201653	音律高能冲击	Melodic High-Energy Impact
10110201654	音律加农炮	Melody Cannon
10110201654	音律加農砲	Melody Cannon
10110201655	音律加农炮-强化	Melody Cannon - Enhance
10110201655	音律加農砲-強化	Melody Cannon - Enhance
10110201656	音律火神炮	Melody Vulcan
10110201656	音律火神砲	Melody Vulcan
10110201657	音律轟炸	Melody Bombardment
10110201657	音律轰炸	Melody Bombardment
10110201658	音律爆发	Melody Burst
10110201658	音律爆發	Melody Burst
10110201659	音律冲击	Melody Impact
10110201659	音律衝擊	Melody Impact
10110201660	音律漩涡	Melody Vortex
10110201660	音律漩渦	Melody Vortex
10110201661	音律颶風	Melody Hurricane
10110201661	音律飓风	Melody Hurricane
10110201662	音律巨浪	Melody Tidal Wave
10110201663	強化盾牌壓制	Enhanced Shield Press
10110201663	强化盾牌压制	Enhanced Shield Press
10110201664	月下回响	Moonlit Echo
10110201664	月下迴響	Moonlit Echo
10110201665	光芒綻放	Radiant Bloom
10110201665	光芒绽放	Radiant Bloom
10110201666	金色月輪	Golden Moon Ring
10110201666	金色月轮	Golden Moon Ring
10110201667	璀璨新星	Brilliant Nova
10110201668	守护之力	Guardian's Might
10110201668	守護之力	Guardian's Might
10110201669	不屈意志	Unyielding Will
10110201670	絕對防禦	Absolute Defense
10110201670	绝对防御	Absolute Defense
10110201671	重音強襲	Accented Assault
10110201671	重音强袭	Accented Assault
10110201672	強化瞄準射擊	Enhanced Focused Arrow Strike
10110201672	强化瞄准射击	Enhanced Focused Arrow Strike
10110201673	強化瞄準射擊（無限射擊）	Enhanced Focused Arrow Strike (Unlimited Shooting)
10110201673	强化瞄准射击（无限射击）	Enhanced Focused Arrow Strike (Unlimited Shooting)
10110201674	舞动狼群	Dance Move: Wolf Pack
10110201674	舞動狼群	Dance Move: Wolf Pack
10110201675	联合狩猎	Coordinated Hunt
10110201675	聯合狩獵	Coordinated Hunt
10110201676	律动群狼之王	Rhythmic Wolf King
10110201676	律動群狼之王	Rhythmic Wolf King
10110201677	律动之狼跟班（狼突击）	Rhythmic Warg Minion (Warg Charge)
10110201677	律動之狼跟班（狼突擊）	Rhythmic Warg Minion (Warg Charge)
10110201678	律动之狼跟班（狼撕咬）	Rhythmic Warg Minion (Warg Bite)
10110201678	律動之狼跟班（狼撕咬）	Rhythmic Warg Minion (Warg Bite)
10110201679	律动矢音	Rhythmic Arrow
10110201679	律動矢音	Rhythmic Arrow
10110201680	无限狂想	Infinite Rhapsody
10110201680	無限狂想	Infinite Rhapsody
10110201681	疾風節拍	Gale Beat
10110201681	疾风节拍	Gale Beat
10110201682	星穹交响	Celestial Symphony
10110201682	星穹交響	Celestial Symphony
10110201683	群狼迪斯可	Wolf Pack Disco
10110201683	群狼迪斯科	Wolf Pack Disco
10110201684	律动之狼	Rhythmic Warg
10110201684	律動之狼	Rhythmic Warg
10110201685	風壓飛刃	Wind-Pressure Blade
10110201685	风压飞刃	Wind-Pressure Blade
10110201686	強化百矛穿刺	Hundred Spear - Enhance
10110201686	强化百矛穿刺	Hundred Spear - Enhance
10110201687	終極百矛穿刺	Ultimate Hundred Spear
10110201687	终极百矛穿刺	Ultimate Hundred Spear
10110201688	精准刺击	Precision Thrust
10110201688	精準刺擊	Precision Thrust
10110201689	音速爆裂	Sonic Burst
10110201690	巨龍降臨	Dragon's Descent
10110201690	巨龙降临	Dragon's Descent
10110201691	半龍化	Half-Dragon Form
10110201691	半龙化	Half-Dragon Form
10110201692	横扫千军	Sweep Attack
10110201692	橫掃千軍	Sweep Attack
10110201693	魔王再临	Return of the Demon King
10110201693	魔王再臨	Return of the Demon King
10110201694	像素突刺	Pixel Thrust
10110201695	音符跳动	Beat Bounce
10110201695	音符跳動	Beat Bounce
10110201696	电子摇滚	Electro Rock
10110201696	電子搖滾	Electro Rock
10110201697	双倍音量	Double Volume
10110201697	雙倍音量	Double Volume
10110201698	影回环	Shadow Loop
10110201698	影迴環	Shadow Loop
10110201699	流影	Flowing Shadow
10110201700	千影	Thousand Shadows
10110201701	御影	Shadow Guard
10110201702	穿影	Piercing Shadow
10110201703	后退回影	Move back Shadow Echo
10110201703	後退迴影	Move back Shadow Echo
10110201704	回旋十字斩	Cross Ripper Slasher
10110201704	迴旋十字斬	Cross Ripper Slasher
10110201705	搖滾步	Rock Step
10110201705	摇滚步	Rock Step
10110201706	街头涂鸦	Graffiti Mastery
10110201706	街頭塗鴉	Graffiti Mastery
10110201707	托馬斯迴旋	Thomas Flare
10110201707	托马斯回旋	Thomas Flare
10110201708	DJ混響	DJ Reverb
10110201708	打碟混响	DJ Reverb
10110201709	三连押	Triple Rhyme
10110201709	三連押	Triple Rhyme
10110201710	嘻哈模仿秀	Hip-Hop Impersonation
10110201711	安可	Encore
10110201712	自由式說唱	Freestyle Rap
10110201712	自由式说唱	Freestyle Rap
10110201713	石化詛咒	Petrify Curse
10110201713	石化诅咒	Petrify Curse
10110201714	毀滅烈焰	Destructive Flame
10110201714	毁灭烈焰	Destructive Flame
10110201715	霜冻爆破(复制)	Jack Frost (Copy)
10110201715	霜凍爆破（複製）	Jack Frost (Copy)
10110201716	大地扭曲(复制)	Earth Strain (Copy)
10110201716	大地扭曲（複製）	Earth Strain (Copy)
10110201717	深紅隕石（複製）	Crimson Rock (Copy)
10110201717	深红陨石(复制)	Crimson Rock (Copy)
10110201718	霹雳雷霆(复制)	Thunderclap (Copy)
10110201718	霹靂雷霆（複製）	Thunderclap (Copy)
10110201719	破坏彗星(复制)	Comet (Copy)
10110201719	破壞彗星（複製）	Comet (Copy)
10110201720	元素漩涡(复制)	Tetra Vortex (Copy)
10110201720	元素漩渦（複製）	Tetra Vortex (Copy)
10110201721	流星	Meteor
10110201722	流星(复制)	Meteor (Copy)
10110201722	流星（複製）	Meteor (Copy)
10110201723	白色监狱触发	White Imprison Trigger
10110201723	白色監獄觸發	White Imprison Trigger
10110201724	念动星体(复制)	Psychokinetic Astral Body (Copy)
10110201724	念動星體（複製）	Psychokinetic Astral Body (Copy)
10110201725	混音共鳴	Remix Resonance
10110201725	混音共鸣	Remix Resonance
10110201726	灵魂之音	Voice of the Soul
10110201726	靈魂之音	Voice of the Soul
10110201727	共振焦点	Resonance Focus
10110201727	共振焦點	Resonance Focus
10110201728	聚光霓虹	Neon Spotlight
10110201729	終場衝擊	Finale Impact
10110201729	终场冲击	Finale Impact
10110201730	元素合奏	Elemental Ensemble
10110201731	五彩流星	Prismatic Meteor
10110201733	重音迪斯可	Disco Accent
10110201733	重音迪斯科	Disco Accent
10110201734	天使加身	Angel Incarnate
10110201735	启蒙	Enlightenment
10110201735	啟蒙	Enlightenment
10110201736	恶灵附身	Evil Spirit Possession
10110201736	惡靈附身	Evil Spirit Possession
10110201737	圣裁	Holy Judgment
10110201737	聖裁	Holy Judgment
10110201738	黑羽爆发	Black Feather Burst
10110201738	黑羽爆發	Black Feather Burst
10110201739	光晦交織：物理	Interwoven Light and Dark: Physical
10110201739	光晦交织：物理	Interwoven Light and Dark: Physical
10110201740	光晦交織：魔法	Interwoven Light and Dark: Magic
10110201740	光晦交织：魔法	Interwoven Light and Dark: Magic
10110201741	勻賜	Equal Grace
10110201741	匀赐	Equal Grace
10110201742	显化	Manifestation
10110201742	顯化	Manifestation
10110201743	神性残留	Divine Remnant
10110201743	神性殘留	Divine Remnant
10110201744	意志自由	Free Will
10110201745	协同攻击	Coordinated Attack
10110201745	協同攻擊	Coordinated Attack
10110201746	黑羽倾泻	Black Feather Barrage
10110201746	黑羽傾瀉	Black Feather Barrage
10110201747	讚美詩：勻賜	Praiser Priest Hymn: Equal Grace
10110201747	赞美诗：匀赐	Praiser Priest Hymn: Equal Grace
10110201748	讚美詩：顯化	Praiser Priest Hymn: Manifestation
10110201748	赞美诗：显化	Praiser Priest Hymn: Manifestation
10110201749	讚美詩：神性殘留	Praiser Priest Hymn: Divine Remnant
10110201749	赞美诗：神性残留	Praiser Priest Hymn: Divine Remnant
10110201750	讚美詩：天使加身	Praiser Priest Hymn: Angel Incarnate
10110201750	赞美诗：天使加身	Praiser Priest Hymn: Angel Incarnate
10110201751	驅魔咒：啟蒙	Exorciser Spell: Enlightenment
10110201751	驱魔咒：启蒙	Exorciser Spell: Enlightenment
10110201752	驅魔咒：意志自由	Exorciser Spell: Free Will
10110201752	驱魔咒：意志自由	Exorciser Spell: Free Will
10110201753	驅魔咒：墮落	Exorciser Spell: Corruption
10110201753	驱魔咒：堕落	Exorciser Spell: Corruption
10110201754	驅魔咒：惡靈附身	Exorciser Spell: Evil Spirit Possession
10110201754	驱魔咒：恶灵附身	Exorciser Spell: Evil Spirit Possession
10110201755	S@{1}战斧飓风无敌龙卷风	S@{1}Axe Tornado Invincible Whirlwind
10110201755	S@{1}戰斧颶風無敵龍捲風	S@{1}Axe Tornado Invincible Whirlwind
10110201756	S@{1}加农炮追击	S@{1}Cannon Pursuit
10110201756	S@{1}加農砲追擊	S@{1}Cannon Pursuit
10110201757	S@{1}爆魂技	S@{1}Soul Burst
10110201758	S@{1}火神炮@{2}	S@{1}Vulcan Cannon@{2}
10110201758	S@{1}火神砲@{2}	S@{1}Vulcan Cannon@{2}
10110201759	S@{1}加农炮	S@{1}Cannon
10110201759	S@{1}加農砲	S@{1}Cannon
10110201760	S@{1}加农炮强化@{2}	S@{1}Cannon Enhance@{2}
10110201760	S@{1}加農砲強化@{2}	S@{1}Cannon Enhance@{2}
10110201761	S@{1}火焰喷射	S@{1}Flamethrower
10110201761	S@{1}火焰噴射器	S@{1}Flamethrower
10110201762	S@{1}強力衝擊	S@{1}High-Energy Impact
10110201762	S@{1}高能冲击	S@{1}High-Energy Impact
10110201763	S@{1}高能脈衝	S@{1}High-Energy Pulse
10110201763	S@{1}高能脉冲	S@{1}High-Energy Pulse
10110201764	S@{1}孤月斩轮	S@{1}Crescent Moonblade
10110201764	S@{1}孤月斬輪	S@{1}Crescent Moonblade
10110201765	S@{1}恶魔咆哮	S@{1}Demonic Roar
10110201765	S@{1}惡魔咆哮	S@{1}Demonic Roar
10110201766	泰坦之怒	Titan's Fury
10110201767	裂地劈	Seismic Cleave
10110201768	地狱王狼	Hellhound King
10110201768	地獄王狼	Hellhound King
10110201769	究极百矛穿刺	Ultimate Hundred Spears
10110201769	究極百矛穿刺	Ultimate Hundred Spears
10110201770	真龍降臨	True Dragon's Descent
10110201770	真龙降临	True Dragon's Descent
10110201778	S@{1}影回环	S@{1}Shadow Loop
10110201778	S@{1}影迴環	S@{1}Shadow Loop
10110201780	S@{1}流影	S@{1}Flowing Shadow
10110201781	S@{1}千影	S@{1}Thousand Shadows
10110201782	S@{1}御影	S@{1}Shadow Guard
10110201783	S@{1}穿影	S@{1}Piercing Shadow
10110201785	元素破滅	Elemental Annihilation
10110201785	元素破灭	Elemental Annihilation
10110201786	深紅隕石Lv.@{1}	Crimson Rock Lv.@{1}
10110201786	深红陨石lv@{1}	Crimson Rock Lv.@{1}
10110201803	攻击弱点	Fatal Blow
10110201803	攻擊弱點	Fatal Blow
10110201804	霸体	Endure
10110201804	霸體	Endure
10110201805	快速恢复	Increase Recuperative Power
10110201805	快速恢復	Increase Recuperative Power
10110201806	剑系熟练度	Sword Mastery
10110201806	劍系熟練度	Sword Mastery
10110201807	長矛專家	Spear Expert
10110201807	长矛专家	Spear Expert
10110201808	剑攻速增加	Sword Quicken
10110201808	劍攻速增加	Sword Quicken
10110201809	怪物互击	Bowling Bash
10110201809	怪物互擊	Bowling Bash
10110201810	反击	Auto Counter
10110201810	反擊	Auto Counter
10110201811	騎乘攻擊	Brandish Spear
10110201811	骑乘攻击	Brandish Spear
10110201812	長矛刺擊	Spear Stab
10110201812	长矛刺击	Spear Stab
10110201813	投掷长矛	Spear Throw
10110201813	投擲長矛	Spear Throw
10110201814	冲锋攻击	Charge Attack
10110201814	衝鋒攻擊	Charge Attack
10110201815	连刺攻击	Pierce
10110201815	連刺攻擊	Pierce
10110201816	连突刺	Rapid Pierce
10110201816	連突刺	Rapid Pierce
10110201817	连刺爆破	Piercing Blast
10110201817	連刺爆破	Piercing Blast
10110201818	強力斬擊	Power Slash
10110201818	强力斩击	Power Slash
10110201819	势大力沉	Heavy Blow
10110201819	勢大力沉	Heavy Blow
10110201820	三段斩	Triple Slash
10110201820	三段斬	Triple Slash
10110201821	大剑横扫	Greatsword Sweep Attack
10110201821	大劍橫掃	Greatsword Sweep Attack
10110201822	双倍互击	Double Counter
10110201822	雙倍互擊	Double Counter
10110201823	灵气剑	Aura Blade
10110201823	靈氣劍	Aura Blade
10110201824	伤害增压	Head Crush
10110201824	傷害增壓	Head Crush
10110201825	集中攻击	Concentration
10110201825	集中攻擊	Concentration
10110201826	双剑格挡	Parry
10110201826	雙劍格擋	Parry
10110201827	螺旋刺击	Spiral Pierce
10110201827	螺旋刺擊	Spiral Pierce
10110201828	狂怒之枪	Berserk
10110201828	狂怒之槍	Berserk
10110201829	巧打	Joint Beat
10110201830	龍之吐息（火）	Dragon Breath (Fire)
10110201830	龙之吐息（火）	Dragon Breath (Fire)
10110201831	龍之吐息（水）	Dragon Breath (Water)
10110201831	龙之吐息（水）	Dragon Breath (Water)
10110201832	龍之咆哮	Dragon Howling
10110201832	龙之咆哮	Dragon Howling
10110201833	驯龙术	Dragon Training
10110201833	龍駕馭	Dragon Training
10110201834	音速冲击波	Sonic Wave
10110201834	音速衝擊波	Sonic Wave
10110201835	死亡反弹	Death Bound
10110201835	死亡反彈	Death Bound
10110201837	魔力剑	Enchant Blade
10110201837	魔力劍	Enchant Blade
10110201838	卢恩精熟	Rune Mastery
10110201838	盧恩精熟	Rune Mastery
10110201841	灼烧	Burn
10110201841	灼燒	Burn
10110201849	被动技能@{1}	Passive Skill@{1}
10110201849	被動技能@{1}	Passive Skill@{1}
10110201850	主动技能@{1}	Active Skill@{1}
10110201850	主動技能@{1}	Active Skill@{1}
10110201851	解控	Dispel
10110201852	控制	Control
10110201853	残影	Increase Dodge
10110201853	殘影	Increase Dodge
10110201854	二刀连击	Double Attack
10110201854	二刀連擊	Double Attack
10110201855	隐匿	Hiding
10110201855	隱匿	Hiding
10110201856	偷窃	Steal
10110201856	偷竊	Steal
10110201857	喷砂	Sand Puff
10110201857	噴砂	Sand Puff
10110201859	双持特殊逻辑	Special Dual-Wield Logic
10110201859	雙持特殊邏輯	Special Dual-Wield Logic
10110201860	拳刃修炼	Katar Mastery
10110201860	拳刃修練	Katar Mastery
10110201861	超音速投掷	Supersonic Blow
10110201861	超音速投擲	Supersonic Blow
10110201862	剧毒短刀	Envenomed Blade
10110201862	劇毒短刀	Envenomed Blade
10110201863	病毒散播	Virus Spread
10110201864	双手修炼	Dual-Wield Mastery
10110201864	左右手修煉	Dual-Wield Mastery
10110201865	无影之牙	Grimtooth
10110201865	無影之牙	Grimtooth
10110201866	毒性感染	Venom Splasher
10110201867	中毒	Poisoned
10110201868	双持精通	Dual-Wield Mastery
10110201868	雙持精通	Dual-Wield Mastery
10110201869	十字刺客普攻	Assassin Cross Normal Attack
10110201870	致命塗毒	Deadly Poison
10110201870	致命涂毒	Deadly Poison
10110201871	毒液制作	Create Deadly Poison
10110201871	毒液製作	Create Deadly Poison
10110201872	高阶心灵震波	Advanced Soul Destroyer
10110201872	高階心靈震波	Advanced Soul Destroyer
10110201873	十字斩	Cross Impact
10110201874	高阶拳刃修炼	Advanced Katar Mastery
10110201874	高階拳刃修練	Advanced Katar Mastery
10110201875	影击	Shadow Strike
10110201875	影擊	Shadow Strike
10110201876	剧毒	Venom Sting
10110201876	劇毒	Venom Sting
10110201877	刀剑乱舞	Blade Dance
10110201877	刀劍亂舞	Blade Dance
10110201878	可乘之机	Opening
10110201878	可乘之機	Opening
10110201879	连锁反应	Chain Reaction
10110201879	連鎖反應	Chain Reaction
10110201880	有影之牙	Shadow Fang
10110201881	暗算	Sneak Attack
10110201882	三刀连击	Triple Slash
10110201882	三刀連擊	Triple Slash
10110201883	正中毒心	Poisoned to the Core
10110201884	毒大妄为	Toxic Rampage
10110201884	毒大妄為	Toxic Rampage
10110201885	震波扩散	Spreading Shockwave
10110201885	震波擴散	Spreading Shockwave
10110201886	暗裡藏刀	Hidden Blade
10110201886	暗里藏刀	Hidden Blade
10110201887	致命爪痕	Fatal Claw Marks
10110201888	解毒剂	Antidote
10110201888	解毒劑	Antidote
10110201889	恃強凌弱	Prey on the Weak
10110201889	恃强凌弱	Prey on the Weak
10110201890	影破	Shadow Break
10110201891	黑色幻影被动	Black Phantom Passive
10110201891	黑色幻影被動	Black Phantom Passive
10110201892	魔法回响	Magic Reverberation
10110201892	魔法迴響	Magic Reverberation
10110201893	圣光庇护	Holy Light's Protection
10110201893	聖光庇護	Holy Light's Protection
10110201894	连续治疗	Continuous Healing
10110201894	連續治療	Continuous Healing
10110201895	海盗之王普攻	Pirate King Normal Attack
10110201895	海盜之王普攻	Pirate King Normal Attack
10110201896	十字轟炸	Cross Blast
10110201896	十字轰炸	Cross Blast
10110201897	海盗之王劈砍	Pirate King Slash
10110201897	海盜之王劈砍	Pirate King Slash
10110201898	能量外套	Energy Coat
10110201899	圣灵召唤	Soul Strike
10110201899	聖靈召喚	Soul Strike
10110201900	火焰之壁	Fire Wall
10110201901	火球术	Fire Ball
10110201901	火球術	Fire Ball
10110201902	雷爆术	Thunderstorm
10110201902	雷爆術	Thunderstorm
10110201903	冰冻术	Frost Diver
10110201903	冰凍術	Frost Diver
10110201904	石化术	Stone Curse
10110201904	石化術	Stone Curse
10110201905	心灵爆破	Mind Blast
10110201905	心靈爆破	Mind Blast
10110201906	地震术	Earth Spike
10110201906	地震術	Earth Spike
10110201907	火之猎杀	Sightrasher
10110201907	火之獵殺	Sightrasher
10110201908	霜冻之术	Frost Nova
10110201908	霜凍之術	Frost Nova
10110201909	泥沼地	Quagmire
10110201910	火柱攻击	Fire Pillar
10110201910	火柱攻擊	Fire Pillar
10110201911	陨石术	Meteor Storm
10110201911	隕石術	Meteor Storm
10110201912	火狩芽	Sight Sprout
10110201913	魔击术	Magic Crasher
10110201913	魔擊術	Magic Crasher
10110201914	魔击炮	Magic Cannon
10110201914	魔擊砲	Magic Cannon
10110201915	魔力增幅	Mystical Amplification
10110201916	吸魂术	Soul Drain
10110201916	吸魂術	Soul Drain
10110201917	噶般塔音	Ganbantein
10110201918	元素追击	Elemental Pursuit
10110201918	元素追擊	Elemental Pursuit
10110201919	元素冲击	Elemental Shock
10110201919	元素衝擊	Elemental Shock
10110201920	火球爆裂	Fireball Burst
10110201921	冰錐	Ice Spike
10110201921	冰锥	Ice Spike
10110201922	天雷	Thunderbolt
10110201923	火焰爆炸	Fire Explosion
10110201924	余烬地带	Ember Zone
10110201924	餘燼地帶	Ember Zone
10110201925	冰霜爆炸	Frost Explosion
10110201926	空間扭曲	Spatial Distortion
10110201926	空间扭曲	Spatial Distortion
10110201927	魔力霜冻	Magic Frost
10110201927	魔力霜凍	Magic Frost
10110201928	元素掌控	Element Control
10110201929	閱讀魔法書	Reading Spellbook
10110201929	魔法书阅读	Reading Spellbook
10110201930	停止閱讀	Stop Reading
10110201930	停止阅读	Stop Reading
10110201932	陨星	Meteor
10110201932	隕星	Meteor
10110201933	冰爆	Ice Blast
10110201934	雷爆	Thunder Blast
10110201935	土爆	Earth Blast
11770000000	万能药	Panacea
11770000000	萬能藥	Panacea
11770000001	持續恢復藥水	Regeneration Potion
11770000001	持续恢复药水	Regeneration Potion
11770000002	瞬时恢复药水	Instant Recovery Potion
11770000002	瞬間恢復藥水	Instant Recovery Potion
11770000003	加速药水	Speed Potion
11770000003	加速藥水	Speed Potion
11770000004	冷却药水	Cooldown Potion
11770000004	冷卻藥水	Cooldown Potion
11770000005	咔咔金币	Kaka Coin
11770000005	咔咔金幣	Kaka Coin
11770000006	伪装	Disguise
11770000006	偽裝	Disguise
11770000007	暗影步	Shadow Step
11770000008	心灵震波	Soul Destroyer
11770000008	心靈震波	Soul Destroyer
11770000009	伪装强化	Enhance Cloaking
11770000009	偽裝強化	Enhance Cloaking
11770000010	黑暗瞬間	Meteor Assault
11770000010	黑暗瞬间	Meteor Assault
11770000011	黑色幻影	Dark Illusion
11770000012	恶灵威胁	Evil Spirit Threat
11770000012	惡靈威脅	Evil Spirit Threat
11770000013	裂空冲击	Rift Impact
11770000013	裂空衝擊	Rift Impact
11770000014	幻象突刺	Phantom Thrust
11770000015	百矛穿刺	Rain of Spears
11770000016	无畏冲锋	Fearless Charge
11770000016	無畏衝鋒	Fearless Charge
11770000017	枪阵-旋月	Spear Formation - Crescent Moon
11770000017	槍陣-旋月	Spear Formation - Crescent Moon
11770000018	黃昏之光	Twilight
11770000018	黄昏之光	Twilight
11770000019	架盾防御	Shield Defense
11770000019	架盾防禦	Shield Defense
11770000020	重炮枪击	Heavy Cannon Shot
11770000020	重砲槍擊	Heavy Cannon Shot
11770000021	元素漩涡	Tetra Vortex
11770000021	元素漩渦	Tetra Vortex
11770000022	破坏彗星	Comet
11770000022	破壞彗星	Comet
11770000023	霹雳雷霆	Thunderclap
11770000023	霹靂雷霆	Thunderclap
11770000024	深紅隕石	Crimson Rock
11770000024	深红陨石	Crimson Rock
11770000025	霜冻爆破	Jack Frost
11770000025	霜凍爆破	Jack Frost
11770000026	大地扭曲	Earth Strain
11770000027	重力原野	Gravitation Field
11770000028	灿烂圣光	Radiant Holy Light
11770000028	燦爛聖光	Radiant Holy Light
11770000029	光耀之堂	Sanctuary
11770000030	高阶治愈术	Highness Heal
11770000030	高階治癒術	Highness Heal
11770000031	奉献颂歌	Hymn of Devotion
11770000031	奉獻頌歌	Hymn of Devotion
11770000032	羔羊歌頌	Hymn of the Lamb
11770000032	羔羊颂歌	Hymn of the Lamb
11770000033	冲锋箭	Charge Arrow
11770000033	衝鋒箭	Charge Arrow
11770000034	箭雨風暴	Arrow Storm
11770000034	箭雨风暴	Arrow Storm
11770000035	猎鹰寻敌	Detecting
11770000035	獵鷹尋敵	Detecting
11770000036	千星逐月	Myriad Stars Chase the Moon
11770000037	定位陷阱	Anklesnare
11770000038	強光陷阱	Flasher
11770000038	强光陷阱	Flasher
11770000039	加农炮强化	Arm Cannon Enhance
11770000039	加農砲強化	Arm Cannon Enhance
11770000040	冲击锥	Pile Bunker
11770000040	衝擊椎	Pile Bunker
11770000041	火焰喷射	Flame Launcher
11770000041	火焰噴射器	Flame Launcher
11770000042	躲猫猫	Hide-and-Seek
11770000042	躲貓貓	Hide-and-Seek
11770000043	風遁－龍捲風	Wind Style - Tornado
11770000043	风遁-龙卷风	Wind Style - Tornado
11770000044	土遁-钻地	Earth Style - Burrow
11770000044	土遁－鑽地	Earth Style - Burrow
11770000045	体术-倍化术	Body Style - Expansion
11770000045	體術－倍化術	Body Style - Expansion
11770000046	火遁-火焰喷射	Fire Style - Flame Jet
11770000046	火遁－火焰噴射	Fire Style - Flame Jet
11770000047	雷遁-天雷滚滚	Lightning Style - Rolling Thunder
11770000047	雷遁－天雷滾滾	Lightning Style - Rolling Thunder
11770000048	風遁－季風	Wind Style - Monsoon
11770000048	风遁-季风	Wind Style - Monsoon
11770000049	卡普拉之剑	Kafra's Sword
11770000049	卡普拉之劍	Kafra's Sword
11770000050	生存者护肩	Survivor's Muffler
11770000050	生存者護肩	Survivor's Muffler
11770000051	生存者外套	Survivor's Coat
11770000052	生存者跑鞋	Survivor's Running Shoes
11770000053	卡普拉之戒	Kafra's Ring
11770000054	迅捷騎士	Swift Knight
11770000054	迅捷骑士	Swift Knight
11770000055	枪骑	Lance Knight
11770000055	槍騎	Lance Knight
11770000056	鋼盾騎士	Steel Shield Knight
11770000056	钢盾骑士	Steel Shield Knight
11770000057	龍騎	Dragon Knight
11770000057	龙骑	Dragon Knight
11770000058	枪十字	Spear Crusader
11770000058	槍十字	Spear Crusader
11770000059	盾十字	Shield Crusader
11770000060	讚美祭司	Praiser Priest
11770000060	赞美牧师	Praiser Priest
11770000061	驅魔祭司	Exorciser
11770000061	驱魔牧师	Exorciser
11770000062	手推車	Cart Merchant
11770000062	手推车	Cart Merchant
11770000063	流浪商人	Wandering Merchant
11770000064	鐵斧匠人	Iron Axe Artisan
11770000064	铁斧匠人	Iron Axe Artisan
11770000065	偷袭刺客	Ambush Assassin
11770000065	偷襲刺客	Ambush Assassin
11770000066	潛行刺客	Stealth Assassin
11770000066	潜行刺客	Stealth Assassin
11770000067	心震刺	Soul Breaker Assassin
11770000068	回旋流	Rolling Cutter Assassin
11770000068	迴旋流	Rolling Cutter Assassin
11770000069	陷阱猎人	Trap Hunter
11770000069	陷阱獵人	Trap Hunter
11770000070	鷹眼獵人	Eagle Eye Hunter
11770000070	鹰眼猎人	Eagle Eye Hunter
11770000071	速射	Speedy Hunter
11770000072	射击	Wind Walker
11770000072	射擊	Wind Walker
11770000073	狼猎	Warg Hunter
11770000073	狼獵	Warg Hunter
11770000074	冰冻法师	Frost Mage
11770000074	冰凍法師	Frost Mage
11770000075	地火	Earthfire Mage
11770000076	元素法师	Elemental Mage
11770000076	元素法師	Elemental Mage
11770000077	元素	Element
11770000078	身份牌	Bidder ID
11770000078	身分牌	Bidder ID
