Index	English	Thai_Translation
22001	Wow! What an exquisite treasure chest! Hurry and see what goodies are inside!	ว้าว! ช่างเป็นหีบสมบัติที่ประณีตจริงๆ! รีบดูว่าข้างในมีสารพัดอะไรบ้าง!
22002	You need to learn how to configure Auto-Potion. This Demon can't Fortify you.	คุณต้องเรียนรู้วิธีกำหนดค่า Auto-Potion ปีศาจตัวนี้ไม่สามารถเสริมกำลังคุณได้
22003	Only @{1} steps to go. For step @{2}, tap this item to place it on the board.	เหลือเพียง@{1}ก้าวไปสำหรับขั้นตอน@{2}ให้แตะรายการนี้เพื่อวางไว้บนกระดาน
22004	Curious about this place? Feel free to look around. I'll be waiting up ahead.	อยากรู้เกี่ยวกับสถานที่นี้ไหมรู้สึกอิสระที่จะมองไปรอบ ๆฉันจะรอข้างหน้า
22005	You removed [${1}] from the Exchange. Please collect it from the attachments.	คุณได้ลบ [${1}] ออกจาก Exchange กรุณารวบรวมจากไฟล์แนบ
22006	What do you say, Adventurer? This is a rare opportunity—how about buying one?	ว่าไงนะ Adventurer? นี่เป็นโอกาสที่หาได้ยาก—ลองซื้อดูไหม?
22007	Where has that boy run off to now? He can't even stay home for a single hour!	เด็กคนนั้นหนีไปไหนแล้วตอนนี้? เขาไม่สามารถอยู่บ้านได้ชั่วโมงเดียวด้วยซ้ำ!
22008	There are so many trees and flowers here. They seem to fill me with strength.	ที่นี่มีต้นไม้และดอกไม้มากมายดูเหมือนพวกเขาจะเติมพลังให้ฉัน
22009	Ugh, why did I choose a partner like this? I'd be better off doing it myself.	เอ่อทำไมผมถึงเลือกคู่แบบนี้ล่ะ? ฉันทำเองดีกว่า
22010	When we were young, this gate wasn't nearly this big. They expanded it later.	ตอนที่เรายังเด็ก ประตูนี้ไม่ได้ใหญ่โตขนาดนี้พวกเขาขยายมันในภายหลัง
22011	Touch the Book of Job Advance ahead and choose the path that's right for You.	แตะ Book of Job Advance ข้างหน้าและเลือกเส้นทางที่เหมาะกับคุณ
22012	<color=#F8B453>Go to the teleportation portal to enter the Inner Area</color>	<color=#F8B453>Go to the teleportation portal to enter the Inner Area</color>
22013	Watch the bubbles' paths and keep bubbles of different colors from colliding.	ดูเส้นทางของฟองอากาศและป้องกันไม่ให้ฟองอากาศที่มีสีต่างกันชนกัน
22014	Almachia is attacking! Watch out for the Blackhole in the center of the area!	อัลมาเคียบุกแล้ว! ระวังหลุมดำใจกลางพื้นที่!
22015	${2} from Guild ${1} activated Experimental Puppet Σ! Adventurers, watch out!	${2}จาก Guild${1}เปิดใช้งาน Experimental Puppet Σ! Adventurers จงระวัง!
22016	${2} from Guild ${1} Defeated Experimental Puppet Σ! Let the cheers ring out!	${2}จาก Guild${1}พ่ายแพ้หุ่นทดลอง Σ! ปล่อยให้เสียงเชียร์ดังขึ้น!
22017	Activate four Safe Zones simultaneously. ${1} seconds until the beat explodes	เปิดใช้งานโซนปลอดภัยสี่โซนพร้อมกัน${1}วินาทีจนกระทั่งจังหวะระเบิด
22018	Ghost ships will arrive in ${1} seconds! Destroy them with explosive barrels!	เรือผีจะมาถึงใน${1}วินาที! ทำลายพวกมันด้วยถังระเบิด!
22019	${1} spent ${2} Guild Contribution to Level-up the ${3} building to Lv. ${4}.	${1}ใช้เงินบริจาคของ Guild${2}เพื่อยกระดับอาคาร${3}เป็น Lv.${4}.
22020	^{1}[${1}]^{2} added a high-quality accelerant, replacing [${2}] with [${3}].	^{1}[${1}]^{2}ได้เพิ่มตัวเร่งความเร็วคุณภาพสูง โดยแทนที่ [${2}] ด้วย [${3}]
22021	Bobo\nThe great king has arrived! All you monsters and fiends, clear the way!	Bobo\n ราชาผู้ยิ่งใหญ่มาแล้ว! เหล่าสัตว์ประหลาดและอสูรทั้งหลาย จงเคลียร์ทาง!
22022	Soldier\nReporting, Commander! Something unusual is happening at the Pyramid!	รายงานตัว\n ผู้บัญชาการ! มีบางอย่างผิดปกติเกิดขึ้นที่ Pyramid!
22023	^{1}The summit isn't the end. It's where you first glimpse the next peak.^{2}	^{1}ยอดเขายังไม่สิ้นสุดเป็นที่ที่คุณจะมองเห็นยอดเขาถัดไปเป็นอันดับแรก^{2}
22024	Use a Treasure Map @{1} times (use a Standard Treasure Map from the Backpack)	ใช้ Treasure Map@{1}ครั้ง (ใช้ Standard Treasure Map จาก Backpack)
22025	Activate the Nine-Tone Mantra matching Theme Headwear Appearance (Permanent).	เปิดใช้งานรูปลักษณ์หมวกที่เข้ากันกับ Nine-Tone Mantra (ถาวร)
22026	Open to receive @{1} Card: Whisper, @{2} Blue Card Shards, and @{3} Diamonds.	Open เพื่อรับการ์ด@{1}: Whisper, ชิ้นส่วนการ์ดสีน้ำเงิน@{2}และ Diamonds@{3}
22027	Plant fluff that drifts on the wind. It can be gathered and used as stuffing.	ปุยฝ้ายที่ปลิวไปตามสายลมสามารถรวบรวมใช้เป็นไส้ได้
22028	Ornate Tier @{1} Purple Equipment, clearly crafted by the Moonlit Challenger.	Ornate Tier@{1}Purple Equipment สร้างขึ้นอย่างชัดเจนโดย Moonlit Challenger
22029	A Madogear Pilot made of exceptionally Rare mithril with incredible hardness.	Madogear Pilot ที่สร้างจากมิธริลที่หายากเป็นพิเศษและมีความแข็งอย่างเหลือเชื่อ
22030	"A sword made specifically for ""fighting."" Its hilt has a distinctive S shape."	"ดาบที่สร้างขึ้นมาเพื่อ ""การต่อสู้"" โดยเฉพาะ ด้ามจับมีรูปทรงตัว S ที่โดดเด่น"
22031	<color=#CC762A>Members with insufficient Reward Count are shown first</color>	<color=#CC762A>Members with insufficient Reward Count are shown first</color>
22032	Event Period: During the Ignition Test, opens Friday from @{1}:@{2}~@{3}:@{4}	: ในระหว่างการทดสอบการจุดระเบิด เปิดวันศุกร์ตั้งแต่@{1}:@{2}~@{3}:@{4}
22033	Event Period: During the Ignition Test, opens Sunday from @{1}:@{2}~@{3}:@{4}	: ในระหว่างการทดสอบการจุดระเบิด เปิดวันอาทิตย์ตั้งแต่@{1}:@{2}~@{3}:@{4}ระยะเวลากิจกรรม
22034	<color=#CC762A>60 minutes</color> of Bonus Time is restored daily at midnight	<color=#CC762A>60 นาที</color>ของ Bonus Time จะถูกกู้คืนทุกวันเวลาเที่ยงคืน
22035	Players removed from the tavern are automatically added to the room's Blocks.	ผู้เล่นที่ถูกลบออกจากโรงเตี๊ยมจะถูกเพิ่มเข้าไปในบล็อกของห้องโดยอัตโนมัติ
22036	Cannot reset the [Cart Use] skill while there are items in the Cart Merchant.	ไม่สามารถรีเซ็ตทักษะ [Cart Use] ได้ในขณะที่มีสินค้าอยู่ใน Cart Merchant
22037	The field goes dark. Each player can see one glowing Bell and must follow it.	สนามมืดลงผู้เล่นแต่ละคนสามารถเห็นระฆังเรืองแสงหนึ่งอันและต้องติดตามมัน
22038	Allies within ${1} meters of the supply cart gain ${2}% ATK for ${3} seconds.	พันธมิตรที่อยู่ในระยะ${1}เมตรจากรถเข็นเสบียงจะได้รับ${2}% ATK เป็นเวลา${3}วินาที
22039	Increases damage against Brute Race and Insect Race enemies by ^{1}${1}%^{2}.	เพิ่มความเสียหายต่อศัตรู Brute Race และ Insect Race โดย ^{1}${1}%^{2}
22040	Orc Hero surrounds himself with blades, continuously damaging nearby players.	Orc Hero ล้อมรอบตัวเองด้วยดาบ สร้างความเสียหายให้กับผู้เล่นใกล้เคียงอย่างต่อเนื่อง
22041	Unlock the [Premium Pass] to receive <color=#ff993f>${1}</color> more rewards	Unlock the [Premium Pass] to receive <color=#ff993f>${1}</color> more rewards
22042	Hehe, clothes really do make the Adventurer. You look much more reliable now!	อิอิ เสื้อผ้าสร้าง Adventurer ได้จริงๆตอนนี้คุณดูน่าเชื่อถือมากขึ้นแล้ว!
22043	On our fortieth anniversary, he went out to buy me a ring and never returned.	ในวันครบรอบสี่สิบของเรา เขาออกไปซื้อแหวนให้ฉันแต่ไม่เคยกลับมาเลย
22044	If you're here, stop wasting time and show me the equipment you want refined!	หากคุณอยู่ที่นี่ หยุดเสียเวลาแล้วแสดงอุปกรณ์ที่คุณต้องการปรับปรุงให้ฉันดู!
22045	The shadow left behind by 【Move Back Afterimage】 mimics your 【Shadow Pierce】.	เงาที่ทิ้งไว้โดย 【Move Back Afterimage】 จะเลียนแบบ 【Shadow Pierce】 ของคุณ
22046	Increases Attack Speed. Normal Attacks have a Chance to trigger Cursed Slash.	เพิ่มความเร็วในการโจมตี Normal Attacks มีโอกาสที่จะทำให้ Cursed Slash ทำงาน
22047	Log in for a total of 7 days during the event to unlock all check-in rewards!	เข้าสู่ระบบเป็นเวลา 7 วันในช่วงกิจกรรมเพื่อปลดล็อกรางวัลเช็คอินทั้งหมด!
22048	Increases Magic ATK based on DEX. Every ${1} DEX increases Magic ATK by ${2}.	เพิ่มพลังโจมตีเวทย์ตาม DEX ทุก ๆ${1}DEX จะเพิ่มพลังโจมตีเวทย์ขึ้น${2}
22049	Increases Magic ATK based on INT. Every ${1} INT increases Magic ATK by ${2}.	เพิ่มพลังโจมตีเวทย์ตาม INT ทุก${1}INT จะเพิ่มพลังโจมตีเวทย์ขึ้น${2}
22050	The Headgear Merchant sets the terms for the exchange. Hear what Allen thinks.	ผู้ขายหมวกเป็นผู้กำหนดเงื่อนไขในการแลกเปลี่ยนฟังสิ่งที่ Allen คิด
22051	\n${1} was your most frequent activity, adding a splash of color to your life.	\n${1}เป็นกิจกรรมที่คุณทำบ่อยที่สุด โดยจะเติมสีสันให้กับชีวิตของคุณ
22052	Includes information such as player name, Guild name, Guild emblem, and Trophy	มีข้อมูล เช่น ชื่อผู้เล่น ชื่อ Guild สัญลักษณ์ Guild และถ้วยรางวัล
22053	This player is in Blocks. Remove them from Blocks before selecting Add Friend.	ผู้เล่นนี้อยู่ในบล็อก Remove ออกจากบล็อกก่อนที่จะเลือกเพิ่มเพื่อน
22054	Canceling the response will cause guild creation to fail. Cancel the response?	การยกเลิกการตอบสนองจะทำให้การสร้างกิลด์ล้มเหลวยกเลิกการตอบกลับ?
22055	Guild Member ${1} has initiated an Impeachment. You may Respond to Impeachment	สมาชิก Guild${1}ได้ริเริ่มการฟ้องร้องแล้วคุณสามารถตอบสนองต่อการฟ้องร้องได้
22056	Enrage time remaining after clearing the dungeon does not meet the requirement	เวลาโกรธที่เหลืออยู่หลังจากการเคลียร์ดันเจี้ยนไม่เป็นไปตามข้อกำหนด
22057	^{1}^{2}【Maximum Over Thrust】^{3}^{4}increases Physical damage dealt by ${1}%.	^{1}^{2}【Maximum Over Thrust】^{3}^{4}เพิ่มความเสียหายทางกายภาพที่ทำได้โดย${1}%
22058	Ignores monster Size. Damage against Small, Medium, and Large monsters +@{1}%.	ละเว้นขนาดสัตว์ประหลาดสร้างความเสียหายต่อมอนสเตอร์ขนาดเล็ก กลาง และใหญ่ +@{1}%
22059	While ^{1}^{2}[Battle Chant]^{3}^{4} is active, your Max HP increases by ${1}.	ในขณะที่ ^{1}^{2}[Battle Chant]^{3}^{4}ทำงานอยู่ HP สูงสุดของคุณจะเพิ่มขึ้น${1}
22060	For every ${1} additional skills on this Divine Arts Totem, Physical ATK +${2}	สำหรับทุกทักษะเพิ่มเติมของ${1}บน Divine Arts Totem, พลังโจมตีกายภาพ +${2}
22061	For every ${1} Stunts on equipped gear, Physical ATK +${2} (up to ${3} Stunts)	สำหรับ${1}Stunts ทุกตัวบนอุปกรณ์ที่ติดตั้ง ATK กายภาพ +${2}(สูงสุด${3}Stunts)
22062	Baphomet summons a ^{1}charging illusion^{2} that damages targets in its path.	Baphomet เรียก ^{1}ชาร์จภาพลวงตา^{2}ที่สร้างความเสียหายให้กับเป้าหมายที่ขวางทาง
22063	There are still pets Not Deployed. Are you sure you want to Enter Battlefield?	ยังมีสัตว์เลี้ยงที่ยังไม่ได้ใช้งานคุณแน่ใจหรือไม่ว่าต้องการเข้าสู่ Battlefield?
22064	A very old-fashioned television set that can surprisingly still play programs.	โทรทัศน์สมัยเก่ามากที่ยังสามารถเล่นรายการได้อย่างน่าประหลาดใจ
22065	You have not met this map's Unlock Requirement. Keep working on your Level-up!	คุณยังมีคุณสมบัติไม่ตรงตามข้อกำหนดการปลดล็อคของแผนที่นี้ทำงานต่อไปเพื่อยกระดับของคุณ!
22066	"In Ragnarok Online, equipping a ""Katar"" sets your critical hit Chance to @{1}."	"ใน Ragnarok Online การสวมใส่ ""Katar"" จะกำหนดโอกาสการโจมตีคริติคอลของคุณเป็น@{1}"
22067	"After defeating an MVP, the letters ""MVP"" will appear above the player's head."	"หลังจากเอาชนะ MVP แล้ว ตัวอักษร ""MVP"" จะปรากฏเหนือศีรษะของผู้เล่น"
22068	Press the directional key corresponding to the direction of Luna's Dance Move.	กดปุ่มทิศทางที่สอดคล้องกับทิศทางของ Dance Move ของ Luna
22069	Complete all quests to advance your title and earn a grand advancement reward.	ทำภารกิจทั้งหมดให้สำเร็จเพื่อเลื่อนตำแหน่งของคุณและรับรางวัลความก้าวหน้าอันยิ่งใหญ่
22070	Come, extend your hand and let this great prophet guide you to your true path!	มาเลย ยื่นมือของคุณและให้ศาสดาผู้ยิ่งใหญ่คนนี้นำทางคุณไปสู่เส้นทางที่แท้จริงของคุณ!
22071	Ta-da! The Crystal of Fate has revealed your result! Let's see... Oh? Not bad!	ทาดา! Crystal of Fate ได้เปิดเผยผลลัพธ์ของคุณแล้ว! มาดูกัน... เอ๊ะ? ไม่เลว!
22072	Wulf knows this ship inside and out. Don't worry—he's a dependable old friend.	วูล์ฟรู้จักเรือลำนี้ทั้งภายในและภายนอกไม่ต้องกังวล เขาเป็นเพื่อนเก่าที่เชื่อถือได้
22073	Purchase successful! The item has been delivered. Please check your inventory!	การซื้อสำเร็จ! สินค้าได้ถูกจัดส่งแล้วกรุณาตรวจสอบสินค้าคงคลังของคุณ!
22074	O-Of course! Science is about constantly challenging and surpassing tradition.	โอ-แน่นอน! วิทยาศาสตร์เป็นเรื่องเกี่ยวกับประเพณีที่ท้าทายและเหนือกว่าอย่างต่อเนื่อง
22075	Hello! I'm an Alchemist, a class that Merchants can reach through Job Advance.	สวัสดี! ฉันเป็นนักเล่นแร่แปรธาตุ คลาสที่พ่อค้าสามารถเข้าถึงได้ผ่าน Job Advance
22076	I'd definitely recognize you... Go... Get out of here! Can't you see I'm busy?	ฉันจำคุณได้แน่นอน... ไป... ออกไปจากที่นี่! คุณไม่เห็นเหรอว่าฉันยุ่ง?
22077	After walking all morning, she's finally willing to Sit down and take a break.	หลังจากเดินมาทั้งเช้า ในที่สุดเธอก็ยอมนั่งพักเสียที
22078	I'll just sit for one minute. Just one minute. I really can't keep fighting...	ฉันจะนั่งสักครู่หนึ่งเพียงหนึ่งนาทีฉันสู้ต่อไปไม่ไหวแล้วจริงๆ...
22079	Shh... I'm calculating this week's profits. Let's see, we sold @{1} potions...	ชู่... ฉันกำลังคำนวณกำไรประจำสัปดาห์นี้ดูสิเราขายยา@{1}แล้ว...
22080	Hmph. Don't think this will make me forget how you stood by and did nothing...	Hmph. อย่าคิดว่าจะทำให้ลืมได้ว่าเธอยืนเคียงข้างและไม่ทำอะไรเลย...
22081	So don't worry so much. Just follow Me, and I'll bring all of you back safely.	ดังนั้นอย่ากังวลมากนักแค่ตามฉันมา แล้วฉันจะพาพวกคุณทุกคนกลับมาอย่างปลอดภัย
22082	Those two are probably fighting Phreeoni Nearby, so I doubt they can get away.	สองคนนั้นคงกำลังต่อสู้กับ Phreeoni อยู่ใกล้ๆ ดังนั้นฉันจึงสงสัยว่าพวกเขาจะหนีไปได้หรือเปล่า
22083	Understood. The Relic should be in this direction. I've marked it on your map.	เข้าใจแล้วพระธาตุควรอยู่ในทิศทางนี้ฉันได้ทำเครื่องหมายไว้บนแผนที่ของคุณแล้ว
22084	Successfully transformed into ${1} Lv. ${2}! The winner's reward has increased	แปลงร่างเป็น${1}Lv. ได้สำเร็จ${2}! รางวัลของผู้ชนะเพิ่มขึ้น
22085	Players with the corresponding notes must Kill the matching Musical Instrument	ผู้เล่นที่มีโน้ตตรงกันจะต้อง Kill เครื่องดนตรีที่ตรงกัน
22086	Activate three Safe Zones simultaneously. ${1} seconds until the beat explodes	เปิดใช้งานโซนปลอดภัยสามโซนพร้อมกัน${1}วินาทีจนกระทั่งจังหวะระเบิด
22087	Deviling\nThe Treasure Island is about to sink! Warriors, escape immediately!!	Deviling\n เกาะมหาสมบัติกำลังจะจม! นักรบหนีด่วน!!
22088	Deviling\n[Pirate King] dropped a ^{1}[Surprise Chest]^{2} on the battlefield!	Deviling\n[Pirate King] ดรอป ^{1}[Surprise Chest]^{2}ในสนามรบ!
22089	${1} successfully impeached Guild Leader ${2} and became the new Guild Leader.	${1}ประสบความสำเร็จในการฟ้องร้องหัวหน้า Guild${2}และกลายเป็นหัวหน้า Guild คนใหม่
22090	Now for an exciting moment! Who will be the lucky winner?\nThird Prize Drawing	ถึงเวลาที่น่าตื่นเต้นแล้ว! ใครจะเป็นผู้โชคดี?\n การจับรางวัลที่สาม
22091	Too few players joined the party, so the Troublemaker Poring took the rewards!	มีผู้เล่นเข้าร่วมปาร์ตี้น้อยเกินไป ดังนั้น Troublemaker Poring จึงได้รับรางวัล!
22092	Gain the Big Head effect and choose You or an Other player to give a big head.	รับเอฟเฟกต์หัวโต และเลือกคุณหรือผู้เล่นอื่นเพื่อให้หัวโต
22093	Bobo\nI heard Maya's minions built an underground kingdom for her. Is this it?	Bobo\n ฉันได้ยินมาว่าลูกน้องของ Maya สร้างอาณาจักรใต้ดินให้เธอนี่เหรอ?
22094	Bobo\nCould that little thief be inside the Culvert? Let's hurry over and see~	Bobo\n โจรตัวน้อยนั้นอยู่ใน Culvert ได้ไหม? รีบไปดูกันเลย~
22095	Monster Research Adventurer\nDamn it, these blasted Chonchons! Please Help Me!	Monster Research Adventurer\n ให้ตายเถอะ Chonchons ที่เสียหายพวกนี้! โปรดช่วยฉันด้วย!
22096	Bobo\nI feel irritated whenever we Enter the Pyramid. Is the Relic causing it?	Bobo\n ฉันรู้สึกหงุดหงิดทุกครั้งที่เข้าไปใน PyramidRelic เป็นสาเหตุหรือไม่?
22097	Activate the Nine-Tone Mantra matching Theme Mouthwear Appearance (Permanent).	เปิดใช้งานรูปลักษณ์ของชุดแต่งปากของ Nine-Tone Mantra (ถาวร)
22098	Tender animal meat that can be grilled or stewed for a variety of meat dishes.	เนื้อสัตว์เนื้อนุ่มที่สามารถย่างหรือตุ๋นได้หลากหลายเมนูเนื้อสัตว์
22099	Points obtained by defeating monsters in the ^{1}Pharos Lighthouse^{2} region.	คะแนนที่ได้รับจากการเอาชนะมอนสเตอร์ใน ^{1}Pharos Lighthouse^ ภูมิภาค{2}
22100	Learning Skills will <color=#c26b47>randomly replace an existing skill</color>	Learning Skills will <color=#c26b47>randomly replace an existing skill</color>
22101	The airship takes off. As you look outside, the people of Izlude wave goodbye.	เรือเหาะกำลังบินขึ้นเมื่อคุณมองออกไปข้างนอก ผู้คนในอิซลูเดโบกมือลา
22102	Switching modes requires restarting the game. Are you sure you want to switch?	การสลับโหมดจำเป็นต้องรีสตาร์ทเกมคุณแน่ใจหรือไม่ว่าต้องการเปลี่ยน
22103	You or a teammate must defeat a total of ${1} other players in Kafra Survival.	คุณหรือเพื่อนร่วมทีมจะต้องเอาชนะผู้เล่นอื่น${1}ใน Kafra Survival ให้ครบจำนวน
22104	This server is temporarily unable to purchase items from the Instance Auction.	เซิร์ฟเวอร์นี้ไม่สามารถซื้อสินค้าจากการประมูลอินสแตนซ์ได้ชั่วคราว
22105	A similar skill effect is already active in this area. Please try again later.	เอฟเฟกต์ทักษะที่คล้ายกันมีการใช้งานแล้วในพื้นที่นี้ โปรดลองอีกครั้งในภายหลัง
22106	Invitation failed. The target guild has reached its limit for received invites	ล้มเหลว กิลด์เป้าหมายได้รับคำเชิญถึงขีดจำกัดแล้ว
22107	The recruitment text cannot consist entirely of numbers. Please enter it again	ข้อความการรับสมัครไม่สามารถประกอบด้วยตัวเลขทั้งหมดได้กรุณากรอกใหม่อีกครั้ง
22108	Whether the current dungeon has a subsequent dungeon in the challenge sequence	ไม่ว่าดันเจี้ยนปัจจุบันจะมีดันเจี้ยนตามมาในลำดับการท้าทายหรือไม่
22109	Once learned, Mechanics can ride a Madogear in battle and use Madogear skills.	เมื่อเรียนรู้แล้ว ช่างเครื่องสามารถขี่ Madogear ในการต่อสู้และใช้ทักษะ Madogear ได้
22110	Once learned, Mechanics can use the Kinetic Battle Axe and its related skills.	เมื่อเรียนรู้แล้ว ช่างกลจะสามารถใช้ Kinetic Battle Axe และทักษะที่เกี่ยวข้องได้
22111	Deals ATK * ^{1}@{3}%^{2} damage to up to @{2} enemies within a @{1} m radius.	สร้างความเสียหายต่อ ATK * ^{1}@{3}%^{2}สร้างความเสียหายให้กับศัตรูสูงสุด@{2}ภายในรัศมี@{1}m
22112	^{1}【Focused Arrow Strike】^{2}'s damage multiplier increases by ^{3}${1}%^{4}.	^{1}【Focused Arrow Strike】^ ตัวคูณความเสียหายของ{2}เพิ่มขึ้น ^{3}${1}%^{4}
22113	Increases the percentage damage multiplier of ^{1}【Bash】^{2} by ^{3}${1}%^{4}.	เพิ่มเปอร์เซ็นต์ตัวคูณความเสียหายของ ^{1}【Bash】^{2}โดย ^{3}${1}%^{4}
22114	After casting Meteor Assault, cast a mini Meteor Assault at the same location.	หลังจากร่าย Meteor Assault แล้ว ให้ร่าย Meteor Assault ขนาดเล็กที่ตำแหน่งเดียวกัน
22115	Server instability detected. Please try starting the conversation again later.	ตรวจพบความไม่เสถียรของเซิร์ฟเวอร์ โปรดลองเริ่มการสนทนาอีกครั้งในภายหลัง
22116	All right. You seem like a rather capable Adventurer. Could I ask you a favor?	เอาล่ะ. คุณดูเหมือนเป็น Adventurer ที่มีความสามารถทีเดียว ฉันขออะไรคุณหน่อยได้ไหม?
22117	Please decide whether to transfer to the Adventure Group's server before ${1}.	โปรดตัดสินใจว่าจะโอนไปยังเซิร์ฟเวอร์ของ Adventure Group ก่อน${1}หรือไม่
22118	Party member ${1} did not confirm participation. This match has been canceled.	สมาชิกปาร์ตี้${1}ไม่ได้ยืนยันการเข้าร่วมนัดนี้ถูกยกเลิกแล้ว
22119	No playstyle builds available. Use Get Help to obtain one from another player.	ไม่มีบิลด์สไตล์การเล่นให้ใช้งานใช้รับความช่วยเหลือเพื่อรับจากผู้เล่นอื่น
22120	Hidden and cannot be seen or targeted\nRevealed after taking damage @{1} times	ซ่อนและไม่สามารถมองเห็นหรือกำหนดเป้าหมาย\n เปิดเผยหลังจากได้รับความเสียหาย@{1}ครั้ง
22121	^{1}^{2}【Mystical Amplification】^{3}^{4} grants ^{5}${1}^{6} Extra Cast Speed.	^{1}^{2}【Mystical Amplification】^{3}^{4}ให้ ^{5}${1}^{6}ความเร็วในการร่ายพิเศษ
22122	Increases the damage of ^{1}Offensive-type^{2} Primary Battle Skills by ${1}%.	เพิ่มความเสียหายของ ^{1}ประเภทรุก^{2}ทักษะการต่อสู้หลักเป็น${1}%
22123	The character's maximum Life. The character dies when current Life reaches @{1}	พลัง Life สูงสุดของตัวละครตัวละครจะตายเมื่อพลัง Life ปัจจุบันถึง@{1}
22124	Affects the critical damage of the character's Damage Skills and healing skills	ส่งผลต่อความเสียหายคริติคอลของทักษะความเสียหายและทักษะการรักษาของตัวละคร
22125	A specially trained Peco Peco, exclusively used as a combat mount by Crusaders.	Peco Peco ที่ได้รับการฝึกฝนเป็นพิเศษ ใช้เป็นพาหนะต่อสู้โดย Crusaders โดยเฉพาะ
22126	The Arcane Crystal is fully charged. The unknown beyond will arrive after ${1}…	Arcane Crystal ชาร์จเต็มแล้วสิ่งที่ไม่รู้จักจะเกิดขึ้นหลังจาก${1}…
22127	Activating this attribute will <color=#FF1515>decrease Power</color>. Continue?	Activating this attribute will <color=#FF1515>decrease Power</color>. Continue?
22128	This Trade violated the Trade rules. The System has automatically taken action.	การค้านี้ละเมิดกฎการค้าระบบได้ดำเนินการโดยอัตโนมัติ
22129	A teammate's ID Tag. Use it or take it to an ambulance to Revive that teammate.	ID Tag ของเพื่อนร่วมทีม ใช้มันหรือนำไปที่รถพยาบาลเพื่อชุบชีวิตเพื่อนร่วมทีมคนนั้น
22130	Auto-Bid is currently active. Bidding manually will disable Auto-Bid. Continue?	Auto-Bid is currently active.Bidding manually will disable Auto-Bid. ดำเนินการต่อ?
22131	Weekly Active rating: There are 4 Active rating tiers based on Weekly Activity:	การให้คะแนนที่ใช้งานรายสัปดาห์: มี 4 ระดับการให้คะแนนที่ใช้งานอยู่ตาม Activity รายสัปดาห์:
22132	Gain ${1}% damage reduction and one chance to Respawn upon taking fatal damage.	ได้รับการลดความเสียหายของ${1}% และมีโอกาส Respawn หนึ่งครั้งเมื่อได้รับความเสียหายร้ายแรง
22133	Grants permanent 【Endure】 (immune to knockback, knock-up, and hitstun effects).	ให้【Endure】ถาวร
22134	^{1}^{2}【Sharp Shooting】^{3}^{4} gains ${1}% Crit Chance but no longer pierces.	^{1}^{2}【Sharp Shooting】^{3}^{4}ได้รับ${1}% โอกาสคริติคอล แต่ไม่ทะลุอีกต่อไป
22135	Camera controls conflict with the Select/Move key bindings. Please change them.	การควบคุมกล้องขัดแย้งกับการเชื่อมโยงคีย์เลือก/ย้ายกรุณาเปลี่ยนพวกเขา
22136	A new version of the game is available. Please update it through the app store.	มีเวอร์ชันใหม่ของเกมแล้ว โปรดอัปเดตผ่าน App Store
22137	Physical damage dealt to Brute and Insect monsters +${1}%; Movement Speed ${2}%	ความเสียหายทางกายภาพที่ทำกับสัตว์ประหลาดที่ดุร้ายและแมลง +${1}%;ความเร็วในการเคลื่อนที่${2}%
22138	^{1}^{2}[Envenomed Blade]^{3}^{4}'s ricochet effect gains an Extra ${1} bounce.	^{1}^{2}[Envenomed Blade]^{3}^ เอฟเฟกต์แฉลบของ{4}ได้รับการกระดอนพิเศษของ${1}
22139	Each CRIT with ^{1}^{2}【Advanced Katar Mastery】^{3}^{4} now grants ${1} Floors.	แต่ละ CRIT ที่มี ^{1}^{2}【Advanced Katar Mastery】^{3}^{4}ตอนนี้ให้สิทธิ์พื้น${1}
22140	Mistress summons ^{1}Hornets^{2} that charge at players from random directions.	Mistress อัญเชิญ ^{1}Hornets^{2}ที่ชาร์จผู้เล่นจากทิศทางสุ่ม
22141	Drake quickly charges, then damages^{1}fan-shaped areas in @{1} directions^{2}.	Drake ชาร์จอย่างรวดเร็ว จากนั้นสร้างความเสียหาย^{1}พื้นที่รูปพัดในทิศทาง@{1}^{2}
22142	Burrow through the earth in the designated direction, moving up to @{1} meters.	ขุดดินไปในทิศทางที่กำหนด โดยเคลื่อนขึ้นไปถึง@{1}เมตร
22143	You can't travel there during the current activity. Please leave and try again.	คุณไม่สามารถเดินทางไปที่นั่นได้ในระหว่างกิจกรรมปัจจุบันกรุณาออกและลองอีกครั้ง
22144	He is the sun; He has no need to look up.\nWorldscorch Feather · Theme Headwear	เขาคือดวงอาทิตย์เขาไม่จำเป็นต้องเงยหน้าขึ้นมอง\nWorldscorch Feather · อุปกรณ์สวมศีรษะแบบมีธีม
22145	Solo dungeons cannot be entered as a party. Leave your party and Enter Dungeon?	Solo Dungeon ไม่สามารถเข้าร่วมปาร์ตี้ได้ Leave จากปาร์ตี้แล้วเข้าสู่ดันเจี้ยน?
22146	"In RO, ""++"" means asking an Acolyte to cast both Blessing and Increase Agility."	"ใน RO ""++"" หมายถึงการขอให้ Acolyte ร่ายทั้ง Blessing และเพิ่มความคล่องตัว"
22147	Costume Enchant only costs a fixed amount of Zeny and grants special effects.	Costume Enchant ต้องใช้ Zeny ในจำนวนคงที่เท่านั้นและให้เอฟเฟกต์พิเศษ
22148	Your Stall was open for XX. You listed XX items and earned XX. Close the Stall?	แผงลอยของคุณเปิดให้บริการสำหรับ XX คุณลงรายการ XX รายการและได้รับ XX ปิดร้าน?
22149	Levin, glasses, poor eyesight... Is he from Payon? And didn't he study in Juno?	เลวิน แว่นสายตาไม่ดี... เขามาจาก Payon หรือเปล่า? แล้วเขาไม่ได้เรียนที่จูโนเหรอ?
22150	Your guild placed ${1} in this event. Here are the prizes. Please collect them!	กิลด์ของคุณวาง${1}ในกิจกรรมนี้นี่คือรางวัลกรุณารวบรวมพวกเขา!
22151	Take a gander at this 【Iron-Slicing Sword】! Look at that grain! Hear that ring!	ลองดู 【Iron-Slicing Sword】 นี้สิ! ดูเมล็ดข้าวนั่นสิ! ได้ยินแหวนนั่น!
22152	H-Honey, it's just a figure of speech! It's all to make money, to make money...	H-ที่รัก มันเป็นเพียงคำพูด! ทั้งหมดก็เพื่อหาเงิน เพื่อหาเงิน...
22153	The signal tower? Oh! That! Theoretically, I finished calibrating it last week.	ไฟสัญญาณเตือนแบบชั้น? โอ้! ที่! ตามทฤษฎีแล้ว ฉันปรับเทียบเสร็จแล้วเมื่อสัปดาห์ที่แล้ว
22154	I'm counting to @{1}. If he still hasn't apologized by then, we're breaking up!	ฉันกำลังนับถึง@{1}ถ้าตอนนั้นเขายังไม่ขอโทษเราเลิกกัน!
22155	All I did was ask, “How much longer are we going to shop?” and she got Angry...	สิ่งเดียวที่ฉันทำคือถามว่า “เราจะไปซื้อของอีกนานแค่ไหน?” และเธอก็โกรธ...
22156	Thank you for asking me to dance. The truth is, I've liked you for a long time.	ขอบคุณที่ชวนเต้นครับความจริงก็คือฉันชอบคุณมานานแล้ว
22157	Nothing matters more than making money. What, a conscience? Hah! Can I sell it?	ไม่มีอะไรสำคัญไปกว่าการทำเงินอะไรนะ มโนธรรม? ฮ่า! ขายได้ไหม?
22158	Trust in science, you little devil of a Poring. Hurry back—I guarantee results!	เชื่อในวิทยาศาสตร์ เจ้าปีศาจตัวน้อยแห่ง Poring รีบกลับมา ฉันรับประกันผลลัพธ์!
22159	You're the ones who stole the Professor's things! Who's really despicable here?	คุณคือคนที่ขโมยของของ Professor! นี่ใครน่ารังเกียจจริงๆ?
22160	My name is Bragis Skjald, a bard... and the chronicler of this timeline's epic.	ฉันชื่อ Bragis Skjald นักกวี... และผู้บันทึกเรื่องราวมหากาพย์แห่งไทม์ไลน์นี้
22161	${1} is short by ${2}. Combine this item? You can currently combine ${3} items.	${1}ย่อโดย${2}รวมรายการนี้? ขณะนี้คุณสามารถรวมรายการ${3}ได้
22162	The stage is set for the grand finale. The ultimate showdown is about to begin!	เวทีถูกกำหนดไว้สำหรับตอนจบที่ยิ่งใหญ่การประลองขั้นสุดยอดกำลังจะเริ่มต้นขึ้นแล้ว!
22163	Attention, Audience! The show is about to begin, and the fun is about to start!	โปรดทราบ ท่านผู้ชม! การแสดงกำลังจะเริ่มต้นขึ้น และความสนุกกำลังจะเริ่มต้นขึ้น!
22164	${1} has started the Dragon Crafting quest and invites all Adventurers to help!	${1}ได้เริ่มภารกิจสร้างมังกรแล้ว และขอเชิญ Adventurers ทุกคนมาช่วย!
22165	Congratulations to all Adventurers for successfully resolving this Rift Crisis.	ขอแสดงความยินดีกับ Adventurers ทุกท่านที่ประสบความสำเร็จในการแก้ไข Rift Crisis นี้
22166	Captain\nAim before You fire! Conserve ammo and target their engines and sails!	Captain\n เล็งไว้ก่อนจะยิง! อนุรักษ์กระสุนและกำหนดเป้าหมายเครื่องยนต์และใบเรือ!
22167	Bobo\nThe device is over there. Let's hurry and bring it back to the Professor.	Bobo\n อุปกรณ์อยู่ตรงนั้นเรารีบนำมันกลับไปให้ Professor กันเถอะ
22168	Reach @{1} progress for collecting all Monster Hunt rewards in the Payon Region	เข้าถึงความคืบหน้าของ@{1}เพื่อรับรางวัล Monster Hunt ทั้งหมดในภูมิภาค Payon
22169	Open to obtain @{1} Card: Eclipse, @{2} Blue Card Fragments, and @{3} Diamonds.	Open เพื่อรับการ์ด@{1}: Eclipse, ชิ้นส่วนการ์ดสีน้ำเงิน@{2}และ Diamonds@{3}
22170	A precision mold carved from Ironwood, used to make strong yet resilient rings.	แม่พิมพ์ที่แม่นยำซึ่งแกะสลักจากไม้ไอรอนวูด ใช้สำหรับทำแหวนที่แข็งแกร่งแต่ยืดหยุ่นได้
22171	A by-product of alchemical Pet Hatching. Dismantle to receive @{1} Proficiency.	ผลพลอยได้จากการฟักไข่สัตว์เลี้ยงเล่นแร่แปรธาตุ รื้อเพื่อรับ@{1}Proficiency
22172	Level-up is only available after all prerequisite talent nodes reach Max level.	การเลื่อนระดับจะใช้ได้เฉพาะหลังจากที่โหนด Talent ที่จำเป็นเบื้องต้นทั้งหมดถึงระดับสูงสุดแล้วเท่านั้น
22173	An Astral Sign imbued with mysterious power. Can be used for Equipment Forging.	Astral Sign ที่อัดแน่นไปด้วยพลังลึกลับสามารถใช้สำหรับการตีอุปกรณ์ได้
22174	An Undead katar made from the bones of Osiris and shrouded in an aura of death.	กาตาร์อันเดดที่สร้างจากกระดูกของ Osiris และปกคลุมไปด้วยรัศมีแห่งความตาย
22175	Guild Contribution used by Guild Members to purchase items from the Guild Shop.	Guild Contribution ที่สมาชิก Guild ใช้เพื่อซื้อไอเท็มจากร้านค้า Guild
22176	Bidding begins after this <color=#FDAB5B>Dungeon Settlement is complete</color>	Bidding begins after this <color=#FDAB5B>Dungeon Settlement is complete</color>
22177	Go forth and explore, seeking every source of power across these ancient lands.	ออกไปสำรวจและค้นหาแหล่งพลังงานทุกแห่งในดินแดนโบราณเหล่านี้
22178	For players familiar with PC MMORPGs such as Justice Online and Moonlight Blade	สำหรับผู้เล่นที่คุ้นเคยกับ PC MMORPG เช่น Justice Online และ Moonlight Blade
22179	This Adventurer Guild Card has already been unlocked. Do not Repeat the unlock.	การ์ด GuildAdventurer นี้ถูกปลดล็อคแล้วอย่าปลดล็อคซ้ำ
22180	The number of Elites does not meet the requirements for instant group formation	จำนวน Elite ไม่ตรงตามข้อกำหนดสำหรับการสร้างกลุ่มทันที
22181	The selected preset is invalid because it contains an item that does not exist.	ค่าที่ตั้งล่วงหน้าที่เลือกไม่ถูกต้องเนื่องจากมีรายการที่ไม่มีอยู่
22182	After a @{1}-sec warning, deals damage in a circular area with an @{2}m radius.	หลังจากการเตือน@{1}วินาที สร้างความเสียหายในพื้นที่วงกลมด้วยรัศมี@{2}m
22183	After Gitan finds bracelet, Gitan will find that snake. Bad snake killed Gitan.	หลังจากที่กีทันพบสร้อยข้อมือแล้ว กีตันก็จะพบงูตัวนั้น งูร้ายฆ่า Gitan
22184	Are you done gathering your materials too? Let's go trade them to the merchant.	คุณรวบรวมวัสดุเสร็จแล้วหรือยัง? ไปแลกเปลี่ยนกับพ่อค้ากันเถอะ
22185	I-I'd like to learn more about her. Like what she likes and what she doesn't...	ฉัน-ฉันอยากทราบข้อมูลเพิ่มเติมเกี่ยวกับเธอชอบสิ่งที่เธอชอบและสิ่งที่เธอไม่ชอบ...
22186	Your current server, [${1}], differs from the Adventure Group's server, [${2}].	เซิร์ฟเวอร์ปัจจุบันของคุณ [${1}] แตกต่างจากเซิร์ฟเวอร์ของ Adventure Group [${2}]
22187	Otherwise, you will automatically leave the Adventure Group when time runs out.	มิฉะนั้น คุณจะออกจากกลุ่มการผจญภัยโดยอัตโนมัติเมื่อหมดเวลา
22188	This slot is reserved for Adventure skills. Skills cannot be inserted manually.	สล็อตนี้สงวนไว้สำหรับทักษะการผจญภัยไม่สามารถแทรกทักษะด้วยตนเองได้
22189	Reduces the Cooldown of 【Hiding】, 【Back Slide】, and 【Cloaking】 by ${1} seconds.	ลดคูลดาวน์ของ 【Hiding】, 【Back Slide】 และ 【Cloaking】 ลง${1}วินาที
22190	Spear proficiency increases Physical ATK by @{1} when using Spear-type weapons.	ความชำนาญ Spear จะเพิ่ม ATK กายภาพขึ้น@{1}เมื่อใช้อาวุธประเภท Spear
22191	Sword proficiency increases Physical ATK by @{1} when using sword-type weapons.	ความสามารถด้าน Sword จะเพิ่ม ATK กายภาพขึ้น@{1}เมื่อใช้อาวุธประเภท Sword
22192	No playstyle builds available. Create a build for another player to obtain one.	ไม่มีบิลด์สไตล์การเล่นสร้างบิลด์เพื่อให้ผู้เล่นคนอื่นได้รับหนึ่งบิลด์
22193	Reduces Movement Speed by @{1}% and increases Ghost magic damage taken by @{2}%	ลดความเร็วในการเคลื่อนที่ลง@{1}% และเพิ่มความเสียหายเวทย์มนต์ Ghost ที่ได้รับโดย@{2}%
22194	Talk to the Professor and learn that he is researching memory entity technology.	Talk กับ Professor และเรียนรู้ว่าเขากำลังค้นคว้าเทคโนโลยีเอนทิตีหน่วยความจำ
22195	When you receive a critical hit, reduces its critical damage multiplier by ${1}%	เมื่อคุณได้รับการโจมตีแบบคริติคอล ลดตัวคูณความเสียหายคริติคอลของมันลง${1}%
22196	A highest-ranking cleric with greatly improved survivability and AoE protection.	นักบวชที่มีอันดับสูงสุดพร้อมความสามารถในการเอาชีวิตรอดที่ดีขึ้นอย่างมากและการป้องกัน AoE
22197	A bright Red Healing Potion that instantly restores @{1} HP. Cooldown: @{2} sec.	ยารักษาสีแดงสดใสที่จะฟื้นฟู@{1}HP ทันที คูลดาวน์:@{2}วินาที
22198	The Initiator will become the new Guild Master if the Impeachment is successful.	ผู้ริเริ่มจะกลายเป็น Guild มาสเตอร์คนใหม่หากการฟ้องร้องสำเร็จ
22199	You have initiated an impeachment against Guild Leader ${1}. Cancel Impeachment?	คุณได้เริ่มดำเนินการฟ้องร้องหัวหน้า Guild${1}ยกเลิกการกล่าวโทษ?
22200	When attacked, the Melody Bubble gradually expands and explodes, dealing damage.	เมื่อถูกโจมตี Melody Bubble จะค่อยๆ ขยายและระเบิด สร้างความเสียหาย
22201	Reduces Movement Speed by @{1}% and CRIT, Attack Speed, and Cast Speed by @{2}%.	ลดความเร็วในการเคลื่อนที่ลง@{1}% และ CRIT ความเร็วในการโจมตี และความเร็วในการร่ายลง@{2}%
22202	Every @{1} sec, loses HP equal to @{2}% of the applier's Poison Physical Damage.	ทุก ๆ@{1}วินาที จะสูญเสีย HP เท่ากับ@{2}% ของความเสียหายกายภาพพิษของผู้ส่ง
22203	Gain Accelerate and continuously deal DMG to nearby characters, inflicting Slow.	ได้รับการเร่งความเร็วและสร้าง DMG อย่างต่อเนื่องให้กับตัวละครใกล้เคียง ส่งผลให้ Slow ลง
22204	Mistress summons a ^{1}Hornet Army^{2} to perform ^{3}@{1}^{4} map-wide thrusts.	Mistress เรียก ^{1}Hornet Army^{2}มาปฏิบัติการ ^{3}@{1}^{4}แรงขับทั่วทั้งแผนที่
22205	Switching Skill Builds will reset your current skill point allocation. Continue?	Switching Skill Builds จะรีเซ็ตการจัดสรรคะแนนทักษะปัจจุบันของคุณดำเนินการต่อ?
22206	Cannot go to your Stall while in a Dungeon, Cross-server Location, or while dead	ไม่สามารถไปที่แผงลอยของคุณขณะอยู่ในดันเจี้ยน ตำแหน่งข้ามเซิร์ฟเวอร์ หรือในขณะที่ตาย
22207	The Void Rift is unstable. Clear out the monsters inside as quickly as possible.	Void Rift ไม่เสถียรกำจัดสัตว์ประหลาดที่อยู่ข้างในให้เร็วที่สุด
22208	Appoint Position: <color=#594E3D>${1} (<color=#C26B47>${2}</color>/${3})</color>	Appoint Position: <color=#594E3D>${1} (<color=#C26B47>${2}</color>/${3})</color>
22209	All Utility Slots are full. Remove a pet or drag another pet here to replace it.	ช่องยูทิลิตี้ทั้งหมดเต็มแล้ว นำสัตว์เลี้ยงออกหรือลากสัตว์เลี้ยงตัวอื่นมาที่นี่เพื่อแทนที่
22210	Stat Bonus Overview provided to the Adventurer by all currently unlocked entries	ภาพรวมโบนัสสถิติที่มอบให้กับ Adventurer ตามรายการปลดล็อคทั้งหมดในปัจจุบัน
22211	Join your guildmates at the bonfire event to earn lots of EXP and other rewards.	เข้าร่วมกิลด์ของคุณในงานกองไฟเพื่อรับ EXP และรางวัลอื่น ๆ มากมาย
22212	Select Extreme Challenge mode. You can unleash your full potential in this mode!	เลือกโหมด Extreme Challenge คุณสามารถปลดปล่อยศักยภาพสูงสุดของคุณในโหมดนี้!
22213	Hello, I'm Rhine. I'm responsible for recording and evaluating the Novice Trial.	สวัสดี ฉันชื่อ Rhine ฉันมีหน้าที่รับผิดชอบในการบันทึกและประเมินการทดลองมือใหม่
22214	Good work. Your combat record shows that you handled yourself consistently well.	งานดี. บันทึกการต่อสู้ของคุณแสดงให้เห็นว่าคุณจัดการตัวเองได้ดีอย่างสม่ำเสมอ
22215	I'm the proprietor NPC. I don't know where the black market merchant is, either.	ฉันเป็นเจ้าของ NPC ฉันก็ไม่รู้เหมือนกันว่าพ่อค้าในตลาดมืดอยู่ที่ไหน
22216	Well, rookie? This is your first time seeing the view from an airship, isn't it?	มือใหม่เหรอ? นี่เป็นครั้งแรกที่คุณได้เห็นทิวทัศน์จากเรือเหาะใช่ไหม?
22217	Your guild occupied the stronghold and earned an Extra reward. Please accept it!	กิลด์ของคุณยึดครองฐานที่มั่นและได้รับรางวัลพิเศษกรุณายอมรับมัน!
22218	Your timing is perfect. Jack just got a sound thrashing from ^{1}PlayerName^{2}!	จังหวะเวลาของคุณสมบูรณ์แบบ Jack เพิ่งได้ยินเสียงกระแทกจาก ^{1}PlayerName^{2}!
22219	Oh... Are you out for a walk too? This is a rather strange place for a stroll...	อ้าว... ออกไปเดินเล่นด้วยเหรอ? นี่เป็นสถานที่ที่ค่อนข้างแปลกสำหรับการเดินเล่น...
22220	Animal headwear still sells best. Guess there are a lot of furry fans out there.	หมวกสัตว์ยังขายดีที่สุดเดาว่าคงมีแฟนขนปุยมากมาย
22221	The Woman thrusts the item into your hand before you have a chance to Reject it.	Woman ยัดสิ่งของนั้นไว้ในมือของคุณก่อนที่คุณจะมีโอกาสปฏิเสธ
22222	What are you staring at, you weirdo?! Don't Approach Me! And... I'm not his Pet!	มองอะไรอยู่ เจ้าตัวประหลาด! อย่าเข้าใกล้ฉัน! และ... ฉันไม่ใช่สัตว์เลี้ยงของเขา!
22223	Once an administrator starts the challenge, each Guild Member can Enter Dungeon.	เมื่อผู้ดูแลระบบเริ่มการท้าทาย สมาชิก Guild แต่ละคนสามารถเข้าสู่ดันเจี้ยนได้
22224	You have already claimed the Stage ${1} reward. Skip the stages with no rewards?	คุณได้รับรางวัลด่าน${1}แล้วข้ามด่านโดยไม่มีรางวัลเหรอ?
22225	You rummage through the bushes and Discover a stick of Dynamite left by Dracula.	คุณค้นหาผ่านพุ่มไม้และค้นพบแท่งไดนาไมต์ที่ Dracula ทิ้งไว้
22226	Congratulations to player 【${2}】 for defeating 【${1}】 and earning a Rare reward!	ขอแสดงความยินดีกับผู้เล่น 【${2}】 สำหรับการเอาชนะ 【${1}】 และรับรางวัลหายาก!
22227	${1}, ${2}, and ${3} founded the guild together. This is where the dream begins!	${1},${2}และ${3}ก่อตั้งกิลด์ร่วมกัน นี่คือจุดเริ่มต้นของความฝัน!
22228	The adorable monsters can't wait any longer! Enjoy this fun-filled game—\n【${1}】	เหล่าสัตว์ประหลาดสุดน่ารักรอไม่ไหวแล้ว! สนุกกับเกมที่เต็มไปด้วยความสนุกสนาน—\n【${1}】
22229	${1} successfully raided another Guild's Supply Cart and obtained ${2} supplies!	${1}บุกค้นรถเข็นเสบียงของ Guild อื่นได้สำเร็จ และได้รับเสบียง${2}!
22230	Enemy forces are gathering south of Prontera. All defenders, prepare for battle!	กองกำลังศัตรูกำลังรวมตัวกันทางใต้ของพรอนเทรากองหลังทุกคนเตรียมตัวออกรบ!
22231	Quickly press the arrow key corresponding to the direction of Luna's Dance Move.	กดปุ่มลูกศรอย่างรวดเร็วตามทิศทางของ Dance Move ของ Luna
22232	Melody of the God of Nature. Complete the weekly challenge to obtain Rare items.	ทำนองเพลงเทพเจ้าแห่งธรรมชาติทำภารกิจท้าทายประจำสัปดาห์ให้สำเร็จเพื่อรับไอเท็มหายาก
22233	Event Text Event Text Event Text Event Text Event Text Event Text Event Text Two	ข้อความเหตุการณ์ ข้อความเหตุการณ์ ข้อความเหตุการณ์ ข้อความเหตุการณ์ ข้อความเหตุการณ์ ข้อความเหตุการณ์ ข้อความเหตุการณ์ ข้อความที่สอง
22234	Event Text Event Text Event Text Event Text Event Text Event Text Event Text One	ข้อความเหตุการณ์ ข้อความเหตุการณ์ ข้อความเหตุการณ์ ข้อความเหตุการณ์ ข้อความเหตุการณ์ ข้อความเหตุการณ์ ข้อความเหตุการณ์หนึ่ง
22235	Activate the Silverwing Covenant matching Theme Backwear Appearance (Permanent).	เปิดใช้งานรูปลักษณ์เครื่องแต่งกาย Backwear ของธีมการจับคู่ Silverwing Covenant (ถาวร)
22236	Open to obtain a Tier @{1} Weapon Blueprint and the required Crafting Materials.	Open เพื่อรับพิมพ์เขียวอาวุธระดับ@{1}และวัสดุการประดิษฐ์ที่จำเป็น
22237	White crystals used as a basic seasoning to enhance the savory flavor of dishes.	ผลึก White ใช้เป็นเครื่องปรุงรสขั้นพื้นฐานเพื่อเพิ่มรสชาติอาหารคาว
22238	Brilliant Orange Equipment with impressive offensive and defensive capabilities.	Orange Equipment สดใสพร้อมความสามารถในการรุกและการป้องกันที่น่าประทับใจ
22239	Maya's loyal servant. It can smell its master even from thousands of miles away.	คนรับใช้ที่ภักดีของ Maya มันสามารถได้กลิ่นของเจ้าของมันแม้อยู่ห่างออกไปหลายพันไมล์
22240	A faintly glowing Crystal shield. Use to permanently increase Magic DEF by @{1}.	โล่คริสตัลที่ส่องแสงเล็กน้อย ใช้เพื่อเพิ่ม Magic DEF อย่างถาวรโดย@{1}
22241	Restores the character's Life, instantly restoring @{1}% HP. Cooldown: @{2} sec.	ฟื้นฟูพลัง Life ของตัวละคร ฟื้นฟู@{1}% HP ทันทีคูลดาวน์:@{2}วินาที
22242	"An enormous axe so massive and heavy that even ""oversized"" fails to describe it."	"ขวานขนาดยักษ์ที่ใหญ่โตและหนักมากจนแม้แต่ ""ตัวใหญ่"" ก็อธิบายไม่ได้"
22243	A massive two-handed sword that subdues enemies with its weight and swing speed.	ดาบสองมือขนาดใหญ่ที่ปราบศัตรูด้วยน้ำหนักและความเร็วในการแกว่ง
22244	Event Period: Monday through Thursday, Saturday, and Sunday, @{1}:@{2}~@{3}:@{4}	ระยะเวลากิจกรรม: วันจันทร์ถึงพฤหัสบดี วันเสาร์ และวันอาทิตย์@{1}:@{2}~@{3}:@{4}
22245	Event Period: During the Ignition Test, opens Wednesday from @{1}:@{2}~@{3}:@{4}	: ในระหว่างการทดสอบการจุดระเบิด เปิดวันพุธตั้งแต่@{1}:@{2}~@{3}:@{4}
22246	The maximum number of Adventurer Groups for the current Season has been reached.	ถึงจำนวนกลุ่ม Adventurer สูงสุดสำหรับฤดูกาลปัจจุบันแล้ว
22247	Invitation failed. The other party will not accept your invites for @{1} minutes	การเชิญล้มเหลว อีกฝ่ายจะไม่ยอมรับคำเชิญของคุณเป็นเวลา @{1} นาที
22248	During the event, each player can receive Monster Kill Rewards up to @{1} times.	ในช่วงกิจกรรม ผู้เล่นแต่ละคนสามารถรับรางวัล Monster Kill ได้สูงสุด@{1}เท่า
22249	When dismantling items, the number of Coins obtained increases by ^{1}${1}%^{2}.	เมื่อแยกชิ้นส่วน จำนวนเหรียญที่ได้รับจะเพิ่มขึ้น ^{1}${1}%^{2}
22250	Your Guild's forces are currently garrisoned in 【${1}】. Redeploy them to 【${2}】?	กองกำลังของ Guild ของคุณถูกคุมขังอยู่ใน 【${1}】ปรับใช้ใหม่ไปที่ 【${2}】 หรือไม่
22251	Deals 2 hits of High Damage to the target area, with a Chance to inflict Frozen.	สร้างความเสียหายสูง 2 ครั้งไปยังพื้นที่เป้าหมาย โดยมีโอกาสที่จะทำให้ติดสถานะแช่แข็ง
22252	Gains DMG Reduction, periodically Deals DMG to nearby enemies and inflicts Burn.	ได้รับการลด DMG สร้าง DMG เป็นระยะๆ ให้กับศัตรูที่อยู่ใกล้เคียง และทำให้ติดสถานะเผาไหม้
22253	Revive up to @{2} fallen allies within a @{1}-meter radius with @{3}% HP and MP.	ฟื้นคืนชีพพันธมิตรสูงสุด@{2}ภายในรัศมี@{1}เมตร ด้วย@{3}% HP และ MP
22254	High Orc slashes the enemy, dealing ^{1}${1}%^{2} Neutral melee Physical damage.	ไฮออร์คฟันศัตรู สร้างความเสียหาย ^{1}${1}%^{2}สร้างความเสียหายทางกายภาพระยะประชิดที่เป็นกลาง
22255	Target an enemy at a Distance of ${1} cells, dealing ${4}% melee Physical damage	กำหนดเป้าหมายศัตรูที่ระยะห่างของเซลล์${1}สร้างความเสียหายทางกายภาพระยะประชิด${4}%
22256	Target an enemy at a Distance of ${1} cells and deal ${7}% melee Physical damage	กำหนดเป้าหมายศัตรูที่ระยะห่างของเซลล์${1}และสร้างความเสียหายทางกายภาพระยะประชิด${7}%
22257	Target an enemy at a Distance of ${1} cells and deal ${8}% melee Physical damage	กำหนดเป้าหมายศัตรูที่ระยะห่างของเซลล์${1}และสร้างความเสียหายทางกายภาพระยะประชิด${8}%
22258	Target an enemy at a Distance of ${1} cells, dealing ${9}% melee Physical damage	กำหนดเป้าหมายศัตรูที่ระยะห่างของเซลล์${1}สร้างความเสียหายทางกายภาพระยะประชิด${9}%
22259	Deals ranged Wind magic damage equal to your MATK * ^{1}${1}%^{2} to the target.	สร้างความเสียหายเวทย์มนตร์ลมระยะไกลเท่ากับ MATK ของคุณ * ^{1}${1}%^{2}ไปยังเป้าหมาย
22260	So it's him. I can't believe the Queen is letting someone from Juno handle this.	ก็เขาล่ะฉันไม่อยากจะเชื่อเลยว่าราชินีจะปล่อยให้คนจากจูโนจัดการเรื่องนี้
22261	Upon entering combat, Physical DEF and Magic DEF increase by @{1}% for @{2} sec.	เมื่อเข้าสู่การต่อสู้ DEF กายภาพและ DEF เวทมนตร์จะเพิ่มขึ้น@{1}% เป็นเวลา@{2}วินาที
22262	Movement Speed decreases by ${1}%, and Physical and Magic ATK decrease by ${2}%.	ความเร็วในการเคลื่อนที่ลดลง${1}% และ ATK กายภาพและเวทมนตร์ลดลง${2}%
22263	Movement Speed increases by ${1}%, and Physical and Magic ATK increase by ${2}%.	ความเร็วในการเคลื่อนที่เพิ่มขึ้น${1}% และ ATK กายภาพและเวทมนตร์เพิ่มขึ้น${2}%
22264	Invite all responding Members to a party and begin creating the Adventure Group?	เชิญสมาชิกที่ตอบรับเข้าร่วมปาร์ตี้และเริ่มสร้างกลุ่มผจญภัยใช่ไหม
22265	A Peco Peco captured the Party Leader! Is it planning to feed them to its chicks?	Peco Peco จับ Party Leader ได้! มันวางแผนที่จะเลี้ยงลูกไก่ของมันหรือเปล่า?
22266	Check that your siege equipment, potions, gear, and skills are properly prepared.	ตรวจสอบว่าอุปกรณ์ล้อม ยา อุปกรณ์ และทักษะของคุณได้รับการจัดเตรียมอย่างเหมาะสม
22267	Protect the Glorious Metal from destruction until time runs out to claim victory!	ปกป้อง Glorious Metal จากการถูกทำลายจนกว่าเวลาจะหมดเพื่อรับชัยชนะ!
22268	"Survey Ends:<sprite name=""icon_questionnaire_time_03""><color=#63a22b>${1}</color>"	"Survey Ends:<sprite name=""icon_questionnaire_time_03""><color=#63a22b>${1}</color>"
22269	Professor Ryan seems to have something very important to tell You. Go talk to him	Professor Ryan ดูเหมือนจะมีเรื่องสำคัญมากที่จะบอกคุณไปคุยกับเขาสิ
22270	Clear the client's local Data? After the game closes, please restart it manually.	ล้างข้อมูลในเครื่องของลูกค้าหรือไม่หลังจากเกมปิด โปรดรีสตาร์ทด้วยตนเอง
22271	Keep up to 20 Purchase History and Sales History entries. Updates may be delayed.	เก็บรายการประวัติการซื้อและประวัติการขายได้สูงสุด 20 รายการการอัพเดตอาจล่าช้า
22272	Sorry, your purchase was unsuccessful. The Trade amount will be refunded by mail.	ขออภัย การซื้อของคุณไม่สำเร็จจำนวนเงินการค้าจะได้รับคืนทางไปรษณีย์
22273	Save your current outfit to an outfit preset so you can change looks more easily.	บันทึกชุดปัจจุบันของคุณเป็นชุดที่กำหนดไว้ล่วงหน้าเพื่อให้คุณเปลี่ยนลุคได้ง่ายขึ้น
22274	Customize your Character, Background, Stickers, and more through Profile editing.	ปรับแต่งตัวละคร พื้นหลัง สติ๊กเกอร์ และอื่นๆ อีกมากมายผ่านการแก้ไขโปรไฟล์
22275	You are participating in a Guild event. Are you sure you want to leave this area?	คุณกำลังเข้าร่วมในกิจกรรม Guild คุณแน่ใจหรือไม่ว่าต้องการออกจากพื้นที่นี้
22276	You can only bet on one Lucky Star during each event. Confirm your bet on [${1}]?	คุณสามารถเดิมพัน Lucky Star ได้เพียงหนึ่งดวงเท่านั้นในแต่ละเหตุการณ์ยืนยันการเดิมพันของคุณที่ [${1}]?
22277	When you land a critical hit, your next instance of damage is increased by @{1}%.	เมื่อคุณได้รับการโจมตีแบบคริติคอล ความเสียหายครั้งต่อไปของคุณจะเพิ่มขึ้น@{1}%
22278	Every @{1} sec, loses HP equal to @{2}% of the applier's Neutral Physical Damage.	ทุก ๆ@{1}วินาที จะสูญเสีย HP เท่ากับ@{2}% ของความเสียหายทางกายภาพที่เป็นกลางของผู้ส่ง
22279	You are within the Sonic Barrier and will not take damage from Jellyfish Requiem.	คุณอยู่ใน Sonic Barrier และจะไม่ได้รับความเสียหายจาก Jellyfish Requiem
22280	Gains DMG Reduction and continuously Deals DMG to nearby targets, inflicting Burn	ได้รับการลด DMG และสร้าง DMG อย่างต่อเนื่องไปยังเป้าหมายใกล้เคียง และทำให้ติดสถานะเผาไหม้
22281	Failed to load the game. Please check your network connection. (Error Code: ${1})	ไม่สามารถโหลดเกมได้โปรดตรวจสอบการเชื่อมต่อเครือข่ายของคุณ(รหัสข้อผิดพลาด:${1})
22282	When Marin dies, it has a @{1}% Chance to create @{2}-@{3} Transformation Manuals	เมื่อ Marin ตาย มี@{1}% โอกาสที่จะสร้าง@{2}-@{3}Transformation Manuals
22283	Baphomet unleashes ^{1}@{1} scythe slashes^{2} that damage targets in their path.	Baphomet ปล่อย ^{1}@{1}เคียวฟัน^{2}ที่สร้างความเสียหายให้กับเป้าหมายที่ขวางทาง
22284	A beautiful Hat with unusual patterns. Wearing it somehow makes you feel smarter.	หมวกสวยๆ ลวดลายแปลกตา การสวมใส่มันจะทำให้คุณรู้สึกฉลาดขึ้น
22285	Losing Dumby means dying after receiving Dumby's buff, causing it to disappear.	การสูญเสียดัมบี้หมายถึงการตายหลังจากได้รับบัฟจากดัมบี้ ทำให้มันหายไป
22286	Join a guild to participate in evening events and auctions and receive Dividends.	เข้าร่วมกิลด์เพื่อเข้าร่วมกิจกรรมตอนเย็นและการประมูลและรับเงินปันผล
22287	After selecting an area, you'll see its monsters here. Click to go hunt them, bo!	หลังจากเลือกพื้นที่แล้ว คุณจะเห็นมอนสเตอร์ในบริเวณนี้ คลิกเพื่อไปล่าพวกมันเลยโบ!
22288	Before entering Prontera, you'll need to pass the Novice Trial at the South Gate.	ก่อนเข้าสู่ Prontera คุณจะต้องผ่านการทดสอบ Novice Trial ที่ Gate South Gate
22289	Hahaha, of course I'm here for work. It's been a while, Hawke. How have you been?	ฮ่าฮ่าฮ่า แน่นอนฉันมาทำงานที่นี่ไม่นานมานี้ฮอว์คเป็นยังไงบ้าง?
22290	Actually, before that, could you do me a favor? Look over there, in the corner...	จริงๆ แล้วก่อนหน้านั้นคุณช่วยฉันหน่อยได้ไหม? ดูนั่นสิตรงมุม...
22291	And what you just experienced was but one insignificant note in a grand symphony.	และสิ่งที่คุณเพิ่งสัมผัสเป็นเพียงโน้ตที่ไม่มีนัยสำคัญเพียงตัวเดียวในแกรนด์ซิมโฟนี
22292	The old king has been missing for years. Isn't it time to choose a new successor?	ราชาองค์เก่าหายไปนานหลายปีถึงเวลาเลือกทายาทคนใหม่ไม่ใช่หรือ?
22293	When I was young, every monster in this Field would take a detour when it saw me.	ตอนที่ฉันยังเด็ก สัตว์ประหลาดทุกตัวในสนามนี้จะเลี่ยงเมื่อเห็นฉัน
22294	Hehe, now that we're this strong, the next set of Quests will be a piece of cake!	อิอิ ตอนนี้เราแข็งแกร่งขนาดนี้แล้ว ภารกิจชุดต่อไปจะง่ายดายมาก!
22295	Agreed. We should leave as soon as possible to prevent any further complications.	ตกลง เราควรออกไปโดยเร็วที่สุดเพื่อป้องกันภาวะแทรกซ้อนเพิ่มเติม
22296	We have to go down another floor? What the heck is at the end of this Culvert...?	เราต้องลงไปอีกชั้นเหรอ? อะไรอยู่ตรงปลาย Culvert นี้...?
22297	Hey, Fervor, why did you stop again? Did you smell something Delicious this time?	เฮ้ เฟอร์เวอร์ ทำไมคุณถึงหยุดอีกล่ะ? ครั้งนี้คุณได้กลิ่นอะไรอร่อยๆ บ้างไหม?
22298	Farewell, my friend. When you're ready, we'll meet again, and I'll tell you more.	ลาก่อนเพื่อนเมื่อคุณพร้อม เราจะพบกันใหม่ และฉันจะบอกคุณเพิ่มเติม
22299	Stay out of my research, you black sootball freak! I'm asking ^{1}PlayerName^{2}!	อย่าไปยุ่งกับการค้นคว้าของฉันนะ ไอ้พวกเขม่าดำ! ฉันถาม ^{1}PlayerName^{2}!
22300	Dragon seal successfully defended. Enter the Inner Area and challenge the dragon.	ผนึกมังกรป้องกันได้สำเร็จเข้าสู่พื้นที่ด้านในและท้าทายมังกร
22301	Consume to gain <color=#63a22b>${1}</color> points of <color=#C27B47>${2}</color>	Consume to gain <color=#63a22b>${1}</color> points of <color=#C27B47>${2}</color>
22302	[Evil Eye Messenger] will spawn a ^{1}[Surprise Chest]^{2} nearby in ${1} seconds	[Evil Eye Messenger] จะเกิด ^{1}[Surprise Chest]^{2}ใกล้ๆ ใน${1}วินาที
22303	Kafra Battlefield Administrator\nThe Equipment Merchant has left the battlefield.	ผู้ดูแลสนามรบ Kafra\n พ่อค้าอุปกรณ์ได้ออกจากสนามรบแล้ว
22304	Thanks to everyone's tireless efforts, the Bonfire has reached the maximum level!	ขอบคุณความพยายามอย่างไม่รู้จักเหน็ดเหนื่อยของทุกคน Bonfire ได้มาถึงระดับสูงสุดแล้ว!
22305	Watch out!\nThe mischievous little monsters are getting restless below the stage!	ระวัง!\n สัตว์ประหลาดตัวน้อยจอมซนกำลังกระสับกระส่ายอยู่ใต้เวที!
22306	Bobo\nWow! Fighting together makes such a difference! I think we're going to win~	โบโบ\n ว้าว! การต่อสู้ร่วมกันสร้างความแตกต่าง! ฉันคิดว่าเราจะชนะ~
22307	Wuller\nHey, rookie! You handle the small fry over here! We'll stop their leader!	Wuller\n เฮ้ มือใหม่! คุณจัดการกับลูกปลาตัวเล็ก ๆ ทางนี้! เราจะหยุดผู้นำของพวกเขา!
22308	Mysterious Boy\nProfessional Job Advance tests! Step right up and don't miss out!	เด็กชายลึกลับ\n การทดสอบขั้นสูงสำหรับงานมืออาชีพ! ก้าวไปข้างหน้าและอย่าพลาด!
22309	Guild ^{1}${1}^{2} used ^{3}${2}^{4} on Our Guild, causing a ^{5}${3}^{6} effect!	Guild ^{1}${1}^{2}ใช้ ^{3}${2}^{4}กับ Guild ของเรา ทำให้เกิด ^{5}${3}^{6}เอฟเฟกต์!
22310	Our Guild used ^{1}${2}^{2} on Guild ^{3}${1}^{4}, causing a ^{5}${3}^{6} effect!	Guild ของเราใช้ ^{1}${2}^{2}ใน Guild ^{3}${1}^{4}ทำให้เกิด ^{5}${3}^{6}เอฟเฟกต์!
22311	A Space Rift has appeared on the Midgard Continent. Seal it to earn Rare rewards!	Space Rift ได้ปรากฏขึ้นบนทวีป Midgard ปิดผนึกเพื่อรับรางวัลหายาก!
22312	Your guild has not been assigned a division and cannot participate in the league.	กิลด์ของคุณยังไม่ได้รับการกำหนดแผนกและไม่สามารถเข้าร่วมในลีกได้
22313	Deprecated. If you see this text, please report the issue to the pet system lead.	เลิกใช้แล้วหากคุณเห็นข้อความนี้ โปรดรายงานปัญหานี้ไปยังหัวหน้าระบบสัตว์เลี้ยง
22314	Armor plating treated to Enhance its strength, providing intermediate protection.	ชุบเกราะเพื่อเพิ่มความแข็งแรงโดยให้การปกป้องระดับกลาง
22315	A semi-finished silk material for footwear. Used to craft fine footwear or armor.	วัสดุผ้าไหมกึ่งสำเร็จรูปสำหรับรองเท้า ใช้ในการผลิตรองเท้าหรือชุดเกราะชั้นดี
22316	A block of Sacred Wood that emits a faint glow, used to craft advanced equipment.	บล็อกไม้ศักดิ์สิทธิ์ที่เปล่งแสงจาง ๆ ใช้สำหรับประดิษฐ์อุปกรณ์ขั้นสูง
22317	An unusual salt with large grains. One of the Materials used to create a Pet Egg.	เกลือแปลกเม็ดใหญ่หนึ่งในวัสดุที่ใช้สร้าง Pet Egg
22318	A sword embedded in a stone. It chooses its own wielder and possesses holy power.	ดาบที่ฝังอยู่ในหิน มันเลือกผู้ใช้ของตัวเองและครอบครองพลังศักดิ์สิทธิ์
22319	Used to offset Net Victory Points deducted in Battle of Dragon Coffin Island Misc	ใช้เพื่อชดเชยคะแนนชัยชนะสุทธิที่หักใน Battle of Dragon Coffin Island Misc
22320	${1} does not meet the requirements to open this dungeon, so it cannot be opened.	${1}ไม่ตรงตามข้อกำหนดในการเปิดดันเจี้ยนนี้ ดังนั้นจึงไม่สามารถเปิดได้
22321	Successfully crafting an orange engraving has a @{1}% Chance to double the output	การแกะสลักสีส้มสำเร็จมีโอกาส@{1}% ที่จะเพิ่มเอาต์พุตเป็นสองเท่า
22322	The savior foretold in prophecy, the morning star that still shines amid despair.	ผู้ช่วยให้รอดทำนายไว้ล่วงหน้าในคำทำนาย ดาวรุ่งที่ยังคงส่องสว่างท่ามกลางความสิ้นหวัง
22323	(Strokes chin) Looks like I'll have to sell Baphomet skewers to recoup my losses.	(ลูบคาง) ดูเหมือนว่าฉันจะต้องขายไม้เสียบ Baphomet เพื่อชดใช้การขาดทุนของฉัน
22324	Week ${2}, Day ${3} after the Entire Server First Clear of 10-Player Dungeon ${1}	สัปดาห์${2}วัน${3}หลังจากเคลียร์เซิร์ฟเวอร์ทั้งหมดเป็นครั้งแรกจากดันเจี้ยน 10 ผู้เล่น${1}
22325	Gains Accelerate, periodically Deals low DMG to nearby enemies and inflicts Slow.	ได้รับการเร่งความเร็ว สร้างความเสียหายต่ำเป็นระยะๆ แก่ศัตรูในบริเวณใกล้เคียง และทำให้ Slow ลง
22326	Deals Water ranged magic damage equal to Magic ATK * ^{1}${1}%^{2} to the target.	สร้างความเสียหายเวทย์มนตร์ระยะไกลเท่ากับพลังโจมตีเวทย์ * ^{1}${1}%^{2}ไปยังเป้าหมาย
22327	Deals Earth ranged magic damage equal to Magic ATK * ^{1}${1}%^{2} to the target.	สร้างความเสียหายทางเวทย์มนตร์ Earth range เท่ากับ Magic ATK * ^{1}${1}%^{2}ไปยังเป้าหมาย
22328	The future belongs to the young. There's no place left for us old-timers anymore.	อนาคตเป็นของคนรุ่นใหม่ไม่มีที่ว่างสำหรับเราผู้จับเวลาเก่าอีกต่อไป
22329	Hello. This area is very dangerous right now, so civilians aren't allowed inside.	สวัสดีครับ บริเวณนี้อันตรายมากในขณะนี้ พลเรือนจึงไม่ได้รับอนุญาตให้เข้าไปข้างใน
22330	While in 【Frenzy】, immediately gains @{1} floors of Enhance Hundred Spear charge.	ขณะที่อยู่ใน 【Frenzy】 จะได้รับชั้น@{1}ของการชาร์จ Enhance Hundred Spear ทันที
22331	The shield granted by the Ancient Tree absorbs damage equal to ${1}% of Max Life.	โล่ที่ได้รับจาก Ancient Tree จะดูดซับความเสียหายเท่ากับ${1}% ของพลัง Life สูงสุด
22332	Inflicted by the Death Witch. Reduces this unit's Magic DEF and healing received.	เกิดจาก Death Witch ลด Magic DEF และการรักษาที่ได้รับของยูนิตนี้
22333	Damages all allies within a @{2}-meter radius every @{1} seconds for @{3} seconds	สร้างความเสียหายให้กับพันธมิตรทั้งหมดภายในรัศมี@{2}- เมตรทุกๆ@{1}วินาทีเป็นเวลา@{3}วินาที
22334	You cannot participate again during this session. Please Wait for the next event.	คุณไม่สามารถเข้าร่วมได้อีกในระหว่างเซสชั่นนี้โปรดรอกิจกรรมต่อไป
22335	Follow Bobo to learn about the Trade Exchange (where valuable items are Tradeable)	ติดตาม Bobo เพื่อเรียนรู้เกี่ยวกับการแลกเปลี่ยนการค้า (ซึ่งสิ่งของมีค่าสามารถแลกเปลี่ยนได้)
22336	Reduces damage from the target's Extra attacks and attacks when calculating damage	ลดความเสียหายจากการโจมตีพิเศษของเป้าหมายและการโจมตีเมื่อคำนวณความเสียหาย
22337	Reduces damage you take from the target's Physical Skills or Basic Attacks by ${1}	ลดความเสียหายที่คุณได้รับจากทักษะกายภาพหรือ Basic Attacks ของเป้าหมายโดย${1}
22338	The Deniro seems interested in the fluorescent substance. Gather some and feed it.	Deniro ดูเหมือนสนใจสารเรืองแสงรวบรวมบางส่วนแล้วให้อาหารมัน
22339	Some equipment cannot be used by your current class. Appraise ${1} item(s) anyway?	อุปกรณ์บางอย่างไม่สามารถใช้งานได้กับคลาสปัจจุบันของคุณประเมินรายการ${1}แล้วหรือยัง?
22340	The Divine Realm is now open. Rewards can be exchanged at the Donor Shop for ${1}.	อาณาจักรศักดิ์สิทธิ์เปิดแล้วสามารถแลกรางวัลได้ที่ Donor Shop สำหรับ${1}
22341	Cumulative Charge for Entire Server: <size=#32><color=#d385f5>${1}%</color></size>	Cumulative Charge for Entire Server: <size=#32><color=#d385f5>${1}%</color></size>
22342	Rent a Madogear Pilot (available after you Learn the Madogear Pilot License skill)	เช่า Madogear Pilot (ใช้ได้หลังจากที่คุณเรียนรู้ทักษะใบอนุญาต Madogear Pilot แล้ว)
22343	After canceling the Pre-purchase, your payment will be returned by mail. Continue?	หลังจากยกเลิกการซื้อล่วงหน้า การชำระเงินของคุณจะถูกส่งกลับทางไปรษณีย์ ดำเนินการต่อ?
22344	A deep crimson Healing Potion that instantly restores @{1} HP. Cooldown: @{2} sec.	ยารักษาสีแดงเข้มที่ฟื้นฟู@{1}HP ทันที คูลดาวน์:@{2}วินาที
22345	After initiating an Impeachment, the initiator must rally Guild Members to respond	หลังจากเริ่มการกล่าวโทษแล้ว ผู้ริเริ่มจะต้องรวบรวมสมาชิก Guild เพื่อตอบโต้
22346	^{1}^{2}[Adrenaline Rush]^{3}^{4} grants the Blacksmith Class an Extra ${1}% ASPD.	^{1}^{2}[Adrenaline Rush]^{3}^{4}ทำให้คลาส Blacksmith ได้รับ${1}% ASPD พิเศษ
22347	${1} Adventure Begins! Today is day <color=#c27b47>${2}</color> of your adventure!	${1} Adventure Begins! Today is day <color=#c27b47>${2}</color> of your adventure!
22348	When ^{1}^{2}[Impositio Manus]^{3}^{4} reaches Lv. ${1}, Physical/Magic ATK +${2}.	เมื่อ ^{1}^{2}[Impositio Manus]^{3}^{4}ถึง Lv.${1}, พลังโจมตีกายภาพ/เวทย์ +${2}
22349	Awakening Potions grant characters extremely high movement speed for a short time.	Awakening Potions จะทำให้ตัวละครมีความเร็วเคลื่อนที่สูงมากในช่วงเวลาสั้นๆ
22350	"To successfully use ""Emergency Call,"" you must complete its full @{1}-second cast."	"หากต้องการใช้ ""การ Emergency Call"" ได้สำเร็จ คุณต้องใช้@{1}-วินาทีที่สองให้เสร็จสิ้น"
22351	"The ""Azoth"" has a low Chance to transform monsters it attacks into other monsters."	"""Azoth"" มีโอกาสต่ำที่จะเปลี่ยนมอนสเตอร์ที่มันโจมตีเป็นมอนสเตอร์ตัวอื่น"
22352	Monsters in the Guild Dungeon grant exactly the same EXP as monsters in the field.	มอนสเตอร์ใน Guild Dungeon จะให้ EXP เท่ากันทุกประการกับมอนสเตอร์ในสนาม
22353	Only the Core Passive effects of pets in lower-numbered Utility slots take effect.	เฉพาะเอฟเฟกต์ Core Passive ของสัตว์เลี้ยงในช่องยูทิลิตี้หมายเลขต่ำกว่าเท่านั้นที่จะมีผล
22354	Bobo knows how this works! First, tap here or press and hold to drag and place it.	Bobo รู้วิธีการทำงาน! ขั้นแรก ให้แตะที่นี่หรือกดค้างไว้เพื่อลากและวาง
22355	People often suffer from heatstroke in the desert, so make sure you stay hydrated!	ผู้คนมักเป็นโรคลมแดดในทะเลทราย ดังนั้นอย่าลืมดื่มน้ำให้เพียงพอ!
22356	Honestly, I think I should've come sooner. I'm the most talented of my generation!	จริง ๆ ฉันคิดว่าฉันควรจะมาเร็วกว่านี้ฉันเก่งที่สุดในรุ่นของฉัน!
22357	Boya, calm down. Sir, a contract is a contract. What you're doing is dishonorable.	Boya ใจเย็นๆ นะท่านครับ สัญญาก็คือสัญญาสิ่งที่คุณทำอยู่นั้นไร้เกียรติ
22358	All right, no more questions, right? Take your ticket, rookie. Get ready to board.	เอาล่ะ ไม่มีคำถามอีกแล้วใช่ไหม? รับตั๋วของคุณมือใหม่ เตรียมตัวขึ้นเครื่องได้เลย
22359	Let's go! This guy's crazy. The Professor went that way, so let's get out of here!	ไปกันเลย! ผู้ชายคนนี้บ้าไปแล้ว Professor ไปทางนั้น ออกไปจากที่นี่กันเถอะ!
22360	That crazy alchemist? He actually gave you a gift? He's not after Me again, is he?	นักเล่นแร่แปรธาตุบ้านั่นเหรอ? เขาให้ของขวัญคุณจริงเหรอ? เขาไม่ตามฉันอีกแล้วใช่ไหม?
22361	Stronghold Battle ends in ^{1}${2}^{2} minutes. Make the most of your last chance!	สิ้นสุดใน ^{1}${2}^{2}นาทีใช้โอกาสสุดท้ายให้คุ้มค่าที่สุด!
22362	The area is swarming with jellyfish! Use the rapid-fire cannon to shoot them down!	ย่านนี้เต็มไปด้วยแมงกะพรุน! ใช้ปืนใหญ่ยิงเร็วเพื่อยิงพวกมันให้ล้ม!
22363	Attention, all defenders! Final Settlement is imminent! Hold the central defenses!	โปรดทราบ กองหลังทุกคน!Final Settlement is imminent! ยึดแนวรับส่วนกลาง!
22364	Bobo\nIt's so big, but surprisingly Agile! Maybe I should recruit it as my minion!	Bobo\n ใหญ่มาก แต่คล่องตัวอย่างน่าประหลาดใจ! บางทีฉันควรจะรับสมัครมันเป็นสมุนของฉัน!
22365	Louie\nA bet's a bet, Martha. This investigator is truly skilled. We admit defeat.	ลูอี\n พนันได้เลย Martha นักสืบคนนี้เก่งจริงๆเรายอมรับความพ่ายแพ้
22366	Relive the classic RO PC game's thrilling monster-grinding and Level-up experience	หวนนึกถึงเกม RO PC สุดคลาสสิกที่ตื่นเต้นเร้าใจในการบดขยี้มอนสเตอร์และยกระดับประสบการณ์
22367	Event Text Event Text Event Text Event Text Event Text Event Text Event Text Three	ข้อความเหตุการณ์ ข้อความเหตุการณ์ ข้อความเหตุการณ์ ข้อความเหตุการณ์ ข้อความเหตุการณ์ ข้อความเหตุการณ์ ข้อความเหตุการณ์ ข้อความเหตุการณ์สาม
22368	A unique Season dungeon—gather your companions and take on the challenge together!	ดันเจี้ยนซีซั่นที่ไม่เหมือนใคร—รวบรวมสหายของคุณและร่วมท้าทายไปด้วยกัน!
22369	A small glass bead often used as a toy by children. Can be exchanged for Headwear.	ลูกปัดแก้วเล็กๆ เด็กๆ มักใช้เป็นของเล่น สามารถเปลี่ยนเป็น Headwear ได้
22370	A sparkling, translucent green seed. Use to permanently increase Max Life by @{1}.	เมล็ดสีเขียวเป็นประกายแวววาว ใช้เพื่อเพิ่ม Max Life อย่างถาวรโดย@{1}
22371	Once you select a role, it will be used by default for matching in [Phantom Realm]	เมื่อคุณเลือกบทบาทแล้ว บทบาทนั้นจะถูกใช้เป็นค่าเริ่มต้นสำหรับการจับคู่ใน [Phantom Realm]
22372	Has a @{1}% Chance to obtain a Gathering Set Mystery Box from a gathering resource	มีโอกาส@{1}% ที่จะได้รับ Box ปริศนาเซ็ตการรวบรวมจากทรัพยากรการรวบรวม
22373	Use failed. The Benefits Pack can only be used in the guild where it was purchased	ล้มเหลวแพ็กสิทธิประโยชน์สามารถใช้ได้เฉพาะในกิลด์ที่ซื้อแพ็กนั้นเท่านั้น
22374	Participate in one Guild League and earn more than ^{1}@{1}^{2} individual points.	เข้าร่วมในลีก Guild เดียวและรับคะแนนมากกว่า ^{1}@{1}^{2}แต่ละคะแนน
22375	Sing~ Sing~\nThe song of Debuha Moni~\nO Tree of Life~\nThe World Tree, evergreen,	Sing~ Sing~\n เพลงของ Debuha Moni~\nO Tree of Life~\n ต้นไม้โลก เขียวชอุ่มตลอดปี
22376	I joined the Eden Group afterward because I hoped I'd get to see her more often...	หลังจากนั้นฉันก็เข้าร่วมกลุ่ม Eden เพราะหวังว่าจะได้เจอเธอบ่อยขึ้น...
22377	But you are the most extraordinary of all—an 【Adventurer】 from a higher dimension.	แต่คุณคือคนที่พิเศษที่สุด—Adventurer จากมิติที่สูงกว่า
22378	Offensive/Recovery Master Protection skills can be used while under crowd control.	สามารถใช้ทักษะการป้องกันหลักการโจมตี/การกู้คืนได้ในขณะที่อยู่ภายใต้การควบคุมฝูงชน
22379	Go to Ant Hell and bring back the Professor, who is engrossed in his investigation.	ไปที่ Ant Hell แล้วนำ Professor ที่หมกมุ่นอยู่กับการสืบสวนของเขากลับมา
22380	Every @{1} VIT grants @{2} Life, @{3}% Max Life, and a certain amount of HP recover	ทุก ๆ@{1}VIT มอบพลัง Life@{2},@{3}% พลัง Life สูงสุด และการฟื้นฟู HP จำนวนหนึ่ง
22381	Reduces damage you take from the target's Physical Skills or Basic Attacks by ${1}%	ลดความเสียหายที่คุณได้รับจากทักษะกายภาพหรือ Basic Attacks ของเป้าหมายลง${1}%
22382	Another specially trained Peco Peco, exclusively used as a combat mount by Knights.	Peco Peco ที่ได้รับการฝึกฝนมาเป็นพิเศษอีกตัวหนึ่ง ซึ่งใช้เป็นพาหนะต่อสู้โดยอัศวินโดยเฉพาะ
22383	The Mechanic's exclusive Madogear Pilot. Climb aboard and unleash a fierce assault!	Madogear Pilot สุดพิเศษของ The Mechanic ขึ้นเรือและโจมตีอย่างดุเดือด!
22384	The Void Rift is unstable. Kill the boss within @{1} minutes to receive the reward.	Void Rift ไม่เสถียร Kill บอสภายใน@{1}นาทีเพื่อรับรางวัล
22385	You've contributed <color=#CC762A>${1}</color> Crystal Energy to the Entire Server!	You've contributed <color=#CC762A>${1}</color> Crystal Energy to the Entire Server!
22386	In some game modes and maps, HP bar display rules take priority over these settings	ในบางโหมดเกมและแผนที่ กฎการแสดงแถบ HP จะมีลำดับความสำคัญมากกว่าการตั้งค่าเหล่านี้
22387	A vibrant Green Healing Potion that instantly restores @{1} HP. Cooldown: @{2} sec.	Green Healing Potion ที่มีชีวิตชีวาซึ่งจะฟื้นฟู@{1}HP ทันที คูลดาวน์:@{2}วินาที
22388	A golden Yellow Healing Potion that instantly restores @{1} HP. Cooldown: @{2} sec.	ยารักษาสีเหลืองทองที่จะฟื้นฟู@{1}HP ทันที คูลดาวน์:@{2}วินาที
22389	^{1}^{2}【Maximize Power】^{3}^{4}is Active for up to ${2} allies within ${1} meters.	^{1}^{2}【Maximize Power】^{3}^{4}ใช้งานได้สำหรับพันธมิตร${2}ภายในระยะ${1}เมตร
22390	Reduces Movement Speed by @{1}% and Physical DEF, Magic DEF, and CRIT RES by @{2}%.	ลดความเร็วในการเคลื่อนที่ลง@{1}% และ DEF กายภาพ, DEF เวทมนตร์ และ CRIT RES ลง@{2}%
22391	Immune to Knockback, Launch, Stun, Freeze, Petrify, Silence, Immobilize, and Blind.	มีภูมิคุ้มกันต่อการกระเด็น ปล่อยตัว สตัน แช่แข็ง กลายเป็นหิน เงียบ ทำให้เคลื่อนที่ไม่ได้ และตาบอด
22392	Casts ^{1}^{2}【Falcon Assault】^{3}^{4} ${1} times. Internal Cooldown: ${2} seconds.	ร่าย ^{1}^{2}【Falcon Assault】^{3}^{4}${1}ครั้งคูลดาวน์ภายใน:${2}วินาที
22393	^{1}^{2}[Holy Cross]^{3}^{4} casts ${1}% faster, but is no longer affected by ASPD.	^{1}^{2}[Holy Cross]^{3}^{4}ร่าย${1}% เร็วขึ้น แต่ไม่ได้รับผลกระทบจาก ASPD อีกต่อไป
22394	When Drops dies, there is a @{1}% Chance to create @{2}-@{3} Transformation Manuals	เมื่อ Drops ตาย จะมีโอกาส@{1}% ที่จะสร้าง@{2}-@{3}Transformation Manuals
22395	Stage lights focus on designated areas. Enemies outside the spotlights take damage.	ไฟเวทีเน้นไปที่พื้นที่ที่กำหนดศัตรูที่อยู่นอกสปอตไลท์ได้รับความเสียหาย
22396	A headband adorned with a beautiful kitten doll. The lace trim makes it even cuter.	ที่คาดผมประดับด้วยตุ๊กตาลูกแมวแสนสวย ขอบลูกไม้ทำให้ดูน่ารักยิ่งขึ้น
22397	"In RO, the ""boss"" of a ""Boss Party"" is usually a powerful PvE damage-dealing class."	"ใน RO ""บอส"" ของ ""บอสปาร์ตี้"" มักจะเป็นคลาสสร้างความเสียหาย PvE ที่ทรงพลัง"
22398	The main battle skill's star rating increases when the pet's star rating increases.	ระดับดาวของทักษะการต่อสู้หลักจะเพิ่มขึ้นเมื่อระดับดาวของสัตว์เลี้ยงเพิ่มขึ้น
22399	Defeat monsters using Auto Mode in the Field to earn EXP, Cards, and other rewards.	กำจัดสัตว์ประหลาดโดยใช้โหมดอัตโนมัติในสนามเพื่อรับ EXP การ์ด และรางวัลอื่น ๆ
22400	Battle Royale Tournament—fight on equal footing. Going Well—chicken dinner tonight!	Battle Royale Tournament—ต่อสู้อย่างเท่าเทียมกัน Going Well—ไก่มื้อเย็นคืนนี้!
22401	Go on, claim it! If you get something good, remember to give me a proper Thank You.	เอาเลย รับไปเลย! หากท่านได้รับสิ่งดี ๆ อย่าลืมให้คำขอบคุณแก่ข้าพเจ้าด้วย
22402	Open your Backpack and check the equipment you just put on. There's something good!	Open กระเป๋าเป้ของคุณและตรวจสอบอุปกรณ์ที่คุณเพิ่งใส่มีอะไรดี!
22403	What kind of Ranger doesn't have a Demonic Wolf Mount? I'll get you one. Follow me!	Ranger แบบไหนที่ไม่มี Demonic Wolf Mount? ฉันจะให้คุณอันหนึ่งติดตามฉัน!
22404	Guild Member ${1} canceled the impeachment of Guild Leader ${2}. Failed Impeachment	สมาชิก Guild${1}ยกเลิกการฟ้องร้องหัวหน้า Guild${2}การกล่าวโทษล้มเหลว
22405	Items removed from your Stall have been sent by mail. Please check the attachments!	รายการที่ถูกลบออกจากแผงลอยของคุณถูกส่งทางไปรษณีย์แล้วกรุณาตรวจสอบเอกสารแนบ!
22406	You received an unsold item from the auction for ${1}. Please check the attachment.	คุณได้รับสินค้าที่ยังไม่ได้ขายจากการประมูล${1}กรุณาตรวจสอบเอกสารแนบ
22407	Excellent—a wise choice! Welcome to the Fighters' Guild. Here's your signing bonus!	ยอดเยี่ยม—ทางเลือกที่ชาญฉลาด! ยินดีต้อนรับสู่ Guild นักสู้นี่คือโบนัสการเซ็นสัญญาของคุณ!
22408	Donate all ^{1}${1}^{2} Magic Crystals? You will receive ^{3}${2}^{4} Donor Badges.	บริจาค ^{1}${1}^{2}Magic Crystals ทั้งหมด? คุณจะได้รับ ^{3}${2}^{4}ป้ายผู้บริจาค
22409	You can make a tidy profit by hunting monsters and selling their loot to merchants!	คุณสามารถทำกำไรได้โดยการล่าสัตว์ประหลาดและขายของที่ปล้นมาให้กับพ่อค้า!
22410	...When are the items I ordered finally going to arrive? I'm starting to get angry!	... ของที่ฉันสั่งไปในที่สุดจะมาถึงเมื่อไร? ฉันเริ่มโกรธแล้ว!
22411	Unfortunately, that Blacksmith has left Prontera, and no one knows where they went.	น่าเสียดายที่ Blacksmith ออกจากพรอนเทราแล้ว และไม่มีใครรู้ว่าพวกเขาไปอยู่ที่ไหน
22412	I've seen countless sights, but I still haven't found a place where I want to stay.	ฉันเคยเห็นสถานที่ท่องเที่ยวมานับไม่ถ้วนแล้ว แต่ยังไม่พบสถานที่ที่ฉันต้องการพัก
22413	Remember, never let your guard down. The sky is every bit as dangerous as the land.	จำไว้ว่า อย่าละเลยการป้องกันของคุณท้องฟ้านั้นอันตรายพอๆ กับแผ่นดินเลย
22414	Smart choice! Try anything like that again, and I'll chop your stall into firewood.	ทางเลือกอันชาญฉลาด! ลองทำอะไรแบบนั้นอีกครั้ง แล้วฉันจะสับแผงขายของแกให้เป็นฟืน
22415	I can't believe it... The investigator is a dog! Can that Knight really be trusted?	ไม่อยากจะเชื่อเลย... นักสืบเป็นสุนัข! อัศวินคนนั้นจะไว้ใจได้จริงหรือ?
22416	Huh? What's wrong, Fervor? Isn't that just some passerby? Why are you stopping him?	หือ? มีอะไรผิดปกติ เฟอร์เวอร์? เป็นแค่คนเดินผ่านมาไม่ใช่เหรอ? ทำไมคุณถึงหยุดเขา?
22417	Today, I also want to tell you about a special event called the Commendation Vault.	วันนี้ฉันอยากจะเล่าให้คุณฟังเกี่ยวกับกิจกรรมพิเศษที่เรียกว่า Commendation Vault ด้วย
22418	Some items selected for dismantling are included in a preset. Continue dismantling?	บางรายการที่เลือกสำหรับการรื้อจะรวมอยู่ในค่าที่ตั้งไว้ล่วงหน้ารื้อต่อไป?
22419	The most exciting grand prize is about to be revealed!\nPlayers in 【${1}】, rejoice!	รางวัลใหญ่ที่น่าตื่นเต้นที่สุดกำลังจะถูกเปิดเผยแล้ว! ผู้เล่น\n ใน 【${1}】 จงชื่นชมยินดี!
22420	Attention, everyone! The intensity of the Goddess's invasion has increased to ${1}!	Attention, everyone! ความรุนแรงของการรุกรานของเทพธิดาเพิ่มขึ้นเป็น ${1}!
22421	Bobo\nYou're finally here! Any later and you would've lost the world's Cutest Bobo!	Bobo\n ในที่สุดคุณก็มาถึงแล้ว! หลังจากนั้นคุณก็จะสูญเสีย Bobo ที่น่ารักที่สุดในโลกไป!
22422	(Clutches lower back) Owww... I feel like every bone in my body is falling apart...	(คล้องหลังส่วนล่าง) อุ๊ย... รู้สึกเหมือนกระดูกทุกส่วนในร่างกายจะขาดออกจากกัน...
22423	Louis\nCongratulations, you got it right! Let's go again—this time it'll be harder!	Louis\n ยินดีด้วย คุณพูดถูก! ลุยกันใหม่ คราวนี้จะยากขึ้น!
22424	Vendor's Cry\nOne bottle perks you up, two keep fatigue away! Limited-time special!	เสียงร้องของผู้ขาย\n หนึ่งขวดช่วยเพิ่มพลังให้คุณ สองขวดช่วยให้หายเมื่อยล้า! พิเศษในเวลาจำกัด!
22425	Job Advance quests unlock after Level Increased. Complete the quest to Job Advance.	Job Advance ปลดล็อคภารกิจหลังจากเพิ่มระดับ ทำภารกิจให้สำเร็จเพื่อเลื่อนระดับงาน
22426	Are you sure you want to begin this journey via  ${1}?\n<color=#cc762a>${2}</color>	Are you sure you want to begin this journey via  ${1}?\n<color=#cc762a>${2}</color>
22427	A five-player party dungeon with random challenges where you can obtain Rare items.	ดันเจี้ยนปาร์ตี้ที่มีผู้เล่นห้าคนพร้อมความท้าทายแบบสุ่มที่คุณจะได้รับไอเท็มหายาก
22428	Reach higher Guild Store levels to unlock access to more advanced guild gift packs.	เข้าถึงระดับร้านค้า Guild ที่สูงขึ้นเพื่อปลดล็อคการเข้าถึงชุดของขวัญ Guild ขั้นสูงเพิ่มเติม
22429	Friend Message System Hint (xxx is now a friend; xxx joined or left the Group Chat)	(xxx เป็นเพื่อนแล้ว xxx เข้าร่วมหรือออกจากแชทกลุ่ม)
22430	Simple Hyperlink (text-only hyperlink; hyperlink clicks must be handled separately)	ไฮเปอร์ลิงก์แบบง่าย (ไฮเปอร์ลิงก์แบบข้อความเท่านั้น การคลิกไฮเปอร์ลิงก์ต้องจัดการแยกกัน)
22431	Reach @{1} progress toward collecting all Monster Hunt rewards in the Geffen region	เข้าถึงความคืบหน้าของ@{1}เพื่อรับรางวัล Monster Hunt ทั้งหมดในภูมิภาค Geffen
22432	A hard beak obtained from a Flying monster or Brute. Can be exchanged for Headwear.	จงอยปากแข็งที่ได้รับจากสัตว์ประหลาดที่บินได้หรือสัตว์เดรัจฉาน สามารถเปลี่ยนเป็น Headwear ได้
22433	Use on a map where Caravan Escort is active to Go to Map's nearest Teleport station	ใช้บนแผนที่ที่ Caravan Escort ทำงานอยู่เพื่อไปยังสถานี Teleport ที่ใกล้ที่สุดของแผนที่
22434	A staff jointly created by the Mage Guild and the Church for ascetic practitioners.	ไม้เท้าที่สมาคมนักเวทย์และโบสถ์สร้างขึ้นร่วมกันสำหรับผู้บำเพ็ญตบะ
22435	Supplies used by guilds to bid in War of Emperium, obtained through convoy escorts.	เสบียงที่กิลด์ใช้เพื่อประมูลใน War of Emperium ซึ่งได้มาจากขบวนคุ้มกัน
22436	<color=#63A22B>(Unlocks on day ${1} after the Current Server's First Clear)</color>	<color=#63A22B>(Unlocks on day ${1} after the Current Server's First Clear)</color>
22437	Changes the main product quantity range to @{1}–@{2}\n(This skill effect is unique)	เปลี่ยนช่วงปริมาณผลิตภัณฑ์หลักเป็น@{1}–@{2}\n(เอฟเฟกต์ทักษะนี้ไม่ซ้ำกัน)
22438	The match was canceled because not enough players confirmed Placement confirmation.	การแข่งขันถูกยกเลิกเนื่องจากมีผู้เล่นไม่เพียงพอที่จะยืนยันการยืนยันตำแหน่ง
22439	Increases Fire resistance, reducing Fire and Neutral damage taken by ^{1}${1}%^{2}.	เพิ่มความต้านทานไฟ ลดความเสียหายจากไฟและเป็นกลางโดย ^{1}${1}%^{2}
22440	Enrages itself and all Thief Bugs, increasing their Attack Speed and Movement Speed	โกรธตัวเองและแมลงโจรทั้งหมด เพิ่มความเร็วในการโจมตีและความเร็วในการเคลื่อนที่
22441	Detonates the greatswords on the ground, dealing heavy damage to players near them.	ระเบิดดาบใหญ่บนพื้น สร้างความเสียหายอย่างหนักแก่ผู้เล่นที่อยู่ใกล้พวกเขา
22442	Reduces the Cooldown of ^{1}Healing-type^{2} Primary Battle Skills by ${1} seconds.	ลดคูลดาวน์ของ ^{1}Healing-type^{2}Primary Battle Skills ลง${1}วินาที
22443	Lock onto an enemy at a Distance of ${1} cells and deal ${6}% melee Physical damage	ล็อคศัตรูที่ระยะห่างของเซลล์${1}และสร้างความเสียหายทางกายภาพระยะประชิด${6}%
22444	Increases your Neutral, Ghost, Fire, Water, Wind, and Earth damage by ^{1}${1}%^{2}	เพิ่มความเสียหายของ Neutral, Ghost, Fire, Water, Wind และ Earth ของคุณ ^{1}${1}%^{2}
22445	(Quietly) She's not my girlfriend... I'll take the Bunny Hair Band. How much is it?	(เงียบๆ) เธอไม่ใช่แฟนฉัน... ฉันจะเอา Bunny Hair Band ไป เท่าไหร่คะ?
22446	The battle is still underway. You will be penalized if you leave now. Are you sure?	การต่อสู้ยังดำเนินอยู่คุณจะถูกลงโทษถ้าคุณออกไปตอนนี้คุณแน่ใจเหรอ?
22447	The Guild Auction has officially begun. Visit the Auction House to place your bids.	การประมูล Guild ได้เริ่มขึ้นอย่างเป็นทางการแล้วเยี่ยมชม Auction House เพื่อเสนอราคาของคุณ
22448	Check for teammates within 5 meters, then Launch your Kunai at them to deal damage.	ตรวจสอบเพื่อนร่วมทีมในระยะ 5 เมตร จากนั้นยิง Kunai ไปที่พวกเขาเพื่อสร้างความเสียหาย
22449	Inflicted by the Fox Fairy. Reduces this unit's Wind damage dealt by ^{1}${1}%^{2}.	เกิดจาก Fairy จิ้งจอกลดความเสียหายจากลมของยูนิตนี้ที่สร้างโดย ^{1}${1}%^{2}
22450	Increases Physical ATK based on DEX. Every ${1} DEX increases Physical ATK by ${2}.	เพิ่ม ATK กายภาพตาม DEX ทุก ๆ${1}DEX จะเพิ่ม ATK กายภาพขึ้น${2}
22451	Increases Physical ATK based on LUK. Every ${1} LUK increases Physical ATK by ${2}.	เพิ่ม ATK กายภาพตาม LUK ทุก ๆ${1}LUK จะเพิ่ม ATK กายภาพขึ้น${2}
22452	Increases Physical ATK based on AGI. Every ${1} AGI increases Physical ATK by ${2}.	เพิ่ม ATK กายภาพตาม AGI ทุก ๆ${1}AGI จะเพิ่ม ATK ทางกายภาพขึ้น${2}
22453	Increases Physical ATK based on STR. Every ${1} STR increases Physical ATK by ${2}.	เพิ่ม ATK กายภาพตาม STR ทุก ๆ${1}STR จะเพิ่ม ATK กายภาพขึ้น${2}
22454	Head to the center of the territory, Collect Live Coals, and add them to the bonfire	มุ่งหน้าไปยังใจกลางดินแดน เก็บ Live Coals และเพิ่มลงในกองไฟ
22455	Follow the Head Job Advance Mentor's guidance and touch the Book of Job Advancement.	ปฏิบัติตามคำแนะนำของ Head Job Advance Mentor และแตะที่ Book of Job Advancement
22456	The professor's supplies were seized at the North Gate. Head there and recover them.	สิ่งของของศาสตราจารย์ถูกยึดที่ Gate ทิศเหนือมุ่งหน้าไปที่นั่นและกู้คืนพวกเขา
22457	The outpost has detected the supply cart your party is escorting. Quick, take cover!	ด่านหน้าตรวจพบรถเข็นเสบียงที่พรรคของคุณกำลังคุ้มกันเร็วเข้า ปกปิด!
22458	Successful crafting has a @{1}% Chance to refund @{2} random types of materials used	การประดิษฐ์ที่ประสบความสำเร็จมีโอกาส@{1}% ที่จะคืนเงิน@{2}สุ่มประเภทของวัสดุที่ใช้
22459	Guild Management can Trade Military Supplies here, using Guild Funds as the Currency	ฝ่ายบริหาร Guild สามารถแลกเปลี่ยนเสบียงทางการทหารได้ที่นี่ โดยใช้ Guild Funds เป็นสกุลเงิน
22460	The Grand Celebration invitations have already begun, so no more bets can be placed!	คำเชิญ Grand Celebration ได้เริ่มขึ้นแล้ว ดังนั้นจึงไม่สามารถวางเดิมพันได้อีกต่อไป!
22461	When hit during Auto Guard, has a @{1}% Chance to Stun the attacker for @{2} seconds	เมื่อถูกโจมตีระหว่างป้องกันอัตโนมัติ มีโอกาส@{1}% ที่จะทำให้ผู้โจมตีมึนงงเป็นเวลา@{2}วินาที
22462	Gain Divine Blessing: Increases Damage Increase by @{1}% and DMG Reduction by @{2}%.	ได้รับ Blessing จากสวรรค์: เพิ่มความเสียหายเพิ่มขึ้น@{1}% และ DMG Reduction ลง@{2}%
22463	Skills cost no SP, skill cooldowns and CT are reduced, and Attack Speed is increased	ทักษะไม่ต้องใช้ SP, คูลดาวน์ทักษะและ CT ลดลง และความเร็วในการโจมตีเพิ่มขึ้น
22464	^{1}^{2}[Cart Revolution]^{3}^{4}'s percentage damage multiplier increases by ${1}%.	^{1}^{2}[Cart Revolution]^{3}^ ตัวคูณเปอร์เซ็นต์ความเสียหายของ{4}เพิ่มขึ้น${1}%
22465	The Stun and Blind Chance of ^{1}^{2}【Meteor Assault】^{3}^{4} is increased by ${1}%.	โอกาสมึนงงและตาบอดของ ^{1}^{2}【Meteor Assault】^{3}^{4}เพิ่มขึ้น${1}%
22466	When a Split Drops dies, it has a @{1}% Chance to create @{2} Transformation Manuals	เมื่อ Split Drops ตาย มันจะมีโอกาส@{1}% ที่จะสร้าง@{2}Transformation Manuals
22467	Baphomet summons a ^{1}lightning strike^{2} that damages targets in a circular area.	Baphomet เรียก ^{1}สายฟ้าฟาด^{2}ที่สร้างความเสียหายให้กับเป้าหมายในพื้นที่วงกลม
22468	This Quick Challenge cleared through Floor ${1}. You received the following rewards:	การท้าทายด่วนนี้ผ่านชั้น${1}แล้วคุณได้รับรางวัลดังต่อไปนี้:
22469	A strip of cloth worn over the eyes, though it is sometimes used for other purposes.	แถบผ้าที่ปิดตา แม้ว่าบางครั้งใช้เพื่อจุดประสงค์อื่นก็ตาม
22470	In RO, War of Emperium: Second Edition (the new WoE) is usually held every Saturday.	ใน RO War of Emperium: Second Edition (WoE ใหม่) ปกติจะจัดขึ้นทุกวันเสาร์
22471	Main Gauche is RO's iconic @{1}-slot weapon, famous for its maximum card capacity.	Main Gauche เป็นอาวุธ @{1}-slot อันเป็นเอกลักษณ์ของ RO ซึ่งมีชื่อเสียงในด้านความจุการ์ดสูงสุด
22472	Shadow Lock is an advanced movement technique developed using the Fire Wall skill.	Shadow Lock เป็นเทคนิคการเคลื่อนไหวขั้นสูงที่พัฒนาโดยใช้ทักษะ Fire Wall
22473	After allocating skill points, drag a skill icon to the skill bar below to equip it.	หลังจากจัดสรรคะแนนทักษะแล้ว ให้ลากไอคอนทักษะไปที่แถบทักษะด้านล่างเพื่อสวมใส่
22474	This is the recommended monster for AFK farming. Click it to travel to its location.	นี่คือมอนสเตอร์ที่แนะนำสำหรับการเลี้ยงแบบ AFK คลิกเพื่อเดินทางไปยังที่ตั้งของมัน
22475	Complete all quests to advance your badge title and earn a grand advancement reward!	ทำภารกิจทั้งหมดให้สำเร็จเพื่อเลื่อนยศตราสัญลักษณ์ของคุณและรับรางวัลความก้าวหน้าอันยิ่งใหญ่!
22476	Oh? Eikuni, long time no see! Are you here in the desert to Complete the Commission?	อ้าว? เอคุนิ ไม่เจอกันนานนะ! คุณอยู่ที่นี่ในทะเลทรายเพื่อทำภารกิจให้สำเร็จหรือไม่?
22477	You're awake. It brought you back here after all... somewhat sooner than I expected.	คุณตื่นแล้วมันพาคุณกลับมาที่นี่... ค่อนข้างเร็วกว่าที่ฉันคาดไว้
22478	Wh... what? You're accusing that... that Siamese cat with pupils as clear as amber?!	อะไร... อะไร? คุณกำลังกล่าวหาว่า... แมววิเชียรมาศที่มีรูม่านตาใสราวกับอำพัน?!
22479	Our valiant knights will sweep away every villain who threatens the kingdom's peace!	อัศวินผู้กล้าหาญของเราจะกวาดล้างผู้ร้ายทุกคนที่คุกคามความสงบสุขของอาณาจักร!
22480	Oh my, what a chatterbox! She'll talk a stranger's ear off without a second thought.	โอ้ ช่างพูดพล่อยๆ ซะจริงๆ! เธอจะพูดให้คนแปลกหน้าฟังโดยไม่ต้องคิดเลย
22481	If you feel a connection, toss me a coin. If not, you're welcome to stand and watch.	หากคุณรู้สึกถึงความเชื่อมโยง โยนเหรียญให้ฉันหน่อยถ้าไม่เช่นนั้นก็ยืนดูได้เลย
22482	This price includes two packets. One is usually enough, but the second is insurance.	ราคานี้รวมสองแพ็คเก็ตปกติอันหนึ่งก็เพียงพอแล้ว แต่อย่างที่สองคือการประกัน
22483	Hehe, I made a special trip to Juno University and spent ages searching the Library.	อิอิ ฉันได้ไปเที่ยวพิเศษที่มหาวิทยาลัยจูโนและใช้เวลาค้นหา Library มานาน
22484	Ptooey! What a crooked merchant, bullying the weak and cowering before the strong...	ตู๊ด! ช่างเป็นพ่อค้าที่คดโกง รังแกผู้อ่อนแอ และขี้ขลาดต่อหน้าผู้แข็งแกร่ง...
22485	Quiet! You there—the black... soot sprite. Stay away from my experimental equipment.	เงียบ! คุณอยู่ตรงนั้น—สไปรต์เขม่าสีดำอยู่ห่างจากอุปกรณ์ทดลองของฉัน
22486	Hey! That's it? Aren't you going to praise us? We just fought a bull-headed Monster!	เฮ้! แค่นั้นแหละ? คุณจะไม่ยกย่องเราเหรอ? เราเพิ่งต่อสู้กับสัตว์ประหลาดหัวกระทิง!
22487	Professor Ryan, we're carrying out official duties. This has nothing to do with you.	Professor Ryan เรากำลังปฏิบัติหน้าที่อย่างเป็นทางการสิ่งนี้ไม่เกี่ยวข้องกับคุณ
22488	The road ahead is under construction and temporarily closed. Please come back later.	ถนนข้างหน้าอยู่ระหว่างการก่อสร้างและปิดชั่วคราวกรุณากลับมาทีหลัง
22489	Baphomet is about to unleash a Full-screen attack! Quick, get behind a stone pillar!	Baphomet กำลังจะปล่อยการโจมตีเต็มจอ! เร็วเข้า เข้าไปหลังเสาหินซะ!
22490	“…But the clouds here really do look like cotton candy. I wish I could take a bite…”	“…แต่เมฆที่นี่ดูเหมือนสายไหมจริงๆ ฉันอยากจะกัด…”
22491	They must be planning to board the ship and take us and the cargo in one fell swoop.	พวกเขาคงวางแผนจะขึ้นเรือและพาเราและสินค้าไปในคราวเดียว
22492	The Battle of the Producers event has begun. Players are welcome to Participate Now.	กิจกรรม Battle of the Producers ได้เริ่มขึ้นแล้วผู้เล่นสามารถเข้าร่วมได้ทันที
22493	Mirko is about to unleash the final movement, destroying everything in ${1} seconds!	Mirko กำลังจะปล่อยการเคลื่อนไหวสุดท้าย ทำลายทุกสิ่งใน${1}วินาที!
22494	Your friend ${1} has become today's Festival Invitation LUK Star! Go check them out!	เพื่อนของคุณ${1}ได้มาเป็น LUK Star ในงาน Festival Invitation ประจำวันนี้แล้ว! ไปตรวจสอบพวกเขาสิ!
22495	Moonlight Flower\nYou're pretty good at hide-and-seek! Play with me a little longer!	Moonlight Flower\n เล่นซ่อนหาเก่งมาก! เล่นกับฉันอีกหน่อยสิ!
22496	Bobo\nHuh? Someone over there is waving at us~ I guess we can go see what they want!	Bobo\n หือ? มีคนโบกมือให้พวกเราทางนั้น~ ฉันเดาว่าเราไปดูสิ่งที่พวกเขาต้องการได้!
22497	Bobo\nIzlude may be right next to Prontera, but the scenery is completely different.	Bobo\nIzlude อาจจะอยู่ติดกับ Prontera แต่ทิวทัศน์แตกต่างไปจากเดิมอย่างสิ้นเชิง
22498	A sea urchin covered in spiky armor. Handle it carefully, or it may prick your hand.	เม่นทะเลที่สวมชุดเกราะแหลมคม จับมันอย่างระมัดระวัง ไม่อย่างนั้นมันอาจทิ่มมือคุณได้
22499	A canine tooth obtained from a creature called an Orc. Available from the Collector.	ฟันเขี้ยวที่ได้จากสิ่งมีชีวิตที่เรียกว่าออร์ค มีจำหน่ายจากนักสะสม
22500	Obtain a full set of Tier @{1} Equipment Crafting Blueprints and Crafting Materials.	รับชุดพิมพ์เขียวการประดิษฐ์อุปกรณ์และวัสดุการประดิษฐ์ระดับ@{1}ครบชุด
22501	A superb Fountain of Life. Instantly restores @{1}+@{2}% HP. Cooldown: @{3} seconds.	Fountain of Life ที่ยอดเยี่ยม ฟื้นฟู@{1}+@{2}% HP ทันที คูลดาวน์:@{3}วินาที
22502	A katar said to have been created by a Lich who gathered the resentment of the dead.	ว่ากันว่ากาตาร์ถูกสร้างขึ้นโดยลิชผู้รวบรวมความขุ่นเคืองของผู้ตาย
22503	Successfully crafting a cloth item has a @{1}% Chance to increase the output by @{2}	การสร้างไอเท็มผ้าสำเร็จมีโอกาส@{1}% ที่จะเพิ่มเอาต์พุตเป็น@{2}
22504	Successfully crafting a Metal item has a @{1}% Chance to increase the output by @{2}	การสร้างไอเท็มโลหะสำเร็จมีโอกาส@{1}% ที่จะเพิ่มเอาท์พุตเป็น@{2}
22505	A storm powerful enough to consume heaven and earth is gathering beyond the horizon.	พายุที่ทรงพลังพอที่จะทำลายสวรรค์และโลกกำลังรวมตัวกันเหนือขอบฟ้า
22506	A mysterious Potion that can cure nearly every Status Effect. Cooldown: @{1} seconds	ยาลึกลับที่สามารถรักษาเอฟเฟกต์สถานะได้เกือบทุกประเภท คูลดาวน์:@{1}วินาที
22507	Your character is temporarily unable to purchase items at Stalls. Unseal time: ${1}.	ตัวละครของคุณไม่สามารถซื้อสินค้าที่แผงลอยได้ชั่วคราวเวลาเปิดผนึก:${1}
22508	Once learned, allows you to rent a Pushcart and use various Pushcart-related skills.	เมื่อเรียนรู้แล้ว คุณจะสามารถเช่ารถเข็นและใช้ทักษะต่างๆ ที่เกี่ยวข้องกับรถเข็นได้
22509	Increases Attack Speed by ^{1}${1}%^{2} and Physical and Magic DEF by ^{3}${2}%^{4}.	เพิ่มความเร็วในการโจมตีโดย ^{1}${1}%^{2}และ DEF กายภาพและเวทมนตร์โดย ^{3}${2}%^{4}
22510	Summon an Earthshatter Formation, inflicting Stun on enemies within ${1}m for ${2}s.	เรียกรูปแบบแผ่นดินไหว สร้างความมึนงงให้กับศัตรูที่อยู่ในระยะ${1}m เป็นเวลา${2}s
22511	Lock on to an enemy at a Distance of ${1} cells and deal ${2}% melee Physical damage	ล็อคศัตรูที่ระยะห่างของเซลล์${1}และสร้างความเสียหายทางกายภาพระยะประชิด${2}%
22512	Target an enemy within a Distance of ${1} cells and deal ${3}% melee Physical damage	กำหนดเป้าหมายศัตรูภายในระยะห่างของเซลล์${1}และสร้างความเสียหายทางกายภาพระยะประชิด${3}%
22513	Lock on to an enemy at a Distance of ${1} cells and deal ${5}% melee Physical damage	ล็อคศัตรูที่ระยะห่างของเซลล์${1}และสร้างความเสียหายทางกายภาพระยะประชิด${5}%
22514	Clear any Realm of the Gods Dungeon with ^{1}@{1} Guild Members^{2} from your guild.	เคลียร์ Realm of the Gods Dungeon ด้วย ^{1}@{1}Guild Members^{2}จาก Guild ของคุณ
22515	Dark Pulse will be unleashed in ${1} seconds! Use Dark Pulse to destroy the Horongs!	Dark Pulse จะถูกปลดปล่อยออกมาใน${1}วินาที! ใช้ Dark Pulse เพื่อทำลาย Horongs!
22516	Dungeon matchmaking decline penalty I: Cannot join dungeon matchmaking for @{1} sec.	การลงโทษการปฏิเสธการจับคู่ดันเจี้ยน I: ไม่สามารถเข้าร่วมการจับคู่ดันเจี้ยนเป็นเวลา@{1}วินาที
22517	Takes damage every @{1} seconds. Each stack reduces Healing Volume received by @{2}%	รับความเสียหายทุกๆ@{1}วินาทีแต่ละสแต็กจะลดปริมาณการรักษาที่ได้รับโดย@{2}%
22518	The BOSS casts a circular AOE with a @{1}-second warning and a radius of @{2} meters	BOSS ร่าย AOE แบบวงกลมพร้อม@{1}- คำเตือนวินาทีและรัศมี@{2}เมตร
22519	Another specially trained Peco Peco, exclusively used as a combat mount by Crusaders.	Peco Peco ที่ได้รับการฝึกฝนมาเป็นพิเศษอีกตัวหนึ่ง ซึ่งใช้เป็นพาหนะต่อสู้โดย Crusaders โดยเฉพาะ
22520	Leaving the map will abandon the escort cart. Are you sure you want to leave the map?	การออกจากแผนที่จะละทิ้งรถเข็นคุ้มกันคุณแน่ใจหรือไม่ว่าต้องการออกจากแผนที่
22521	The selected target is outside the Auto Combat range. A new target has been selected.	เป้าหมายที่เลือกอยู่นอกระยะการต่อสู้อัตโนมัติเลือกเป้าหมายใหม่แล้ว
22522	You are already on the map where the monster is located. Explore the area to find it.	คุณอยู่ในแผนที่ซึ่งเป็นที่ตั้งของสัตว์ประหลาดแล้วสำรวจพื้นที่เพื่อค้นหามัน
22523	Incomplete client cache files were detected. Clear the cache and Download them again?	ตรวจพบไฟล์แคชไคลเอ็นต์ที่ไม่สมบูรณ์ล้างแคชแล้วดาวน์โหลดอีกครั้งหรือไม่
22524	Refine Level<color=#ff6161>-${1}</color>   Success Rate <color=#76c233>+${2}%</color>	Refine Level<color=#ff6161>-${1}</color>   Success Rate <color=#76c233>+${2}%</color>
22525	\nIn between growing and having fun, you also ran your own small ventures, including:	\n ในระหว่างการเติบโตและความสนุกสนาน คุณยังดำเนินธุรกิจเล็กๆ ของตัวเองอีกด้วย ซึ่งได้แก่:
22526	Deals damage using Cart Revolution while providing buffs to themselves and the party.	สร้างความเสียหายโดยใช้ Cart Revolution พร้อมมอบบัฟให้กับตนเองและปาร์ตี้
22527	Once Talent Tree ${1} is Activated, you can allocate points to Battle Pledge talents.	เมื่อเปิดใช้งานตารางพรสวรรค์${1}แล้ว คุณสามารถจัดสรรคะแนนให้กับพรสวรรค์ Battle Pledge ได้
22528	Immune to knockback, knock-up, Stun, Freeze, Petrify, Silence, Immobilize, and Blind.	มีภูมิคุ้มกันต่อการกระเด็น, น็อคอัพ, สตัน, แช่แข็ง, กลายเป็นหิน, เงียบ, ทำให้เคลื่อนที่ไม่ได้ และตาบอด
22529	While ^{1}^{2}【True Sight】^{3}^{4} is Active, STR, AGI, VIT, INT, DEX, and LUK +${1}.	ในขณะที่ ^{1}^{2}【True Sight】^{3}^{4}ใช้งานอยู่, STR, AGI, VIT, INT, DEX และ LUK +${1}
22530	When HP is below ${1}%, increases Physical DEF and Magic DEF by 【Character Lv.*${2}】.	เมื่อ HP ต่ำกว่า${1}% จะเพิ่ม DEF กายภาพและ DEF เวทมนตร์ขึ้น 【Character Lv.*${2}】
22531	【Fire Bolt】, 【Cold Bolt】, 【Lightning Bolt】, and 【Earth Spike】 deal ${1}% more damage.	【Fire Bolt】, 【Cold Bolt】, 【Lightning Bolt】 และ 【Earth Spike】 สร้างความเสียหายได้มากขึ้น${1}%
22532	When a Jet Goblin dies, there is a @{1}% Chance to create @{2} Transformation Manuals	เมื่อเจ็ตก็อบลินตาย มีโอกาส@{1}% ที่จะสร้างคู่มือการแปลงร่าง@{2}
22533	Uses a bow to excel at ranged attacks and can knock enemies back at critical moments.	ใช้ธนูเพื่อโจมตีระยะไกลและสามารถกระแทกศัตรูให้กระเด็นไปในช่วงเวลาวิกฤติ
22534	Excels at close-range combat, wielding a sword with a balance of offense and defense.	เก่งในการต่อสู้ระยะประชิด กวัดแกว่งดาบที่มีความสมดุลระหว่างการรุกและการป้องกัน
22535	Current Effect: <color=#97e553>${1}</color><color=#00FFFF> (Next Level: ${2})</color>	Current Effect: <color=#97e553>${1}</color><color=#00FFFF> (Next Level: ${2})</color>
22536	A fluffy, long-haired rabbit wearing a purple bow. It's incredibly cute when it runs.	กระต่ายขนปุยยาวสวมโบว์สีม่วง มันน่ารักอย่างไม่น่าเชื่อเมื่อมันวิ่ง
22537	You cannot reset skills or Job Advance while your Stall is open. Go close your Stall?	คุณไม่สามารถรีเซ็ตทักษะหรือการเลื่อนงานได้ในขณะที่แผงลอยของคุณเปิดอยู่ไปปิดแผงลอยของคุณเหรอ?
22538	Use WASD or click the ground with your Mouse to Move... This Demon is falling asleep.	ใช้ WASD หรือคลิกพื้นด้วย Mouse เพื่อย้าย... ปีศาจตัวนี้กำลังหลับไป
22539	Completing the Job Advance unlocks brand-new Job Advance skills. Advance to ${1}${2}?	การทำ Job Advance ให้สำเร็จจะปลดล็อกทักษะ Job Advance ใหม่ล่าสุด ก้าวไปสู่ ​​${1}${2}?
22540	All right, you've completed every test. Please wait while I determine your results...	เอาล่ะ คุณทำแบบทดสอบครบทุกข้อแล้ว โปรดรอสักครู่ในขณะที่ฉันพิจารณาผลลัพธ์ของคุณ...
22541	A massive Grand Prize with rich-text support ended everyone's ^{1}50^{2}-kill streak!	รางวัลใหญ่ครั้งใหญ่พร้อมการสนับสนุน Rich Text ส่งผลให้ ^{1}50^{2}-kill streak ของทุกคนสิ้นสุดลง!
22542	J-Just you wait! You have no idea who you're messing with! I've got powerful friends!	เจ-แค่รอก่อน! คุณไม่รู้ว่าคุณกำลังยุ่งกับใคร! ฉันมีเพื่อนที่แข็งแกร่ง!
22543	(Overjoyed) Wise! Incomparably wise! Come with me—our future begins with this dinner!	(ดีใจมาก) ฉลาด! ฉลาดไม่แพ้กัน! มากับฉันสิ อนาคตของเราเริ่มต้นด้วยอาหารเย็นนี้!
22544	No worries. It's just a make-up exam. It's perfectly normal—lots of people take them.	หมดกังวลมันเป็นแค่การสอบแต่งหน้าเป็นเรื่องปกติอย่างยิ่ง ผู้คนจำนวนมากพากันทำเช่นนั้น
22545	Ryan... Glasses, poor eyesight... Is he from Payon? Did he also study abroad in Juno?	ไรอัน... แว่นสายตาไม่ดี... เขามาจาก Payon เหรอ? เขาไปเรียนต่อที่จูโน่ด้วยหรือเปล่า?
22546	Excellent! This Material is incredibly fresh! Watch closely—this is advanced alchemy!	ยอดเยี่ยม! วัสดุนี้มีความสดใหม่อย่างไม่น่าเชื่อ! จับตาดูอย่างใกล้ชิด—นี่คือการเล่นแร่แปรธาตุขั้นสูง!
22547	(Looks eagerly toward the Teleport portal Nearby) Woof, woof! Woof, woof, woof, woof!	(มองไปยังพอร์ทัล Teleport ใกล้ๆ อย่างกระตือรือร้น) โฮ่ง โฮ่ง! วูฟ วูฟ วูฟ วูฟ!
22548	As your thoughts wander, drowsiness overtakes you, and at last you close your eyes...	ขณะที่ความคิดของคุณล่องลอยไป ความง่วงก็ครอบงำคุณ และในที่สุดคุณก็หลับตาลง...
22549	Successfully transformed into ${1} Lv. ${2} and earned eligibility for the prize draw	แปลงร่างเป็น${1}Lv. ได้สำเร็จ${2}และได้รับสิทธิ์ในการจับรางวัล
22550	Melkor is about to perform the Final Movement and destroy everything in @{1} seconds!	Melkor is about to perform the Final Movement and destroy everything in@{1}seconds!
22551	Congratulations to ${1}'s team on the First Clear of ${2}!! First Clear Members: ${3}	ขอแสดงความยินดีกับทีม${1}ที่สามารถเคลียร์แรกของ${2}ได้ !! สมาชิกที่ชัดเจนครั้งแรก:${3}
22552	Block the bubbles strategically to prevent bubbles of different colors from colliding	บล็อกฟองอากาศอย่างมีกลยุทธ์เพื่อป้องกันไม่ให้ฟองอากาศที่มีสีต่างกันชนกัน
22553	Grants full-map vision, allowing you to view every warrior's location on the Mini Map	ให้การมองเห็นแบบเต็มแผนที่ ช่วยให้คุณสามารถดูตำแหน่งของนักรบทุกคนบนแผนที่ขนาดเล็กได้
22554	It's time for the grand finale! Get ready for the ultimate showdown—\n【MVP Challenge】	ถึงเวลารอบชิงชนะเลิศแล้ว! เตรียมตัวให้พร้อมสำหรับการประลองขั้นสุดยอด—\n【MVP Challenge】
22555	Bobo\n(A splat, as if something was hit) Aaaaah! What is this stuff? It's all sticky!	Bobo\n(เสียงแดงเหมือนโดนอะไรกระแทก) อ๊าา! สิ่งนี้คืออะไร? เหนียวไปหมด!
22556	Rhine\nHey, Adventurer! Are you here to take the Novice Trial? Please come over here.	Rhine\n เฮ้ Adventurer! คุณมาที่นี่เพื่อทดลองใช้ Novice Trial หรือไม่? กรุณามาที่นี่
22557	Option B Event Text Event Text Event Text Event Text Event Text Event Text Event Text	ตัวเลือก B ข้อความเหตุการณ์ ข้อความเหตุการณ์ ข้อความเหตุการณ์ ข้อความเหตุการณ์ ข้อความเหตุการณ์ ข้อความเหตุการณ์ ข้อความเหตุการณ์
22558	Option A Event Text Event Text Event Text Event Text Event Text Event Text Event Text	ตัวเลือก A ข้อความเหตุการณ์ ข้อความเหตุการณ์ ข้อความเหตุการณ์ ข้อความเหตุการณ์ ข้อความเหตุการณ์ ข้อความเหตุการณ์ ข้อความเหตุการณ์
22559	Open to obtain @{1} Spirit Pact Stones, @{2} Pet Training Diary I, and @{3} Diamonds.	Open เพื่อรับ@{1}Spirit Pact Stones,@{2}Pet Training Diary I และ Diamonds@{3}
22560	A clear, colorless liquid used in cooking to remove unwanted odors and enhance aroma.	ของเหลวใสไม่มีสีใช้ในการปรุงอาหารเพื่อขจัดกลิ่นไม่พึงประสงค์และเพิ่มกลิ่นหอม
22561	Restores the character's Life by @{1} HP per second for @{2} sec. Cooldown: @{3} sec.	ฟื้นฟูพลัง Life ของตัวละครตาม@{1}HP ต่อวินาทีเป็นเวลา@{2}วินาทีคูลดาวน์:@{3}วินาที
22562	A knee-length coat that protects against the cold, though it gets very hot in summer.	เสื้อคลุมยาวถึงเข่าที่ป้องกันความหนาวเย็นแม้ว่าจะร้อนจัดในฤดูร้อนก็ตาม
22563	Learning Skills will <color=#c26b47>replace the original skill or add 1 skill</color>	Learning Skills will <color=#c26b47>replace the original skill or add 1 skill</color>
22564	Your current settings haven't been saved. Are you sure you want to close this screen?	การตั้งค่าปัจจุบันของคุณไม่ได้รับการบันทึกคุณแน่ใจหรือไม่ว่าต้องการปิดหน้าจอนี้
22565	The host has disabled microphones. Players in the mic queue temporarily cannot speak.	โฮสต์ปิดใช้งานไมโครโฟนผู้เล่นในคิวไมโครโฟนไม่สามารถพูดได้ชั่วคราว
22566	I'm so sorry. The Professor paid us so much, and we still let the cargo get stolen...	ฉันขอโทษจริงๆ Professor จ่ายเงินให้เรามาก แต่เรายังปล่อยให้สินค้าถูกขโมย...
22567	Rapidly restores Life, recovering a total of ^{1}@{2}% of Max Life^{2} over @{1} sec.	ฟื้นฟูพลัง Life อย่างรวดเร็ว โดยฟื้นฟู ^{1}@{2}% ของพลัง Life สูงสุด^{2}เหนือ@{1}วินาที
22568	Increases the percentage damage coefficient of ^{1}【Blitz Beat】^{2} by ^{3}${1}%^{4}.	เพิ่มเปอร์เซ็นต์ค่าสัมประสิทธิ์ความเสียหายของ ^{1}【Blitz Beat】^{2}โดย ^{3}${1}%^{4}
22569	Your edits haven't been saved. Are you sure you want to revert and clear all changes?	การแก้ไขของคุณยังไม่ได้รับการบันทึกคุณแน่ใจหรือไม่ว่าต้องการเปลี่ยนกลับและล้างการเปลี่ยนแปลงทั้งหมด
22570	Lock on to an enemy at a Distance of ${1} cells and deal ${10}% melee Physical damage	ล็อคศัตรูที่ระยะห่างของเซลล์${1}และสร้างความเสียหายทางกายภาพระยะประชิด${10}%
22571	The target is in a special Location and cannot be invited or accepted into the party.	เป้าหมายอยู่ในตำแหน่งพิเศษ และไม่สามารถเชิญหรือรับเข้าปาร์ตี้ได้
22572	Sharing Materials reduced the Blacksmith's Craft time for high-tier equipment by 10s.	ลดเวลาการสร้างของ Blacksmith's สำหรับอุปกรณ์ระดับสูงลง 10 วินาที
22573	After a player Kill, Magic ATK increases by @{1}% for @{2} sec. (Cooldown: @{3} sec.)	หลังจากที่ผู้เล่นสังหารได้ พลังโจมตีเวทย์จะเพิ่มขึ้น@{1}% เป็นเวลา@{2}วินาที (คูลดาวน์:@{3}วินาที)
22574	You've reached today's limit for sending request messages. Please try again tomorrow.	คุณส่งข้อความคำขอถึงขีดจำกัดของวันนี้แล้วโปรดลองอีกครั้งพรุ่งนี้
22575	The System has detected unusual Trade activity on your account. You cannot list items.	ระบบตรวจพบกิจกรรมการค้าที่ผิดปกติในบัญชีของคุณคุณไม่สามารถแสดงรายการได้
22576	Carrying one of Fafnir's scales, which can be used to build a Dragon Scale Shield Wall	ถือเกล็ดของ Fafnir หนึ่งอันซึ่งใช้สร้างกำแพง Dragon Scale Shield ได้
22577	While ^{1}^{2}【Wind Walker】^{3}^{4} is Active, MSPD +${1}% and duration +${2} seconds.	ในขณะที่ ^{1}^{2}【Wind Walker】^{3}^{4}ทำงานอยู่, MSPD +${1}% และระยะเวลา +${2}วินาที
22578	^{1}^{2}[Heal]^{3}^{4} restores an Extra MATK*${2}%+${3} HP to targets below ${1}% HP.	^{1}^{2}[Heal]^{3}^{4}คืนค่า MATK พิเศษ*${2}%+${3}HP ไปยังเป้าหมายที่ต่ำกว่า${1}% HP
22579	Increases the maximum Floors of the Physical Damage buff on the current Totem by ${1}.	เพิ่มชั้นสูงสุดของบัฟความเสียหายกายภาพบน Totem ปัจจุบันขึ้น${1}
22580	When Poporing dies, there is a @{1}% Chance to create @{2}~@{3} Transformation Manuals	เมื่อ Poporing ตาย มีโอกาส@{1}% ที่จะสร้าง@{2}~@{3}Transformation Manuals
22581	When a Split Marin dies, there is a @{1}% Chance to create @{2} Transformation Manuals	เมื่อ Split Marin ตาย มีโอกาส@{1}% ที่จะสร้าง@{2}Transformation Manuals
22582	Mistress summons ^{1}advancing Hornets^{2} that ^{3}knock back^{4} enemies they touch.	Mistress เรียก ^{1}ที่กำลังบุกเข้ามา^{2}ที่ ^{3}กระเด็นถอยหลัง^ ศัตรู{4}ที่พวกเขาสัมผัส
22583	Maya repeatedly deals damage in ^{1}circular and ring-shaped areas around herself^{2}.	Maya สร้างความเสียหายซ้ำแล้วซ้ำเล่าใน ^{1}พื้นที่ทรงกลมและวงแหวนรอบตัวเธอ^{2}
22584	Resetting this skill will also reset the following dependent skills from other stages.	การรีเซ็ตทักษะนี้จะรีเซ็ตทักษะที่ต้องพึ่งพาต่อไปนี้จากขั้นตอนอื่นด้วย
22585	The once-frail Super Picky has become incredibly brave, carrying an Adventurer onward.	Super Picky ที่ครั้งหนึ่งเคยอ่อนแอได้กลายมาเป็นผู้กล้าหาญอย่างไม่น่าเชื่อ โดยอุ้ม Adventurer ไปข้างหน้า
22586	RO's original War of Emperium (WoE) spans @{1} cities, with five castles in each city.	RO ครอบคลุมเมือง@{1}โดยมีปราสาทห้าแห่งในแต่ละเมือง
22587	【Guild Rally】<color=#FCAA5B>${1}</color> (Responses: <color=#FCAA5B>${2}</color>/${3})	【Guild Rally】<color=#FCAA5B>${1}</color> (Responses: <color=#FCAA5B>${2}</color>/${3})
22588	Complete your Third Class Advancement to enjoy a brand-new class and Build experience.	บรรลุความก้าวหน้าระดับที่สามของคุณเพื่อเพลิดเพลินไปกับคลาสใหม่ล่าสุดและประสบการณ์การสร้าง
22589	All done! As long as you have enough potions, you won't have to worry about dying, bo.	เสร็จแล้ว! ตราบใดที่คุณมียาเพียงพอ คุณก็ไม่ต้องกังวลเรื่องความตายหรอก
22590	Drag skill icons onto the wheel on the right to equip them. (Tap anywhere to continue)	ลากไอคอนทักษะไปไว้บนวงล้อทางด้านขวาเพื่อสวมใส่(แตะที่ใดก็ได้เพื่อดำเนินการต่อ)
22591	Tap the skill slot lock to unlock it, then you can rearrange the skills in your slots~	แตะล็อคช่องทักษะเพื่อปลดล็อค จากนั้นคุณสามารถจัดเรียงทักษะในช่องของคุณใหม่ได้~
22592	Look! Crafting Orange or Red Quality equipment may grant a Stunt, bobo! Give it a try!	ดูสิ! การสร้างอุปกรณ์คุณภาพสีส้มหรือสีแดงอาจให้ Stunt Bobo! ลองดูสิ!
22593	Hello, rookie. The supplies have been inventoried. We can board whenever you're ready.	สวัสดีมือใหม่ครับพัสดุได้รับการสินค้าคงคลังแล้วเราสามารถขึ้นเครื่องได้ทุกเมื่อที่คุณพร้อม
22594	You successfully won the bid to participate in the Stronghold War. Prepare for battle!	คุณชนะการประมูลเพื่อเข้าร่วมในสงครามฐานที่มั่นได้สำเร็จเตรียมพร้อมสำหรับการต่อสู้!
22595	This is the reward from your Event Period gift. Please collect it from the attachment.	นี่คือรางวัลจากของขวัญในช่วงกิจกรรมของคุณกรุณารวบรวมจากไฟล์แนบ
22596	I'll talk to my old friends too and tell them to stop helping Jack bully decent folks!	ฉันจะคุยกับเพื่อนเก่าของฉันด้วย และบอกให้พวกเขาหยุดช่วย Jack กลั่นแกล้งคนดี!
22597	This is the place. Look, they're still poking their heads out! They've got some nerve!	นี่คือสถานที่ดูสิ พวกเขายังคงโผล่หัวออกมา! พวกเขามีความกังวลใจ!
22598	I'm a traveler who loves journeying from country to country. It certainly is hot here.	ฉันเป็นนักเดินทางที่รักการเดินทางจากประเทศหนึ่งไปอีกประเทศหนึ่งที่นี่ร้อนแน่นอน
22599	...But the clouds here really do look like cotton candy. I wish I could take a bite...	... แต่เมฆที่นี่ก็เหมือนสายไหมจริงๆ ฉันหวังว่าจะได้กัด...
22600	Welcome to the Oak Inn! Are you here for a meal or a room? Or perhaps a little drink~?	ยินดีต้อนรับสู่โอ๊ค Inn! คุณมาที่นี่เพื่อทานอาหารหรือห้องพัก? หรืออาจจะดื่มสักหน่อย~?
22601	Use the movement wheel or the A and D keys to steer. Be careful to avoid the ant eggs.	ใช้วงล้อเคลื่อนที่หรือปุ่ม A และ D เพื่อบังคับทิศทางระวังอย่าให้ไข่มด
22602	Bobo\nSeriously... I hope this Clue is actually useful. Let's hurry and follow Fervor.	Bobo\n จริงๆนะ... ฉันหวังว่าเบาะแสนี้จะมีประโยชน์จริงๆรีบตามเฟอร์วอร์ไปกันเถอะ
22603	Bobo\nLook! That's a Peco Peco nest over there, right? And there are two people there!	โบโบ\n ดูสิ! นั่นคือรัง Peco Peco ตรงนั้นใช่ไหม? และมีอยู่สองคน!
22604	Participate in the Battle of Dragon Coffin Island or Kafra: Survivor Battle @{1} times	เข้าร่วม Battle of Dragon Coffin Island หรือ Kafra: Survivor Battle@{1}ครั้ง
22605	Activate the Nine-Tone Mantra matching Theme Character Effects Appearance (Permanent).	เปิดใช้งานรูปลักษณ์เอฟเฟกต์ตัวละครธีมที่เข้ากันกับ Nine-Tone Mantra (ถาวร)
22606	Armor plating made from an alloy blessed by holy light, providing advanced protection.	การชุบเกราะทำจากโลหะผสมที่ได้รับแสงศักดิ์สิทธิ์ ให้การปกป้องขั้นสูง
22607	A roll of sacred cloth radiating intense holy light. Used to craft advanced equipment.	ม้วนผ้าศักดิ์สิทธิ์ที่เปล่งแสงศักดิ์สิทธิ์อันเข้มข้น ใช้ในการสร้างอุปกรณ์ขั้นสูง
22608	Woolen material used to line clothing or armor, providing Extra warmth and cushioning.	วัสดุทำด้วยผ้าขนสัตว์ใช้สำหรับพันเสื้อผ้าหรือชุดเกราะ ให้ความอบอุ่นและกันกระแทกเป็นพิเศษ
22609	A special moss that grows in damp areas. It can be gathered and spun into warm fibers.	มอสชนิดพิเศษที่เติบโตในบริเวณที่มีความชื้น สามารถรวบรวมและปั่นเป็นเส้นใยอุ่นได้
22610	An Ironwood outer layer used to wrap equipment, improving its durability and handling.	ชั้นนอกของ Ironwood ใช้สำหรับพันอุปกรณ์ ช่วยเพิ่มความทนทานและการควบคุม
22611	A mysterious compass given to you by a mysterious woman. It clearly hides some secret!	เข็มทิศลึกลับที่ผู้หญิงลึกลับมอบให้กับคุณ มันซ่อนความลับบางอย่างไว้อย่างชัดเจน!
22612	A cloak that dramatically increases the wearer's chances of survival in any situation.	เสื้อคลุมที่เพิ่มโอกาสรอดชีวิตของผู้สวมใส่อย่างมากในทุกสถานการณ์
22613	A staff said to have been created by a great mage. Its power approaches that of a god.	ไม้เท้าที่กล่าวกันว่าถูกสร้างขึ้นโดยนักเวทย์ผู้ยิ่งใหญ่ พลังของมันเข้าใกล้เทพ
22614	A massive two-handed axe with an enormous blade that strikes fear into all who see it.	ขวานสองมือขนาดใหญ่ที่มีใบมีดขนาดมหึมาที่สร้างความหวาดกลัวให้กับทุกคนที่มองเห็น
22615	Current Equipment has a Unique Enchant. This will replace the existing Unique Enchant.	อุปกรณ์ปัจจุบันมีมนต์เสน่ห์เฉพาะตัวสิ่งนี้จะแทนที่ Unique Enchant ที่มีอยู่
22616	When both professions are crafting professions, crafting Vigor cost is reduced by @{1}	เมื่อทั้งสองอาชีพกำลังสร้างอาชีพ ค่า Vigor ในการประดิษฐ์จะลดลง@{1}
22617	Are you sure you want to consume Soul Echoes of Orange Quality or higher for Level-up?	คุณแน่ใจหรือไม่ว่าต้องการใช้ Soul Echoes คุณภาพสีส้มหรือสูงกว่าเพื่ออัพเลเวล?
22618	Cart-exclusive skill. Merchants gain ^{1}${1}^{2} Extra slots while operating a Stall.	ทักษะพิเศษเฉพาะรถเข็นพ่อค้าจะได้รับ ^{1}${1}^{2}ช่องพิเศษขณะใช้งานแผงลอย
22619	Removes ^{1}【Silence】^{2} and ^{3}【Blind】^{4} from a designated ST ally within ${1} m.	Removes ^{1}【Silence】^{2}และ ^{3}【Blind】^{4}จากพันธมิตร ST ที่กำหนดภายใน${1}m
22620	Max Life increases by ^{1}${1}^{2}, and Holy damage taken is reduced by ^{3}${2}%^{4}.	พลัง Life สูงสุดเพิ่มขึ้น ^{1}${1}^{2}และความเสียหายศักดิ์สิทธิ์ที่ได้รับจะลดลง ^{3}${2}%^{4}
22621	Participate in Guild activities and make a Donation of supplies to repel the invasion.	เข้าร่วมกิจกรรม Guild และบริจาคสิ่งของเพื่อขับไล่การรุกราน
22622	Charge forward with the supply cart, knocking back and Stunning enemies along the way.	พุ่งไปข้างหน้าด้วยรถเข็นเสบียง กระแทกศัตรูให้กระเด็นไปด้านหลัง
22623	After using 【Soul Destroyer】 ${1} times, damage dealt increases by ${2}% for ${3} sec.	หลังจากใช้ 【Soul Destroyer】${1}ครั้ง ความเสียหายที่สร้างจะเพิ่มขึ้น${2}% เป็นเวลา${3}วินาที
22624	Deals ranged Fire magic damage equal to ^{1}${1}%^{2} of your Magic ATK to the target.	สร้างความเสียหายเวทย์ไฟระยะไกลเท่ากับ ^{1}${1}%^{2}ของพลังโจมตีเวทย์มนตร์ของคุณไปยังเป้าหมาย
22625	We eventually got married, but he always felt guilty for not giving me a wedding ring.	ในที่สุดเราก็แต่งงานกัน แต่เขามักจะรู้สึกผิดที่ไม่ให้แหวนแต่งงานแก่ฉัน
22626	Matchmaking is already underway for another mode. You cannot initiate new matchmaking.	การจับคู่กำลังดำเนินการอยู่ในโหมดอื่นแล้ว คุณไม่สามารถเริ่มการจับคู่ใหม่ได้
22627	Cannot be seen or targeted. Revealed after taking damage @{1} times or dealing damage.	ไม่สามารถมองเห็นหรือกำหนดเป้าหมายได้เปิดเผยหลังจากได้รับความเสียหาย@{1}ครั้งหรือสร้างความเสียหาย
22628	Reduces Movement Speed by @{1}% and increases damage taken from all elements by @{2}%.	ลดความเร็วในการเคลื่อนที่ลง@{1}% และเพิ่มความเสียหายที่ได้รับจากองค์ประกอบทั้งหมด@{2}%
22629	Everyone is gathering around the Bonfire, chatting as they wait for the event to begin.	ทุกคนรวมตัวกันรอบ Bonfire พูดคุยกันระหว่างรอให้กิจกรรมเริ่มต้น
22630	You must Join a guild to participate in this event.\nWould you like to go Join a guild?	คุณต้องเข้าร่วมกิลด์เพื่อเข้าร่วมกิจกรรมนี้\n คุณต้องการเข้าร่วมกิลด์ไหม?
22631	\nYou defeated ^{1}${1}^{2} monster Bosses. Even the mightiest beings bow at your feet.	\n คุณเอาชนะ ^{1}${1}^{2}บอสมอนสเตอร์แล้วแม้แต่สิ่งมีชีวิตที่แข็งแกร่งที่สุดก็กราบแทบเท้าของคุณ
22632	Following the mysterious figure's hints will reveal Clues to @{1} missing-note puzzles.	การทำตามคำแนะนำของบุคคลลึกลับจะเผยให้เห็นเบาะแสของปริศนาโน้ตที่หายไปของ@{1}
22633	Cannot reset the [Cart Use] skill. Please Clear all items from the Cart Merchant first.	ไม่สามารถรีเซ็ตทักษะ [Cart Use] ได้กรุณาเคลียร์สินค้าทั้งหมดจาก Cart Merchant ก่อน
22634	Join the Bonfire Party at the Guild Base during the Event Period to complete the quest.	เข้าร่วม Bonfire Party ที่ Guild Base ในช่วงระยะเวลากิจกรรมเพื่อทำภารกิจให้สำเร็จ
22635	If guilds submit the same bid, the guild with more total escort deliveries ranks higher	หากกิลด์ส่งราคาเสนอเดียวกัน กิลด์ที่มีการส่งมอบคุ้มกันรวมมากกว่าจะมีอันดับสูงกว่า
22636	Each stack reduces Movement Speed by @{1}%. At @{2} stacks, inflicts Stun for @{3} sec.	แต่ละสแต็คจะลดความเร็วในการเคลื่อนที่ลง@{1}%ที่@{2}สแต็ค จะทำให้ติดสตันเป็นเวลา@{3}วินาที
22637	The new Skill Build is blank. You must manually allocate skill points and equip skills.	การสร้างทักษะใหม่ว่างเปล่าคุณต้องจัดสรรคะแนนทักษะและจัดเตรียมทักษะด้วยตนเอง
22638	You must wait for the countdown to reach zero and the quest to begin before proceeding.	คุณต้องรอให้การนับถอยหลังถึงศูนย์และภารกิจจะเริ่มต้นก่อนที่จะดำเนินการต่อ
22639	This Crown sharpens the wearer's mind and contains magic that bolsters mental strength.	เม็ดมะยมนี้ทำให้จิตใจของผู้สวมใส่คมขึ้นและมีเวทมนตร์ที่เสริมความแข็งแกร่งของจิตใจ
22640	A bizarre-looking mask. Its frightening appearance makes it perfect for playing pranks.	หน้ากากที่ดูแปลกประหลาด รูปลักษณ์ที่น่าสะพรึงกลัวทำให้เหมาะแก่การเล่นแผลงๆ
22641	"Among RO players, the ""South Gate Field"" is the largest Trade hub on the Entire Server."	"ในบรรดาผู้เล่น RO นั้น ""South Gate Field"" เป็นศูนย์กลางการค้าที่ใหญ่ที่สุดบนเซิร์ฟเวอร์ทั้งหมด"
22642	Allocate talent points to improve your abilities and define your class characteristics.	จัดสรรคะแนนความสามารถพิเศษเพื่อปรับปรุงความสามารถของคุณและกำหนดลักษณะชั้นเรียนของคุณ
22643	Challenge a Boss alongside multiple teammates to earn Rare equipment and other rewards.	ท้าทายบอสร่วมกับเพื่อนร่วมทีมหลายคนเพื่อรับอุปกรณ์หายากและรางวัลอื่น ๆ
22644	Wow, a golden Legend! Rare gold-quality equipment can undergo one Extra stat appraisal~	ว้าว ตำนานทอง! อุปกรณ์คุณภาพทองหายากสามารถผ่านการประเมินสถานะพิเศษหนึ่งครั้ง~
22645	Baby pets hatch from eggs. Bobo will show you how to hatch one step by step~ Follow me!	สัตว์เลี้ยงเด็กฟักจากไข่ Bobo จะแสดงวิธีฟักไข่ทีละขั้นตอน~ ตามฉันมา!
22646	Want to create a better Preset for your class Build? Bobo will show you how. Follow me~	ต้องการสร้างพรีเซ็ตที่ดีกว่าสำหรับ Build คลาสของคุณหรือไม่?Bobo จะแสดงวิธีการให้คุณดูตามมา~
22647	Thousands of years ago, the continent of Midgard suffered an unprecedented catastrophe.	เมื่อหลายพันปีก่อน ทวีป Midgard ประสบภัยพิบัติอย่างที่ไม่เคยเกิดขึ้นมาก่อน
22648	I want to cherish my precious son, but my wife says we need to discipline him strictly.	ฉันอยากจะดูแลลูกชายคนสำคัญของฉัน แต่ภรรยาบอกว่าเราต้องลงโทษเขาอย่างเคร่งครัด
22649	I heard that the Diamond of Ruin, one of those four gems, suddenly appeared recently...	ฉันได้ยินมาว่า Diamond แห่งซากปรักหักพัง หนึ่งในสี่อัญมณีนั้น จู่ๆ ก็ปรากฏตัวขึ้นเมื่อไม่นานมานี้...
22650	(whispering) My money's on the prince of House Bart. That Young Man is quite ambitious.	(กระซิบ) เงินของฉันเป็นของเจ้าชายแห่งตระกูลบาร์ต Young Man คนนั้นค่อนข้างทะเยอทะยาน
22651	There sure have been a lot of petty thieves around lately. What is the world coming to?	ช่วงนี้ขโมยเล็กๆ น้อยๆ เยอะมากแน่นอนโลกกำลังจะมาถึงอะไร?
22652	Great! ^{1}PlayerName^{2}, now we can finally start adventuring to our hearts' content!	เยี่ยมมาก!^{1}PlayerName^{2}ในที่สุดเราก็สามารถเริ่มต้นการผจญภัยได้ตามใจชอบแล้ว!
22653	All right, All right, go ahead and Receive it~ I'm no villain, merely a wandering Bard.	เอาล่ะ เอาล่ะ รับมันได้เลย~ ฉันไม่ใช่คนร้าย เป็นเพียงนัก Bard เร่ร่อน
22654	Wah... You big dummy! You scared Bobo half to death! Bobo thought you'd hurt your head!	วะ... ไอ้เด็กโง่! คุณทำให้ Bobo กลัวเกือบตาย!Bobo คิดว่าคุณจะเจ็บหัว!
22655	Let me show you how to Insert these echoes into the compass. Awaken its true potential.	ให้ฉันแสดงวิธีแทรกเสียงสะท้อนเหล่านี้ลงในเข็มทิศปลุกศักยภาพที่แท้จริงออกมา
22656	Territory War escort Trade has begun. Please proceed to the corresponding Trade screen.	การค้าคุ้มกันสงครามดินแดนได้เริ่มขึ้นแล้วโปรดไปที่หน้าจอการค้าที่เกี่ยวข้อง
22657	A group of troublemakers has arrived at the venue. Repel them!\nRepel the Troublemakers	กลุ่มผู้ก่อเหตุมาถึงสถานที่แล้ว ขับไล่พวกเขา!\n ขับไล่ผู้ก่อปัญหา
22658	The Goddess's army has begun its invasion! Head to Prontera immediately and fight back!	กองทัพเทพธิดาเริ่มบุกแล้ว! มุ่งหน้าไปที่พรอนเทราทันทีแล้วสู้กลับ!
22659	Bobo\nIt seems to know exactly where it's going. Is there something special over there?	Bobo\n เหมือนจะรู้ว่ากำลังจะไปไหนที่นั่นมีอะไรพิเศษหรือเปล่า?
22660	^{1}The road behind you now winds like poetry, but the story ahead is longer still.^{2}	^{1}ถนนที่อยู่ข้างหลังคุณตอนนี้คดเคี้ยวเหมือนบทกวี แต่เรื่องราวข้างหน้ายังอีกยาวไกล^{2}
22661	^{1}Your name has become the favorite spice in every tale told at a certain tavern.^{2}	^{1}ชื่อของคุณกลายเป็นเครื่องเทศสุดโปรดในทุกๆ นิทานที่เล่าขานกันในร้านเหล้าแห่งหนึ่ง^{2}
22662	A roll of coarse Cotton cloth used to make common cloth equipment and for basic sewing.	ม้วนผ้าฝ้ายหยาบใช้ทำอุปกรณ์ผ้าทั่วไปและเย็บขั้นพื้นฐาน
22663	Not only is it sufficiently hard, but it is also easier to work with than other Metals.	ไม่เพียงแต่มีความแข็งเพียงพอ แต่ยังใช้งานได้ง่ายกว่าโลหะอื่นๆ อีกด้วย
22664	Rewards for completing Guild Quests, accumulated to claim weekly guild activity chests.	สำหรับการทำภารกิจ Guild สำเร็จ สะสมเพื่อรับหีบกิจกรรม Guild รายสัปดาห์
22665	Select Divine Art Totems of the same quality from the list on the left to combine them.	เลือก Divine Art Totems ที่มีคุณภาพเดียวกันจากรายการด้านซ้ายเพื่อรวมเข้าด้วยกัน
22666	Do not have Permission (not the Guild Leader and no voice chat management permissions).	ไม่มีสิทธิ์ (ไม่ใช่หัวหน้า Guild และไม่มีสิทธิ์ในการจัดการแชทด้วยเสียง)
22667	A Member of the party is on cooldown for another ${1} seconds. Unable to Enter Dungeon.	สมาชิกของปาร์ตี้อยู่ในคูลดาวน์อีก${1}วินาที ไม่สามารถเข้าดันเจี้ยนได้
22668	The recipient has already accepted a gift from someone else and cannot receive another.	ผู้รับได้ยอมรับของขวัญจากบุคคลอื่นแล้วและไม่สามารถรับได้อีก
22669	The maximum number of players assisting this player has been reached. Unable to assist.	ถึงจำนวนผู้เล่นสูงสุดที่ช่วยเหลือผู้เล่นนี้แล้วไม่สามารถช่วยเหลือได้
22670	Deals ATK * ^{1}@{4}%^{2} damage to up to @{3} enemies in a @{1} m * @{2} m area ahead.	สร้างความเสียหาย ATK * ^{1}@{4}%^{2}สร้างความเสียหายให้กับศัตรูสูงสุด@{3}ในพื้นที่@{1}m *@{2}m ข้างหน้า
22671	Extends the Buff duration of ^{1}Debuff-type^{2} Primary Battle Skills by ${1} seconds.	ขยายระยะเวลาบัฟ ^{1}Debuff-type^{2}Primary Battle Skills ขึ้น${1}วินาที
22672	You are in a special Location and cannot Initiate a party, submit a Request, or Follow.	คุณอยู่ในตำแหน่งพิเศษ และไม่สามารถเริ่มปาร์ตี้ ส่งคำขอ หรือติดตามได้
22673	You cannot match for Solo Mode while in a party. Leave the party and start matchmaking?	คุณไม่สามารถจับคู่กับโหมด Solo ในขณะที่อยู่ในปาร์ตี้ได้ Leave จากปาร์ตี้แล้วเริ่มจับคู่ใช่ไหม?
22674	Not bad, youngster. Thanks to you, the mission to protect the Professor went perfectly.	ไม่เลวนะเจ้าหนูขอบคุณคุณ ภารกิจในการปกป้อง Professor ดำเนินไปอย่างสมบูรณ์แบบ
22675	Healing increased by @{1}%. Each Floor of a healing buff grants an Extra @{2}% healing.	การรักษาเพิ่มขึ้นโดย@{1}%แต่ละชั้นของบัฟการรักษาจะให้การรักษาพิเศษ@{2}%
22676	Healing and healing received decrease by @{1}%, and Crit Resistance decreases by @{2}%.	การรักษาและการรักษาได้รับการลดลง @{1}% และความต้านทานคริติคอลลดลง @{2}%
22677	Inflicted by Evilheart Hunter Eve. Reduces Physical DEF and Magic DEF by ^{1}${1}%^{2}.	สร้างความเสียหายโดย Evilheart Hunter Eve ลด DEF กายภาพและ DEF เวทมนตร์โดย ^{1}${1}%^{2}
22678	While active, [Warg Strike], [Warg Bite], and [Warg Hunt] summon Extra Warg companions.	ในขณะที่ใช้งาน [Warg Strike], [Warg Bite] และ [Warg Hunt] จะเรียกสหาย Extra Warg
22679	Deals ranged Wind magic damage equal to Magic ATK * ^{1}${1}% + ${2}^{2} to the target.	สร้างความเสียหายเวทย์มนตร์ลมระยะไกลเท่ากับพลังโจมตีเวทย์ * ^{1}${1}% +${2}^{2}ไปยังเป้าหมาย
22680	${1} has begun the Starshatter Dragon summoning ritual. Adventurers, go lend a hand!${2}	${1}ได้เริ่มพิธีอัญเชิญมังกร Starshatter แล้ว Adventurers ไปช่วยหน่อยสิ!${2}
22681	This chapter's journey is complete. Head to the next chapter to continue your adventure~	การเดินทางของบทนี้เสร็จสมบูรณ์แล้วมุ่งหน้าไปยังบทต่อไปเพื่อผจญภัยต่อ~
22682	Extra attacks triggered when dealing magic damage ignore damage reduction from Magic DEF	การโจมตีพิเศษที่เกิดขึ้นเมื่อสร้างความเสียหายทางเวทมนตร์จะไม่สนใจการลดความเสียหายจาก Magic DEF
22683	\n^{1}Thank You for every moment along the way. We hope you enjoy the journey ahead!^{2}	\n^{1}ขอบคุณทุกช่วงเวลาระหว่างทางเราหวังว่าคุณจะสนุกกับการเดินทางข้างหน้า!^{2}
22684	Successfully crafting an orange Metal item has a @{1}% Chance to grant @{2} Extra copies	การสร้างไอเท็มโลหะสีส้มสำเร็จมีโอกาส@{1}% ที่จะมอบสำเนาพิเศษให้กับ@{2}
22685	Successfully crafting an orange cloth item has a @{1}% Chance to grant @{2} Extra copies	การสร้างไอเท็มผ้าสีส้มสำเร็จมีโอกาส@{1}% ที่จะมอบสำเนาพิเศษ@{2}
22686	Party members cannot follow you in this area. Please enter a public area to summon them.	สมาชิกปาร์ตี้ไม่สามารถติดตามคุณในพื้นที่นี้ได้กรุณาเข้าไปในพื้นที่สาธารณะเพื่อเรียกพวกเขา
22687	Surrounded by lightning, shocking up to @{1} nearby enemies every second to deal damage.	ล้อมรอบด้วยสายฟ้า ทำให้ศัตรูที่อยู่ใกล้@{1}ตกตะลึงทุกวินาทีเพื่อสร้างความเสียหาย
22688	Temporarily increases all base stats by @{1}, HIT by @{2}, and Physical Damage by @{3}%.	เพิ่มค่าสถานะพื้นฐานทั้งหมดชั่วคราวโดย@{1}, HIT โดย@{2}และความเสียหายทางกายภาพโดย@{3}%
22689	For every @{1} enemy hit by 【Napalm Vulcan】, its damage increases by ${1}%, up to ${2}%.	สำหรับศัตรู@{1}ทุกตัวที่ถูกโจมตีโดย 【Napalm Vulcan】 ความเสียหายของมันจะเพิ่มขึ้น${1}% สูงสุดถึง${2}%
22690	Pharaoh's Pyramid fires ^{1}beams that track targets^{2}, with ^{3}more beams fired^{4}.	Pyramid ของ Pharaoh ยิง ^{1}ลำแสงที่ติดตามเป้าหมาย^{2}โดยมี ^{3}ยิงลำแสงมากขึ้น^{4}
22691	When you become a little kitty, you'll discover Happiness in its purest, most Easy form.	เมื่อคุณเป็นลูกแมวตัวน้อย คุณจะค้นพบความสุขในรูปแบบที่บริสุทธิ์และง่ายที่สุด
22692	You've resumed using Bonus Time. Killing Field Monsters can now yield plentiful rewards.	คุณได้กลับมาใช้ Bonus Time ต่อแล้วการสังหารมอนสเตอร์ในสนามสามารถให้รางวัลมากมายได้แล้ว
22693	Summon <color=#fdab5b><size=36>${1}</size></color>/${2} times to guarantee an S-rank pet	เรียก<color=#fdab5b><size=36>${1}</size></color>/${2}ครั้งเพื่อรับประกันสัตว์เลี้ยงระดับ S
22694	This little kitty has been working for so long. Can I go out and play for a while, meow?	เจ้าแมวน้อยตัวนี้ทำงานมานานแล้วฉันออกไปเล่นสักพักได้ไหม เมี้ยว?
22695	I'm the veteran Adventurer NPC. I don't know where the black market merchant is, either.	ฉันเป็น NPC Adventurer ผู้มีประสบการณ์ฉันก็ไม่รู้เหมือนกันว่าพ่อค้าในตลาดมืดอยู่ที่ไหน
22696	Huh? Where did this... giant talking Chonchon come from? Or is it a living ball of soot?	หือ? ชลชน... ยักษ์พูดได้ มาจากไหน? หรือเป็นก้อนเขม่าที่มีชีวิต?
22697	You received an item that went unsold at auction. Please collect it from the attachment.	คุณได้รับสินค้าที่ขายไม่ออกในการประมูลกรุณารวบรวมจากไฟล์แนบ
22698	What?! You got me! But this isn't over! You can have this turf—I'll find somewhere else!	อะไรนะ! คุณเข้าใจฉันแล้ว! แต่นี่ยังไม่จบ! คุณสามารถมีสนามหญ้านี้ได้—ฉันจะหาที่อื่น!
22699	I've wanted to rest for ages, but she said there was still one more street to explore...	ฉันอยากพักผ่อนมานานแล้ว แต่เธอบอกว่ายังมีถนนอีกสายหนึ่งให้สำรวจ...
22700	The upside is that there's less stock left, so there'll be less pressure to sell it all.	ข้อดีคือสินค้าเหลือน้อย จึงมีความกดดันน้อยลงในการขายหมด
22701	Hey, Master! Hold on to me tight! If Bobo falls, there'll be no one left to wake you up!	เฮ้ อาจารย์! จับฉันไว้ให้แน่น! ถ้า Bobo ล้ม จะไม่เหลือใครมาปลุกคุณ!
22702	Of course we finished it! But ^{1}PlayerName^{2} is hurt! What do we do? Please help us!	แน่นอนเราทำเสร็จแล้ว! แต่ ^{1}PlayerName^{2}เจ็บ! เราจะทำอย่างไร? โปรดช่วยเราด้วย!
22703	That was fast. Looks like you did well on the Battle assessment. You didn't let me down.	นั่นเร็วมากดูเหมือนว่าคุณจะทำได้ดีในการประเมินการต่อสู้คุณไม่ได้ทำให้ฉันผิดหวัง
22704	After switching Life Skills, you will Keep the level and EXP of your previous Life Skill	หลังจากเปลี่ยนทักษะ Life คุณจะรักษาระดับและ EXP ของทักษะ Life ก่อนหน้าของคุณ
22705	“Hey, Master! Hold on tight to me! If Bobo falls, no one will be around to wake you up!”	“เฮ้ อาจารย์! จับฉันไว้ให้แน่น! ถ้าโบโบล้ม จะไม่มีใครมาปลุกคุณ!”
22706	^{1}^{2}${1}^{3} spared no expense at the Auction House to obtain ${2}. Congratulations!	^{1}^{2}${1}^{3}ไม่ต้องเสียค่าใช้จ่ายใดๆ ที่ร้านประมูลเพื่อรับ${2}ยินดีด้วย!
22707	The Festival Invitation will select @{2} LUK Stars in @{1} minutes. Everyone, get Ready!	Festival Invitation จะเลือก@{2}LUK Stars ใน@{1}นาทีทุกคนเตรียมตัวให้พร้อม!
22708	Supply Transport has begun! A fierce battle is about to unfold on the Territory War map.	การขนส่งอุปทานได้เริ่มขึ้นแล้ว! การต่อสู้อันดุเดือดกำลังจะเกิดขึ้นบนแผนที่ Territory War
22709	Hey, you'd better hold on tight to me! If Bobo falls, there'll be no one to wake you up!	เฮ้ คุณควรจับฉันไว้ให้แน่นๆ นะ! ถ้า Bobo ล้มคงไม่มีใครปลุกคุณ!
22710	Air Pirate Boss\nAll right, boys! Charge! Take this ship, and everything aboard is ours!	บอสโจรสลัดอากาศ\n เอาล่ะหนุ่มๆ! ค่าใช้จ่าย! ขึ้นเรือลำนี้แล้วทุกสิ่งบนเรือก็เป็นของเรา!
22711	Bobo\nHey, there's another chest over there. Waaah—!! M-Master, help! Is that Baphomet?!	Bobo\n เฮ้ มีหีบอีกใบอยู่ตรงนั้นวะ-!! เอ็มมาสเตอร์ ช่วยด้วย! นั่น Baphomet ใช่ไหม!
22712	^{1}A one-of-a-kind path often begins with ten million ordinary swings of the sword.^{2}	^{1}เส้นทางที่ไม่ซ้ำใครมักเริ่มต้นด้วยการแกว่งดาบสิบล้านครั้ง^{2}
22713	<color=#FDAB5B>${1}</color> has invited you to Join a guild: <color=#FDAB5B>${2}</color>	<color=#FDAB5B>${1}</color> has invited you to Join a guild: <color=#FDAB5B>${2}</color>
22714	The highest honor reserved for those who achieve outstanding merit in the Territory War.	เกียรติยศสูงสุดที่สงวนไว้สำหรับผู้ที่ประสบความสำเร็จในสงครามอาณาเขต
22715	Open this gift box to randomly obtain one of the following Divine Art Totem Skill Books.	Open กล่องของขวัญนี้เพื่อสุ่มรับหนึ่งใน Divine Art Totem Skill Books ต่อไปนี้
22716	Fabric used to line sacred equipment, providing a blessing bonus and greater protection.	ผ้าที่ใช้พันอุปกรณ์ศักดิ์สิทธิ์ ให้โบนัสอวยพรและการปกป้องที่ดียิ่งขึ้น
22717	A wooden rune imbued with holy light that can add powerful magical effects to equipment.	รูนไม้ที่เต็มไปด้วยแสงศักดิ์สิทธิ์ที่สามารถเพิ่มเอฟเฟกต์เวทย์มนตร์อันทรงพลังให้กับอุปกรณ์ได้
22718	Hide from a blue Pegasus said to exist only in Legend!\nIt's warm and soft to the touch.	ซ่อนตัวจากเพกาซัสสีน้ำเงินที่บอกว่ามีอยู่ในตำนานเท่านั้น!\n ให้สัมผัสที่อุ่นและนุ่มนวล
22719	A pink gemstone from Daidai's Collector's collection. Can be used for prize wheel draws.	อัญมณีสีชมพูจากคอลเลกชันของ Daidai's Collector สามารถใช้ในการจับรางวัลวงล้อได้
22720	A four-leaf Lucky Clover. Legend says it brings good LUK. Can be exchanged for Headwear.	Lucky Clover สี่แฉก ตำนานเล่าว่านำ LUK ที่ดีมาให้ สามารถเปลี่ยนเป็น Headwear ได้
22721	A superb Green Healing Potion. Instantly restores @{1}+@{2}% HP. Cooldown: @{3} seconds.	ยารักษาสีเขียวที่ยอดเยี่ยม ฟื้นฟู@{1}+@{2}% HP ทันที คูลดาวน์:@{3}วินาที
22722	A symbolic shield bearing the will of God, bestowed directly through a divine messenger.	โล่สัญลักษณ์ที่แสดงถึงน้ำพระทัยของพระเจ้า มอบให้โดยตรงผ่านผู้ส่งสารจากสวรรค์
22723	Successfully crafting an engraved item has a @{1}% Chance to increase the output by @{2}	การสร้างไอเทมแกะสลักสำเร็จมีโอกาส@{1}% ที่จะเพิ่มเอาท์พุตเป็น@{2}
22724	Because you are under @{1}, the anti-addiction System prevents you from making purchases	เนื่องจากคุณอยู่ภายใต้@{1}ระบบป้องกันการติดยาเสพติดจึงป้องกันไม่ให้คุณซื้อสินค้า
22725	Unable to switch Life Skills. The maximum number of active Life Skills has been reached.	ไม่สามารถสลับทักษะ Life ได้ทักษะ Life ที่ใช้งานถึงจำนวนสูงสุดแล้ว
22726	Someone declined the match. You have returned to matchmaking at the front of the Lineup.	มีคนปฏิเสธการแข่งขันคุณได้กลับสู่การจับคู่ที่ด้านหน้าของผู้เล่นตัวจริง
22727	A razor-sharp blade with an icy gleam. Use to permanently increase Physical ATK by @{1}.	ใบมีดคมกริบพร้อมประกายน้ำแข็ง ใช้เพื่อเพิ่ม ATK ทางกายภาพอย่างถาวรโดย@{1}
22728	This skill is not in the skill tree, so skill points cannot be allocated to it manually.	ทักษะนี้ไม่ได้อยู่ในแผนผังทักษะ ดังนั้นจึงไม่สามารถจัดสรรคะแนนทักษะด้วยตนเองได้
22729	Summons Sight around you, revealing hidden targets within a ${2} m radius over ${1} sec.	เรียก Sight รอบตัวคุณ เผยเป้าหมายที่ซ่อนอยู่ภายในรัศมี${2}m เหนือ${1}วินาที
22730	The dragon leaps to the edge of the arena and summons a wall of fire that moves forward.	มังกรกระโดดไปที่ขอบเวทีแล้วเรียกกำแพงไฟที่เคลื่อนตัวไปข้างหน้า
22731	Geographer spins rapidly, dealing ^{1}${1}%^{2} Neutral melee Magic damage to the enemy.	Geographer หมุนอย่างรวดเร็ว สร้างความเสียหาย ^{1}${1}%^{2}สร้างความเสียหายเวทย์ระยะประชิดที่เป็นกลางแก่ศัตรู
22732	Um... I want to give her something she'll like. Do you know what would make a good gift?	อืม... ฉันอยากจะให้สิ่งที่เธอชอบคุณรู้หรือไม่ว่าของขวัญที่ดีจะให้อะไร?
22733	After a player Kill, Physical ATK increases by @{1}% for @{2} sec. (Cooldown: @{3} sec.)	หลังจากที่ผู้เล่นสังหาร พลังโจมตีทางกายภาพจะเพิ่มขึ้น@{1}% เป็นเวลา@{2}วินาที (คูลดาวน์:@{3}วินาที)
22734	Draws power from Rune Runes, increasing Physical ATK by @{1}% and Attack Speed by @{2}%.	ดึงพลังจากรูนรูน เพิ่ม ATK ทางกายภาพขึ้น@{1}% และความเร็วการโจมตีขึ้น@{2}%
22735	After many twists and turns, you've finally found the Professor. Return to camp and rest.	หลังจากพลิกผันหลายครั้ง ในที่สุดคุณก็พบ Professor แล้ว กลับเข้าค่ายและพักผ่อน
22736	A dangerous passage lies beneath the vortex. Make your way through as safely as possible.	เส้นทางอันตรายอยู่ใต้กระแสน้ำวน ให้ทางของคุณผ่านอย่างปลอดภัยที่สุด
22737	Leaving the party will abandon the escort cart. Are you sure you want to leave the party?	การออกจากปาร์ตี้จะละทิ้งรถเข็นคุ้มกันคุณแน่ใจหรือไม่ว่าต้องการออกจากงานปาร์ตี้?
22738	You have been flagged as AFK. If the timer expires, you will be forced to return to town!	คุณถูกตั้งค่าสถานะเป็น AFK หากหมดเวลา คุณจะถูกบังคับให้กลับเมือง!
22739	Deals damage using High Speed Cart Ram while providing buffs to themselves and the party.	สร้างความเสียหายโดยใช้ High Speed ​​Cart Ram พร้อมบัฟให้กับตัวเองและปาร์ตี้
22740	Changing the price requires another Trade review, just like relisting the item. Continue?	การเปลี่ยนแปลงราคาจำเป็นต้องมีการตรวจสอบการค้าอีกครั้ง เช่นเดียวกับการลงรายการใหม่ ดำเนินการต่อ?
22741	You cannot Teleport to the quiz Location while in a Cross-server area, Dungeon, or plane.	คุณไม่สามารถ Teleport ไปยังตำแหน่งแบบทดสอบได้ขณะอยู่ในพื้นที่ข้ามเซิร์ฟเวอร์ ดันเจี้ยน หรือเครื่องบิน
22742	^{1}^{2}【Maximum Over Thrust】^{3}^{4} is Active for up to ${2} allies within ${1} meters.	^{1}^{2}【Maximum Over Thrust】^{3}^{4}ใช้งานได้สำหรับพันธมิตร${2}ภายในระยะ${1}เมตร
22743	Spear mastery increases Crit by @{1}, Crit Resistance by @{2}, and Attack Speed by @{3}%.	Spear Mastery เพิ่มคริติคอลโดย@{1}, ความต้านทานคริติคอลโดย@{2}และความเร็วการโจมตีโดย@{3}%
22744	Reduces damage taken from monsters by @{1}% and increases Physical and Magic DEF by @{2}%	ลดความเสียหายที่ได้รับจากมอนสเตอร์ลง@{1}% และเพิ่ม DEF กายภาพและเวทมนตร์ขึ้น@{2}%
22745	Immune to Knockback, Launch, Stun, Freeze, Petrify, Silence, Immobilize, Blind, and Slow.	ภูมิคุ้มกันต่อการกระเด็น ปล่อยตัว สตัน แช่แข็ง กลายเป็นหิน เงียบ ทำให้เคลื่อนที่ไม่ได้ ตาบอด และ Slow
22746	A close friend is in the party. Life +@{1}%, Physical Attack +@{2}%, Magic Attack +@{3}%.	เพื่อนสนิทอยู่ในงานปาร์ตี้ Life +@{1}% การโจมตีทางกายภาพ +@{2}% การโจมตีด้วยเวทมนตร์ +@{3}%
22747	Fight near an allied Madogear Pilot to gain its protection and continuously restore Life.	ต่อสู้ใกล้กับ Madogear Pilot ที่เป็นพันธมิตรเพื่อรับความคุ้มครองและฟื้นฟูพลัง Life อย่างต่อเนื่อง
22748	At Season Settlement, if you remain at rank ${1}, you will receive the following rewards.	ใน Season Settlement หากคุณยังคงอยู่ที่อันดับ${1}คุณจะได้รับรางวัลดังต่อไปนี้
22749	${1}% Chance to deal a double critical hit. Double critical hits are affected by CRIT DMG	${1}% โอกาสที่จะสร้างการโจมตีแบบคริติคอลสองเท่า การโจมตีคริติคอลสองเท่าจะได้รับผลจาก CRIT DMG
22750	Grants ${1} Hunting Skill, plus an Extra ${2} Hunting Skill for each skill on this Totem.	มอบทักษะการล่าสัตว์${1}บวกทักษะการล่าสัตว์พิเศษ${2}สำหรับแต่ละทักษะบน Totem นี้
22751	Increases healing by ${1}%. Each Floor of the Healing buff grants an Extra ${2}% healing.	เพิ่มการรักษาโดย${1}%แต่ละชั้นของบัฟการรักษาจะให้การรักษาพิเศษ${2}%
22752	When 【Gravitation Field】 ends, inflicts 【Immobilize】 on enemies in the area for ${1} sec.	เมื่อ 【Gravitation Field】 สิ้นสุดลง จะทำให้เกิดสถานะ 【Immobilize】 กับศัตรูในพื้นที่เป็นเวลา${1}วินาที
22753	When a Split Poporing dies, there is a @{1}% Chance to create @{2} Transformation Manuals	เมื่อ Split Poporing ตาย มีโอกาส@{1}% ที่จะสร้าง@{2}Transformation Manuals
22754	Baphomet ^{1}repeatedly summons charging illusions^{2} that damage targets in their path.	Baphomet ^{1}เรียกภาพลวงตาชาร์จซ้ำๆ^{2}ที่สร้างความเสียหายให้กับเป้าหมายที่ขวางทาง
22755	Drag skills from the left to the skill bar. Drag a skill to an empty area to unassign it.	ลากทักษะจากด้านซ้ายไปยังแถบทักษะลากทักษะไปยังพื้นที่ว่างเพื่อยกเลิกการมอบหมาย
22756	"<u><color=#62af5e><link=""jumpskillpos/${1}"">[Go to Prerequisite Skill]</link></color></u>"	"<u><color=#62af5e><link=""jumpskillpos/${1}"">[Go to Prerequisite Skill]</link></color></u>"
22757	Black glasses that can shield your eyes from the sun or serve as a fashionable accessory.	แว่นตา Black ที่สามารถปกป้องดวงตาของคุณจากแสงแดดหรือใช้เป็นเครื่องประดับที่ทันสมัย
22758	Quick, tap here! You can team up with your friends for a challenge. It's tons of fun, bo!	ด่วน แตะที่นี่! คุณสามารถร่วมทีมกับเพื่อนของคุณเพื่อรับความท้าทายมันสนุกมากนะโบ!
22759	Jack says he knows a pest-control expert who can drive away the Rockers. What can you do?	Jack บอกว่าเขารู้จักผู้เชี่ยวชาญด้านการกำจัดสัตว์รบกวนที่สามารถขับไล่พวก Rockers ออกไปได้คุณทำอะไรได้บ้าง?
22760	There are so many Adventurers here! I guess that's to be expected in a kingdom's capital!	มี Adventurers มากมายที่นี่! ฉันเดาว่านั่นเป็นสิ่งที่คาดหวังได้ในเมืองหลวงของอาณาจักร!
22761	When the weather's nice, it's more comfortable to stay out in the Field than in the city.	เมื่ออากาศดี ออกไปเล่นในสนามได้สบายกว่าในเมือง
22762	Ask not what your guild can do for you. Ask what you can contribute to the guild storage.	อย่าถามว่ากิลด์ของคุณทำอะไรให้คุณได้บ้างถามสิ่งที่คุณสามารถมีส่วนร่วมในการจัดเก็บกิลด์
22763	Wait a minute~ Why are we always charging in while you stand back here playing Commander?	เดี๋ยวก่อน~ ทำไมเราถึงชาร์จตลอดเวลาขณะที่คุณยืนอยู่ตรงนี้ในฐานะ Commander?
22764	Yes. We're looking for a middle-aged man with glasses and Yellow hair. Have you seen him?	ใช่เรากำลังมองหาชายวัยกลางคนที่มีแว่นตาและผมสีเหลืองคุณเคยเห็นเขาไหม?
22765	Why don't we call out his name? Maybe he'll come out when he hears us. What do you think?	ทำไมเราไม่เรียกชื่อเขาล่ะ? บางทีเขาอาจจะออกมาเมื่อเขาได้ยินเราคุณคิดอย่างไร?
22766	${1} turned in ${2} Military Supplies, further increasing the Guild's strategic reserves!	${1}มอบอุปกรณ์ทางการทหาร${2}แล้ว ซึ่งจะเป็นการเพิ่มกำลังสำรองเชิงกลยุทธ์ของ Guild!
22767	Signs of enemy activity have been discovered near the Library. All defenders, stay alert!	มีการค้นพบสัญญาณของกิจกรรมของศัตรูใกล้ Library กองหลังทุกคน ระวังตัวไว้!
22768	...But the clouds up here really do look like Cotton candy. I wish I could take a bite...	... แต่เมฆบนนี้ก็เหมือนสายไหมจริงๆ ฉันหวังว่าจะได้กัด...
22769	Bobo\nThey just keep coming~ This egg-stealing request is both dangerous and unethical...	Bobo\n พวกมันมาเรื่อยๆ~ คำขอขโมยไข่นี้ทั้งอันตรายและผิดจรรยาบรรณ...
22770	Rough hemp leaves found in the wilderness, used to weave coarse cloth or make basic yarn.	ใบป่านหยาบที่พบในถิ่นทุรกันดาร ใช้ทอผ้าหยาบหรือทำเส้นด้ายพื้นฐาน
22771	A Hand of God imbued with profound religious significance. Can be exchanged for Headwear.	พระหัตถ์ของพระเจ้าเปี่ยมไปด้วยความสำคัญทางศาสนาอันลึกซึ้ง สามารถเปลี่ยนเป็น Headwear ได้
22772	Steel boots designed with protection in mind, without regard for practicality or comfort.	รองเท้าบู๊ต Steel ออกแบบโดยคำนึงถึงการปกป้อง โดยไม่คำนึงถึงการใช้งานจริงหรือความสะดวกสบาย
22773	A Spear with such a large blade that it is hard to tell whether it is a sword or a Spear.	Spear ที่มีใบมีดขนาดใหญ่จนยากที่จะบอกว่าเป็นดาบหรือ Spear
22774	A versatile two-handed greatsword with a thick blade suited for both offense and defense.	ดาบใหญ่สองมืออเนกประสงค์พร้อมใบมีดหนา เหมาะสำหรับทั้งโจมตีและป้องกัน
22775	A medal obtained by defeating monsters. Can be exchanged for various rewards in the shop.	เหรียญรางวัลที่ได้รับจากการปราบมอนสเตอร์ สามารถแลกรับรางวัลต่างๆภายในร้านได้
22776	Points awarded for GVG victories, losses, and Kills, measuring a guild's combat strength.	คะแนนที่มอบให้สำหรับชัยชนะ ความพ่ายแพ้ และการสังหารของ GVG โดยวัดความแข็งแกร่งในการต่อสู้ของกิลด์
22777	A reward for participating in Competition Misc. Can be exchanged for rewards in the shop.	รางวัลสำหรับการเข้าร่วมการแข่งขันเบ็ดเตล็ด สามารถแลกรับรางวัลได้ภายในร้าน
22778	Oh? You actually collected everything. I'm impressed. Let me process the materials first.	อ้าว? คุณรวบรวมทุกอย่างจริงๆฉันประทับใจ. ให้ฉันประมวลผลวัสดุก่อน
22779	Failed to list the item. The server's maximum number of active listings has been reached.	ไม่สามารถแสดงรายการได้ถึงจำนวนสูงสุดของรายการที่ใช้งานอยู่ของเซิร์ฟเวอร์แล้ว
22780	A guild building is currently undergoing a Level-up. Please try again when it is complete	อาคารกิลด์กำลังอยู่ระหว่างการยกระดับ โปรดลองอีกครั้งเมื่อเสร็จสมบูรณ์
22781	Reduces prices by ^{1}${1}%^{2} when purchasing items with Minted Coins in certain shops.	ลดราคา ^{1}${1}%^{2}เมื่อซื้อสินค้าด้วย Minted Coins ในร้านค้าบางแห่ง
22782	Burrow in the specified direction, moving up to @{1} m. Skill cooldown: ^{1}@{2}^{2} sec.	มุดไปในทิศทางที่กำหนด ขยับขึ้นไปถึง@{1}m. คูลดาวน์ทักษะ: ^{1}@{2}^{2}วินาที
22783	Extends the Debuff duration of ^{1}Debuff-type^{2} Primary Battle Skills by ${1} seconds.	ขยายระยะเวลาดีบัฟ ^{1}Debuff-type^{2}Primary Battle Skills ขึ้น${1}วินาที
22784	Extends the Buff duration of ^{1}Buff-type^{2} Primary Battle Skills by ^{3}${1}^{4} sec.	ขยายระยะเวลาบัฟของ ^{1}Buff-type^{2}Primary Battle Skills โดย ^{3}${1}^{4}วินาที
22785	Master swordsmanship. When equipped with a sword, Physical ATK increases by ^{1}${1}^{2}.	ทักษะดาบระดับปรมาจารย์เมื่อสวมใส่ดาบ พลังโจมตีทางกายภาพจะเพิ่มขึ้น ^{1}${1}^{2}
22786	Maya is summoning quicksand again! Hide behind a stone pillar so you don't get pulled in!	Maya อัญเชิญทรายดูดอีกครั้ง! ซ่อนตัวอยู่หลังเสาหิน จะได้ไม่โดนดึงเข้าไป!
22787	Endure. Increases HIT by @{1} and Physical ATK by @{2}, but reduces Physical DEF by @{3}.	Endure. เพิ่ม HIT ขึ้น@{1}และ ATK กายภาพ ขึ้น@{2}แต่ลด DEF กายภาพลง@{3}
22788	On HIT, ^{1}${1}%^{2} Chance to reduce the enemy target's Movement Speed by ^{3}${2}%^{4}	เมื่อโจมตี ^{1}${1}%^{2}โอกาสที่จะลดความเร็วในการเคลื่อนที่ของเป้าหมายศัตรูลง ^{3}${2}%^{4}
22789	Adventurers whose <color=#987f53>${1}</color> attribute exceeds <color=#63a22b>50%</color>	Adventurers whose <color=#987f53>${1}</color> attribute exceeds <color=#63a22b>50%</color>
22790	Earn points through Kill/Assist/Destroying Escort Carts/Escorting Carts and other actions.	รับคะแนนจากการ Kill/ช่วยเหลือ/ทำลายรถคุ้มกัน/รถคุ้มกัน และการกระทำอื่นๆ
22791	Don't rush! Take a moment to calm down before asking your teammates for help again (*^_^*)	อย่ารีบ! ใช้เวลาสงบสติอารมณ์สักครู่ก่อนที่จะขอความช่วยเหลือจากเพื่อนร่วมทีมอีกครั้ง (*^_^*)
22792	Use High Burst to strike the backline, with two Stealth abilities ensuring the first move.	ใช้ High Burst เพื่อโจมตีแนวหลัง ด้วยความสามารถล่องหนสองอย่างเพื่อให้แน่ใจว่าได้เคลื่อนไหวครั้งแรก
22793	When taking melee Physical damage, deals damage to the attacker based on your Physical ATK	เมื่อได้รับความเสียหายทางกายภาพระยะประชิด จะสร้างความเสียหายให้กับผู้โจมตีตามพลังโจมตีทางกายภาพของคุณ
22794	When using an instant recovery item, there is a @{1}% Chance its effect increases by @{2}%	เมื่อใช้ไอเท็มฟื้นฟูทันที มี@{1}% โอกาสที่เอฟเฟกต์จะเพิ่มขึ้น@{2}%
22795	For the Arch Mage job, every @{1} INT increases Magic ATK by @{2}, up to a maximum of @{3}	สำหรับงาน Arch Mage ทุก ๆ@{1}INT จะเพิ่ม Magic ATK ขึ้น 1@{2}สูงสุด@{3}
22796	Allows use of ^{1}^{2}Hiding Lv. @{1}^{3}^{4} and ^{5}^{6}Sightless Mind Lv. @{2}^{7}^{8}.	อนุญาตให้ใช้ ^{1}^{2}การซ่อน Lv.@{1}^{3}^{4}และ ^{5}^{6}Sightless Mind Lv.@{2}^{7}^{8}.
22797	Draw and replace affixes when adding an accelerant to the bonfire during the Bonfire Phase	วาดและแทนที่เครื่องหมายเมื่อเติมคันเร่งลงใน Bonfire ในช่วง Bonfire
22798	Monster transformation cards grant special effects when socketed in the corresponding slot	การ์ดแปลงร่างสัตว์ประหลาดจะให้เอฟเฟกต์พิเศษเมื่อเสียบเข้าไปในช่องที่เกี่ยวข้อง
22799	Legend has it that this apple was struck by an ancient Sniper from an incredible Distance.	ตำนานเล่าว่าแอปเปิลนี้ถูกโจมตีโดย Sniper โบราณจากระยะไกลอย่างไม่น่าเชื่อ
22800	Once a keeper of Order across this continent, now all that's left to do is enjoy the game.	ครั้งหนึ่งเคยเป็นผู้รักษาความสงบเรียบร้อยทั่วทวีป ตอนนี้สิ่งเดียวที่ต้องทำคือสนุกกับเกม
22801	1. ${1} restores ${2} minutes of field combat time daily, up to a maximum of ${3} minutes.	1.${1}คืนค่านาทีของเวลาการต่อสู้ภาคสนามของ${2}ทุกวัน สูงสุด${3}นาที
22802	Draw <color=#63a22b><size=30>${1}</size></color> more times to guarantee a Starlight Stone	วาด<color=#63a22b><size=30>${1}</size></color>มากขึ้นเพื่อรับประกัน Stone แสงดาว
22803	What happened just now? You suddenly froze up and even broke the thoughtform storage vial!	เมื่อกี้เกิดอะไรขึ้น? จู่ๆ คุณก็ตัวแข็งตัวและกระทั่งขวดเก็บรูปแบบความคิดแตก!
22804	Huh? You felt it too? The flow of Elements in Geffen has definitely seemed strange Recent.	หือ? คุณก็รู้สึกเหมือนกันใช่ไหม? กระแสของ Elements ใน Geffen ดูแปลก ๆ อย่างแน่นอนในช่วงนี้
22805	Somewhere in this land, a tremendous power is beginning to reveal itself in subtle ways...	ที่ไหนสักแห่งในดินแดนนี้ พลังมหาศาลกำลังเริ่มเผยตัวออกมาในรูปแบบที่ละเอียดอ่อน...
22806	"Yesterday, I folded a huge boat for Mom. She said, ""Thank You,"" and patted me on the head!"	"เมื่อวานพับเรือลำใหญ่ให้ Mom เธอพูดว่า ""ขอบคุณ"" และตบหัวฉัน!"
22807	I can submit another evaluation Request in a month. A month is plenty of time to practice.	ฉันสามารถส่งคำขอประเมินผลอีกครั้งในหนึ่งเดือนหนึ่งเดือนมีเวลาฝึกฝนอีกมาก
22808	You know... the kind that gives you an upset stomach. It won't cause any real harm, right?	รู้ไหม... ชนิดที่ทำให้ท้องไส้ปั่นป่วนมันจะไม่ทำให้เกิดอันตรายใดๆ จริง ๆ ใช่ไหม?
22809	Marriage is about looking forward to a happy future. Is there someone you'd like to marry?	การแต่งงานเป็นเรื่องของการรอคอยอนาคตที่มีความสุขมีคนที่คุณอยากแต่งงานด้วยไหม?
22810	The Guild Leader led another team to defeat an incredibly powerful monster today! Amazing!	หัวหน้า Guild นำอีกทีมหนึ่งไปปราบสัตว์ประหลาดที่ทรงพลังอย่างไม่น่าเชื่อในวันนี้! อัศจรรย์!
22811	Congratulations on clearing this stage! When you're ready, head forward to the next stage.	ขอแสดงความยินดีกับการผ่านด่านนี้! เมื่อคุณพร้อมแล้ว มุ่งหน้าสู่ขั้นตอนต่อไปได้เลย
22812	Not bad. You've recovered nicely. It looks like you've mastered how to use Healing on You.	ไม่เลวคุณฟื้นตัวได้ดีแล้วดูเหมือนว่าคุณจะเชี่ยวชาญการใช้การรักษากับคุณแล้ว
22813	What? We have to crawl into a hole?! Oh my gosh, it's not going to be full of ants, is it?	อะไร? เราต้องคลานลงหลุมเหรอ?! โอ้พระเจ้า มันจะไม่เต็มไปด้วยมดใช่ไหม?
22814	Uh... right! According to the Gold four-minute rule, we must intervene. Knight, you're up!	เอ่อ... ใช่แล้ว! ตามกฎสี่นาทีของ Gold เราต้องเข้าไปแทรกแซงอัศวิน คุณตื่นแล้ว!
22815	Life Skill titles and their corresponding skill data will be reset when the Season changes	และข้อมูลทักษะที่เกี่ยวข้องจะถูกรีเซ็ตเมื่อฤดูกาลเปลี่ยนแปลง
22816	[Drake], carrying a ^{1}[Surprise Chest]^{2}, will appear in the Location in ${1} seconds.	[Drake] ถือ ^{1}[Surprise Chest]^{2}จะปรากฏในตำแหน่งใน${1}วินาที
22817	Bobo\nThis famous port city lives up to its reputation! I can already feel the sea breeze!	Bobo\n เมืองท่าอันโด่งดังแห่งนี้มีชื่อเสียงโด่งดัง! ฉันสัมผัสได้ถึงลมทะเลแล้ว!
22818	Bobo\nThe Party Leader who was carried off by a bird? Could it be that Peco Peco up ahead?	Bobo\nParty Leader ที่ถูกนกไล่ล่า? เป็นไปได้ไหมที่ Peco Peco อยู่ข้างหน้า?
22819	The auction is underway. If you Leave Guild, you will not receive any dividends. Continue?	กำลังดำเนินการประมูลหากคุณ Leave จาก Guild คุณจะไม่ได้รับเงินปันผลใดๆดำเนินการต่อ?
22820	Silk material used to line clothing or armor, providing both comfort and Extra cushioning.	วัสดุผ้าไหมที่ใช้พันเสื้อผ้าหรือชุดเกราะ ให้ความสบายและการกันกระแทกเป็นพิเศษ
22821	Brilliant Tier @{1} Orange Equipment with impressive offensive and defensive capabilities.	ระดับที่ยอดเยี่ยม@{1}Orange Equipment พร้อมความสามารถในการรุกและการป้องกันที่น่าประทับใจ
22822	A strangely shaped Green, root-like object. One of the Materials used to create a Pet Egg.	วัตถุสีเขียวรูปร่างแปลกคล้ายราก หนึ่งในวัสดุที่ใช้สร้าง Pet Egg
22823	Battle of Dragon Coffin Island Misc Net Victory Points (Victory Points), used for Level-up	Battle of Dragon Coffin Island Misc Net Victory Points (Victory Points) ใช้สำหรับอัพเลเวล
22824	Use Soul Destroyer from a safe Distance for steady damage, then evade enemies with stealth	ใช้ Soul Destroyer จากระยะที่ปลอดภัยเพื่อสร้างความเสียหายคงที่ จากนั้นหลบเลี่ยงศัตรูด้วยการซ่อนตัว
22825	It revealed no illusion, but the calamity that the continent of Midgard will one day face—	มันไม่ได้เผยให้เห็นภาพลวงตา แต่วันหนึ่งภัยพิบัติที่ทวีป Midgard จะต้องเผชิญ—
22826	Participate in any Misc activity in the Treasure Vault to earn an Eden Group Commendation.	เข้าร่วมกิจกรรมอื่น ๆ ใน Treasure Vault เพื่อรับรางวัล Eden Group Commendation
22827	You recently chose to Leave Guild. Please Wait ${1} before attempting to Join a new guild.	คุณเพิ่งเลือกที่จะ Leave จาก Guild กรุณารอ${1}ก่อนที่จะพยายามเข้าร่วม Guild ใหม่
22828	This cosmetic is already unlocked and cannot be obtained again through Repeat acquisition.	เครื่องสำอางนี้ถูกปลดล็อคแล้วและไม่สามารถรับได้อีกผ่านการทำซ้ำ
22829	Increases the LUK of up to ${2} allies within a ${1}m radius by ^{1}${3}^{2} for ${4} sec.	เพิ่ม LUK ของพันธมิตรสูงสุดถึง${2}ภายในรัศมี${1}m คูณ ^{1}${3}^{2}สำหรับ${4}วินาที
22830	Unload the Supply Cart. While unloaded, it increases the DEF of allies within @{1} meters.	ยกเลิกการโหลดรถเข็นจ่ายวัสดุในขณะที่ไม่ได้โหลด จะเพิ่ม DEF ของพันธมิตรที่อยู่ในระยะ@{1}เมตร
22831	The dragon takes flight and prepares to bombard both sides of the arena with fiery breath.	มังกรบินและเตรียมโจมตีทั้งสองด้านของเวทีด้วยลมหายใจอันร้อนแรง
22832	I’m working hard studying ciphers today just to experience that feeling... I’m so proud...	วันนี้ฉันทำงานหนักเพื่อศึกษาการเข้ารหัสเพื่อสัมผัสประสบการณ์นั้น... ฉันภูมิใจมาก...
22833	No, we can't do that! If they get hurt, we'll never be able to afford their medical bills.	ไม่ เราทำแบบนั้นไม่ได้! หากพวกเขาได้รับบาดเจ็บ เราจะไม่สามารถจ่ายค่ารักษาพยาบาลให้พวกเขาได้
22834	Hey, friend! Settle this for us! These old folks were obviously hired to hold these spots!	เฮ้เพื่อน! จัดการเรื่องนี้ให้เรา! เห็นได้ชัดว่าคนแก่เหล่านี้ได้รับการว่าจ้างให้ดำรงตำแหน่งเหล่านี้!
22835	Immune to Knockback, Launch, Stun, Freeze, Petrify, Silence, Immobilize, and Blind effects	ภูมิคุ้มกันต่อเอฟเฟกต์ Knockback, Launch, Stun, Freeze, Petrify, Silence, Immobilize และ Blind
22836	Enters Delusion, greatly increasing ATK and Attack Speed, but also increasing damage taken	เข้าสู่ Delusion เพิ่ม ATK และความเร็วในการโจมตีอย่างมาก แต่ยังเพิ่มความเสียหายที่ได้รับอีกด้วย
22837	You have no favorite actions. Tap Edit to enter Edit Mode and add actions to your favorites	คุณไม่มีการกระทำที่ชื่นชอบแตะแก้ไขเพื่อเข้าสู่โหมดแก้ไขและเพิ่มการกระทำลงในรายการโปรดของคุณ
22838	Ki introduces himself as the Guide of Time and Space and tells you of the mission you bear.	Ki แนะนำตัวเองในฐานะผู้นำทางแห่งเวลาและอวกาศ และบอกคุณถึงภารกิจที่คุณแบกรับ
22839	Adds an attack when dealing Physical damage that ignores damage reduction from Physical DEF	เพิ่มการโจมตีเมื่อสร้างความเสียหายกายภาพ โดยไม่สนใจการลดความเสียหายจาก DEF กายภาพ
22840	A heavily-armored, fully-equipped Grand Peco. It is the battle mount exclusive for Paladin.	Grand Peco ที่มีเกราะหนักและมีอุปกรณ์ครบครัน มันเป็นพาหนะต่อสู้ที่เป็นเอกสิทธิ์ของ Paladin
22841	Switching can be initiated after ${1} seconds without attacking another player (Deprecated)	การสลับสามารถเริ่มต้นได้หลังจาก${1}วินาทีโดยไม่โจมตีผู้เล่นอื่น (เลิกใช้แล้ว)
22842	An advanced cleric of the Church with further improved damage and auto-battle capabilities.	นักบวชขั้นสูงของศาสนจักรที่ได้รับการปรับปรุงความเสียหายและความสามารถในการต่อสู้อัตโนมัติ
22843	Successfully crafting an orange engraved item has a @{1}% Chance to grant @{2} Extra copies	การสร้างไอเทมแกะสลักสีส้มสำเร็จจะมีโอกาส@{1}% ที่จะมอบสำเนาพิเศษให้กับ@{2}
22844	The following materials will be consumed to establish a Siege Camp at your current location	วัสดุต่อไปนี้จะถูกใช้เพื่อสร้าง Siege Camp ในตำแหน่งปัจจุบันของคุณ
22845	For every @{1} enemies hit by ^{1}^{2}[Hammer Fall]^{3}^{4}, DMG Bonus +${1}%, up to ${2}%.	สำหรับศัตรู@{1}ทุกตัวที่โดน ^{1}^{2}[Hammer Fall]^{3}^{4}, โบนัส DMG +${1}% สูงสุด${2}%
22846	Grants ${1} DMG vs All Job, plus an Extra ${2} DMG vs All Job for each skill on this Totem.	ให้${1}DMG กับ All Job บวกกับ${2}DMG เพิ่มเติม vs All Job สำหรับแต่ละทักษะบน Totem นี้
22847	Magic damage +${1}%. Each Floor of the Magic Damage buff grants an Extra ${2}% Magic damage	ความเสียหายเวทย์ +${1}%บัฟแต่ละชั้นของความเสียหายเวทย์มนตร์จะมอบความเสียหายเวทย์พิเศษ${2}%
22848	Pharaoh summons ^{1}Pharaoh's Coffins^{2} in sequence, dealing damage in cone-shaped areas.	Pharaoh เรียก ^{1}โลงศพของ Pharaoh^{2}ตามลำดับ สร้างความเสียหายในพื้นที่รูปทรงกรวย
22849	Osiris commands^{1}all Horongs^{2}to^{3}lash the target's location twice with bandages^{4}.	Osiris ออกคำสั่ง^{1}Horongs ทั้งหมด^{2}ถึง^{3}เฆี่ยนตำแหน่งของเป้าหมายสองครั้งด้วยผ้าพันแผล^{4}
22850	${1} is the Skill Upgrade for ${2}. After allocating points, ${3} will be replaced by ${4}.	${1}เป็นการอัปเกรดทักษะสำหรับ${2}หลังจากจัดสรรคะแนนแล้ว${3}จะถูกแทนที่ด้วย${4}
22851	Damage dealt to ${1} Resonance\nincreases by ${2}%\nDamage taken from it decreases by ${3}%	ความเสียหายที่ทำกับ${1}Resonance\n เพิ่มขึ้น${2}%\n ความเสียหายที่ได้รับจากมันลดลง${3}%
22852	A Pipe that holds a cigarette. Its built-in filter helps reduce the harm caused by smoking.	ไปป์ที่ใส่บุหรี่ ตัวกรองในตัวช่วยลดอันตรายที่เกิดจากการสูบบุหรี่
22853	Divine Light (Heal) not only restores HP, but can also be used to damage Undead monsters.	Divine Light (Heal) ไม่เพียงฟื้นฟู HP เท่านั้น แต่ยังสามารถใช้เพื่อสร้างความเสียหายให้กับมอนสเตอร์ Undead ได้อีกด้วย
22854	Direct Fire refers to casting fire skills directly at a target without switching targets.	Direct Fire หมายถึงการร่ายทักษะไฟโดยตรงไปยังเป้าหมายโดยไม่ต้องเปลี่ยนเป้าหมาย
22855	I hope you will follow their example and press onward along the path to mastering your job.	ฉันหวังว่าคุณจะทำตามตัวอย่างของพวกเขาและก้าวต่อไปตามเส้นทางสู่ความเชี่ยวชาญงานของคุณ
22856	Guild Member ${1} successfully impeached Guild Master ${2} and became the new Guild Master!	สมาชิก Guild${1}ฟ้องร้องหัวหน้า Guild${2}ได้สำเร็จ และกลายเป็นหัวหน้า Guild คนใหม่!
22857	Dear Player, your frozen funds have been unfrozen. Please collect them from the attachment.	เรียน ผู้เล่น เงินที่ถูกแช่แข็งของคุณไม่ได้ถูกระงับแล้วกรุณารวบรวมจากเอกสารแนบ
22858	Help... Help me... Water... Just one sip... The desert... shows no mercy to the careless...	ช่วยด้วย... ช่วยด้วย... น้ำ... จิบเดียว... ทะเลทราย... ไม่ปราณีคนประมาท...
22859	I'm making potions. A quiet place really does feel like it improves the chances of success.	ฉันกำลังปรุงยาอยู่สถานที่เงียบสงบให้ความรู้สึกเหมือนช่วยเพิ่มโอกาสในการประสบความสำเร็จได้จริงๆ
22860	So don't worry. Not even the blazing sun or the terrifying desert sandstorms could stop me~	ดังนั้นไม่ต้องกังวลแม้แต่ดวงอาทิตย์ที่แผดเผาหรือพายุทรายในทะเลทรายอันน่าสะพรึงกลัวก็สามารถหยุดฉันได้~
22861	House Kavo Barlög still has the best chance, doesn't it? After all, the current ruler is...	บ้าน Kavo Barlög ยังมีโอกาสดีที่สุดใช่ไหม? ท้ายที่สุดแล้ว ผู้ปกครองคนปัจจุบันก็คือ...
22862	Now that you're all right, let's hurry back. The airship has been waiting for you for ages!	เรียบร้อยแล้ว รีบกลับกันเถอะเรือเหาะรอคุณมานานแล้ว!
22863	A set of Clothes and a pair of Shoes are lying on the ground. They look kind of familiar...	ชุดเสื้อผ้าและ Shoes คู่หนึ่งนอนอยู่บนพื้น พวกเขาดูค่อนข้างคุ้นเคย...
22864	The Behemoth Altar has been activated, and a Behemoth is advancing toward the stronghold!!!	Behemoth Altar เปิดใช้งานแล้ว และ Behemoth กำลังรุกคืบไปยังฐานที่มั่น!!!
22865	“Check the safety rope three times, and keep your weapon within reach. Those are the rules.	“ตรวจสอบเชือกนิรภัยสามครั้ง และเก็บอาวุธไว้ใกล้มือ นั่นคือกฎ
22866	Bobo\nThere are more crates ahead. Let's see if any of the Professor's supplies are inside!	Bobo\n ยังมีลังอีกมากรออยู่ข้างหน้ามาดูกันว่ามีสิ่งของของ Professor อยู่ข้างในหรือไม่!
22867	Bobo\n(Shakes head) No, no, no! He has to be okay! We still need him to pay our commission!	Bobo\n(ส่ายหัว) ไม่ ไม่ ไม่! เขาจะต้องโอเค! เรายังต้องการให้เขาจ่ายค่าคอมมิชชันของเรา!
22868	Check the safety ropes three times, and keep your weapon within reach. Those are the rules.	ตรวจสอบเชือกนิรภัยสามครั้ง และเก็บอาวุธไว้ใกล้มือนั่นคือกฎ
22869	Bobo\nI've got a bad feeling whenever this lousy compass lights up. Hurry and check it, bo!	Bobo\n ฉันรู้สึกแย่ทุกครั้งที่เข็มทิศจอมห่วยนี้สว่างขึ้นรีบตรวจสอบเลยโบ!
22870	Bobo\nWhy did he stop next to the Culvert inlet? The thief couldn't be inside, could they?!	Bobo\n ทำไมเขาถึงหยุดข้างทางเข้า Culvert? โจรเข้าไปข้างในไม่ได้ใช่ไหม!
22871	^{1}Is it lonely at the top? No—the top has the best views and the strongest opponents.^{2}	^{1}ข้างบนเหงามั้ย? ไม่ จุดสูงสุดมีมุมมองที่ดีที่สุดและเป็นคู่ต่อสู้ที่แข็งแกร่งที่สุด^{2}
22872	You can reenter from the Guild Events screen after leaving. Are you sure you want to leave?	คุณสามารถกลับเข้ามาใหม่ได้จากหน้าจอกิจกรรม Guild หลังจากออกไปคุณแน่ใจหรือไม่ว่าต้องการออก?
22873	A small, common Basilac Clam that is easy to catch almost anywhere. Sometimes used as bait.	หอย Basilac ตัวเล็ก ๆ ทั่วไปที่จับได้ง่ายเกือบทุกที่ บางครั้งก็ใช้เป็นเหยื่อล่อ
22874	Obtained by dismantling Purple Cards. Can be used for the Level-up of red and Orange Cards.	ได้มาจากการแยก Purple Cards ออกสามารถใช้สำหรับการอัพเลเวลการ์ดสีแดงและสีส้ม
22875	A superb deep Red Healing Potion. Instantly restores @{1}+@{2}% HP. Cooldown: @{3} seconds.	ยารักษาสีแดงอันล้ำลึกที่ยอดเยี่ยม ฟื้นฟู@{1}+@{2}% HP ทันที คูลดาวน์:@{3}วินาที
22876	A staff made from the skull of a powerful Lich. An aura of Curse continually pours from it.	ไม้เท้าที่สร้างจากกระโหลกของลิชผู้ทรงพลัง ออร่าแห่งคำสาปหลั่งไหลออกมาอย่างต่อเนื่อง
22877	AGI Swordsman can deliver rapid Normal Attacks, dealing considerable damage with high ASPD.	Swordsman AGI สามารถโจมตีปกติได้อย่างรวดเร็ว สร้างความเสียหายได้มากด้วย ASPD สูง
22878	Use Movement to approach the target, then quickly Kill them with devastating critical hits.	ใช้การเคลื่อนไหวเพื่อเข้าหาเป้าหมาย จากนั้นสังหารพวกมันอย่างรวดเร็วด้วยการโจมตีแบบคริติคอลที่ทำลายล้าง
22879	You are currently in an instance. Leaving the party will also remove you from the instance.	ขณะนี้คุณอยู่ในอินสแตนซ์การออกจากปาร์ตี้จะลบคุณออกจากปาร์ตี้ด้วย
22880	<color=#CC762A>${1}</color>'s party <color=#CC762A>activated it with a First Clear!</color>	<color=#CC762A>${1}</color>'s party <color=#CC762A>activated it with a First Clear!</color>
22881	Stronghold War - Guild is not eligible to participate in the current state's Stronghold War	Stronghold War - Guild ไม่มีสิทธิ์เข้าร่วมในสงคราม Stronghold ของรัฐปัจจุบัน
22882	Poring blows a bubble, creating a ^{1}Bubble Shield^{2} for its master that lasts ${2} sec.	Poring เป่าฟองสบู่ สร้าง ^{1}Bubble Shield^{2}สำหรับต้นแบบที่มีอายุการใช้งาน${2}วินาที
22883	You've reached the stockpiling limit for the Premium Monthly Pass and cannot purchase more.	คุณมีจำนวนการสะสมสำหรับ Premium Monthly Pass ถึงขีดจำกัดแล้ว และไม่สามารถซื้อเพิ่มได้
22884	Now I have my own caravan and live comfortably, but the shadow of that day still haunts me.	ตอนนี้ฉันมีคาราวานเป็นของตัวเองและใช้ชีวิตอย่างสบาย ๆ แต่เงาของวันนั้นยังคงหลอกหลอนฉันอยู่
22885	The Professor really trusts you now. The latest request specifically names you for the job!	ตอนนี้อาจารย์เชื่อใจคุณแล้วคำขอล่าสุดระบุชื่อคุณสำหรับงานโดยเฉพาะ!
22886	Damage taken from monsters reduced by @{1}% and damage taken from players reduced by @{2}%.	ความเสียหายที่ได้รับจากมอนสเตอร์ลดลง@{1}% และความเสียหายที่ได้รับจากผู้เล่นลดลง@{2}%
22887	Damage taken from monsters reduced by @{1}%, and Physical and Magic DEF increased by @{2}%.	ความเสียหายที่ได้รับจากมอนสเตอร์ลดลง@{1}% และ DEF กายภาพและเวทมนตร์เพิ่มขึ้น@{2}%
22888	This quest embodies the tireless efforts of countless predecessors and grants unlimited EXP.	ภารกิจนี้รวบรวมความพยายามอย่างไม่รู้จักเหน็ดเหนื่อยของผู้บุกเบิกรุ่นก่อนจำนวนนับไม่ถ้วนและให้ EXP แบบไม่จำกัด
22889	Complete the Battle of Dragon Coffin Island once with ^{1}@{1} Member(s)^{2} from your guild	พิชิต Battle of Dragon Coffin Island หนึ่งครั้งด้วย ^{1}@{1}Member(s)^{2}จากกิลด์ของคุณ
22890	@{1}.Random events may occur during the match. Seize these opportunities to become stronger.	@{1}. เหตุการณ์สุ่มอาจเกิดขึ้นระหว่างการแข่งขัน คว้าโอกาสเหล่านี้เพื่อแข็งแกร่งขึ้น
22891	Delete search history?\nThis will permanently clear all search history and cannot be undone.	ลบประวัติการค้นหาหรือไม่\n การดำเนินการนี้จะล้างประวัติการค้นหาทั้งหมดอย่างถาวร และไม่สามารถยกเลิกได้
22892	Find powerful MVP Monsters in the Field and participate in an MVP Kill to earn Rare rewards!	ค้นหาสัตว์ประหลาด MVP ที่ทรงพลังในสนามและเข้าร่วมในการ Kill MVP เพื่อรับรางวัลหายาก!
22893	You have fewer supplies than the minimum listing quantity of ${1}. Unable to post the Trade.	คุณมีวัสดุสิ้นเปลืองน้อยกว่าปริมาณรายการขั้นต่ำของ${1}ไม่สามารถโพสต์การค้าได้
22894	Vehicle shield activated, granting a shield equal to ${1}% of the vehicle's HP for ${2} sec.	โล่ยานพาหนะเปิดใช้งาน โดยมอบโล่เท่ากับ ${1}% ของ HP ยานพาหนะเป็นเวลา ${2} วินาที
22895	When using an instant recovery item, there is a ${1}% Chance to increase its effect by ${2}%	เมื่อใช้ไอเท็มฟื้นฟูทันที มีโอกาส${1}% ที่จะเพิ่มเอฟเฟกต์เป็น${2}%
22896	When equipped with a dagger, increases Attack Speed by ^{1}${1}^{2} and AGI by ^{3}${2}^{4}.	เมื่อสวมใส่กริช ความเร็วในการโจมตีจะเพิ่มขึ้น ^{1}${1}^{2}และ AGI โดย ^{3}${2}^{4}
22897	For every @{1} enemy hit by 【Lord of Vermilion】, its damage increases by ${1}%, up to ${2}%.	สำหรับศัตรู@{1}ทุกตัวที่ถูกโจมตีโดย 【Lord of Vermilion】 ความเสียหายของมันจะเพิ่มขึ้น${1}% สูงสุดถึง${2}%
22898	A tiny kun hidden in the deep sea. Someday, it will slowly grow and soar into the heavens...	คุงตัวน้อยที่ซ่อนอยู่ในทะเลลึก สักวันหนึ่ง มันก็จะค่อยๆ เติบโตทะยานขึ้นสู่สวรรค์...
22899	After High-Rate AFK Mode is disabled, it will automatically reactivate at 5:00 the next day.	หลังจากปิดใช้งานโหมด AFK อัตราสูง โหมดจะเปิดใช้งานอีกครั้งโดยอัตโนมัติในเวลา 5:00 น. ของวันถัดไป
22900	"Compared to the White Potion sold in shops, ""Tasty Fish"" has the advantage of weighing less."	"เมื่อเทียบกับ White Potion ที่ขายในร้านค้า ""Tasty Fish"" มีข้อดีคือชั่งน้ำหนักน้อยกว่า"
22901	Once the Merge Guild process begins, the guilds will be merged at 5:00 the following morning	เมื่อกระบวนการรวม Guild เริ่มต้นขึ้น Guild จะถูกรวมในเวลา 5.00 น. ของเช้าวันรุ่งขึ้น
22902	Utility-slot pets activate Passive Skills\nOnly 1 core Passive Skill can be active at a time	สัตว์เลี้ยงสล็อตยูทิลิตี้เปิดใช้งานทักษะติดตัว\n สามารถเปิดใช้งานทักษะติดตัวหลักได้ครั้งละ 1 รายการเท่านั้น
22903	An S-Rank Pet is guaranteed within <color=#fdab5b><size=36>${1}</size></color> more searches	สัตว์เลี้ยงระดับ S รับประกันภายใน<color=#fdab5b><size=36>${1}</size></color>การค้นหาเพิ่มเติม
22904	You can also drag skills onto the Auto-Battle Wheel to equip them. (Tap anywhere to finish.)	คุณยังสามารถลากทักษะไปยัง Auto-Battle Wheel เพื่อสวมใส่ได้(แตะที่ใดก็ได้เพื่อเสร็จสิ้น)
22905	After your Job Advance, you can choose job talent skills. Come learn about them with me, bo~	หลังจากเลื่อนตำแหน่งงานแล้ว คุณสามารถเลือกทักษะความสามารถพิเศษในการทำงานได้ มาเรียนรู้เกี่ยวกับพวกเขากับฉันนะโบ~
22906	Good luck. Remember, if you encounter Eddga, approach it carefully. That beast is ferocious.	ขอให้โชคดีจำไว้ว่า หากคุณพบกับ Eddga ให้เข้าใกล้มันอย่างระมัดระวังสัตว์ร้ายตัวนั้นดุร้าย
22907	Here is the reward you earned in the Rift Crisis event. Please claim it from the attachment.	นี่คือรางวัลที่คุณได้รับจากกิจกรรม Rift Crisis กรุณาอ้างสิทธิ์จากเอกสารแนบ
22908	Well, I'll be... Those little rascals really came! Look how happily they're bouncing around!	เอาละ ฉันจะ... พวกอันธพาลตัวน้อยมาจริงๆ! ดูสิว่าพวกเขากระโดดไปมาอย่างมีความสุขขนาดไหน!
22909	Wh-What?! W-Where did you say? The Black Forest?! Baphomet?! No, no, no! This is a disaster!	อะไรนะ! ว-คุณพูดที่ไหน? ป่าดำ?!Baphomet?! ไม่ ไม่ ไม่! นี่คือหายนะ!
22910	Something unusual? Now that you ask... Yes, there was! I think I had... a fateful encounter!	มีอะไรผิดปกติหรือเปล่า? ที่ถามว่า... มีสิ! ฉันคิดว่าฉัน... เจอชะตากรรมแน่!
22911	Hey, my friend! You're back! Judging by the look on your face, do you have good news for me?	เฮ้เพื่อน! คุณกลับมาแล้ว! ดูจากสีหน้าของคุณ คุณมีข่าวดีสำหรับฉันไหม?
22912	I understand! You must be trying to protect someone, right? Just like in the knightly tales~	เข้าใจแล้ว! คุณต้องพยายามปกป้องใครสักคนใช่ไหม? เหมือนในนิทานอัศวินเลย~
22913	They say you can make lots of friends in a guild. Could such a wonderful place really exist?	ว่ากันว่าคุณสามารถสร้างเพื่อนได้มากมายในกิลด์สถานที่มหัศจรรย์เช่นนี้จะมีอยู่จริงหรือ?
22914	This fruit comes straight from our orchard. If it isn't delicious, it's free! Come try some!	ผลไม้ชนิดนี้ส่งตรงจากสวนของเราถ้าไม่อร่อย ฟรี! มาลองบ้าง!
22915	Swordsmen don't need any other skills—just one punch! Bash! Bash! Bash! That's all it takes!	นักดาบไม่ต้องการทักษะอื่นใด เพียงแค่หมัดเดียว! Bash! Bash! Bash! เพียงเท่านี้!
22916	Welcome! You've come to the Stile family shop, renowned for making the 【Stop Sign Headgear】.	ยินดีต้อนรับ! คุณมาที่ร้าน Stile family ซึ่งมีชื่อเสียงในด้านการทำ 【Stop Sign Headgear】
22917	Hoho! It's been ages since the Knights joined an event like this. What a lively celebration!	Hoho! เป็นเวลานานแล้วที่เหล่าอัศวินเข้าร่วมกิจกรรมเช่นนี้ช่างเป็นการเฉลิมฉลองที่มีชีวิตชีวาจริงๆ!
22918	Hey, we could use a strong, reliable partner like You. So, are you interested in Joining us?	สวัสดี เราสามารถใช้พันธมิตรที่แข็งแกร่งและเชื่อถือได้เช่นคุณคุณสนใจที่จะเข้าร่วมกับเราหรือไม่?
22919	Heh-heh, dummy! After seeing how you handled that crisis, I fully acknowledge your strength.	หึหึ ไอ้โง่! หลังจากที่ได้เห็นว่าคุณรับมือกับวิกฤตินั้นอย่างไร ฉันยอมรับในความแข็งแกร่งของคุณอย่างเต็มที่
22920	"(Sticks out his tongue, about to lick the ""Treasure"" in the cardboard box) Woof, woof, woof!"	"(แลบลิ้นออกมากำลังจะเลีย ""สมบัติ"" ในกล่องกระดาษแข็ง) โฮ่ง โฮ่ง โฮ่ง!"
22921	Hahaha! Yes, exactly. Since you're okay, I'll be going. I still have a mission to carry out.	ฮ่าๆ! ใช่แล้วในเมื่อคุณโอเค ฉันจะไปฉันยังมีภารกิจที่ต้องทำ
22922	The fun and good fortune keep coming! It's time for the prize drawing!\nSecond Prize Drawing	ความสนุกและโชคลาภมีมาเรื่อยๆ! ถึงเวลาจับรางวัลแล้ว!\n การจับรางวัลที่สอง
22923	@{1} of our ^{1}Elite Treasure Carts^{2} are under attack!^{3}^{4}^{5}Rescue Now^{6}^{7}^{8}	@{1}แห่ง ^{1}Elite Treasure Carts^{2}ถูกโจมตี!^{3}^{4}^{5}ช่วยเหลือเดี๋ยวนี้^{6}^{7}^{8}
22924	The central defenses are under heavy attack! If they fall, Prontera will quickly be overrun!	แนวรับส่วนกลางถูกโจมตีอย่างหนัก! หากพวกเขาล้มลง พรอนเทราจะถูกบุกรุกอย่างรวดเร็ว!
22925	Terrible news... Prontera's central defenses have been breached, and the capital has fallen!	ข่าวร้าย... การป้องกันส่วนกลางของ Prontera ถูกทำลาย และเมืองหลวงก็ล่มสลาย!
22926	A card album used to store cards. It's so old that it's hard to tell which cards are inside.	อัลบั้มการ์ดที่ใช้เก็บการ์ด มันเก่ามากจนยากที่จะบอกได้ว่ามีไพ่ใบไหนอยู่ข้างใน
22927	Open to obtain Card: Golden Thief Bug, a large amount of Zeny, and some Blue Card Fragments.	Open เพื่อรับการ์ด: Golden Thief Bug, Zeny จำนวนมาก และชิ้นส่วน Blue Card บางส่วน
22928	A transparent jellyfish with a moon-shaped marking on its head. It is said to glow at night.	แมงกะพรุนใสที่มีเครื่องหมายรูปพระจันทร์บนหัว ว่ากันว่าจะเรืองแสงในเวลากลางคืน
22929	An amphibian with incredible jumping ability. Its slippery body makes it difficult to catch.	สัตว์ครึ่งบกครึ่งน้ำที่มีความสามารถในการกระโดดอันน่าทึ่งตัวมันลื่นทำให้จับได้ยาก
22930	A crustacean with five pairs of legs. It turns pink when cooked and is absolutely delicious.	สัตว์จำพวกครัสเตเชียนที่มีขาห้าคู่ เมื่อสุกแล้วจะกลายเป็นสีชมพูและอร่อยมาก
22931	A roll of woolen cloth that provides good insulation, commonly used to Craft Fine equipment.	ม้วนผ้าขนสัตว์ที่ให้ฉนวนที่ดี มักใช้กับอุปกรณ์ Craft Fine
22932	Pure wood taken from the heart of solid timber, offering exceptional resilience and support.	ไม้บริสุทธิ์ที่นำมาจากใจกลางไม้เนื้อแข็ง ให้ความยืดหยุ่นและการรองรับที่ยอดเยี่ยม
22933	Distance until S1 Season officially begins: <color=#ede79d><size=72>${1}</size></color> days	ระยะทางจนถึง S1 ฤดูกาลเริ่มต้นอย่างเป็นทางการ:<color=#ede79d><size=72>${1}</size></color>วัน
22934	Made of sturdy fabric, this cloak covers the neck, shoulders, and back for added protection.	ทำจากผ้าที่ทนทาน เสื้อคลุมนี้คลุมคอ ไหล่ และหลังเพื่อเพิ่มการปกป้อง
22935	Once Peak Challenge begins, attempts for other five-player dungeons will no longer increase.	เมื่อ Peak Challenge เริ่มต้นขึ้น ความพยายามในดันเจี้ยนที่มีผู้เล่นห้าคนจะไม่เพิ่มขึ้นอีกต่อไป
22936	After gathering any type of resource @{1} times, gain @{2} Extra corresponding main products	หลังจากรวบรวมทรัพยากรประเภทใดก็ได้@{1}แล้ว รับผลิตภัณฑ์หลักที่เกี่ยวข้องเพิ่มเติม@{2}
22937	You or a party member must obtain ${1}-quality equipment ${2} times in Kafra Survival Battle	คุณหรือสมาชิกปาร์ตี้จะต้องได้รับอุปกรณ์คุณภาพ${1}จำนวน${2}ใน Kafra Survival Battle
22938	Auto-Bid has already been initiated. Another Pre-purchase at the same price is Not Required.	การประมูลอัตโนมัติได้เริ่มต้นแล้วไม่จำเป็นต้องซื้อล่วงหน้าอีกครั้งในราคาเดียวกัน
22939	Master the Spear. When equipped with a Spear weapon, increases Physical ATK by ^{1}${1}^{2}.	เชี่ยวชาญ Spear เมื่อสวมใส่อาวุธ Spear เพิ่ม ATK กายภาพขึ้น ^{1}${1}^{2}
22940	Reduces damage taken from Undead property monsters and Demon Race monsters by ^{1}${1}%^{2}.	ลดความเสียหายที่ได้รับจากมอนสเตอร์ประเภท Undead และมอนสเตอร์เผ่า Demon โดย ^{1}${1}%^{2}
22941	Grants Endure, making you immune to crowd control, knock-up, and knockback for ${1} seconds.	ให้ Endure ทำให้คุณต้านทานต่อการควบคุมฝูงชน การน็อคอัพ และการกระเด็นกลับเป็นเวลา${1}วินาที
22942	Damage dealt to enemies afflicted with ^{1}status effects^{2} is increased by ^{3}${1}%^{4}.	ความเสียหายที่กระทำต่อศัตรูที่ได้รับผลกระทบจาก ^ เอฟเฟกต์สถานะ{1}^{2}เพิ่มขึ้น ^{3}${1}%^{4}
22943	You've reached the stockpiling limit for the Standard Monthly Pass and cannot purchase more.	คุณสะสมถึงขีดจำกัดสำหรับ Standard Monthly Pass แล้วและไม่สามารถซื้อเพิ่มได้
22944	Take part in the <color=#ff993f>Dummy Challenge</color> and push your limit to earn rewards.	Take part in the <color=#ff993f>Dummy Challenge</color> and push your limit to earn rewards.
22945	Extends bandages from its body and lashes downward, creating @{1} rectangular AOEs around it	ขยายผ้าพันแผลออกจากลำตัวและขนตาลงด้านล่าง สร้าง@{1}AOE ทรงสี่เหลี่ยมรอบๆ
22946	Summons many Mummies around the arena. Players can group up and defeat them with AOE attacks	เรียกมัมมี่จำนวนมากมารอบๆ สนามประลองผู้เล่นสามารถจัดกลุ่มและเอาชนะพวกเขาด้วยการโจมตีแบบ AOE
22947	Casts several large AOEs at random locations in the arena, leaving a Horong at each location	ร่าย AOE ขนาดใหญ่หลายตัวไปยังสถานที่สุ่มในสนามประลอง โดยทิ้ง Horong ไว้ในแต่ละสถานที่
22948	Non-Conquerors receive <color=#fdab5b>Veteran Rewards</color> based on their guild's ranking.	Non-Conquerors receive <color=#fdab5b>Veteran Rewards</color> based on their guild's ranking.
22949	The attackers on the road were the Guild Members' family members. Hear what they have to say.	ผู้โจมตีบนท้องถนนคือสมาชิกในครอบครัวของสมาชิก Guild ฟังสิ่งที่พวกเขาจะพูด
22950	【Challenge】 Clear any Phantom Realm with at least @{1} other Members of your Adventure Party.	【Challenge】 เคลียร์ Phantom Realm ใด ๆ ด้วยสมาชิกคนอื่น ๆ ในปาร์ตี้ผจญภัยของคุณอย่างน้อย@{1}
22951	Talent Upgrade increases the character's relevant stats and allows you to select Job Talents.	Talent Upgrade จะเพิ่มสถิติที่เกี่ยวข้องของตัวละคร และให้คุณเลือก Job Talent ได้
22952	Another guild building is currently undergoing Level-up. Please try again once it is complete	อาคารกิลด์อื่นกำลังอยู่ระหว่างการอัปเลเวลโปรดลองอีกครั้งเมื่อเสร็จสิ้น
22953	At Season Settlement, if you remain ranked ${1}-${2}, you will receive the following rewards.	ที่ Season Settlement หากคุณยังคงอยู่ในอันดับ${1}-${2}คุณจะได้รับรางวัลดังต่อไปนี้
22954	When a minor monster (fleeing monster) with subtype @{1} dies, create a Transformation Manual	เมื่อมอนสเตอร์รอง (มอนสเตอร์ที่หลบหนี) ที่มีประเภทย่อย@{1}ตาย ให้สร้างคู่มือการแปลงร่าง
22955	Only one card that changes armor elemental properties can be socketed. Already socketed: ${1}	สามารถเสียบการ์ดที่เปลี่ยนคุณสมบัติธาตุเกราะได้เพียงใบเดียวเสียบแล้ว:${1}
22956	Special buff. When dealing Weapon Damage, there is a Chance to increase Weapon Damage by 50%.	บัฟพิเศษเมื่อสร้างความเสียหายจากอาวุธ มีโอกาสเพิ่มความเสียหายของอาวุธ 50%
22957	In the early days of the original RO, players relied primarily on Strawberries to restore SP.	ในยุคแรกๆ ของ RO ดั้งเดิม ผู้เล่นอาศัย Strawberries เป็นหลักในการฟื้นฟู SP
22958	The Guild Store determines the level of Benefits that can be purchased for all Guild Members.	ร้านค้า Guild จะกำหนดระดับของสิทธิประโยชน์ที่สามารถซื้อได้สำหรับสมาชิก Guild ทุกคน
22959	Rally Guild Members to defeat giant monsters, participate in auctions, and receive Dividends.	สมาชิก Guild แรลลี่เพื่อกำจัดสัตว์ประหลาดยักษ์ เข้าร่วมการประมูล และรับเงินปันผล
22960	The higher your Hatchery's level, the better your chance of hatching a high-quality baby pet~	ยิ่งระดับโรงฟักไข่ของคุณสูงเท่าไร คุณก็จะมีโอกาสฟักไข่สัตว์เลี้ยงคุณภาพสูงได้ดีขึ้นเท่านั้น~
22961	The Trade Exchange is unlocked! It's a treasure trove that's sure to have something you want.	การแลกเปลี่ยนการค้าถูกปลดล็อคแล้ว! มันเป็นขุมสมบัติที่แน่นอนว่ามีสิ่งที่คุณต้องการ
22962	Wh-Whoa... M-M-Master! Doesn't that mean we're standing on the lid of one giant cooking pot?!	อ้าว... ม-ม-มาสเตอร์! นั่นไม่ได้หมายความว่าเรากำลังยืนอยู่บนฝาหม้อต้มขนาดยักษ์ใบหนึ่งใช่ไหม!
22963	Congratulations! You finished ${1} in this event. Here are your rewards. Please collect them!	ยินดีด้วย! คุณเสร็จสิ้น${1}ในเหตุการณ์นี้นี่คือรางวัลของคุณกรุณารวบรวมพวกเขา!
22964	You're on! My research will never lose to some bird! PlayerName, let's head to the racetrack.	คุณอยู่! งานวิจัยของฉันจะไม่แพ้นกสักตัว! ชื่อผู้เล่น มุ่งหน้าสู่สนามแข่งกันเถอะ
22965	So it's a pet cat. Professor, what were you thinking? Why didn't you transport it by airship?	เป็นสัตว์เลี้ยงแมวครับ Professor คุณคิดอะไรอยู่? ทำไมไม่ขนส่งทางเรือเหาะล่ะ?
22966	Oh, Crystal donations require the support of a guild... Go find some like-minded adventurers!	โอ้ การบริจาคคริสตัลต้องได้รับการสนับสนุนจากกิลด์... ไปหานักผจญภัยที่มีใจเดียวกันสิ!
22967	Every day feels so rewarding... Joining the Chivalry was definitely the right choice! Hahaha!	ทุกๆ วันให้ความรู้สึกที่คุ้มค่ามาก... การเข้าร่วม Chivalry ถือเป็นตัวเลือกที่ถูกต้องอย่างแน่นอน! ฮ่าๆๆ!
22968	Hm? You mean the cave in the mountain behind us? What's happening there has everyone worried.	หืม? คุณหมายถึงถ้ำบนภูเขาข้างหลังเราเหรอ? สิ่งที่เกิดขึ้นที่นั่นทำให้ทุกคนกังวล
22969	Check the securing ropes three times, and keep your weapon within reach. Those are the rules.	ตรวจสอบเชือกยึดสามครั้ง และเก็บอาวุธไว้ใกล้มือนั่นคือกฎ
22970	Finally! I thought that fat bird was going to carry me off as a snack. Thank You, Adventurer.	ในที่สุด! ฉันคิดว่านกอ้วนจะอุ้มฉันไปเป็นของว่างขอบคุณ Adventurer
22971	Well... it simply materialized out of nowhere, almost as if a divine miracle had descended...	ก็... มันเกิดขึ้นอย่างไม่มีที่ไหนเลย เกือบจะเหมือนกับว่าปาฏิหาริย์อันศักดิ์สิทธิ์ได้ลงมา...
22972	Wule\n^{1}PlayerName^{2}, quick! The red circle marks Eddga's attack range. Get out of there!	Wule\n^{1}PlayerName^{2}ด่วน! วงกลมสีแดงแสดงถึงระยะการโจมตีของ Eddga ออกไปจากที่นั่น!
22973	Bobo\n(Shakes head) I feel awful as soon as I get near this place... Is the Relic causing it?	Bobo\n(ส่ายหัว) ฉันรู้สึกแย่ทันทีที่เข้าใกล้ที่นี่... วัตถุโบราณเป็นสาเหตุหรือเปล่า?
22974	Bobo\nYou rotten thieves! You're the ones who stole the Professor's instruments, aren't you?!	Bobo\n ไอ้หัวขโมยเน่า! คุณคือคนที่ขโมยเครื่องมือของ Professor ใช่ไหม!
22975	Only affects the story experience. <color=#ff993f>Does not affect progression rewards</color>	Only affects the story experience. <color=#ff993f>Does not affect progression rewards</color>
22976	Obtain Green and Blue Headgear Materials, plus one random Purple or Orange Headgear Material.	ได้รับวัสดุหมวกสีเขียวและสีน้ำเงิน พร้อมด้วยวัสดุหมวกสีม่วงหรือสีส้มแบบสุ่มหนึ่งชิ้น
22977	A top-quality fish used in many dishes. Its high price makes it difficult to enjoy regularly.	ปลาคุณภาพชั้นยอดที่ใช้ประกอบอาหารได้หลากหลาย ราคาที่สูงทำให้ยากต่อการเพลิดเพลินเป็นประจำ
22978	A wooden rune imbued with spiritual power that can add Extra magical properties to equipment.	รูนไม้ที่อัดแน่นไปด้วยพลังวิญญาณที่สามารถเพิ่มคุณสมบัติเวทย์มนตร์พิเศษให้กับอุปกรณ์ได้
22979	Mysterious powder infused with magical energy. An essential material for Enchant and alchemy.	แป้งลึกลับผสมพลังเวทย์มนตร์วัตถุดิบที่จำเป็นสำหรับการเสริมเสน่ห์และการเล่นแร่แปรธาตุ
22980	A Tiger's Footskin said to be very beneficial to one's health. Can be exchanged for Headwear.	Tiger's Footskin ว่ากันว่ามีประโยชน์ต่อสุขภาพอย่างมาก สามารถเปลี่ยนเป็น Headwear ได้
22981	Distance until S1 Season officially begins: <color=#ede79d><size=72>${1}</size></color> hours	ระยะทางจนถึงฤดูกาล S1 เริ่มต้นอย่างเป็นทางการ:<color=#ede79d><size=72>${1}</size></color>ชั่วโมง
22982	A Fly Wing imbued with spatial Magic. Use it to Move to a random location on the current map.	ปีกบินที่เต็มไปด้วยเวทย์มนตร์อวกาศ ใช้มันเพื่อย้ายไปยังตำแหน่งสุ่มบนแผนที่ปัจจุบัน
22983	A superb bright Red Healing Potion. Instantly restores @{1}+@{2}% HP. Cooldown: @{3} seconds.	ยารักษาสีแดงที่สดใสที่ยอดเยี่ยม ฟื้นฟู@{1}+@{2}% HP ทันที คูลดาวน์:@{3}วินาที
22984	Current Equipment has a high-quality Enchant. Enchanting may replace it and result in a loss.	อุปกรณ์ปัจจุบันมี Enchant คุณภาพสูงเสน่ห์อาจเข้ามาแทนที่และส่งผลให้เกิดการสูญเสีย
22985	Chase the bright moon and behold Dunhuang.\nExclusive Duo Action for the Nine-Tone Mantra set	ไล่ล่าพระจันทร์อันสดใสแล้วดูตุนหวง\nExclusive Duo Action สำหรับชุด Nine-Tone Mantra
22986	Axe Tornado Listener - Remove Movement Speed Boost and Crowd Control Immunity When Skill Ends	Axe Tornado Listener - Remove การ Movement Speed Boost และภูมิคุ้มกันการ Control ฝูงชนเมื่อทักษะสิ้นสุดลง
22987	Unleashes the weapon's full potential, increasing Physical DMG by ^{1}${2}%^{2} for ${1} sec.	ปลดปล่อยศักยภาพสูงสุดของอาวุธ เพิ่มความเสียหายทางกายภาพขึ้น ^{1}${2}%^{2}เป็นเวลา${1}วินาที
22988	Camouflages the Supply Cart for ${1} sec. Taking damage while camouflaged will not reveal it.	พรางรถเข็นซัพพลายเป็น${1}วินาทีการได้รับความเสียหายขณะพรางตัวจะไม่เปิดเผยมัน
22989	Increases the direct Healing of ^{1}Recovery-type^{2} Primary Battle Skills by ^{3}${1}%^{4}.	เพิ่มการรักษาโดยตรงของ ^{1}Recovery-type^{2}Primary Battle Skills โดย ^{3}${1}%^{4}
22990	On HIT, deals an Extra instance of ranged Holy magic damage equal to Magic ATK *^{1}${1}%^{2}	เมื่อโจมตี จะสร้างความเสียหายเวทย์ศักดิ์สิทธิ์ระยะไกลพิเศษเท่ากับพลังโจมตีเวทย์ *^{1}${1}%^{2}
22991	The Party Leader is in a special Location and cannot invite or accept players into the party.	Party Leader อยู่ในสถานที่พิเศษ และไม่สามารถเชิญหรือรับผู้เล่นเข้าร่วมปาร์ตี้ได้
22992	Quicksand will appear in ${1} seconds! Hide behind a stone pillar so you don't get pulled in!	ทรายดูดจะปรากฏใน${1}วินาที! ซ่อนตัวอยู่หลังเสาหิน จะได้ไม่โดนดึงเข้าไป!
22993	Quicksand will strike in ${1} seconds! Hide behind a stone pillar so you don't get pulled in!	ทรายดูดจะโจมตีใน${1}วินาที! ซ่อนตัวอยู่หลังเสาหิน จะได้ไม่โดนดึงเข้าไป!
22994	After casting 【Envenomed Blade】 ${1} times, triggers 【Venom】 damage ${2} times on the target.	หลังจากร่าย 【Envenomed Blade】${1}ครั้ง จะทำให้เกิดความเสียหายจาก 【Venom】${2}ครั้งบนเป้าหมาย
22995	Immune to Slow. Increases ST Normal Attack damage by @{1}% and Spiral Pierce damage by @{2}%.	ภูมิคุ้มกันต่อการชะลอตัวเพิ่มความเสียหายจาก Normal Attack ST ขึ้น@{1}% และความเสียหาย Spiral Pierce ขึ้น@{2}%
22996	Physical ATK increased by @{1}%, and 【Aimed Shot】 skill damage multiplier increased by @{2}%.	พลังโจมตีทางกายภาพเพิ่มขึ้น@{1}% และตัวคูณความเสียหายของทักษะ 【Aimed Shot】 เพิ่มขึ้นโดย@{2}%
22997	The Professor's supplies were seized at Prontera's North Gate. Go there and recover the cargo.	สิ่งของของ Professor ถูกยึดที่ Gate ทิศเหนือของพรอนเทราไปที่นั่นและกู้คืนสินค้า
22998	Restore the saved attributes? This will overwrite the equipment's current smelting attributes.	กู้คืนแอตทริบิวต์ที่บันทึกไว้หรือไม่สิ่งนี้จะเขียนทับคุณลักษณะการถลุงปัจจุบันของอุปกรณ์
22999	If your bid is knocked off the rankings, Our Guild will place an Auto bid within ${1} seconds.	หากการประมูลของคุณล้มลงจากอันดับ Guild ของเราจะเสนอราคาอัตโนมัติภายใน${1}วินาที
23000	The Impeachment is failed if the Initiator leaves the Guild voluntarily during the impeachment	การฟ้องร้องจะล้มเหลวหากผู้ริเริ่มออกจาก Guild โดยสมัครใจในระหว่างการฟ้องร้อง
