Index	English	Thai_Translation
24001	Whoa, whoa, whoa! You're a strange Woman! Giving us a gift the first time we meet? This isn't some kind of trick, is it?	Whoa, whoa, whoa! You're a strange Woman! Giving us a gift the first time we meet? This isn't some kind of trick, is it?
24002	If the stage difficulty is too high, you can abandon the stage, return to the event screen, and select a new difficulty.	If the stage difficulty is too high, you can abandon the stage, return to the event screen, and select a new difficulty.
24003	${1} used the Dragon Sanctuary, causing numerous Red Envelopes to appear in ${2}. Adventurers are invited to claim them.	${1} used the Dragon Sanctuary, causing numerous Red Envelopes to appear in ${2}. Adventurers are invited to claim them.
24004	The Goddess's invasion has ended. ${1} successfully repelled the invasion; unfortunately, ${2} fell during the invasion.	The Goddess's invasion has ended. ${1} successfully repelled the invasion; unfortunately, ${2} fell during the invasion.
24005	South Gate defenders, take heed! The enemy is advancing into the city, and the Inn area may become the next battlefield!	South Gate defenders, take heed! The enemy is advancing into the city, and the Inn area may become the next battlefield!
24006	Core material extracted from an Ironwood block. Hard and resistant to breaking, it is ideal for crafting fine equipment.	วัสดุแกนสกัดจากบล็อกไม้ Ironwood แข็งและทนทานต่อการแตกหัก เหมาะสำหรับการสร้างอุปกรณ์ชั้นดี
24007	A sharp blade forged from Meteor Metal. Its potential to pierce anything makes it a vital component of advanced weapons.	ใบมีดคมที่หลอมจากโลหะดาวตก ศักยภาพในการเจาะทะลุทุกสิ่งทำให้มันเป็นองค์ประกอบสำคัญของอาวุธขั้นสูง
24008	A large one-handed Spear combining a lance and a scythe, making it a versatile weapon capable of many different attacks.	Spear มือเดียวขนาดใหญ่ที่ผสมผสาน Spear และเคียว ทำให้เป็นอาวุธอเนกประสงค์ที่สามารถโจมตีได้หลากหลาย
24009	Reduces the ^{3}MP cost^{4} of skills cast by the user by ^{1}${1}%^{2} and increases ^{7}Magic ATK^{8} by ^{5}${2}^{6}.	ลด ^{3}MP cost^{4}ของทักษะที่ผู้ใช้ร่ายโดย ^{1}${1}%^{2}และเพิ่ม ^{7}Magic ATK^{8}โดย ^{5}${2}^{6}.
24010	Summon a dark magic circle that inflicts ${2}% Slow, Silence, and Disarm on enemies within ${1} meters for ${3} seconds.	เรียกวงกลมเวทย์มนตร์มืดที่สร้างความเสียหายให้${2}% Slow ลง เงียบ และปลดอาวุธใส่ศัตรูที่อยู่ในระยะ${1}เมตร เป็นเวลา${3}วินาที
24011	Death Witch deals Physical ATK*^{1}{2}%^{2} Neutral melee Physical damage to the designated ST enemy within ${1} meters.	Death Witch สร้างความเสียหายทางกายภาพ*^{1}{2}%^{2}สร้างความเสียหายทางกายภาพระยะประชิดเป็นกลางแก่ศัตรู ST ที่กำหนดภายในระยะ${1}เมตร
24012	Medusa deals Neutral ranged Physical damage equal to Physical ATK * ^{1}${2}%^{2} to a single target within ${1} meters.	Medusa สร้างความเสียหายทางกายภาพในระยะเป็นกลางเท่ากับ ATK ทางกายภาพ * ^{1}${2}%^{2}ไปยังเป้าหมายเดียวภายในระยะ${1}เมตร
24013	I heard a young mage gave her a glowing quill last year. She casually traded it to a merchant with a Stall for a quiver.	I heard a young mage gave her a glowing quill last year. She casually traded it to a merchant with a Stall for a quiver.
24014	For ${1} seconds after using 【Grimtooth】, 【Basic Attack】, 【Sonic Blow】, and 【Envenomed Blade】 damage increases by ${2}%.	สำหรับ${1}วินาทีหลังจากใช้ 【Grimtooth】, 【Basic Attack】, 【Sonic Blow】 และ 【Envenomed Blade】 ความเสียหายจะเพิ่มขึ้น${2}%
24015	This member has a caravan in transit. Removing them from the guild will destroy it. Are you sure you want to remove them?	This member has a caravan in transit. Removing them from the guild will destroy it. Are you sure you want to remove them?
24016	Search the locations indicated by the mysterious figure to find scattered note Clues and solve the corresponding puzzles.	Search the locations indicated by the mysterious figure to find scattered note Clues and solve the corresponding puzzles.
24017	Once cargo is placed successfully, a new placement point will appear Above it, allowing Other cargo to be stacked on top.	Once cargo is placed successfully, a new placement point will appear Above it, allowing Other cargo to be stacked on top.
24018	Strawberry juice boiled into amber hard candy and broken into shards. Increases Physical ATK by @{1}~@{2} for @{3} hours.	น้ำ Strawberry ต้มเป็นลูกกวาดสีเหลืองอำพันและแตกเป็นชิ้นเพิ่ม ATK ทางกายภาพขึ้น@{1}~@{2}เป็นเวลา@{3}ชั่วโมง
24019	Accept the Daily Requests Posted by Dazed and complete them to earn abundant rewards and try your LUK at the prize wheel!	Accept the Daily Requests Posted by Dazed and complete them to earn abundant rewards and try your LUK at the prize wheel!
24020	After joining this region's auction, you cannot join auctions in other regions during the qualification period. Continue?	After joining this region's auction, you cannot join auctions in other regions during the qualification period. Continue?
24021	You have not joined a guild. You can only receive personal rewards for this submission, not guild rewards. Submit anyway?	You have not joined a guild. You can only receive personal rewards for this submission, not guild rewards. Submit anyway?
24022	TIPS: Only the top 100 teams are shown. All participating teams receive rewards, and higher rankings grant better rewards	TIPS: Only the top 100 teams are shown. All participating teams receive rewards, and higher rankings grant better rewards
24023	Cannot use skill or move, and Physical and Magic DEF are reduced by ${1}. Removed when hit, then inflicts ^{1}Freeze^{2}.	ไม่สามารถใช้ทักษะหรือการเคลื่อนไหวได้ และ DEF กายภาพและเวทมนตร์จะลดลง${1}ลบออกเมื่อถูกโจมตี จากนั้นทำให้เกิด ^{1}Freeze^{2}
24024	^{1}^{2}[Basic Attack]^{3}^{4}'s percentage damage multiplier increases by ${1}%, and its fixed damage increases by ${2}.	^{1}^{2}[Basic Attack]^{3}^ ตัวคูณเปอร์เซ็นต์ความเสียหายของ{4}เพิ่มขึ้น${1}% และความเสียหายคงที่ของมันเพิ่มขึ้น${2}
24025	Once you've set your active pet, click here to enter the tower and take on the challenge. I can't wait to see how you do!	Once you've set your active pet, click here to enter the tower and take on the challenge. I can't wait to see how you do!
24026	Guild Member${1} did not receive responses from enough Guild Members before the response period ended. Failed Impeachment	Guild Member${1} did not receive responses from enough Guild Members before the response period ended. Failed Impeachment
24027	Congratulations! You placed ${1} on the Combat Power Ranking—Swordsmen. Here are your Ranking Rewards. Please claim them!	Congratulations! You placed ${1} on the Combat Power Ranking—Swordsmen. Here are your Ranking Rewards. Please claim them!
24028	(Shouting) Everyone heard that, right? Step up patrols for the time being. Don't give this guy a chance to cause trouble!	(Shouting) Everyone heard that, right? Step up patrols for the time being. Don't give this guy a chance to cause trouble!
24029	The price of Payon cloth went up this season. Prontera probably hasn't caught up yet, so I should get a good price there.	The price of Payon cloth went up this season. Prontera probably hasn't caught up yet, so I should get a good price there.
24030	Hello, we meet again. You seem much more composed than before. It appears you've successfully completed your Job Advance.	Hello, we meet again. You seem much more composed than before. It appears you've successfully completed your Job Advance.
24031	I'll prepare for the final Quest. You two head to Southern Payon and gather the Other Materials. We don't have much time.	I'll prepare for the final Quest. You two head to Southern Payon and gather the Other Materials. We don't have much time.
24032	He hasn't learned a thing! If Boya's sword had veered off course just now, I'd like to see if he could still act so smug!	He hasn't learned a thing! If Boya's sword had veered off course just now, I'd like to see if he could still act so smug!
24033	You're back? I heard you pulled the Professor right out of Maya's jaws. Not bad—you've certainly got some serious skills.	You're back? I heard you pulled the Professor right out of Maya's jaws. Not bad—you've certainly got some serious skills.
24034	This bow tie... Why does it smell so bad? Don't tell me some Vagrant stole the device. This is going to be a lot of work.	This bow tie... Why does it smell so bad? Don't tell me some Vagrant stole the device. This is going to be a lot of work.
24035	Oh my gosh! What the heck is this now?! A cardboard box full of sand? What are those little logs inside? Ugh, they stink!	Oh my gosh! What the heck is this now?! A cardboard box full of sand? What are those little logs inside? Ugh, they stink!
24036	This is our last line of defense! All defenders, hold the center at all costs! The fate of Prontera will be decided here!	This is our last line of defense! All defenders, hold the center at all costs! The fate of Prontera will be decided here!
24037	Contains valuable progression resources for the next Season. Can be opened and used next Season. Be sure to keep it safe.	Contains valuable progression resources for the next Season. สามารถเปิดและใช้งานได้ในฤดูกาลหน้าอย่าลืมเก็บไว้อย่างปลอดภัย
24038	A Madogear Pilot made of adamantine, a material ten times heavier than steel. It represents the pinnacle of Physical DEF.	นักบินมาโดเกียร์ทำจากอดาแมนไทน์ ซึ่งเป็นวัสดุที่หนักกว่าเหล็กถึงสิบเท่า มันแสดงถึงจุดสุดยอดของ DEF ทางกายภาพ
24039	Event Period: Two-week cycle, Tuesday and Thursday of the first week and Thursday of the second week, @{1}:@{2}~@{3}:@{4}	Event Period: Two-week cycle, Tuesday and Thursday of the first week and Thursday of the second week, @{1}:@{2}~@{3}:@{4}
24040	The number of added members cannot exceed the number of mergeable members of the inviting party, please adjust the number	The number of added members cannot exceed the number of mergeable members of the inviting party, please adjust the number
24041	A party Member is already in the Hidden Treasure Dungeon. They must Exit the Dungeon before you can Initiate the request.	A party Member is already in the Hidden Treasure Dungeon. They must Exit the Dungeon before you can Initiate the request.
24042	Gigantic Enchant: Adds the\n^{1}Gigantic^{2} prefix to equipment and increases the attack range of the XX skill by @{1}%.	Gigantic Enchant: Adds the\n^{1}Gigantic^{2} prefix to equipment and increases the attack range of the XX skill by @{1}%.
24043	Targets a fallen ally within ${1}m. After successfully casting, Revives the ally and restores @{1}% of their Life and MP.	กำหนดเป้าหมายพันธมิตรที่ล้มลงในระยะ${1}m หลังจากร่ายสำเร็จ ชุบ Life พันธมิตรและฟื้นฟู@{1}% พลัง Life และ MP ของพวกเขา
24044	With the support of His Majesty Tristan, the Monster Research Society was founded to resolve problems caused by monsters.	With the support of His Majesty Tristan, the Monster Research Society was founded to resolve problems caused by monsters.
24045	You can spend ID Tags here to Revive defeated party members.\nSpend all ID Tags in your Backpack to Revive party members?	You can spend ID Tags here to Revive defeated party members.\nSpend all ID Tags in your Backpack to Revive party members?
24046	Those people from the Holy See are such a pain. They insist this thing is Odin's Relic and won't let me anywhere near it.	Those people from the Holy See are such a pain. They insist this thing is Odin's Relic and won't let me anywhere near it.
24047	Join the party activities, Transform, and enter the raffle\n^{1}The larger your transformed Size, the better the prize^{2}	Join the party activities, Transform, and enter the raffle\n^{1}The larger your transformed Size, the better the prize^{2}
24048	Rankings close every Monday at @{1}:@{2} AM, and leaderboard rewards are distributed based on each Adventurer's Hero tier.	Rankings close every Monday at @{1}:@{2} AM, and leaderboard rewards are distributed based on each Adventurer's Hero tier.
24049	Rankings are finalized at the end of the Season, and Leaderboard Rewards are issued based on each Adventurer's Valor Tier.	Rankings are finalized at the end of the Season, and Leaderboard Rewards are issued based on each Adventurer's Valor Tier.
24050	^{1}^{2}【Hammer Fall】^{3}^{4}For every @{1} enemies hit, the percentage damage multiplier increases by ${1}%, up to ${2}%.	^{1}^{2}【Hammer Fall】^{3}^{4}สำหรับทุกๆ ศัตรูของ@{1}ที่โดน เปอร์เซ็นต์ตัวคูณความเสียหายจะเพิ่มขึ้น${1}% สูงถึง${2}%
24051	^{1}^{2}[Gloria Domini]^{3}^{4}'s percentage damage multiplier increases by ${1}%, and its fixed damage increases by ${2}.	^{1}^{2}[Gloria Domini]^{3}^ ตัวคูณเปอร์เซ็นต์ความเสียหายของ{4}เพิ่มขึ้น${1}% และความเสียหายคงที่เพิ่มขึ้น${2}
24052	^{1}^{2}[Rapid Smiting]^{3}^{4}'s percentage damage multiplier increases by ${1}%, and its fixed damage increases by ${2}.	^{1}^{2}[Rapid Smiting]^{3}^ ตัวคูณเปอร์เซ็นต์ความเสียหายของ{4}เพิ่มขึ้น${1}% และความเสียหายคงที่เพิ่มขึ้น${2}
24053	^{1}^{2}[Spiral Pierce]^{3}^{4}'s percentage damage multiplier increases by ${1}%, and its fixed damage increases by ${2}.	^{1}^{2}[Spiral Pierce]^{3}^ ตัวคูณเปอร์เซ็นต์ความเสียหายของ{4}เพิ่มขึ้น${1}% และความเสียหายคงที่เพิ่มขึ้น${2}
24054	After casting ^{1}^{2}[Spiral Pierce]^{3}^{4} @{1} times, your next ^{5}^{6}[Spiral Pierce]^{7}^{8} is guaranteed to CRIT.	หลังจากแคสต์ ^{1}^{2}[Spiral Pierce]^{3}^{4}@{1}ครั้ง ถัดไปของคุณ ^{5}^{6}[Spiral Pierce]^{7}^{8}รับประกัน CRIT
24055	At the start of Activity Phase @{1}, @{3} Intermediate Live Coal units spawn every @{2} seconds, for a total of @{4} waves	At the start of Activity Phase @{1}, @{3} Intermediate Live Coal units spawn every @{2} seconds, for a total of @{4} waves
24056	A large Hat worn by pirate captains. Since it is reserved for captains, it projects an imposing air of absolute authority.	A large Hat worn by pirate captains. Since it is reserved for captains, it projects an imposing air of absolute authority.
24057	You can now upgrade the Alchemy Room. Upgrading it increases the Chance of obtaining high-quality pets. Go to Upgrade now?	You can now upgrade the Alchemy Room. Upgrading it increases the Chance of obtaining high-quality pets. Go to Upgrade now?
24058	A massive guild war where guilds conquer territory and vie for control of the Royal Capital to earn top Honor and rewards.	A massive guild war where guilds conquer territory and vie for control of the Royal Capital to earn top Honor and rewards.
24059	Look here! Deploying a pet in the main slot activates its main skill, which you can use manually in battle. Go try it out!	Look here! Deploying a pet in the main slot activates its main skill, which you can use manually in battle. Go try it out!
24060	Look here! Reach certain Floors in the tower to earn fantastic rewards! The higher the Floors, the better the rewards, bo!	Look here! Reach certain Floors in the tower to earn fantastic rewards! The higher the Floors, the better the rewards, bo!
24061	(Hands on hips) Burning through your Life? I keep you well-fed and comfortable, and you're here burning through your Life?	(Hands on hips) Burning through your Life? I keep you well-fed and comfortable, and you're here burning through your Life?
24062	Oh, it's you! What kind of flowers do you need today? ...Hmm? Judging by your expression, is something important going on?	Oh, it's you! What kind of flowers do you need today? ...Hmm? Judging by your expression, is something important going on?
24063	Meow, these shrimp are delicious! What are you staring at? The fact that I can eat so many just proves how fresh they are!	Meow, these shrimp are delicious! What are you staring at? The fact that I can eat so many just proves how fresh they are!
24064	Every ^{1}Level-up^{2} grants new ^{3}Stat Points^{4}. How you distribute them will directly determine your future growth.	Every ^{1}Level-up^{2} grants new ^{3}Stat Points^{4}. How you distribute them will directly determine your future growth.
24065	Hey! You must be the new recruit Captain Aikuni mentioned. I hear you accomplished something impressive in Payon. Welcome!	Hey! You must be the new recruit Captain Aikuni mentioned. I hear you accomplished something impressive in Payon. Welcome!
24066	You're the Professor's new assistant, right? Here, take this. This bow tie was left behind at the crime scene as evidence.	You're the Professor's new assistant, right? Here, take this. This bow tie was left behind at the crime scene as evidence.
24067	^{1}PlayerName^{2}, I'm heading there now. Come over as soon as you have time. I'm sure we'll have plenty of work for you.	^{1}PlayerName^{2}, I'm heading there now. Come over as soon as you have time. I'm sure we'll have plenty of work for you.
24068	Core Wood taken from within a Sacred Wood Chunk. Its spiritual energy is pure, and it is used to craft advanced equipment.	Core Wood นำมาจากภายในชิ้นไม้ศักดิ์สิทธิ์พลังจิตวิญญาณของมันบริสุทธิ์ และใช้ในการสร้างอุปกรณ์ขั้นสูง
24069	Use to send every guild Member except each Temporary Member a Basic Pack by mail. The Pack contains basic growth Material.	ใช้เพื่อส่งสมาชิกกิลด์ทุกคนยกเว้นสมาชิกชั่วคราวแต่ละคนเป็น Basic Pack ทางไปรษณีย์แพ็กประกอบด้วยวัสดุการเติบโตขั้นพื้นฐาน
24070	An arrow with a tip that can be set ablaze.\n^{1}Equipping Fire Arrow with a bow changes your attack property to Fire.^{2}	Arrow พร้อมปลายที่สามารถจุดไฟได้\n^{1}การสวมใส่ธนูไฟด้วยธนูจะเปลี่ยนคุณสมบัติการโจมตีของคุณเป็น ไฟ^{2}
24071	When an ^{1}Offensive-type^{2} Primary Battle Skill Deals DMG to an enemy, inflicts ${1}% ^{3}【Sluggish】^{4} for ${2} sec.	เมื่อ ^{1}ประเภทรุก^{2}ทักษะการต่อสู้หลัก สร้างความเสียหายให้กับศัตรู จะสร้างความเสียหายให้กับศัตรู${1}% ^{3}【Sluggish】^{4}สำหรับ${2}วินาที
24072	Baphomet Jr. deals Physical ATK*^{1}${2}%^{2} Neutral melee Physical damage to the designated ST enemy within ${1} meters.	Baphomet Jr. ทำการโจมตีทางกายภาพ*^{1}${2}%^{2}สร้างความเสียหายทางกายภาพระยะประชิดที่เป็นกลางแก่ศัตรู ST ที่กำหนดภายในระยะ${1}เมตร
24073	When casting an ^{1}Immunity-type^{2} Primary Battle Skill, extends the duration of its Immunity Buff by ^{3}${1}^{4} sec.	เมื่อร่าย ^{1}Immunity-type^{2}Primary Battle Skill จะขยายระยะเวลาของ Immunity Buff ขึ้น ^{3}${1}^{4}วินาที
24074	Alice deals Neutral melee Physical damage equal to Physical ATK*^{1}${2}%^{2} to a designated ST enemy within ${1} meters.	อลิซสร้างความเสียหายทางกายภาพระยะประชิดที่เป็นกลางเท่ากับ ATK กายภาพ*^{1}${2}%^{2}ไปยังศัตรู ST ที่กำหนดภายในระยะ${1}เมตร
24075	If Physical ATK is higher than Magic ATK, attacks deal Physical damage. If Magic ATK is higher, attacks deal Magic damage.	หาก ATK กายภาพสูงกว่า ATK เวทย์มนตร์ การโจมตีจะสร้างความเสียหายกายภาพหาก Magic ATK สูงกว่า การโจมตีจะสร้างความเสียหายเวทย์
24076	Dydre deals Neutral melee Physical damage equal to Physical ATK*^{1}${2}%^{2} to a designated ST enemy within ${1} meters.	Dydre สร้างความเสียหายทางกายภาพระยะประชิดที่เป็นกลางเท่ากับ ATK กายภาพ*^{1}${2}%^{2}ไปยังศัตรู ST ที่กำหนดภายในระยะ${1}เมตร
24077	Every @{1} STR grants @{2} PDEF. Swordsmen, Thieves, Merchants, Mages, and Acolytes gain an Extra @{3} PATK and @{4}% PATK.	Every @{1} STR grants @{2} PDEF. Swordsmen, Thieves, Merchants, Mages, and Acolytes gain an Extra @{3} PATK and @{4}% PATK.
24078	Go to the Ally <color=#FDAB5B><u> Quartermaster</u></color> to Claim a Supply Transport cart and deliver Military Supplies.	Go to the Ally <color=#FDAB5B><u> Quartermaster</u></color> to Claim a Supply Transport cart and deliver Military Supplies.
24079	@{1}.Trade records are stored for up to @{2} days or @{3} entries;\n@{4}.Trade records are cleared when a new Season begins	@{1}.Trade records are stored for up to @{2} days or @{3} entries;\n@{4}.Trade records are cleared when a new Season begins
24080	Temporarily increases DEX by @{1} and AGI by @{2}, and uses the Falcon to detect hidden enemies within a @{3}-meter radius.	เพิ่ม DEX ชั่วคราวโดย@{1}และ AGI โดย@{2}และใช้ Falcon เพื่อตรวจจับศัตรูที่ซ่อนอยู่ภายในรัศมี@{3}เมตร
24081	${1} resources have not finished downloading. Approximately ${2}MB of data must be downloaded. Use mobile data to download?	${1} resources have not finished downloading. Approximately ${2}MB of data must be downloaded. Use mobile data to download?
24082	^{1}^{2}[Brandish Spear]^{3}^{4}'s percentage damage multiplier increases by ${1}%, and its fixed damage increases by ${2}.	^{1}^{2}[Brandish Spear]^{3}^ ตัวคูณเปอร์เซ็นต์ความเสียหายของ{4}เพิ่มขึ้น${1}% และความเสียหายคงที่เพิ่มขึ้น${2}
24083	When bubbles of different colors touch, they ^{1}explode^{2}. When bubbles of the same color touch, they ^{3}disappear^{4}.	When bubbles of different colors touch, they ^{1}explode^{2}. When bubbles of the same color touch, they ^{3}disappear^{4}.
24084	Baphomet summons ^{1}Hellfire^{2}, creating ^{3}@{1} ring-shaped trails of fire^{4} that continuously move and deal damage.	Baphomet summons ^{1}Hellfire^{2}, creating ^{3}@{1} ring-shaped trails of fire^{4} that continuously move and deal damage.
24085	Osiris commands ^{1}all Horongs in the arena^{2} to move rapidly toward the target, damaging ^{3}targets in their path^{4}.	Osiris commands ^{1}all Horongs in the arena^{2} to move rapidly toward the target, damaging ^{3}targets in their path^{4}.
24086	Osiris gathers^{1}dark energy^{2}, unleashes^{3}a pulse attack ahead^{4}, and continuously rotates @{1}° toward the target.	Osiris gathers^{1}dark energy^{2}, unleashes^{3}a pulse attack ahead^{4}, and continuously rotates @{1}° toward the target.
24087	Looking to take it easy? Just turn on Auto during Battle. Left Tap to activate it, or Right Tap to open the Settings panel.	Looking to take it easy? Just turn on Auto during Battle. Left Tap to activate it, or Right Tap to open the Settings panel.
24088	Time is short, so I'll be brief. Our mission is to travel to the ^{1}Sograt Desert^{2} and find the missing Professor Ryan.	Time is short, so I'll be brief. Our mission is to travel to the ^{1}Sograt Desert^{2} and find the missing Professor Ryan.
24089	There may be one enormous ant colony beneath this entire desert. What we discovered before was only the tip of the iceberg.	There may be one enormous ant colony beneath this entire desert. What we discovered before was only the tip of the iceberg.
24090	Congratulations! You've been appointed Guild Leader. We hope you'll lead everyone in building a warm, supportive community!	Congratulations! You've been appointed Guild Leader. We hope you'll lead everyone in building a warm, supportive community!
24091	You finished ^{3}${1}^{4} on this Season's Territory War ^{1}Merit Rankings^{2}. Congratulations! Please claim your reward!	You finished ^{3}${1}^{4} on this Season's Territory War ^{1}Merit Rankings^{2}. Congratulations! Please claim your reward!
24092	Yesterday, I devised a new way to arrange my wares. They're easier for customers to pick up, and my sales rate rose by 20%.	Yesterday, I devised a new way to arrange my wares. They're easier for customers to pick up, and my sales rate rose by 20%.
24093	This route used to be the Life line of merchant caravans. Now... those damn air pirates have made it anything but peaceful.	This route used to be the Life line of merchant caravans. Now... those damn air pirates have made it anything but peaceful.
24094	Fervor, could you please focus on the job? If food distracts you from your work again, I'll... I'll shave off all your fur!	Fervor, could you please focus on the job? If food distracts you from your work again, I'll... I'll shave off all your fur!
24095	“Is this rickety ship going to fall out of the sky? The wind's so strong, Bobo's precious feathers are going to blow away!”	“Is this rickety ship going to fall out of the sky? The wind's so strong, Bobo's precious feathers are going to blow away!”
24096	Enemy stragglers are still harassing the South Gate, but our top priority is holding the central district's defensive line!	Enemy stragglers are still harassing the South Gate, but our top priority is holding the central district's defensive line!
24097	Eden Group Leader\nThose air pirates were tougher than I expected. You did well, rookie. You took down quite a few enemies.	Eden Group Leader\nThose air pirates were tougher than I expected. You did well, rookie. You took down quite a few enemies.
24098	Elderly Male Voice\nYoung man, all that anger is bad for your liver... This is the best spot around for soaking up the sun.	Elderly Male Voice\nYoung man, all that anger is bad for your liver... This is the best spot around for soaking up the sun.
24099	A semi-finished material processed from sacred cloth rolls. Used to craft advanced clothing or armor with blessing effects.	วัสดุกึ่งสำเร็จรูปแปรรูปจากม้วนผ้าศักดิ์สิทธิ์ ใช้เพื่อสร้างเสื้อผ้าหรือชุดเกราะขั้นสูงพร้อมเอฟเฟกต์พร
24100	A high-grade grinding wheel made with precision techniques, capable of ultra-fine polishing when crafting advanced weapons.	หินเจียรคุณภาพสูงที่ทำด้วยเทคนิคที่มีความแม่นยำ สามารถขัดเงาได้ละเอียดมากเมื่อสร้างอาวุธขั้นสูง
24101	Made from rough stone, it grinds efficiently but provides only an average polish. Suitable for sharpening standard weapons.	ผลิตจากหินหยาบ บดได้อย่างมีประสิทธิภาพแต่ให้การขัดเงาในระดับปานกลางเท่านั้นเหมาะสำหรับลับคมอาวุธมาตรฐาน
24102	Event Period: Two-week cycle, Wednesday and Saturday of the first week and Saturday of the second week, @{1}:@{2}~@{3}:@{4}	Event Period: Two-week cycle, Wednesday and Saturday of the first week and Saturday of the second week, @{1}:@{2}~@{3}:@{4}
24103	Specializes in Spear weapons, increasing CRIT by ^{1}${1}^{2}, CRIT RES by ^{3}${2}^{4}, and Attack Speed by ^{5}${3}^{6}%.	เชี่ยวชาญในอาวุธ Spear เพิ่ม CRIT โดย ^{1}${1}^{2}, CRIT RES โดย ^{3}${2}^{4}และความเร็วในการโจมตีโดย ^{5}${3}^{6}%
24104	After using 【Fearless Charge】, if you are under 【Over Brand】, Activate the second-stage skill^{1}^{2}【Earthshaker】^{3}^{4}.	หลังจากใช้ 【Fearless Charge】 หากคุณอยู่ภายใต้ 【Over Brand】 ให้เปิดใช้งานทักษะขั้นที่สอง^{1}^{2}【Earthshaker】^{3}^{4}
24105	After triggering ^{1}【Furious Storm】^{2}, the percentage damage multiplier of 【Hundred Spear - Enhance】 increases by ${1}%.	หลังจากที่เรียกใช้ ^{1}【Furious Storm】^{2}เปอร์เซ็นต์ตัวคูณความเสียหายของ 【Hundred Spear - Enhance】 จะเพิ่มขึ้น${1}%
24106	Please, keep it. I-I'm already so happy! Thank You for helping me with so much. If you don't mind, consider it your reward!	Please, keep it. I-I'm already so happy! Thank You for helping me with so much. If you don't mind, consider it your reward!
24107	I'm Allen. I'm new here... I heard you often go on quests with the Eden Group. You know Instructor Boya pretty well, right?	I'm Allen. I'm new here... I heard you often go on quests with the Eden Group. You know Instructor Boya pretty well, right?
24108	You're finally awake! That was far too close. If you hadn't stepped in when you did, many more people could have been hurt.	You're finally awake! That was far too close. If you hadn't stepped in when you did, many more people could have been hurt.
24109	Melee Physical damage increased by @{1}%. Each Floor of a Physical damage buff grants an Extra @{2}% melee Physical damage.	Melee Physical damage increased by@{1}%. แต่ละชั้นของบัฟความเสียหายกายภาพจะมอบความเสียหายกายภาพระยะประชิดพิเศษ@{2}%
24110	Dive toward the target point, Deals DMG to Nearby enemies upon landing, and slow them, making it easier to pursue or escape.	Dive toward the target point, Deals DMG to Nearby enemies upon landing, and slow them, making it easier to pursue or escape.
24111	After an Adventurer joins a guild, the guild will grant them an Honor position based on the Member's historical contribution	After an Adventurer joins a guild, the guild will grant them an Honor position based on the Member's historical contribution
24112	When Life is below @{1}%, damage taken from sources other than status effects is reduced by @{2}%. Internal Cooldown: @{3}S.	เมื่อพลัง Life ต่ำกว่า@{1}% ความเสียหายที่ได้รับจากแหล่งอื่นนอกเหนือจากเอฟเฟกต์สถานะจะลดลง@{2}%คูลดาวน์ภายใน:@{3}S.
24113	^{1}^{2}[Shield Boomerang]^{3}^{4}'s percentage damage multiplier increases by ${1}% and its fixed damage increases by ${2}.	^{1}^{2}[Shield Boomerang]^{3}^ ตัวคูณเปอร์เซ็นต์ความเสียหายของ{4}เพิ่มขึ้น${1}% และความเสียหายคงที่เพิ่มขึ้น${2}
24114	^{1}^{2}[Envenomed Blade]^{3}^{4}'s percentage damage multiplier increases by ${1}%, and its fixed damage increases by ${2}.	^{1}^{2}[Envenomed Blade]^{3}^ ตัวคูณเปอร์เซ็นต์ความเสียหายของ{4}เพิ่มขึ้น${1}% และความเสียหายคงที่เพิ่มขึ้น${2}
24115	Pairing it with a Nurse Cap may produce an unexpected effect. A cute Blinker designed for anyone seeking a distinctive look.	Pairing it with a Nurse Cap may produce an unexpected effect. A cute Blinker designed for anyone seeking a distinctive look.
24116	Because the Trade Market has closed, your listed items were automatically delisted. Please collect them from the attachment.	Because the Trade Market has closed, your listed items were automatically delisted. Please collect them from the attachment.
24117	I've heard of a Magic Staff that converts its wielder's mental energy into physical force, increasing its destructive power.	I've heard of a Magic Staff that converts its wielder's mental energy into physical force, increasing its destructive power.
24118	On a beautiful day like this, I'd love to pack my bag and head deep into the mountains to gather rare and interesting items.	On a beautiful day like this, I'd love to pack my bag and head deep into the mountains to gather rare and interesting items.
24119	If you're a Swordsman, make good use of Magnum Break! Bash is merely a stepping stone on the path to mastering Magnum Break!	If you're a Swordsman, make good use of Magnum Break! Bash is merely a stepping stone on the path to mastering Magnum Break!
24120	Hey, you have time to study this?! That giant ant freak carried off the Professor as emergency rations! We have to save him!	Hey, you have time to study this?! That giant ant freak carried off the Professor as emergency rations! We have to save him!
24121	This place is beautiful! It's much more comfortable than ^{1}PlayerName^{2}'s Backpack~ But... why does it feel so familiar?	This place is beautiful! It's much more comfortable than ^{1}PlayerName^{2}'s Backpack~ But... why does it feel so familiar?
24122	(Presses its nose close to the cardboard box, sniffing frantically and barking urgently) Woof! Woof, woof, woof! Woof, woof!	(Presses its nose close to the cardboard box, sniffing frantically and barking urgently) Woof! Woof, woof, woof! Woof, woof!
24123	Stop. This is the sealed area surrounding the Nail of Discipline. Unauthorized personnel are strictly forbidden to Approach.	Stop. This is the sealed area surrounding the Nail of Discipline. Unauthorized personnel are strictly forbidden to Approach.
24124	During the event preparation phase, a Guild administrator can manually skip preparation and start the challenge immediately.	During the event preparation phase, a Guild administrator can manually skip preparation and start the challenge immediately.
24125	Deviling\nThe Pirate's Hidden Treasure is now open! Warriors can use the portal to enter the treasure area and fight for it!	Deviling\nThe Pirate's Hidden Treasure is now open! Warriors can use the portal to enter the treasure area and fight for it!
24126	Bobo\nThose three little thieves have no taste at all. Why would they set up their headquarters in the Culvert? It stinks...	Bobo\nThose three little thieves have no taste at all. Why would they set up their headquarters in the Culvert? It stinks...
24127	A unique sword with a beautiful, transparent blade. It feels as though monsters slain with it will drop something beautiful.	ดาบที่มีเอกลักษณ์เฉพาะตัวพร้อมใบมีดที่สวยงามและโปร่งใส มันให้ความรู้สึกเหมือนกับว่ามอนสเตอร์ที่ถูกฆ่าด้วยมันจะดรอปสิ่งที่สวยงามออกมา
24128	Ranking Reward Count: <color=#CC762A>${1}/${2}</color>\nParticipation Rewards Reward Count: <color=#CC762A>${3}/${4}</color>	Ranking Reward Count: <color=#CC762A>${1}/${2}</color>\nParticipation Rewards Reward Count: <color=#CC762A>${3}/${4}</color>
24129	Deals ATK * ^{1}@{3}%^{2} damage to up to @{2} enemies within a @{1} m radius and inflicts ^{3}@{4} sec. of ^{4}【Blind】^{5}.	สร้างความเสียหาย ATK * ^{1}@{3}%^{2}สร้างความเสียหายให้กับศัตรูสูงสุด@{2}ภายในรัศมี@{1}m และทำดาเมจ ^{3}@{4}วินาทีของ ^{4}【Blind】^{5}.
24130	Grants yourself and up to ${2} allies within a ${1}m radius ^{1}${3}%^{2} Movement Speed and ^{3}${4}^{4} FLEE for ${5} sec.	ให้ตัวเองและพันธมิตรสูงสุด${2}ภายในรัศมี${1}m ^{1}${3}%^ ความเร็วการเคลื่อนที่ของ{2}และ ^{3}${4}^{4}FLEE สำหรับ${5}วินาที
24131	Deviling summons three Bombrings nearby. The Bombrings explode after @{1} sec, damaging players in a large surrounding area.	Deviling เรียก Bombrings สามลูกที่อยู่ใกล้เคียง Bombrings จะ Bombrings หลังจาก@{1}วินาที สร้างความเสียหายให้กับผู้เล่นในพื้นที่โดยรอบขนาดใหญ่
24132	One day, the medicinal herbs delivered every month failed to arrive. I heard the caravan had been attacked by a giant snake.	One day, the medicinal herbs delivered every month failed to arrive. I heard the caravan had been attacked by a giant snake.
24133	The challenge against Ilmata, God of Nature, is now open. The Guild Master or Vice Guild Master must initiate the challenge.	The challenge against Ilmata, God of Nature, is now open. The Guild Master or Vice Guild Master must initiate the challenge.
24134	Reduces the maximum Cooldown of ^{1}^{2}【Frost Nova】^{3}^{4} and ^{5}^{6}【Jupitel Thunder】^{7}^{8} by ^{9}${1}^{10} seconds.	ลดคูลดาวน์สูงสุดของ ^{1}^{2}【Frost Nova】^{3}^{4}และ ^{5}^{6}【Jupitel Thunder】^{7}^{8}โดย ^{9}${1}^{10}วินาที
24135	Summons a Holy Light talisman from the heavens, dealing ATK * ^{1}@{2}%^{2} damage to the designated ST enemy within @{1} m.	อัญเชิญเครื่องราง Holy Light จากสวรรค์ สร้าง ATK * ^{1}@{2}%^{2}สร้างความเสียหายให้กับศัตรู ST ที่กำหนดภายใน@{1}m
24136	Every @{1} seconds, Monsters will cause trouble. Defeat them to earn rewards. Draw Third Prize during the final @{2} minutes.	Every @{1} seconds, Monsters will cause trouble. Defeat them to earn rewards. Draw Third Prize during the final @{2} minutes.
24137	Every @{1} seconds, Monsters will cause trouble. Defeat them to earn rewards. Draw First Prize during the final @{2} minutes.	Every @{1} seconds, Monsters will cause trouble. Defeat them to earn rewards. Draw First Prize during the final @{2} minutes.
24138	Character ASPD: ${1}% (Max: @{1}%)\nExcess ASPD: ${2}\nEvery @{2} excess ASPD is converted to @{3}% Physical ATK (Max: @{4}%)	Character ASPD: ${1}% (Max: @{1}%)\nExcess ASPD: ${2}\nEvery @{2} excess ASPD is converted to @{3}% Physical ATK (Max: @{4}%)
24139	Covered in small bags collected throughout your travels and plush companions. (Requires the Cart Remodeling skill to switch.)	Covered in small bags collected throughout your travels and plush companions. (Requires the Cart Remodeling skill to switch.)
24140	Become a Madogear Pilot, greatly increasing Movement Speed and continuously spraying flames in a circular area to deal damage	มาเป็น Madogear Pilot เพิ่มความเร็วในการเคลื่อนที่อย่างมาก และพ่นเปลวไฟอย่างต่อเนื่องในพื้นที่วงกลมเพื่อสร้างความเสียหาย
24141	^{1}^{2}[Battle Chant]^{3}^{4} grants allies an Extra ${1} PDEF and MDEF and reduces enemies' PATK and MATK by an Extra ${2}.	^{1}^{2}[Battle Chant]^{3}^{4}มอบ${1}PDEF และ MDEF พิเศษแก่พันธมิตร และลด PATK และ MATK ของศัตรูด้วย${2}พิเศษ
24142	Moonlight Flower randomly^{1}charges @{1} Bells on the battlefield^{2}. Charged Bells damage^{3}a large area around them^{4}.	Moonlight Flower randomly^{1}charges @{1} Bells on the battlefield^{2}. Charged Bells damage^{3}a large area around them^{4}.
24143	Protective headgear made of gold. Since gold is its primary material, it is remarkably sturdy and provides excellent defense.	Protective headgear made of gold. Since gold is its primary material, it is remarkably sturdy and provides excellent defense.
24144	Confirm Pet Respawn?\nRespawn resets the Pet to <color=#b99556>Lv. 1</color> and Returns all Level-up Materials. Return list:	Confirm Pet Respawn?\nRespawn resets the Pet to <color=#b99556>Lv. 1</color> and Returns all Level-up Materials. Return list:
24145	Those drifting visions are worlds that once truly existed—some have already withered away, while others continue to Struggle.	Those drifting visions are worlds that once truly existed—some have already withered away, while others continue to Struggle.
24146	Congratulations on ranking ${1} on the Combat Power Rankings—Thief! Here's your ranking reward. Please check the attachments!	Congratulations on ranking ${1} on the Combat Power Rankings—Thief! Here's your ranking reward. Please check the attachments!
24147	That's good. Hey, ^{1}PlayerName^{2}, I'm leaving this remarkable Professor in your care. Don't let him get too carried away.	That's good. Hey, ^{1}PlayerName^{2}, I'm leaving this remarkable Professor in your care. Don't let him get too carried away.
24148	Protocol requires me to ask: Have you identified the thief? This is crucial to improving our security measures going forward.	Protocol requires me to ask: Have you identified the thief? This is crucial to improving our security measures going forward.
24149	Lately, we've received many custom orders for the 【Stop Sign Headgear】. Wearing one as an accessory is quite fashionable now.	Lately, we've received many custom orders for the 【Stop Sign Headgear】. Wearing one as an accessory is quite fashionable now.
24150	Last time, I didn't have enough Potions, and Maya took me down at the last moment. This time, I'm well prepared. I can do it!	Last time, I didn't have enough Potions, and Maya took me down at the last moment. This time, I'm well prepared. I can do it!
24151	This is it... the flow Control valve, completely intact! You actually took it back from Baphomet... No, I mean, retrieved it.	This is it... the flow Control valve, completely intact! You actually took it back from Baphomet... No, I mean, retrieved it.
24152	Kafra Battlefield Manager\nReceive the Blessing of Odin, King of the Gods, reducing skill Cooldown by @{1}% for @{2} minutes.	Kafra Battlefield Manager\nReceive the Blessing of Odin, King of the Gods, reducing skill Cooldown by @{1}% for @{2} minutes.
24153	Invading monsters have appeared near the Library. Some defenders should assist there while the rest continue holding the Inn!	Invading monsters have appeared near the Library. Some defenders should assist there while the rest continue holding the Inn!
24154	Bobo\nIt's a dead end... Aaaah, look over there! Something's crawling toward us! It's all black... Huh? It looks like an ant!	Bobo\nIt's a dead end... Aaaah, look over there! Something's crawling toward us! It's all black... Huh? It looks like an ant!
24155	To protect your funds while you were offline, the System automatically stopped your pre-auction/bulk purchases. Restart them?	To protect your funds while you were offline, the System automatically stopped your pre-auction/bulk purchases. Restart them?
24156	Dual-Dagger Assassins can slot up to @{1} Weapon Cards at once, giving them the highest Burst damage of any second-job class.	Dual-Dagger Assassins can slot up to @{1} Weapon Cards at once, giving them the highest Burst damage of any second-job class.
24157	A scroll imbued with Magic that can be used for Equipment Enchantment.\n^{1}Effect: Can be used for Equipment Enchantment^{2}	คัมภีร์ที่อัดแน่นไปด้วยเวทย์มนตร์ที่สามารถใช้ในการเสริมพลังอุปกรณ์ได้\n^{1}เอฟเฟกต์: สามารถใช้สำหรับการเสริมพลังอุปกรณ์^{2}
24158	A cloak once worn by Vali, one of Odin's sons. Though blind, he slew the warrior Hodr. It bears the marks of Vali's struggle.	เสื้อคลุมที่วาลี บุตรชายคนหนึ่งของโอดินสวมใส่ แม้ว่าเขาจะตาบอด แต่เขาก็สามารถสังหารนักรบ Hodr ได้ มันเป็นร่องรอยการต่อสู้ของวาลี
24159	A bow shining with holy radiance that can Launch searing arrows of light to pierce the darkness and bring hope and salvation.	คันธนูที่ส่องแสงอันศักดิ์สิทธิ์ที่สามารถยิงธนูแห่งแสงที่แผดเผาเพื่อทะลวงความมืดมิดและนำความหวังและความรอดมาให้
24160	A battle axe with a long blade. Its reinforced head is secured to a thick handle, giving it tremendous power in close combat.	ขวานรบที่มีใบมีดยาว หัวที่เสริมความแข็งแรงนั้นถูกยึดไว้กับด้ามจับที่หนา ทำให้มีพลังมหาศาลในการต่อสู้ระยะประชิด
24161	Miyabi Doll rapidly swings both arms, dealing Neutral melee Physical damage equal to Physical ATK*^{1}${1}%^{2} to the enemy.	Miyabi Doll แกว่งแขนทั้งสองข้างอย่างรวดเร็ว สร้างความเสียหายทางกายภาพระยะประชิดที่เป็นกลางเท่ากับพลังโจมตีกายภาพ*^{1}${1}%^{2}ไปยังศัตรู
24162	Do you even have to ask? The hardest one, obviously~ Like taking on Morroc alone or raiding the lair of that Jormun-whatever!	Do you even have to ask? The hardest one, obviously~ Like taking on Morroc alone or raiding the lair of that Jormun-whatever!
24163	Ranged Physical damage increased by @{1}%. Each Floor of a Physical damage buff grants an Extra @{2}% ranged Physical damage.	ความเสียหายทางกายภาพระยะไกลเพิ่มขึ้น@{1}%แต่ละชั้นของบัฟความเสียหายกายภาพจะมอบความเสียหายกายภาพระยะไกลพิเศษ@{2}%
24164	Every @{1} seconds, Monsters will cause trouble. Defeat them to earn rewards. Draw Second Prize during the final @{2} minutes.	Every @{1} seconds, Monsters will cause trouble. Defeat them to earn rewards. Draw Second Prize during the final @{2} minutes.
24165	You are currently participating in a Caravan Escort. Leaving the guild will destroy your caravan. Confirm Exit from the guild?	You are currently participating in a Caravan Escort. Leaving the guild will destroy your caravan. Confirm Exit from the guild?
24166	A hard mineral vein gleaming with golden light. Mine it to obtain high-grade ore. ^{1}Can be used to Craft T@{1} equipment^{2}	A hard mineral vein gleaming with golden light. Mine it to obtain high-grade ore. ^{1}Can be used to Craft T@{1} equipment^{2}
24167	(No Translation NeededWhen a pet with a Protector Skill is assigned to deployment slot @{1}, its Protector Skill takes effect.	(No Translation NeededWhen a pet with a Protector Skill is assigned to deployment slot @{1}, its Protector Skill takes effect.
24168	This quest can only be completed in the ^{1} ${1}^{2} scenario.\nThe quest will be automatically removed when the Season ends.	This quest can only be completed in the ^{1} ${1}^{2} scenario.\nThe quest will be automatically removed when the Season ends.
24169	A deep purple cocktail of Grape juice, Lemon juice, and Alcohol, shaken well. Increases Magic ATK by @{1}~@{2} for @{3} hours.	ค็อกเทลสีม่วงเข้มที่ประกอบด้วยน้ำ Grape น้ำมะนาว และ Alcohol เขย่าให้เข้ากัน เพิ่มพลังโจมตีเวทย์มนตร์เป็น@{1}~@{2}เป็นเวลา@{3}ชั่วโมง
24170	^{1}^{2}【Turn Undead】^{3}^{4}'s percentage-based damage multiplier increases by ${1}%, and its fixed damage increases by ${2}.	^{1}^{2}【Turn Undead】^{3}^ ตัวคูณความเสียหายตามเปอร์เซ็นต์ของ{4}จะเพิ่มขึ้น${1}% และความเสียหายคงที่จะเพิ่มขึ้น${2}
24171	While ^{1}^{2}[Sacrifice]^{3}^{4} is active, ^{5}^{6}[Basic Attack]^{7}^{8}'s percentage damage multiplier increases by ${1}%.	ในขณะที่ ^{1}^{2}[Sacrifice]^{3}^{4}ใช้งานอยู่ ^{5}^{6}[Basic Attack]^{7}^{8}'s เปอร์เซ็นต์ตัวคูณความเสียหายเพิ่มขึ้น${1}%
24172	Pharaoh's Pyramid fires ^{1}beams^{2} that damage enemies in their path, and ^{3}the number of Pyramids increases to @{1}^{4}.	Pharaoh's Pyramid fires ^{1}beams^{2} that damage enemies in their path, and ^{3}the number of Pyramids increases to @{1}^{4}.
24173	Pharaoh's Pyramid fires ^{1}beams^{2} that damage enemies in their path, and the number of Pyramids increases to ^{3}@{1}^{4}.	Pharaoh's Pyramid fires ^{1}beams^{2} that damage enemies in their path, and the number of Pyramids increases to ^{3}@{1}^{4}.
24174	Osiris lashes^{1}@{1} areas ahead with bandages^{2}, then lashes^{3}random areas on the battlefield^{4}, damaging targets hit.	Osiris lashes^{1}@{1} areas ahead with bandages^{2}, then lashes^{3}random areas on the battlefield^{4}, damaging targets hit.
24175	A coat personally overseen by Kafra and made exclusively for the Battle of Survivors. It should block some damage... probably?	A coat personally overseen by Kafra and made exclusively for the Battle of Survivors. It should block some damage... probably?
24176	A Hat made from half of a sturdy fruit. It provides solid defense, but a hammer would still break it, so it cannot be refined.	A Hat made from half of a sturdy fruit. It provides solid defense, but a hammer would still break it, so it cannot be refined.
24177	Wings that look like a cross between a butterfly's and a dragonfly's. Pair them with a dress to look like a tiny flower fairy.	Wings that look like a cross between a butterfly's and a dragonfly's. Pair them with a dress to look like a tiny flower fairy.
24178	"In RO, ""pulling a train"" refers to a leveling technique where players draw the aggro of large groups of Monsters while moving."	"In RO, ""pulling a train"" refers to a leveling technique where players draw the aggro of large groups of Monsters while moving."
24179	Silly Master... Are ants vegetarians? And how do you know the professor tastes too sour to eat?! What kind of reason is that?!	Silly Master... Are ants vegetarians? And how do you know the professor tastes too sour to eat?! What kind of reason is that?!
24180	You had unclaimed Departure Rewards from the previous Guild Caravan event. We've reissued them to You. Please check your mail!	You had unclaimed Departure Rewards from the previous Guild Caravan event. We've reissued them to You. Please check your mail!
24181	You enabled both Bid and Auto-Bid in the auction for ${1}. Your bidding funds have been returned. Please check the attachment.	You enabled both Bid and Auto-Bid in the auction for ${1}. Your bidding funds have been returned. Please check the attachment.
24182	Great! ^{1}PlayerName^{2}, it looks like our plan to Win them over one by one is Active. Let's go tell everyone the good news!	Great! ^{1}PlayerName^{2}, it looks like our plan to Win them over one by one is Active. Let's go tell everyone the good news!
24183	Long ago, serious criminals were sentenced to death. The enchanted sword used for their executions was called the Executioner.	Long ago, serious criminals were sentenced to death. The enchanted sword used for their executions was called the Executioner.
24184	I've had this cart for 7 years. I've replaced the wheels twice and the handle once. This frame is the only original part left.	I've had this cart for 7 years. I've replaced the wheels twice and the handle once. This frame is the only original part left.
24185	Since you're Ready, I shall perform the Tier Two Job Advance Ritual and let the power of the gods fully merge with your blood.	Since you're Ready, I shall perform the Tier Two Job Advance Ritual and let the power of the gods fully merge with your blood.
24186	We've got a seriously lucky player in our group! ${1} is the Festival Invitation lucky star! Let's go check it out! Go Support	We've got a seriously lucky player in our group! ${1} is the Festival Invitation lucky star! Let's go check it out! Go Support
24187	Legend says this leaf fell from Yggdrasil. It contains immense Life energy and can Revive a Character who can no longer Battle	ตำนานบอกว่าใบไม้นี้ร่วงมาจากอิกดราซิลมันมีพลัง Life มหาศาลและสามารถชุบ Life ตัวละครที่ไม่สามารถต่อสู้ได้อีกต่อไป
24188	Cart-exclusive skill. Increases your Movement Speed by ^{1}${1}%^{2} and removes ^{3}【Slow】^{4} from you for ^{5}${2}^{6} sec.	ทักษะพิเศษเฉพาะรถเข็นเพิ่มความเร็วในการเคลื่อนที่ของคุณโดย ^{1}${1}%^{2}และลบ ^{3}【Slow】^{4}ออกจากคุณเป็นเวลา ^{5}${2}^{6}วินาที
24189	Bobo blows a bubble, granting the master a ^{5}Bubble Shield^{6} equal to ^{1}Adaptive ATK^{2}*^{3}${1}%^{4} for ${2} seconds.	Bobo เป่าฟองอากาศ ให้ต้นแบบ ^{5}Bubble Shield^{6}เท่ากับ ^{1}Adaptive ATK^{2}*^{3}${1}%^{4}สำหรับ${2}วินาที
24190	Milly deals Neutral ranged Physical damage equal to Physical ATK *^{1}${2}%^{2} to the designated ST enemy within ${1} meters.	Milly สร้างความเสียหายทางกายภาพในระยะเป็นกลางเท่ากับ ATK ทางกายภาพ *^{1}${2}%^{2}ไปยังศัตรู ST ที่กำหนดภายในระยะ${1}เมตร
24191	You're done already? You must've worked hard. Here, the Bunny Hair Band is all wrapped up. Good luck confessing your feelings!	You're done already? You must've worked hard. Here, the Bunny Hair Band is all wrapped up. Good luck confessing your feelings!
24192	Here is your key. Dinner will be delivered to your room in one hour. If you'd like hot Milk or herbal tea, just ring the bell.	Here is your key. Dinner will be delivered to your room in one hour. If you'd like hot Milk or herbal tea, just ring the bell.
24193	If the Adventure Guild creation process is not started within the support period, the support group will automatically disband	If the Adventure Guild creation process is not started within the support period, the support group will automatically disband
24194	While 【Cloaking】 is active, you cannot be seen or targeted. You are revealed after taking damage @{1} times or dealing damage.	ในขณะที่ 【Cloaking】 ทำงานอยู่ คุณจะไม่สามารถมองเห็นหรือกำหนดเป้าหมายได้คุณจะถูกเปิดเผยหลังจากได้รับความเสียหาย@{1}ครั้งหรือสร้างความเสียหาย
24195	After using a recommended build, stat points will be allocated automatically upon Level-up based on the selected recommendation	After using a recommended build, stat points will be allocated automatically upon Level-up based on the selected recommendation
24196	\nYou successfully completed ^{1}@{1}^{2} box-stacking challenges and ^{3}@{2}^{4} Othello matches, demonstrating true mastery.	\nYou successfully completed ^{1}@{1}^{2} box-stacking challenges and ^{3}@{2}^{4} Othello matches, demonstrating true mastery.
24197	@{1}.Spend Kaka Victory Coins at the Kafra Shop to exchange for rewards.\n@{2}.Some items require you to reach a specific rank.	@{1}.Spend Kaka Victory Coins at the Kafra Shop to exchange for rewards.\n@{2}.Some items require you to reach a specific rank.
24198	Phantom Realm dungeons accumulate over the course of each Season. A team of ^{1}at least @{1} Members^{2} is required to enter.	Phantom Realm dungeons accumulate over the course of each Season. A team of ^{1}at least @{1} Members^{2} is required to enter.
24199	Ignores monster Size. When attacking, has a @{1}% Chance to increase damage against Small, Medium, and Large monsters by @{2}%.	ละเว้นขนาดสัตว์ประหลาดเมื่อโจมตี มีโอกาส@{1}% ที่จะเพิ่มความเสียหายต่อมอนสเตอร์ขนาดเล็ก กลาง และใหญ่@{2}%
24200	^{1}^{2}[High Speed Cart Ram]^{3}^{4}'s percentage damage multiplier increases by ${1}% and its fixed damage increases by ${2}.	^{1}^{2}[High Speed Cart Ram]^{3}^ ตัวคูณเปอร์เซ็นต์ความเสียหายของ{4}เพิ่มขึ้น${1}% และความเสียหายคงที่เพิ่มขึ้น${2}
24201	When 【Jupitel Thunder】 hits, triggers 【Thunderbolt】, dealing Wind ranged magic damage equal to Magic ATK * ${1}% to the target.	เมื่อ 【Jupitel Thunder】 โจมตี ใช้งาน 【Thunderbolt】 สร้างความเสียหายเวทย์มนตร์ในรัศมีลมเท่ากับ Magic ATK *${1}% ไปยังเป้าหมาย
24202	Osiris ^{1}summons multiple walls of fire^{2} that ^{3}rotate around the center of the field^{4}. Players must avoid the walls.	Osiris ^{1}summons multiple walls of fire^{2} that ^{3}rotate around the center of the field^{4}. Players must avoid the walls.
24203	Earrings made from black wings, exuding the noble aura of a demon. Wearing them seems to grant mysterious power from the wings.	Earrings made from black wings, exuding the noble aura of a demon. Wearing them seems to grant mysterious power from the wings.
24204	Forged from an ancient, tamed sun, this chariot trails the golden light of dawn and the dying embers of dusk with every charge.	Forged from an ancient, tamed sun, this chariot trails the golden light of dawn and the dying embers of dusk with every charge.
24205	This ancient dragon once governed the paths of the stars. Now it restrains its divine might and carries you across the heavens.	This ancient dragon once governed the paths of the stars. Now it restrains its divine might and carries you across the heavens.
24206	Excellent work. Rookie, welcome to the operation. This is Instructor Wulf. Relax—from now on, we'll Fight Alongside each other.	Excellent work. Rookie, welcome to the operation. This is Instructor Wulf. Relax—from now on, we'll Fight Alongside each other.
24207	Master, that lady looks a little strange... But maybe the professor got it right this time? There really is someone over there!	Master, that lady looks a little strange... But maybe the professor got it right this time? There really is someone over there!
24208	Congratulations! Purchase successful. The item you bought from the Stall has been sent to you by mail. Please check your inbox~	Congratulations! Purchase successful. The item you bought from the Stall has been sent to you by mail. Please check your inbox~
24209	Congratulations on ranking ${1} on the Combat Power Rankings—Archers! Here's your ranking reward. Please check the attachments!	Congratulations on ranking ${1} on the Combat Power Rankings—Archers! Here's your ranking reward. Please check the attachments!
24210	Here is the reissued reward for the Entire Server progress in the Goddess's Prelude event. Please claim it from the attachment.	Here is the reissued reward for the Entire Server progress in the Goddess's Prelude event. Please claim it from the attachment.
24211	If it's already been dug up, there's nothing we can do. Still, we could ask around. Maybe we can dig up some other information.	If it's already been dug up, there's nothing we can do. Still, we could ask around. Maybe we can dig up some other information.
24212	I'm a Blacksmith who refines armor and weapons. I can refine the equipment you're wearing—which piece would you like to refine?	I'm a Blacksmith who refines armor and weapons. I can refine the equipment you're wearing—which piece would you like to refine?
24213	An aura of ^{1}${1}^{2} is emanating from the rift. The Rift Stone may warp us to an entirely new location. Please be prepared.	An aura of ^{1}${1}^{2} is emanating from the rift. The Rift Stone may warp us to an entirely new location. Please be prepared.
24214	Oh, stop complaining. Look, you picked up a Card: Poring! Wow, that's a great find! It can grant your equipment unexpected STR.	Oh, stop complaining. Look, you picked up a Card: Poring! Wow, that's a great find! It can grant your equipment unexpected STR.
24215	After a blinding flash and a cloud of acrid smoke, a strange, red-bodied ant with twitching antennae appeared in Phines's hand.	After a blinding flash and a cloud of acrid smoke, a strange, red-bodied ant with twitching antennae appeared in Phines's hand.
24216	The ship will fall apart at this rate! Hurry to starboard and operate the Turret to Auto Counter! Show them what we're made of!	The ship will fall apart at this rate! Hurry to starboard and operate the Turret to Auto Counter! Show them what we're made of!
24217	Kafra Battlefield Manager\nReceive the Blessing of Thor, God of Thunder, granting @{1} Extra exclusive skills for @{2} minutes.	Kafra Battlefield Manager\nReceive the Blessing of Thor, God of Thunder, granting @{1} Extra exclusive skills for @{2} minutes.
24218	Quick Tip\nTime it right! Tap when the pointer passes through the green area. The closer to the center, the higher your Rating!	Quick Tip\nTime it right! Tap when the pointer passes through the green area. The closer to the center, the higher your Rating!
24219	The enemy has breached the South Gate perimeter and is advancing toward the Inn! Fall back and defend the Inn area immediately!	The enemy has breached the South Gate perimeter and is advancing toward the Inn! Fall back and defend the Inn area immediately!
24220	The main guild building determines the Guild Member capacity. Level-up the main building to increase the Guild Member capacity.	The main guild building determines the Guild Member capacity. Level-up the main building to increase the Guild Member capacity.
24221	A common material used for Talent Level-up.\nA faint trace left behind through the continued use and understanding of a Talent.	วัสดุทั่วไปที่ใช้สำหรับการเพิ่มระดับความสามารถพิเศษ\n ร่องรอยจางๆ ที่ถูกทิ้งไว้เบื้องหลังจากการใช้และความเข้าใจในพรสวรรค์อย่างต่อเนื่อง
24222	A katar with a double-layered blade. Its cuts leave wounds that cannot be stitched closed, slowly leading its victims to death.	กาตาร์ที่มีใบมีดสองชั้น บาดแผลของมันทิ้งบาดแผลที่ไม่สามารถเย็บปิดได้ และค่อยๆ นำเหยื่อไปสู่ความตาย
24223	Golden Thief Bug marks multiple players and Launches fireballs at them after @{1} sec, damaging the targets and nearby players.	Golden Thief Bug ทำเครื่องหมายผู้เล่นหลายคนและปล่อยลูกไฟใส่พวกเขาหลังจาก@{1}วินาที สร้างความเสียหายให้กับเป้าหมายและผู้เล่นใกล้เคียง
24224	When casting a ^{1}Recovery-type^{2} Primary Battle Skill, additionally restores HP to the owner equal to Max HP*^{3}${1}%^{4}.	เมื่อร่าย ^{1}Recovery-type^{2}Primary Battle Skill จะฟื้นฟู HP เพิ่มเติมให้กับเจ้าของเท่ากับ Max HP*^{3}${1}%^{4}
24225	Squidgitte deals Neutral melee Physical damage equal to Physical ATK*^{1}${2}%^{2} to a designated ST enemy within ${1} meters.	Squidgitte สร้างความเสียหายทางกายภาพระยะประชิดที่เป็นกลางเท่ากับ ATK กายภาพ*^{1}${2}%^{2}ไปยังศัตรู ST ที่กำหนดภายในระยะ${1}เมตร
24226	Permanently increases HP recover rate. Every ${1} sec., restores ^{1}Life^{2} equal to Max Life * ^{3}${2}%^{4} + ^{5}${3}^{6}.	เพิ่มอัตราการฟื้นฟู HP อย่างถาวรทุก ๆ${1}วินาที จะกู้คืน ^{1}Life^{2}เท่ากับ Max Life * ^{3}${2}%^{4}+ ^{5}${3}^{6}
24227	Triggers @{1} instances of 【Elemental Pursuit】, dealing Magic ATK*^{1}${1}%+${2}^{2} Neutral ranged magic damage to the target.	ทริกเกอร์@{1}ของ 【Elemental Pursuit】 สร้าง ATK เวทย์มนตร์*^{1}${1}%+${2}^{2}สร้างความเสียหายเวทย์มนตร์ระยะไกลไปยังเป้าหมาย
24228	Each existing Horong targets a random player's location with an AOE after a @{1}-second warning, then moves beneath that player	Horong ที่มีอยู่แต่ละตัวจะกำหนดเป้าหมายตำแหน่งของผู้เล่นแบบสุ่มด้วย AOE หลังจากการเตือนครั้งที่สองของ@{1}จากนั้นเคลื่อนที่ไปข้างใต้ผู้เล่นนั้น
24229	When casting a ^{1}Control-type^{2} Primary Battle Skill, grants the owner a Shield equal to Max HP*^{3}${1}%^{4} for ${2} sec.	เมื่อร่าย ^{1}Control-type^{2}Primary Battle Skill จะมอบโล่ให้กับเจ้าของเท่ากับ Max HP*^{3}${1}%^{4}สำหรับ${2}วินาที
24230	Deals damage equal to @{3}% of Physical ATK to enemies in a @{1}m-long, @{2}m-wide area ahead and moves @{4}m in that direction	สร้างความเสียหายเท่ากับ@{3}% ของ ATK กายภาพแก่ศัตรูในระยะ@{1}m ยาว@{2}พื้นที่กว้าง m ข้างหน้า และเคลื่อน@{4}m ไปในทิศทางนั้น
24231	Work together to defeat the mysterious enemy and earn a participation reward!\n^{1}Land the final blow for a special reward!^{2}	Work together to defeat the mysterious enemy and earn a participation reward!\n^{1}Land the final blow for a special reward!^{2}
24232	Supply Transport has begun. All members must head to the Territory War map immediately and begin escorting supplies. [Tap to Go]	Supply Transport has begun. All members must head to the Territory War map immediately and begin escorting supplies. [Tap to Go]
24233	Enabling Auto-Purchase for Fly Wings will automatically spend Coins to purchase them from the Shop. Please proceed with caution!	Enabling Auto-Purchase for Fly Wings will automatically spend Coins to purchase them from the Shop. Please proceed with caution!
24234	Sorry, the update cannot be downloaded because your device does not have enough storage space. Free up some space and Try Again.	Sorry, the update cannot be downloaded because your device does not have enough storage space. Free up some space and Try Again.
24235	When taking damage, has a @{1}% Chance to change your armor's element to Holy for @{2} seconds. Internal Cooldown: @{3} seconds.	เมื่อได้รับความเสียหาย มีโอกาส@{1}% ที่จะเปลี่ยนองค์ประกอบของชุดเกราะของคุณเป็นศักดิ์สิทธิ์เป็นเวลา@{2}วินาทีคูลดาวน์ภายใน:@{3}วินาที
24236	Are you sure you want to decline guild invitations?\n(Once selected, other players will be unable to invite you to Join a guild)	Are you sure you want to decline guild invitations?\n(Once selected, other players will be unable to invite you to Join a guild)
24237	Congratulations on ranking ${1} on the Combat Power Rankings—Acolytes! Here's your ranking reward. Please check the attachments!	Congratulations on ranking ${1} on the Combat Power Rankings—Acolytes! Here's your ranking reward. Please check the attachments!
24238	That kid—oh, Jack—said he could get the best mousetraps in town... as long as I keep sitting here for him for a few more days...	That kid—oh, Jack—said he could get the best mousetraps in town... as long as I keep sitting here for him for a few more days...
24239	Aorufeng is guarding the formation at the top of the tower. Take the fragment to him. He knows how to fit it back into the base.	Aorufeng is guarding the formation at the top of the tower. Take the fragment to him. He knows how to fit it back into the base.
24240	You're a new Adventurer, aren't you? Come here, I'll show you. You're right here. Go this way to Prontera or that way to Izlude.	You're a new Adventurer, aren't you? Come here, I'll show you. You're right here. Go this way to Prontera or that way to Izlude.
24241	This bakery only makes a limited number each day. It's too late to line up now, so buy one from me later for just an extra @{1}!	This bakery only makes a limited number each day. It's too late to line up now, so buy one from me later for just an extra @{1}!
24242	Time is short, so I'll get straight to the point. Our mission is to travel to Sograt Desert and Find the missing Professor Ryan.	Time is short, so I'll get straight to the point. Our mission is to travel to Sograt Desert and Find the missing Professor Ryan.
24243	Brave of you. That's an Eden Group member for you. If you're in danger inside Ant Hell, ask Fiennes for help. You've met before.	Brave of you. That's an Eden Group member for you. If you're in danger inside Ant Hell, ask Fiennes for help. You've met before.
24244	Th-Thank You! Why would you venture into a place like this? The entire Pyramid is under lockdown. It's extremely dangerous here!	Th-Thank You! Why would you venture into a place like this? The entire Pyramid is under lockdown. It's extremely dangerous here!
24245	Quick Tip\nTap the button rapidly to increase your progress. The more energy you have when time runs out, the higher your score!	Quick Tip\nTap the button rapidly to increase your progress. The more energy you have when time runs out, the higher your score!
24246	Large numbers of invading monsters have appeared along the central perimeter. All mobile defenders, provide support immediately!	Large numbers of invading monsters have appeared along the central perimeter. All mobile defenders, provide support immediately!
24247	The central district's defenses are under pressure! The enemy is closing in on Prontera's core. Prioritize the central defenses!	The central district's defenses are under pressure! The enemy is closing in on Prontera's core. Prioritize the central defenses!
24248	Was I seeing things just now? Maya actually carried someone off? My goodness, I can't believe I witnessed something like that...	Was I seeing things just now? Maya actually carried someone off? My goodness, I can't believe I witnessed something like that...
24249	Complete Music Energy objectives during the event. Fill the progress bar to make a Wish to the Goddess and earn tons of rewards.	Complete Music Energy objectives during the event. Fill the progress bar to make a Wish to the Goddess and earn tons of rewards.
24250	You still have unclaimed treasure chests. If you leave, you will not be able to claim them later. Are you sure you want to exit?	You still have unclaimed treasure chests. If you leave, you will not be able to claim them later. Are you sure you want to exit?
24251	If more than <color=#CC762A>3</color> party Members have no Reward Count remaining, the party's Auction Rewards will be affected	If more than <color=#CC762A>3</color> party Members have no Reward Count remaining, the party's Auction Rewards will be affected
24252	Orc Hero slashes the ground, sending three fan-shaped shockwaves outward that damage players hit. This skill is cast repeatedly.	Orc Hero ฟาดพื้น ส่งคลื่นกระแทกรูปพัด 3 อันออกไปด้านนอกซึ่งสร้างความเสียหายให้กับผู้เล่นทักษะนี้ถูกร่ายซ้ำแล้วซ้ำอีก
24253	You can place certain buff skills on the Skill Bar. When you use the Skill Bar, all available skills in the Lineup will be cast.	คุณสามารถวางทักษะบัฟบางอย่างบน Skill Bar ได้เมื่อคุณใช้ Skill Bar ทักษะทั้งหมดที่มีอยู่ในรายการจะถูกใช้งาน
24254	When 【Basic Attack】 lands a critical hit, casts 【Cross Impact】 on the target, dealing 【${3}% Physical ATK】 melee Physical damage	เมื่อ 【Basic Attack】 โจมตีแบบคริติคอล ร่าย 【Cross Impact】 ไปที่เป้าหมาย สร้างความเสียหายทางกายภาพเชิงประชิด 【${3}% ATK 】
24255	After 【Basic Attack】 lands a critical hit, cast 【Cross Impact】 on the target, dealing 【${6}% Physical ATK】 melee Physical damage	หลังจาก 【Basic Attack】 โจมตีคริติคอล ร่าย 【Cross Impact】 ไปที่เป้าหมาย สร้างความเสียหายทางกายภาพระยะประชิด 【${6}% ATK 】
24256	When 【Basic Attack】 lands a critical hit, casts 【Cross Impact】 on the target, dealing 【${9}% Physical ATK】 melee Physical damage	เมื่อ 【Basic Attack】 โจมตีแบบคริติคอล ร่าย 【Cross Impact】 ไปที่เป้าหมาย สร้างความเสียหายทางกายภาพระยะประชิด 【${9}% ATK ทางกายภาพ
24257	After using 【Virus Spread】, deals ${1} Extra hit(s) of Neutral melee Physical damage equal to Physical ATK × ${2}% to one enemy.	หลังจากใช้ 【Virus Spread】 จะสร้างความเสียหายทางกายภาพระยะประชิดทางกายภาพให้กับ${1}เป็นพิเศษ เท่ากับ ATK กายภาพ ×${2}% ต่อศัตรูหนึ่งตัว
24258	Invokes Divine Light, restoring ^{3}Life^{4} equal to own ATK * ^{1}@{2}%^{2} for self and the designated ST ally within @{1} m.	อัญเชิญ Divine Light ฟื้นฟู ^{3}Life^{4}เท่ากับ ATK ของตัวเอง * ^{1}@{2}%^{2}สำหรับตนเองและพันธมิตร ST ที่กำหนดภายใน@{1}m.
24259	Every day from 10:00-22:00, Rift Gates randomly appear on various maps every two hours. Watch for Eden Group System announcements	Every day from 10:00-22:00, Rift Gates randomly appear on various maps every two hours. Watch for Eden Group System announcements
24260	Tap the buttons at the bottom to play the corresponding notes. Play the required song in the correct order to complete the stage.	Tap the buttons at the bottom to play the corresponding notes. Play the required song in the correct order to complete the stage.
24261	@{1}.You can share with any friend, group, or recent contact.\n@{2}.All sharing has a Cooldown, so you cannot share continuously!	@{1}.You can share with any friend, group, or recent contact.\n@{2}.All sharing has a Cooldown, so you cannot share continuously!
24262	In the previous auction, your guild did not rank among the top @{1}, so it is not eligible to participate in this Stronghold War.	In the previous auction, your guild did not rank among the top @{1}, so it is not eligible to participate in this Stronghold War.
24263	Fresh mushrooms skewered and charcoal-grilled until browned outside and plump within. Increases Life by @{1}~@{2} for @{3} hours.	เห็ดสดเสียบไม้ย่างถ่านจนกรอบนอกเป็นสีน้ำตาลและข้างในอวบอ้วนเพิ่มอายุการใช้งานโดย@{1}~@{2}เป็นเวลา@{3}ชั่วโมง
24264	Strawberry and cocoa melted into warm Milk, creating a rich pinkish-brown drink. Increases Magic DEF by @{1}~@{2} for @{3} hours.	Strawberry และโกโก้ละลายเป็น Milk อุ่น ทำให้เกิดเครื่องดื่มสีน้ำตาลอมชมพูที่เข้มข้นเพิ่ม Magic DEF โดย@{1}~@{2}เป็นเวลา@{3}ชั่วโมง
24265	^{1}^{2}【Hammer Fall】^{3}^{4}'s percentage damage multiplier increases by ${1}%, and its fixed Damage Increase increases by ${2}.	^{1}^{2}【Hammer Fall】^{3}^ ตัวคูณเปอร์เซ็นต์ความเสียหายของ{4}จะเพิ่มขึ้น${1}% และการเพิ่มความเสียหายคงที่ของมันจะเพิ่มขึ้น${2}
24266	^{1}^{2}[Joint Beat]^{3}^{4} simultaneously inflicts [Break Ankle], [Break Wrist], [Break Waist], and [Break Neck] on the target.	^{1}^{2}[Joint Beat]^{3}^{4}ก่อให้เกิด [Break Ankle], [Break Wrist], [Break Waist] และ [Break Neck] ไปที่เป้าหมายพร้อมกัน
24267	A Costume balloon featuring Lunatic, Eclipse, and Leaf Lunatic together. It's so huge, it feels like it could carry someone away.	A Costume balloon featuring Lunatic, Eclipse, and Leaf Lunatic together. It's so huge, it feels like it could carry someone away.
24268	Congratulations on ranking ${1} on the Combat Power Rankings—Merchants! Here's your ranking reward. Please check the attachments!	Congratulations on ranking ${1} on the Combat Power Rankings—Merchants! Here's your ranking reward. Please check the attachments!
24269	The Inn's defenses are under heavy pressure! The enemy is trying to push into the southern district. Support the Inn immediately!	The Inn's defenses are under heavy pressure! The enemy is trying to push into the southern district. Support the Inn immediately!
24270	The Holy City, symbol of ultimate glory, is now open. Join forces to capture it and plant your banner at the pinnacle of victory!	The Holy City, symbol of ultimate glory, is now open. Join forces to capture it and plant your banner at the pinnacle of victory!
24271	A hilt forged from Meteor Metal and imbued with the power of a falling star. It greatly improves weapon performance and handling.	ด้ามจับที่ถูกสร้างขึ้นจาก Meteor Metal และเต็มไปด้วยพลังของดาวตก มันปรับปรุงประสิทธิภาพและการจัดการอาวุธอย่างมาก
24272	Use to send every guild Member except each Temporary Member an Advanced Pack by mail. The Pack contains advanced growth Material.	ใช้เพื่อส่งสมาชิกกิลด์ทุกคนยกเว้นสมาชิกชั่วคราวแต่ละคนเป็นแพ็คขั้นสูงทางไปรษณีย์แพ็กประกอบด้วยวัสดุการเติบโตขั้นสูง
24273	Shield skill. Grants you 【Defending Aura】 for ${1} seconds. 【Defending Aura】: Reduces Ranged Physical DMG taken by ^{1}${2}%^{2}.	ทักษะโล่มอบ 【Defending Aura】 ให้กับคุณเป็นเวลา${1}วินาที【Defending Aura】: ลดความเสียหายทางกายภาพระยะไกลที่ได้รับโดย ^{1}${2}%^{2}
24274	Creates a circular camouflage field spanning @{1} meters at your location, granting Stealth to up to @{2} allies for @{3} seconds	สร้างสนามลายพรางวงกลมซึ่งทอดยาว@{1}เมตร ณ ตำแหน่งของคุณ โดยให้การซ่อนตัวแก่พันธมิตร@{2}เป็นเวลา@{3}วินาที
24275	Bobo grants up to @{1} allies within ${1} meters a ^{3}Bubble Shield^{4} equal to Bobo's Max HP * ^{1}${2}%^{2} for ${3} seconds.	Bobo มอบพันธมิตรสูงสุด@{1}ภายใน${1}เมตร a ^{3}Bubble Shield^{4}เท่ากับ Max HP ของ Bobo * ^{1}${2}%^{2}สำหรับ${3}วินาที
24276	After a 【Basic Attack】 critically hits, casts 【Cross Impact】 on the target, dealing 【${5}% Physical ATK】 as melee Physical damage	หลังจาก 【Basic Attack】 โจมตีคริติคอล ร่าย 【Cross Impact】 ไปที่เป้าหมาย สร้างความเสียหายทางกายภาพ 【${5}% ของ ATK 】เป็นความเสียหายทางกายภาพระยะประชิด
24277	When your ^{1}【Highness Heal】^{2} hits an ally, it casts ^{3}^{4}【Sound Stream】^{5}^{6} on up to ${2} allies within ${1}m of you.	เมื่อ ^{1}【Highness Heal】^{2}โจมตีพันธมิตร มันจะร่าย ^{3}^{4}【Sound Stream】^{5}^{6}ใช้กับพันธมิตร${2}ภายใน${1}ครับผม
24278	Deals @{2}% Physical ATK to enemies within @{1} m, inflicting Stun for @{3} sec. Also applies Over Brand to yourself for @{4} sec	สร้าง@{2}% ATK ทางกายภาพแก่ศัตรูที่อยู่ในระยะ@{1}m ทำให้เกิดอาการมึนงงเป็นเวลา@{3}วินาทีใช้งาน Over Brand กับตัวคุณเองเป็นเวลา@{4}วินาทีด้วย
24279	At the moment of danger, the necklace around your neck suddenly begins to glow, drawing you into that mysterious space once again.	ในช่วงเวลาอันตราย สร้อยคอรอบคอของคุณก็เริ่มเรืองแสง ดึงคุณเข้าสู่พื้นที่ลึกลับนั้นอีกครั้ง
24280	A Rare silver mineral vein that glimmers faintly. Mine it to obtain intermediate ore. ^{1}Can be used to Craft T@{1} equipment^{2}	A Rare silver mineral vein that glimmers faintly. Mine it to obtain intermediate ore. ^{1}Can be used to Craft T@{1} equipment^{2}
24281	@{1}.Complete daily activities to earn Activity Points and claim Activity Point rewards. Activity Points reset daily at @{2}:@{3}.	@{1}.Complete daily activities to earn Activity Points and claim Activity Point rewards. Activity Points reset daily at @{2}:@{3}.
24282	The objective is shown in the upper-left corner of the screen. Place the required number of goods on the field to clear the stage.	The objective is shown in the upper-left corner of the screen. Place the required number of goods on the field to clear the stage.
24283	^{1}^{2}[Joint Beat]^{3}^{4} can also Deals DMG to ${2} Other enemies within ${1} meters of the target and break their body parts.	^{1}^{2}[Joint Beat]^{3}^{4}สามารถสร้าง DMG ไปยัง${2}ศัตรูอื่นๆ ที่อยู่ภายใน${1}เมตรของเป้าหมาย และทำลายส่วนต่างๆ ของร่างกาย
24284	Reduces the Cooldown of ^{1}^{2}[Hiding]^{3}^{4}, ^{5}^{6}[Back Slide]^{7}^{8}, and ^{9}^{10}[Disguise]^{11}^{12} by ${1} seconds.	ลดคูลดาวน์ของ ^{1}^{2}[Hiding]^{3}^{4}, ^{5}^{6}[Back Slide]^{7}^{8}และ↑{9}^{10}[Disguise]^{11}^{12}โดย${1}วินาที
24285	Summon Divine Light, restoring ^{3}Life^{4} equal to ATK * ^{1}@{2}%^{2} for yourself and a designated ST ally within @{1} meters.	Summon Divine Light, restoring ^{3}Life^{4} equal to ATK * ^{1}@{2}%^{2} for yourself and a designated ST ally within @{1} meters.
24286	"Spend <sprite name=""${1}""> <#cc762a>X${2}</color> to open a Stall?\nThis Stall will remain open for <#cc762a>${3} minutes</color>."	"Spend <sprite name=""${1}""> <#cc762a>X${2}</color> to open a Stall?\nThis Stall will remain open for <#cc762a>${3} minutes</color>."
24287	Here, take this. It's called a ^{1}【Fly Wing】^{2}. Crush one, and it'll teleport you a random Distance through this bamboo forest.	Here, take this. It's called a ^{1}【Fly Wing】^{2}. Crush one, and it'll teleport you a random Distance through this bamboo forest.
24288	Next time something like this happens, don't go off on your own. You must wait for us to return. Come on, let's head back to camp.	Next time something like this happens, don't go off on your own. You must wait for us to return. Come on, let's head back to camp.
24289	You're incredible! Congratulations on becoming RO's greatest genius Lucky Koi! Please claim your reward from the mail attachments!	You're incredible! Congratulations on becoming RO's greatest genius Lucky Koi! Please claim your reward from the mail attachments!
24290	Ask the Pet Merchant. His little Porings run around the forest all day, so he should know which trees have good wood beneath them.	Ask the Pet Merchant. His little Porings run around the forest all day, so he should know which trees have good wood beneath them.
24291	They say the bodies in the nearby caves couldn't pass on to the afterlife, so they still wander this world. Ahh, how terrifying...	They say the bodies in the nearby caves couldn't pass on to the afterlife, so they still wander this world. Ahh, how terrifying...
24292	Would you two stop conducting an interview over there? I'm still here! Did you forget that idiot almost got swatted away by Eddga?	Would you two stop conducting an interview over there? I'm still here! Did you forget that idiot almost got swatted away by Eddga?
24293	But don't worry too much. There's a beginner protection period, so the Success Rate is extremely high for your first few attempts!	But don't worry too much. There's a beginner protection period, so the Success Rate is extremely high for your first few attempts!
24294	Liquid extracted from a sacred plant. Its Divine Light and purification properties make it useful for crafting advanced equipment.	น้ำยาสกัดจากพืชศักดิ์สิทธิ์ Divine Light และคุณสมบัติการทำให้บริสุทธิ์ทำให้มีประโยชน์ในการประดิษฐ์อุปกรณ์ขั้นสูง
24295	Head to the edge of the arena and Kill minor Monsters to earn lots of points. Pick up battlefield supplies to gain powerful skills	Head to the edge of the arena and Kill minor Monsters to earn lots of points. Pick up battlefield supplies to gain powerful skills
24296	Causes the Supply Cart to explode after ${1} seconds, dealing damage equal to ${3}% of Life to enemies within a ${2}-meter radius.	ทำให้รถเข็นเสบียงระเบิดหลังจาก${1}วินาที สร้างความเสียหายเท่ากับ${3}% ของ Life แก่ศัตรูภายในรัศมี${2}เมตร
24297	When using Sonic Blow, unleashes an Extra mini “Sonic Blow” on up to two targets within @{1} meters (internal cooldown: @{2} sec.)	เมื่อใช้ Sonic Blow จะปล่อย Extra mini “Sonic Blow” ไปยังเป้าหมายสูงสุดสองตัวภายใน@{1}เมตร (คูลดาวน์ภายใน:@{2}วินาที)
24298	When Virus Spread is cast, it deals one Extra instance of high damage to one enemy HIT, prioritizing enemies closer to the center.	เมื่อมีการร่ายการแพร่กระจายของไวรัส มันจะสร้างความเสียหายสูงพิเศษหนึ่งครั้งให้กับศัตรู 1 คน โดยจัดลำดับความสำคัญของศัตรูที่อยู่ใกล้ศูนย์กลางมากขึ้น
24299	Draw power from Rune Runes to increase PATK by @{1}% and ASPD by @{2}%, plus an Extra @{3}% HP recover efficiency based on Max HP.	ดึงพลังจากรูนรูนเพื่อเพิ่ม PATK ขึ้น@{1}% และ ASPD ขึ้น@{2}% บวกกับประสิทธิภาพการฟื้นฟู HP พิเศษ@{3}% ตาม HP สูงสุด
24300	Each time you take damage, Physical DEF increases by ${1}% and Magic DEF by ${2}%. Stacks up to ${3} times and lasts ${4} seconds.	ทุกครั้งที่คุณได้รับความเสียหาย DEF กายภาพจะเพิ่มขึ้น${1}% และ DEF เวทมนตร์${2}%สแต็กสูงสุด${3}ครั้งและคงอยู่${4}วินาที
24301	A shield granted by Sohee absorbs damage equal to ${1}% of Max Life. While the shield is active, damage taken is reduced by ${2}%.	โล่ที่ได้รับจาก Sohee จะดูดซับความเสียหายเท่ากับ${1}% ของพลัง Life สูงสุด ในขณะที่โล่ทำงาน ความเสียหายที่ได้รับจะลดลง${2}%
24302	Targets several players, then after a one-second warning, deals damage in a rectangular area @{1} meters wide and @{2} meters long	กำหนดเป้าหมายผู้เล่นหลายคน จากนั้นหลังจากคำเตือนหนึ่งวินาที จะสร้างความเสียหายในพื้นที่สี่เหลี่ยม@{1}เมตรกว้างและ@{2}เมตรยาว
24303	After casting ^{1}^{2}[Envenomed Blade]^{3}^{4} ${1} times, triggers ^{5}^{6}[Venom Sting]^{7}^{8} damage ${2} times on the target.	หลังจากร่าย ^{1}^{2}[Envenomed Blade]^{3}^{4}${1}ครั้ง ทริกเกอร์ ^{5}^{6}[Venom Sting]^{7}^{8}สร้างความเสียหายให้กับ${2}เท่าของเป้าหมาย
24304	Maya ^{1}slashes in front of and behind herself^{2} in sequence, then unleashes ^{3}two Cross Impacts^{4} at the designated target.	Maya ^{1}slashes in front of and behind herself^{2} in sequence, then unleashes ^{3}two Cross Impacts^{4} at the designated target.
24305	Moonlight Flower swings her Bell^{1}to smash the target area^{2}. The smash causes^{3}all Bells on the battlefield to resonate^{4}.	Moonlight Flower swings her Bell^{1}to smash the target area^{2}. The smash causes^{3}all Bells on the battlefield to resonate^{4}.
24306	Can amplify the power of Water, Earth, Fire, and Wind elemental bolts for terrifying ST damage, but lacks large-area magic attacks.	Can amplify the power of Water, Earth, Fire, and Wind elemental bolts for terrifying ST damage, but lacks large-area magic attacks.
24307	A ring personally overseen by Kafra and made exclusively for the Battle of Survivors. Rumor has it that Kafra personally signed it!	A ring personally overseen by Kafra and made exclusively for the Battle of Survivors. Rumor has it that Kafra personally signed it!
24308	Resonance inactive: <color=#B05142>+10%</color> damage taken from all Resonances, <color=#B05142>-10%</color> damage dealt to them.	Resonance inactive: <color=#B05142>+10%</color> damage taken from all Resonances, <color=#B05142>-10%</color> damage dealt to them.
24309	Two guilds face off in fierce battles across the main and Sub-Battlefield to earn personal rewards, Auction Rewards, and Dividends.	Two guilds face off in fierce battles across the main and Sub-Battlefield to earn personal rewards, Auction Rewards, and Dividends.
24310	Follow me and let's learn about the Spirit Tower! You can set your active pet here, and it'll Fight Alongside you inside the tower!	Follow me and let's learn about the Spirit Tower! You can set your active pet here, and it'll Fight Alongside you inside the tower!
24311	Pass confirmed. The White Dove has been cleared for departure, and its engines are warmed up. We expect to depart in three minutes.	Pass confirmed. The White Dove has been cleared for departure, and its engines are warmed up. We expect to depart in three minutes.
24312	Because your character has been restricted from using the auction Function, your bid funds have been refunded. Please collect them~	Because your character has been restricted from using the auction Function, your bid funds have been refunded. Please collect them~
24313	The treasure-guarding Monster you disturbed has been defeated. These are your Kill Rewards. Please claim them from the attachments.	The treasure-guarding Monster you disturbed has been defeated. These are your Kill Rewards. Please claim them from the attachments.
24314	Heh. So many adventurers and travelers have been coming and going lately that I can't tell the villagers from the visitors anymore.	Heh. So many adventurers and travelers have been coming and going lately that I can't tell the villagers from the visitors anymore.
24315	Hehe, not bad for a big dummy. ^{1}PlayerName^{2} is incredibly lucky, especially since they still have to take me out for dessert.	Hehe, not bad for a big dummy. ^{1}PlayerName^{2} is incredibly lucky, especially since they still have to take me out for dessert.
24316	This isn't Battle training. It's a way to Obtain Resources. By participating, you'll have a Chance to earn plenty of money and EXP.	This isn't Battle training. It's a way to Obtain Resources. By participating, you'll have a Chance to earn plenty of money and EXP.
24317	^{1}${1}^{2} disturbed a terrifying BOSS while treasure hunting in ^{3}${2}^{4}! Help Defeat it to receive a ^{5}Support Chest^{6}!	^{1}${1}^{2} disturbed a terrifying BOSS while treasure hunting in ^{3}${2}^{4}! Help Defeat it to receive a ^{5}Support Chest^{6}!
24318	The Chest of the Future contains valuable upgrade resources for the next Season. Claim it now to Keep its contents for next Season!	The Chest of the Future contains valuable upgrade resources for the next Season. Claim it now to Keep its contents for next Season!
24319	Transform into a blazing storm, becoming untargetable by enemies and continuously dealing damage to enemies within ${1}m for ${2}s.	แปลงร่างเป็นพายุที่ลุกโชน ทำให้ศัตรูไม่สามารถตกเป็นเป้าหมายได้ และสร้างความเสียหายอย่างต่อเนื่องให้กับศัตรูที่อยู่ในระยะ${1}m เป็นเวลา${2}s
24320	Maya sweeps her blade forward, dealing DMG to players in a large fan-shaped area ahead, then turns around and uses the skill again.	Maya กวาดดาบของเธอไปข้างหน้า สร้าง DMG ให้กับผู้เล่นที่อยู่ในพื้นที่รูปพัดขนาดใหญ่ข้างหน้า จากนั้นหันกลับมาและใช้ทักษะอีกครั้ง
24321	After casting a ^{1}Recovery-type^{2} Primary Battle Skill, reduces the Water Damage the owner takes by ^{3}${1}%^{4} for ${2} sec.	หลังจากร่าย ^{1}Recovery-type^{2}ทักษะการต่อสู้หลัก จะลดความเสียหายจากน้ำที่เจ้าของได้รับ ^{3}${1}%^{4}สำหรับ${2}วินาที
24322	Release a pulse in a ${1}-meter radius around you, dealing ${2} hits of Neutral melee Physical damage equal to PATK *^{1}${3}%^{2}.	ปล่อยชีพจรในรัศมี${1}รอบตัวคุณ สร้างความเสียหายทางกายภาพระยะประชิดที่เป็นกลางแก่${2}เท่ากับ PATK *^{1}${3}%^{2}
24323	Infuses your weapon with energy, increasing the percentage damage multiplier of Normal Attack skills by ^{1}${1}%^{2} for ${2} sec.	ใส่พลังงานให้กับอาวุธของคุณ เพิ่มเปอร์เซ็นต์ตัวคูณความเสียหายของทักษะ Normal Attack ^{1}${1}%^{2}เป็นเวลา${2}วินาที
24324	(Shakes his head with a laugh) That young lady has always been blunt. If she doesn't like your gift, she won't spare your feelings.	(Shakes his head with a laugh) That young lady has always been blunt. If she doesn't like your gift, she won't spare your feelings.
24325	Actually... when she helped me fight ants last time, I thought she was incredible. She unleashed this huge Magnum Break in a flash!	Actually... when she helped me fight ants last time, I thought she was incredible. She unleashed this huge Magnum Break in a flash!
24326	Damage taken from all elements is reduced by ^{1}${1}%^{2}. When hit, deals ^{3}${2}%^{4} ATK damage to enemies within @{1} meters.	ความเสียหายที่ได้รับจากองค์ประกอบทั้งหมดจะลดลง ^{1}${1}%^{2}เมื่อถูกโจมตี จะสร้างความเสียหาย ^{3}${2}%^{4}ATK สร้างความเสียหายแก่ศัตรูในระยะ@{1}เมตร
24327	Open ^{1}Daily Must-Dos^{2} and complete ^{3}Daily Misc activities (Dumby's Request, AFK in the Field, etc.)^{4} to earn lots of EXP	Open ^{1}สิ่งที่ต้องทำประจำวัน^{2}และทำสำเร็จ ^{3}กิจกรรมเบ็ดเตล็ดรายวัน (คำขอของ Dumby, AFK ในสนาม ฯลฯ ) ^{4}เพื่อรับ EXP มากมาย
24328	Maya is at the deepest point of the Ant Hell, which must be where she is holding the Professor. Defeat her and rescue the Professor.	Maya is at the deepest point of the Ant Hell, which must be where she is holding the Professor. Defeat her and rescue the Professor.
24329	Click the icon next to an appearance's name in the Wardrobe to mark it, making it easy to find your favorites in a large collection.	Click the icon next to an appearance's name in the Wardrobe to mark it, making it easy to find your favorites in a large collection.
24330	A stone statue of an ancient sage. Some people wear it on their heads, hoping to gain the sage's wisdom.\nBut it's incredibly heavy.	A stone statue of an ancient sage. Some people wear it on their heads, hoping to gain the sage's wisdom.\nBut it's incredibly heavy.
24331	A mask modeled after those worn by an assassination squad to conceal their identities. Wearing it somehow makes you feel more agile.	A mask modeled after those worn by an assassination squad to conceal their identities. Wearing it somehow makes you feel more agile.
24332	Assigning points increases the corresponding base stats. Click a stat's name to view it. You can freely assign and reset your stats.	Assigning points increases the corresponding base stats. Click a stat's name to view it. You can freely assign and reset your stats.
24333	Your tower-climbing reward couldn't be added because your Backpack was full. We've sent it by mail, so please check the attachments!	Your tower-climbing reward couldn't be added because your Backpack was full. We've sent it by mail, so please check the attachments!
24334	^{1}PlayerName^{2}, the situation has changed. This is no longer a simple search for cargo. We have to act. Let's leave immediately.	^{1}PlayerName^{2}, the situation has changed. This is no longer a simple search for cargo. We have to act. Let's leave immediately.
24335	I'm just a low-ranking employee who does odd jobs, but seeing our graduates stride confidently into the world always makes me happy.	I'm just a low-ranking employee who does odd jobs, but seeing our graduates stride confidently into the world always makes me happy.
24336	A new note! By Irmata, I seek not truth, but that which lies within the mist... Never mind. Please continue your search, Adventurer.	A new note! By Irmata, I seek not truth, but that which lies within the mist... Never mind. Please continue your search, Adventurer.
24337	Excellent work. It seems you've made the most of those Guides. Even among all the members I've trained, such rapid progress is rare.	Excellent work. It seems you've made the most of those Guides. Even among all the members I've trained, such rapid progress is rare.
24338	Boya and Wule are already in Izlude making preparations to board. Pack your things, bring your new equipment, and meet us in Izlude.	Boya and Wule are already in Izlude making preparations to board. Pack your things, bring your new equipment, and meet us in Izlude.
24339	"You stinky old man! What do you mean, ""should probably—maybe""? If he doesn't catch my Adventurer, they'll be squashed flat! No good!"	"You stinky old man! What do you mean, ""should probably—maybe""? If he doesn't catch my Adventurer, they'll be squashed flat! No good!"
24340	The Goddess's army has begun its invasion! Prontera South Gate is under direct assault. Head there and engage the enemy immediately!	The Goddess's army has begun its invasion! Prontera South Gate is under direct assault. Head there and engage the enemy immediately!
24341	All instances of the same Boss share the weekly attempt replenishment. Accumulated attempts cannot be used on Bosses unlocked later.	All instances of the same Boss share the weekly attempt replenishment. Accumulated attempts cannot be used on Bosses unlocked later.
24342	Head to the center of the arena and Kill minor Monsters to earn lots of points. Pick up battlefield supplies to gain powerful skills	Head to the center of the arena and Kill minor Monsters to earn lots of points. Pick up battlefield supplies to gain powerful skills
24343	Divine Enchant: Grants divine power to equipment, evolving it into\n^{1}one badass piece of gear^{2}. Equip it to become Invincible.	Divine Enchant: Grants divine power to equipment, evolving it into\n^{1}one badass piece of gear^{2}. Equip it to become Invincible.
24344	Permanently increases your ^{1}${1}^{2} ^{3}MP Regen^{4}, ^{5}${2}%^{6} ^{7}Max MP Regen^{8}, and ^{9}${3}^{10} ^{11}Magic ATK^{12}.	เพิ่ม ^{1}${1}^{2}^{3}MP Regen^{4}, ^{5}${2}%^{6}^{7}อัตราฟื้นฟู MP สูงสุด^{8}และ ^{9}${3}^{10}^{11}Magic ATK^{12}
24345	Creates a repulsion field with a radius of @{1} meters at your location. Enemies who enter are ejected. Lasts ^{1} @{2}^{2} seconds.	สร้างสนามแรงผลักที่มีรัศมี@{1}เมตร ณ ตำแหน่งของคุณศัตรูที่เข้ามาจะถูกไล่ออกคงอยู่ ^{1}@{2}^{2}วินาที
24346	You're here! A caravan was attacked by ^{1}【Baphomet】^{2} the day before yesterday! That beast is now holed up in the nearby forest.	You're here! A caravan was attacked by ^{1}【Baphomet】^{2} the day before yesterday! That beast is now holed up in the nearby forest.
24347	Allows 【Sonic Blow】 to trigger its damage increase when the target has less than @{1}% HP, and changes the damage increase to @{2}%.	อนุญาตให้ 【Sonic Blow】 กระตุ้นความเสียหายเพิ่มขึ้นเมื่อเป้าหมายมี HP น้อยกว่า@{1}% และเปลี่ยนความเสียหายที่เพิ่มขึ้นเป็น@{2}%
24348	Uses a falcon to Locate enemies in the ^{1}【Hiding】^{2} state within a @{1} m radius for @{2} sec. Skill Cooldown: ^{3}@{3}^{4} sec.	Uses a falcon to Locate enemies in the ^{1}【Hiding】^{2}state within a@{1}m radius for@{2}sec. คูลดาวน์ทักษะ: ^{3}@{3}^{4}วินาที
24349	Dear Adventurer,\nYour character has been forcibly logged out. Please log back in.\nThank You for your cooperation and understanding.	Dear Adventurer,\nYour character has been forcibly logged out. Please log back in.\nThank You for your cooperation and understanding.
24350	Freshly squeezed Grape and Lemon juices blended into a bright, sweet-and-tart drink. Increases Magic DEF by @{1}~@{2} for @{3} hours.	น้ำ Grape และมะนาวคั้นสดผสมเป็นเครื่องดื่มรสหวานอมเปรี้ยวที่สดใสเพิ่ม Magic DEF โดย@{1}~@{2}เป็นเวลา@{3}ชั่วโมง
24351	【Guild Auction Dividend Eligibility】 (This event is not displayed in the UI and is used solely for Guild Auction eligibility checks.)	【Guild Auction Dividend Eligibility】 (This event is not displayed in the UI and is used solely for Guild Auction eligibility checks.)
24352	^{1}^{2}[Shield Boomerang]^{3}^{4} deals an Extra @{1} hits of PATK*${1}%+${2} Neutral melee Physical damage to the locked-on target.	^{1}^{2}[Shield Boomerang]^{3}^{4}ทำการโจมตีพิเศษ@{1}ของ PATK*${1}%+${2}สร้างความเสียหายทางกายภาพระยะประชิดที่เป็นกลางต่อการล็อคออนเป้าหมาย
24353	While ^{1}^{2}[Aura Blade]^{3}^{4} is active, ASPD increases by ${1}%, and Normal Attack-type skills gain an Extra ${2}% Crit Chance.	ในขณะที่ ^{1}^{2}[Aura Blade]^{3}^{4}ทำงานอยู่ ASPD จะเพิ่มขึ้น${1}% และทักษะประเภท Normal Attack จะได้รับโอกาสคริติคอล${2}% เพิ่มเติม
24354	Taking off <color=#CC762A>${1}</color> will also undeploy the Bond <color=#CC762A>${2}</color>. Are you sure you want to take it off?	Taking off <color=#CC762A>${1}</color> will also undeploy the Bond <color=#CC762A>${2}</color>. Are you sure you want to take it off?
24355	A clock-shaped halo with Roman numerals. Its hour and minute hands rotate counterclockwise, as though they could control time itself.	A clock-shaped halo with Roman numerals. Its hour and minute hands rotate counterclockwise, as though they could control time itself.
24356	Now for the next step. The Medicine workshop needs 【Sticky Mucus】 dropped by Porings as a stabilizer for basic medicinal ingredients.	Now for the next step. The Medicine workshop needs 【Sticky Mucus】 dropped by Porings as a stabilizer for basic medicinal ingredients.
24357	Fabres are usually found near Prontera South Gate. Their soft yet durable fur can be used to craft all kinds of equipment. Stay safe.	Fabres are usually found near Prontera South Gate. Their soft yet durable fur can be used to craft all kinds of equipment. Stay safe.
24358	Here's your reward. Don't forget to come to the festival. Seth's Fireworks may have short fuses, but they'll definitely be beautiful!	Here's your reward. Don't forget to come to the festival. Seth's Fireworks may have short fuses, but they'll definitely be beautiful!
24359	Come, come! Hurry and take up a Life Skill! They say skills can change your destiny. You might even become as popular as me! Ohohoho!	Come, come! Hurry and take up a Life Skill! They say skills can change your destiny. You might even become as popular as me! Ohohoho!
24360	It was a glimpse of the future. But that isn't its only purpose. Keep it safe—it will play an even more important role in the future.	It was a glimpse of the future. But that isn't its only purpose. Keep it safe—it will play an even more important role in the future.
24361	Good question. No idea. Maybe I'm just exceptionally gifted. After all, I'm the smartest Deviling on the entire continent of Midgard.	Good question. No idea. Maybe I'm just exceptionally gifted. After all, I'm the smartest Deviling on the entire continent of Midgard.
24362	This is all your fault! You insisted they touch that stupid Stone! Now ^{1}PlayerName^{2} has brain damage! What are we going to do?!	This is all your fault! You insisted they touch that stupid Stone! Now ^{1}PlayerName^{2} has brain damage! What are we going to do?!
24363	Excellent. Your control over your STR is much steadier than when we first met. Your trials in this desert have truly transformed you.	Excellent. Your control over your STR is much steadier than when we first met. Your trials in this desert have truly transformed you.
24364	Resetting the stage will return it to its Initial state, fully restore the monsters' HP, and restart the challenge.\nReset the stage?	Resetting the stage will return it to its Initial state, fully restore the monsters' HP, and restart the challenge.\nReset the stage?
24365	Prontera South Gate's defenses are under pressure, and the enemy continues to gather. More defenders, reinforce the gate immediately!	Prontera South Gate's defenses are under pressure, and the enemy continues to gather. More defenders, reinforce the gate immediately!
24366	A powerful enemy has arrived! A high-threat target has appeared in the central area! Focus your attacks and eliminate it immediately!	A powerful enemy has arrived! A high-threat target has appeared in the central area! Focus your attacks and eliminate it immediately!
24367	Return to the classic monster-grinding experience of the original RO PC game and relive the thrill of growing stronger through battle	Return to the classic monster-grinding experience of the original RO PC game and relive the thrill of growing stronger through battle
24368	An accessory mold carefully carved from solid wood. Every detail has been meticulously refined to ensure a flawless finished product.	แม่พิมพ์เสริมที่แกะสลักอย่างประณีตจากไม้เนื้อแข็งทุกรายละเอียดได้รับการขัดเกลาอย่างพิถีพิถันเพื่อให้แน่ใจว่าผลิตภัณฑ์สำเร็จรูปไร้ที่ติ
24369	A dragon scale as hard as Steel. Legend says it provides exceptional resistance to both cold and heat. Can be exchanged for Headwear.	เกล็ดมังกรแข็งพอๆ กับ Steel ตำนานเล่าว่าสามารถต้านทานทั้งความเย็นและความร้อนได้ดีเยี่ยม สามารถเปลี่ยนเป็น Headwear ได้
24370	A translucent, silver-gray Crystal orb with mist swirling inside. Can be used to craft a Memory Coffer during the Gift of Time event.	ลูกแก้วคริสตัลสีเทาเงินโปร่งแสงพร้อมหมอกหมุนวนอยู่ข้างใน สามารถใช้เพื่อสร้างคลังความทรงจำในช่วงกิจกรรมของขวัญแห่งกาลเวลา
24371	Changes your ^{1}Basic Attack^{2} element and that of a selected ST ally within a ${1}-meter radius to ^{3}Holy^{4} for ${2} seconds.	เปลี่ยน ^{1}Basic Attack^{2}องค์ประกอบของคุณและของพันธมิตร ST ที่เลือกภายในรัศมี${1}-meter เป็น ^{3}Holy^{4}เป็นเวลา${2}วินาที
24372	Creates a repulsion field with a radius of @{1} meters at your location. Enemies who enter the field are ejected. Lasts @{2} seconds.	สร้างสนามแรงผลักที่มีรัศมี@{1}เมตร ณ ตำแหน่งของคุณศัตรูที่เข้ามาในสนามจะถูกไล่ออกคงอยู่@{2}วินาที
24373	When an ^{1}Offensive-type^{2} Primary Battle Skill hits, increases the Ranged Damage the target takes by ^{3}${2}%^{4} for ${1} sec.	เมื่อ ^{1}ประเภทรุก^{2}โจมตีทักษะการต่อสู้หลัก จะเพิ่มความเสียหายระยะไกลที่เป้าหมายได้รับ ^{3}${2}%^{4}สำหรับ${1}วินาที
24374	When casting ^{1}any type^{2} of Primary Battle Skill, grants the owner 【Fairy Shield】 equal to ^{3}${1}%^{4} of Max HP for ${3} sec.	เมื่อร่าย ^{1}ประเภทใดก็ได้^{2}ของทักษะการต่อสู้หลัก มอบสิทธิ์ให้เจ้าของ 【Fairy Shield】 เท่ากับ ^{3}${1}%^{4}ของ Max HP สำหรับ${3}วินาที
24375	When a 【Basic Attack】 lands a critical hit, casts 【Cross Impact】 on the target, dealing 【${4}% Physical ATK】 as melee Physical damage	เมื่อ 【Basic Attack】 โจมตีแบบคริติคอล ร่าย 【Cross Impact】 ไปที่เป้าหมาย สร้างความเสียหายทางกายภาพ 【${4}% ATK】 เป็นความเสียหายทางกายภาพระยะประชิด
24376	That could work. Let's split up. ^{1}PlayerName^{2} and I will deal with the hardest one to persuade, while Kiki talks to the others.	That could work. Let's split up. ^{1}PlayerName^{2} and I will deal with the hardest one to persuade, while Kiki talks to the others.
24377	Crafted <color=#EC8C2F>orange</color> and <color=#CA4A36>red</color> equipment is unidentified. Appraise it to gain random attributes.	Crafted <color=#EC8C2F>orange</color> and <color=#CA4A36>red</color> equipment is unidentified. Appraise it to gain random attributes.
24378	Defeating the corresponding monsters on the following maps will count:\n@{1}.【Sphinx Crypt Floor @{2}】\n@{3}.【Sphinx Crypt Floor @{4}】	Defeating the corresponding monsters on the following maps will count:\n@{1}.【Sphinx Crypt Floor @{2}】\n@{3}.【Sphinx Crypt Floor @{4}】
24379	Grape powder dissolved in sparkling water, topped with persistent purple-red foam. Increases Physical DEF by @{1}~@{2} for @{3} hours.	ผง Grape ละลายในน้ำอัดลม ราดด้วยโฟมสีม่วงแดงแบบถาวร เพิ่ม DEF ทางกายภาพโดย@{1}~@{2}เป็นเวลา@{3}กราฟิก
24380	^{1}【Trap Hunter】^{2} skills have their cast range increased to ${1} meters and their percentage damage multiplier increased by ${2}%.	^{1}【Trap Hunter】^ ทักษะของ{2}มีระยะร่ายเพิ่มขึ้นเป็นเมตร${1}และตัวคูณเปอร์เซ็นต์ความเสียหายเพิ่มขึ้น${2}%
24381	【Fire Bolt】, 【Cold Bolt】, 【Lightning Bolt】, and 【Earth Spike】 are no longer affected by Cast Speed, and their CT is fixed at ${1} sec.	【Fire Bolt】, 【Cold Bolt】, 【Lightning Bolt】 และ 【Earth Spike】 จะไม่ได้รับผลกระทบจากความเร็วในการร่ายอีกต่อไป และ CT ของพวกมันได้รับการแก้ไขที่${1}วินาที
24382	Resonance active: <color=#63A22B>+10%</color> damage to Resonances you counter, <color=#B05142>-10%</color> to those that counter you.	Resonance active: <color=#63A22B>+10%</color> damage to Resonances you counter, <color=#B05142>-10%</color> to those that counter you.
24383	Rhyne and Boya have both reported on your previous performance. You've proven that you're capable and dependable. Welcome to the team.	Rhyne and Boya have both reported on your previous performance. You've proven that you're capable and dependable. Welcome to the team.
24384	Congratulations! You've been appointed Vice Guild Master. We hope you'll lead everyone in building a warm, supportive guild community!	Congratulations! You've been appointed Vice Guild Master. We hope you'll lead everyone in building a warm, supportive guild community!
24385	(Wiping away tears) Ever since my husband joined his guild, he hardly ever comes home. The last time I saw him was three months ago...	(Wiping away tears) Ever since my husband joined his guild, he hardly ever comes home. The last time I saw him was three months ago...
24386	I'm looking for warriors who will stand with me through life and death! If you have both brains and brawn, hesitate no longer—join me!	I'm looking for warriors who will stand with me through life and death! If you have both brains and brawn, hesitate no longer—join me!
24387	I'll wait up ahead. Once you have the Tree Bark, hurry over. Don't drag your feet, or certain people might change their minds again...	I'll wait up ahead. Once you have the Tree Bark, hurry over. Don't drag your feet, or certain people might change their minds again...
24388	Phew, you're finally awake! You really scared me... I never expected the recoil to be so powerful that it would knock you unconscious.	Phew, you're finally awake! You really scared me... I never expected the recoil to be so powerful that it would knock you unconscious.
24389	Kafra Battlefield Manager\nAn Evil Eye Emissary carrying a [Large Surprise Chest] has appeared in the Location. Warriors, go seize it!	Kafra Battlefield Manager\nAn Evil Eye Emissary carrying a [Large Surprise Chest] has appeared in the Location. Warriors, go seize it!
24390	Open this Pack to obtain a Tier @{1} Weapon Crafting Blueprint, an Armor Crafting Blueprint, and the corresponding Crafting Materials.	Open แพ็กนี้เพื่อรับพิมพ์เขียวการประดิษฐ์อาวุธระดับ@{1}พิมพ์เขียวการสร้างเกราะ และวัสดุการประดิษฐ์ที่เกี่ยวข้อง
24391	Deals steady Physical damage with cart attacks and provides Buffs that improve the Battle capabilities of both the user and the party.	Deals steady Physical damage with cart attacks and provides Buffs that improve the Battle capabilities of both the user and the party.
24392	When casting a ^{1}Buff-type^{2} or ^{3}Shield-type^{4} Primary Battle Skill, grants the owner ^{5}^{6}Immunity^{7} ^{8} for ${1} sec.	เมื่อร่าย ^{1}Buff-type^{2}หรือ ^{3}Shield-type^{4}Primary Battle Skill จะมอบสิทธิ์ให้เจ้าของ ^{5}^{6}Immunity^{7}^{8}สำหรับ${1}วินาที
24393	After a critical hit with 【Basic Attack】, casts 【Cross Impact】 on the target, dealing melee Physical DMG equal to 【${2}% Physical ATK】	หลังจากโจมตีคริติคอลด้วย 【Basic Attack】 ร่าย 【Cross Impact】 ไปที่เป้าหมาย สร้าง DMG กายภาพระยะประชิดเท่ากับ 【${2}% ATK กายภาพ】
24394	After 【Basic Attack】 lands a critical hit, unleash 【Cross Impact】 on the target, dealing 【${7}% Physical ATK】 as melee Physical damage	หลังจาก 【Basic Attack】 โจมตีคริติคอล ปล่อย 【Cross Impact】 ไปที่เป้าหมาย สร้างความเสียหายทางกายภาพ 【${7}% ของ ATK 】เป็นความเสียหายทางกายภาพระยะประชิด
24395	Unique Effect: When Life falls below @{1}%, gain 【Divine Fortress】, reducing damage taken by @{2}% for @{3} sec. (Cooldown: @{4} sec.)	: เมื่อพลัง Life ต่ำกว่า@{1}% จะได้รับ 【Divine Fortress】 ลดความเสียหายที่ได้รับจาก@{2}% เป็นเวลา@{3}วินาที(คูลดาวน์:@{4}วินาที)
24396	When ^{1}^{2}【Gravitation Field】^{3}^{4} ends, inflicts ^{7}^{8}【Immobilize】^{9}^{10} on enemies in the area for ^{5}${1}^{6} seconds.	เมื่อ ^{1}^{2}【Gravitation Field】^{3}^{4}สิ้นสุด ทำให้เกิดผล ^{7}^{8}【Immobilize】^{9}^{10}กับศัตรูที่อยู่ในพื้นที่เป็นเวลา ^{5}${1}^{6}วินาที
24397	Permanently increases Max MP by ^{1}${1}%^{2} and Magic ATK by ^{3}${3}^{4}. Each Kill restores ^{5}${2}%^{6} of Max MP as ^{7}MP^{8}.	เพิ่ม MP สูงสุดอย่างถาวรโดย ^{1}${1}%^{2}และ Magic ATK โดย ^{3}${3}^{4}การ Kill แต่ละครั้งจะกู้คืน ^{5}${2}%^{6}ของ Max MP เป็น ^{7}MP^{8}
24398	After casting ^{1}^{2}【Virus Spread】^{3}^{4}, deals Extra Neutral melee Physical damage equal to PATK * ${1}% + ${2} to a single enemy.	หลังจากร่าย ^{1}^{2}【Virus Spread】^{3}^{4}สร้างความเสียหายทางกายภาพระยะประชิดที่เป็นกลางเป็นพิเศษเท่ากับ PATK *${1}% +${2}ต่อศัตรูตัวเดียว
24399	Oh, that Stone? I did acquire it, but I already passed it on to Baisulist. He said it was connected to an ancient seal in Geffen Tower.	Oh, that Stone? I did acquire it, but I already passed it on to Baisulist. He said it was connected to an ancient seal in Geffen Tower.
24400	Greetings. I'm a scholar who travels the world studying monster ecology. Would you help me collect some items essential to my research?	Greetings. I'm a scholar who travels the world studying monster ecology. Would you help me collect some items essential to my research?
24401	Ha! You don't know anything! It's a stage name—a stage name! It means a Thief who leaves no tracks in the sand. What a cool stage name!	Ha! You don't know anything! It's a stage name—a stage name! It means a Thief who leaves no tracks in the sand. What a cool stage name!
24402	But human greed knows no bounds.\nSo, besides these treasures of the desert, I also want to surround myself with things from elsewhere.	But human greed knows no bounds.\nSo, besides these treasures of the desert, I also want to surround myself with things from elsewhere.
24403	Don't be so reckless next time. He may have been in the wrong, but if anything had happened to him, it would've cost us even more time.	Don't be so reckless next time. He may have been in the wrong, but if anything had happened to him, it would've cost us even more time.
24404	Uh... Pharaoh? What is that? Is it strong? If it gets in our way, we'll chop it up and burn it for firewood, right, ^{1}PlayerName^{2}?	Uh... Pharaoh? What is that? Is it strong? If it gets in our way, we'll chop it up and burn it for firewood, right, ^{1}PlayerName^{2}?
24405	Kafra Battlefield Manager\nAn Evil Eye Messenger carrying a [Small Surprise Chest] has appeared in the Location. Warriors, go seize it!	Kafra Battlefield Manager\nAn Evil Eye Messenger carrying a [Small Surprise Chest] has appeared in the Location. Warriors, go seize it!
24406	All defenders, fall back to the center immediately! The enemy is closing in on the heart of Prontera! This is our last line of defense!	All defenders, fall back to the center immediately! The enemy is closing in on the heart of Prontera! This is our last line of defense!
24407	An Adventurer Guild profile card unlock item. Use it to unlock the ^{1}Netherworld - Shattered Tower^{2} Adventurer Guild profile card.	รายการปลดล็อคการ์ดโปรไฟล์ Adventurer Guild ใช้มันเพื่อปลดล็อค ^{1}Netherworld - Shattered Tower^ การ์ดโปรไฟล์ GuildAdventurer{2}
24408	An ancient branch imbued with magic. Its mysterious power can summon any living creature. (This item can only be used on certain maps.)	กิ่งก้านโบราณที่เต็มไปด้วยเวทมนตร์พลังลึกลับของมันสามารถเรียกสิ่งมีชีวิตทุกชนิดออกมาได้(ไอเทมนี้สามารถใช้ได้กับบางแผนที่เท่านั้น)
24409	Under the Guild Members' conflicted gazes, you turned and left the suffocating place behind. Even the sunlight seemed unusually bright.	Under the Guild Members' conflicted gazes, you turned and left the suffocating place behind. Even the sunlight seemed unusually bright.
24410	Restores the character's Life by ^{1}@{1}%^{2} of their maximum HP every second for @{2} seconds. ^{3}Life^{4}. Cooldown: @{3} seconds.	Restores the character's Life by ^{1}@{1}%^{2} of their maximum HP every second for @{2} seconds. ^{3}Life^{4}. Cooldown: @{3} seconds.
24411	Transform into a wave and use Movement to travel ${1}m forward, then knock back all enemies within ${2}m upon reaching the destination.	แปลงร่างเป็นคลื่นและใช้การเคลื่อนไหวเพื่อเดินทาง${1}m ไปข้างหน้า จากนั้นกระแทกศัตรูทั้งหมดที่อยู่ใน${2}m กลับเมื่อถึงจุดหมายปลายทาง
24412	Creates @{1} rectangular AoEs measuring @{2} by @{3}, centered on itself, damaging enemies within and applying 【Stomach Acid Corrosion】	[Stomach Acid Corrosion] สร้าง@{1}AoE สี่เหลี่ยมซึ่งวัด@{2}โดย@{3}โดยมีศูนย์กลางอยู่ที่ตัวมันเอง สร้างความเสียหายให้กับศัตรูภายในและทำให้เกิดการกัดกร่อนของกรดในกระเพาะอาหาร】
24413	Master the art of swordsmanship. When equipped with a sword, HIT increases by ^{1}${1}^{2} and Attack Speed increases by ^{3}${2}%^{4}.	ฝึกฝนศิลปะแห่งดาบเมื่อสวมใส่ดาบ HIT จะเพิ่มขึ้น ^{1}${1}^{2}และความเร็วในการโจมตีเพิ่มขึ้น ^{3}${2}%^{4}
24414	I thought I might find a Clue to my family's whereabouts here, but unfortunately, so much time has passed that there are no clues left.	I thought I might find a Clue to my family's whereabouts here, but unfortunately, so much time has passed that there are no clues left.
24415	Dive toward the target point, Deals DMG to Nearby enemies upon landing, and obscure their vision, disrupting the Enemy Team's reactions.	Dive toward the target point, Deals DMG to Nearby enemies upon landing, and obscure their vision, disrupting the Enemy Team's reactions.
24416	Save the Current Equipment's smelting attributes? Each piece of equipment can have only one save. A new save will overwrite the old one.	Save the Current Equipment's smelting attributes? Each piece of equipment can have only one save. A new save will overwrite the old one.
24417	The card in this slot only takes effect when ^{1}equipping a two-handed weapon^{2}. It has no effect when equipping a one-handed weapon.	The card in this slot only takes effect when ^{1}equipping a two-handed weapon^{2}. It has no effect when equipping a one-handed weapon.
24418	Always Display Pet Hatching. Consume Pet Eggs to Hatch them, with a Chance to obtain Pet Shards or complete Pets when Hatching Complete.	Always Display Pet Hatching. Consume Pet Eggs to Hatch them, with a Chance to obtain Pet Shards or complete Pets when Hatching Complete.
24419	Go to the Quartermaster to pick up a supply cart\nEscort the supply cart to the Supply Officer to earn event points for the entire party	Go to the Quartermaster to pick up a supply cart\nEscort the supply cart to the Supply Officer to earn event points for the entire party
24420	Dried strawberries coated in cocoa syrup and set on a Stem. Reduces damage taken from Demi-Human monsters by @{1}%-@{2}% for @{3} hours.	สตรอเบอร์รี่แห้งเคลือบด้วยน้ำเชื่อมโกโก้และวางบนก้านลดความเสียหายที่ได้รับจากมอนสเตอร์กึ่งมนุษย์@{1}%-@{2}% เป็นเวลา@{3}ชั่วโมง
24421	Allows use of ^{1}^{2}Hiding Lv. @{1}^{3}^{4} and ^{5}^{6}Sightless Mind Lv. @{2}^{7}^{8}. Sightless Mind is guaranteed to inflict Stun.	อนุญาตให้ใช้ ^{1}^{2}ซ่อน Lv.@{1}^{3}^{4}และ ^{5}^{6}Sightless Mind Lv.@{2}^{7}^{8}. Sightless Mind รับประกันว่าจะทำให้ติดสถานะมึนงง
24422	Pharaoh summons ^{1}Pharaoh's Coffins^{2} in sequence, dealing damage in cone-shaped areas. Pharaoh's Coffins appear ^{3}@{1} times^{4}.	Pharaoh summons ^{1}Pharaoh's Coffins^{2} in sequence, dealing damage in cone-shaped areas. Pharaoh's Coffins appear ^{3}@{1} times^{4}.
24423	Shoes personally overseen by Kafra and made exclusively for the Battle of Survivors. Easy to wear and perfect for long-distance running!	Shoes personally overseen by Kafra and made exclusively for the Battle of Survivors. Easy to wear and perfect for long-distance running!
24424	The latest Goblin masterpiece! After fixing the flaw that kept the previous hot-air balloon grounded, this one can soar through the sky!	The latest Goblin masterpiece! After fixing the flaw that kept the previous hot-air balloon grounded, this one can soar through the sky!
24425	^{1}PlayerName^{2}, go learn all about Cards first. They're essential for every Adventurer. I'll meet you at the village entrance later.	^{1}PlayerName^{2}, go learn all about Cards first. They're essential for every Adventurer. I'll meet you at the village entrance later.
24426	Welcome to the ^{1}【Garden of Time】^{2}—the crossroads of countless possibilities and the final resting place of every unfinished story.	Welcome to the ^{1}【Garden of Time】^{2}—the crossroads of countless possibilities and the final resting place of every unfinished story.
24427	Congratulations! You've been appointed Leader of the guild. We hope you'll lead everyone in building a warm, supportive guild community!	Congratulations! You've been appointed Leader of the guild. We hope you'll lead everyone in building a warm, supportive guild community!
24428	Congratulations on ranking ${3} for the ${1} class on the ${1} Speed Rankings! Here's your ranking reward. Please check the attachments!	Congratulations on ranking ${3} for the ${1} class on the ${1} Speed Rankings! Here's your ranking reward. Please check the attachments!
24429	You're amazing—the God of Predictions! You bet on Lucky Koi and nailed it in one try! Please claim your reward from the mail attachment!	You're amazing—the God of Predictions! You bet on Lucky Koi and nailed it in one try! Please claim your reward from the mail attachment!
24430	Now these old bones can finally get a good night's sleep! You're good kids. You're a hundred times more capable than that braggart Jack!	Now these old bones can finally get a good night's sleep! You're good kids. You're a hundred times more capable than that braggart Jack!
24431	Hurry and equip it. Let's see if it can toughen you up, so you don't hit the ground before I can act next time. Go on, and don't dawdle.	Hurry and equip it. Let's see if it can toughen you up, so you don't hit the ground before I can act next time. Go on, and don't dawdle.
24432	Hold still! Let Me measure your head circumference and the frequency of those wingbeats! I've never seen such an intelligent Deviling...	Hold still! Let Me measure your head circumference and the frequency of those wingbeats! I've never seen such an intelligent Deviling...
24433	Whoa! There are more new moves to learn? Like Summon a giant storm with one wave of your hand, or stomp so hard that Ant Hell collapses?	Whoa! There are more new moves to learn? Like Summon a giant storm with one wave of your hand, or stomp so hard that Ant Hell collapses?
24434	Our Guild successfully cleared ${1} mode of the Eternal Land event. After the event ends, go to the auction to view the Auctioned items.	Our Guild successfully cleared ${1} mode of the Eternal Land event. After the event ends, go to the auction to view the Auctioned items.
24435	Mastery of Spear techniques. When equipped with a Spear, Physical damage increases by ^{1}${1}%^{2} and CRIT increases by ^{3}${2}%^{4}.	ความชำนาญในการใช้เทคนิค Spear เมื่อติดตั้ง Spear ความเสียหายทางกายภาพจะเพิ่มขึ้น ^{1}${1}%^{2}และ CRIT เพิ่มขึ้น ^{3}${2}%^{4}
24436	We're currently gathering talented people from across the continent to uncover the origins of monsters through research and exploration.	We're currently gathering talented people from across the continent to uncover the origins of monsters through research and exploration.
24437	Variable CT Reduction: ${1}% (Max: @{1}%)\nExcess CT Speed: ${2}\nEvery @{2} excess CT Speed is converted to @{3}% Magic ATK (Max: @{4}%)	Variable CT Reduction: ${1}% (Max: @{1}%)\nExcess CT Speed: ${2}\nEvery @{2} excess CT Speed is converted to @{3}% Magic ATK (Max: @{4}%)
24438	A smooth brown pudding made by setting cocoa bean juice with Milk. Grants @{1}%-@{2}% Increased Damage to Medium Monsters for @{3} hours.	พุดดิ้งสีน้ำตาลเนื้อเนียนโดยตั้งน้ำเมล็ดโกโก้ใส่ Milk เพิ่มความเสียหายให้กับมอนสเตอร์ขนาดกลาง@{1}%-@{2}% เป็นเวลา@{3}ชั่วโมง
24439	A Stem coated in colorful layers of syrup for a dazzling finish. Reduces damage taken from Medium monsters by @{1}%-@{2}% for @{3} hours.	ก้านที่เคลือบด้วยน้ำเชื่อมหลากสีสันเพื่อผลลัพธ์ที่แวววาว ลดความเสียหายที่ได้รับจากมอนสเตอร์ขนาดกลางลง@{1}%-@{2}% เป็นเวลา@{3}ชั่วโมง
24440	Reach ${2} Responses within ${1} hours to become Responded. Once Responded, the creator will become the Guild Master via Auto assignment.	Reach ${2} Responses within ${1} hours to become Responded. Once Responded, the creator will become the Guild Master via Auto assignment.
24441	Refers to effects that cause players to Cannot move or reduce their Movement Speed. These effects caused by dungeon content are excluded.	หมายถึงเอฟเฟกต์ที่ทำให้ผู้เล่นไม่สามารถเคลื่อนที่หรือลดความเร็วในการเคลื่อนที่ได้ไม่รวมเอฟเฟกต์เหล่านี้ที่เกิดจากเนื้อหาดันเจี้ยน
24442	When taking fatal damage, inflicts Knockback on nearby players and restores @{1}% HP. This effect is removed after triggering @{2} times.	เมื่อได้รับความเสียหายร้ายแรง จะทำให้ผู้เล่นใกล้เคียงกระเด็นและฟื้นฟู@{1}% HP เอฟเฟกต์นี้จะถูกลบออกหลังจากทริกเกอร์ครั้ง@{2}
24443	While ^{1}^{2}[Auto Guard]^{3}^{4} is active, Smite and Rapid Smiting's percentage damage multipliers and fixed damage increase by ${1}%.	ในขณะที่ ^{1}^{2}[Auto Guard]^{3}^{4}ทำงานอยู่ ตัวคูณเปอร์เซ็นต์ความเสียหายของ Smite และ Rapid Smiting และความเสียหายคงที่จะเพิ่มขึ้น${1}%
24444	This is a covert mission. The professor's research is crucial to the kingdom's future, so the fewer people who know about it, the better.	This is a covert mission. The professor's research is crucial to the kingdom's future, so the fewer people who know about it, the better.
24445	Thanks to the combined efforts of every Guild Member, your guild finished ${1} in this event. Here are your rewards. Please collect them!	Thanks to the combined efforts of every Guild Member, your guild finished ${1} in this event. Here are your rewards. Please collect them!
24446	Because your character has been restricted from using the Guild Auction Function, your bid funds have been refunded. Please collect them~	Because your character has been restricted from using the Guild Auction Function, your bid funds have been refunded. Please collect them~
24447	(Staring blankly) Last night, I dreamed I was fighting monsters... I was even more efficient than during the day... If only it were real.	(Staring blankly) Last night, I dreamed I was fighting monsters... I was even more efficient than during the day... If only it were real.
24448	The weather was lovely during my vacation, so my family and I went on a picnic in the forest. Then we ran into an enormous swarm of bees.	The weather was lovely during my vacation, so my family and I went on a picnic in the forest. Then we ran into an enormous swarm of bees.
24449	Yes. I'm trying to Find someone. Have you seen a scholar named Ryan Recent? He wears glasses, has terrible eyesight, and is very refined.	Yes. I'm trying to Find someone. Have you seen a scholar named Ryan Recent? He wears glasses, has terrible eyesight, and is very refined.
24450	Was he wearing a suit, too? Someone like that really stands out around here. About two hours ago, I saw him heading west—toward Ant Hell.	Was he wearing a suit, too? Someone like that really stands out around here. About two hours ago, I saw him heading west—toward Ant Hell.
24451	Ahem. Thank You for your help. I made a Record of the Magic fluctuation Data along the way. It'll be very useful for my current research.	Ahem. Thank You for your help. I made a Record of the Magic fluctuation Data along the way. It'll be very useful for my current research.
24452	Handle it carefully. This is extremely valuable research Material... even if it does look like nothing more than a glowing mass of Magic.	Handle it carefully. This is extremely valuable research Material... even if it does look like nothing more than a glowing mass of Magic.
24453	Ha-ha! I knew it was you! Long time no see, Adventurer! I heard you reached Trans. 2nd? Your growth has been nothing short of remarkable!	Ha-ha! I knew it was you! Long time no see, Adventurer! I heard you reached Trans. 2nd? Your growth has been nothing short of remarkable!
24454	"Ugh, No idea. Can this dumb dog really be trusted? Let's go... But if there are any more ""poop Clues"" on this floor, I'm going on strike!"	"Ugh, No idea. Can this dumb dog really be trusted? Let's go... But if there are any more ""poop Clues"" on this floor, I'm going on strike!"
24455	If you encounter them inside, Please help them. The Monsters' ATK is absurdly high right now, and I'm afraid they won't last much longer!	If you encounter them inside, Please help them. The Monsters' ATK is absurdly high right now, and I'm afraid they won't last much longer!
24456	Serverwide Territory War Is Here! Guilds can carve out territory on a new continent and claim lands of their own through blood and glory!	Serverwide Territory War Is Here! Guilds can carve out territory on a new continent and claim lands of their own through blood and glory!
24457	A Radiant Gold block refined under extreme heat and pressure for optimal Metal purity and strength, ideal for crafting fine weapon parts.	บล็อก Radiant Gold ที่ได้รับการขัดเกลาภายใต้ความร้อนและแรงกดดันที่รุนแรงเพื่อความบริสุทธิ์และความแข็งแกร่งของโลหะที่เหมาะสมที่สุด เหมาะสำหรับการสร้างชิ้นส่วนอาวุธชั้นดี
24458	Use to send every guild Member except each Temporary Member an Intermediate Pack by mail. The Pack contains intermediate growth Material.	ใช้เพื่อส่งสมาชิกกิลด์ทุกคน ยกเว้นสมาชิกชั่วคราวแต่ละคนเป็น Intermediate Pack ทางไปรษณีย์แพ็คประกอบด้วยวัสดุการเจริญเติบโตระดับกลาง
24459	Place it in the Guild Bonfire to generate @{1} random Blue Quality stat, which will randomly replace @{2} of the Bonfire's current stats.	วางมันไว้ใน BonfireGuild เพื่อสร้างสถิติคุณภาพสีน้ำเงินแบบสุ่ม@{1}ซึ่งจะสุ่มแทนที่@{2}ของสถิติปัจจุบันของ Bonfire
24460	Temporarily increases Movement Speed by ^{1}@{3}%^{2} and FLEE by ^{3}@{4}^{4} for self and up to @{2} allies within @{1} m for @{5} sec.	เพิ่มความเร็วในการเคลื่อนที่ชั่วคราว ^{1}@{3}%^{2}และ FLEE โดย ^{3}@{4}^{4}สำหรับตนเองและพันธมิตรสูงสุด@{2}ภายใน@{1}m สำหรับ@{5}วินาที
24461	Summons a Gale Magic Circle, granting allied units within ${1}m increased Move Speed and Attack Speed and reduced cooldowns for ${2} sec.	เรียกวงแหวนเวทมนตร์ Gale ทำให้ยูนิตพันธมิตรภายใน${1}m เพิ่มความเร็วในการเคลื่อนที่และความเร็วในการโจมตี และลดคูลดาวน์เป็นเวลา${2}วินาที
24462	After use, generates multiple compressed shockwaves in the selected Guild Battlefield, inflicting Knock-Up on all players multiple times.	หลังการใช้งาน จะสร้างคลื่นกระแทกที่ถูกบีบอัดหลายครั้งใน Guild Battlefield ที่เลือก ส่งผลให้ผู้เล่นทุกคน Knock-Up หลายครั้ง
24463	After Learning Skills, your coordination with both hands improves, allowing You to equip a Dagger in your Off-Hand and use Katar Weapons.	หลังจากทักษะการเรียนรู้ การประสานงานของคุณด้วยมือทั้งสองจะดีขึ้น ทำให้คุณสามารถสวมใส่ Dagger ในมือรองและใช้อาวุธ Katar ได้
24464	When 【Basic Attack】 lands a critical hit, casts 【Cross Impact】 on the target, dealing melee Physical damage equal to 【${1}% Physical ATK】	เมื่อ 【Basic Attack】 โจมตีแบบคริติคอล ร่าย 【Cross Impact】 ไปที่เป้าหมาย สร้างความเสียหายทางกายภาพระยะประชิดเท่ากับ 【${1}% ATK ทางกายภาพ】
24465	When 【Basic Attack】 lands a critical hit, casts 【Cross Impact】 on the target, dealing melee Physical damage equal to 【${8}% Physical ATK】	เมื่อ 【Basic Attack】 โจมตีแบบคริติคอล ร่าย 【Cross Impact】 ไปที่เป้าหมาย สร้างความเสียหายทางกายภาพระยะประชิดเท่ากับ 【${8}% ATK ทางกายภาพ】
24466	Let's break them up from within instead! We'll ask why these old folks are willing to work for those scalpers, then get them on our side.	Let's break them up from within instead! We'll ask why these old folks are willing to work for those scalpers, then get them on our side.
24467	Restores Life equal to Magic ATK*^{1}${1}%^{2}. If the unit is a ^{3}party Member^{4}, restores Life equal to ^{5}${2}%^{6} of Magic ATK.	ฟื้นฟูพลัง Life เท่ากับพลังโจมตีเวทย์*^{1}${1}%^{2}หากยูนิตนั้นเป็น ^{3}party Member^{4}จะฟื้นฟูพลัง Life เท่ากับ ^{5}${2}%^{6}ของ Magic ATK
24468	The Trade fee is charged by the Black Market as a percentage of the sale proceeds. You can view your actual earnings in the sales history.	The Trade fee is charged by the Black Market as a percentage of the sale proceeds. You can view your actual earnings in the sales history.
24469	"If placement becomes Hard, Tap the ""Hint"" Button to view the correct cargo arrangement. You can also Tap ""Misc Guide"" to review the Rules."	"If placement becomes Hard, Tap the ""Hint"" Button to view the correct cargo arrangement. You can also Tap ""Misc Guide"" to review the Rules."
24470	During the event, Battle Baphomet at the Guild Base. Your Ranking is based on the damage you deal to Baphomet, and generous rewards await!	During the event, Battle Baphomet at the Guild Base. Your Ranking is based on the damage you deal to Baphomet, and generous rewards await!
24471	Slow-simmered tomatoes reduced into a rich orange-red broth with a robust tangy aroma. Increases Physical ATK by @{1}~@{2} for @{3} hours.	มะเขือเทศเคี่ยว Slow ๆ กลายเป็นน้ำซุปสีส้มแดงเข้มข้นพร้อมกลิ่นหอมเปรี้ยวเข้มข้นเพิ่ม ATK ทางกายภาพขึ้น@{1}~@{2}เป็นเวลา@{3}ชั่วโมง
24472	After leaving, you can Enter Dungeon again through the quest, but you will not Keep your current progress. Are you sure you want to leave?	After leaving, you can Enter Dungeon again through the quest, but you will not Keep your current progress. Are you sure you want to leave?
24473	Your Reputation Score is too low to use the Trade Marketplace. All listed items have been returned. Please claim them from the attachment.	Your Reputation Score is too low to use the Trade Marketplace. All listed items have been returned. Please claim them from the attachment.
24474	Enough! This is no time to panic. We need to head to the scene immediately and find that cat before Baphomet—or anything else—can hurt it.	Enough! This is no time to panic. We need to head to the scene immediately and find that cat before Baphomet—or anything else—can hurt it.
24475	Here... This is everything! They're tickets for the White Dove, and they're absolutely real! Please, Warriors, have mercy and let me go...	Here... This is everything! They're tickets for the White Dove, and they're absolutely real! Please, Warriors, have mercy and let me go...
24476	We'll take the White Dove cargo airship to Morroc, at the entrance to the desert. If there's anything else you'd like to know, ask me now.	We'll take the White Dove cargo airship to Morroc, at the entrance to the desert. If there's anything else you'd like to know, ask me now.
24477	Enough about food! You've been eating nonstop this entire time. Are you here to work or hit the buffet? Doesn't the Knight Order feed you?	Enough about food! You've been eating nonstop this entire time. Are you here to work or hit the buffet? Doesn't the Knight Order feed you?
24478	Equipment alone proves nothing. I can sense power surging within you, still not fully under control. It's time for your Second Job Change.	Equipment alone proves nothing. I can sense power surging within you, still not fully under control. It's time for your Second Job Change.
24479	The Territory War has begun! During this phase, major guilds will fiercely compete for strongholds in a showdown of strategy and strength.	The Territory War has begun! During this phase, major guilds will fiercely compete for strongholds in a showdown of strategy and strength.
24480	Ore containing iron that can be refined into an Iron Ingot.\nObtainable through ^{1}Life Skill - Miner^{2}. Used to Craft T@{1} Equipment.	แร่ที่มีเหล็กซึ่งสามารถกลั่นเป็น Iron Ingot ได้\n หาได้จาก ^{1}Life Skill - Miner^{2}ใช้ในการสร้างอุปกรณ์ T@{1}
24481	After 【Basic Attack】 lands a critical hit, cast 【Cross Impact】 on the target, dealing melee Physical damage equal to 【${10}% Physical ATK】	หลังจาก 【Basic Attack】 โจมตีคริติคอล ร่าย 【Cross Impact】 ไปที่เป้าหมาย สร้างความเสียหายทางกายภาพระยะประชิดเท่ากับ 【${10}% ATK ทางกายภาพ】
24482	Hehe, I knew it wouldn't be that Easy! Since we've got a long trip ahead, this is the perfect chance to see how fast the new Mount can go!	Hehe, I knew it wouldn't be that Easy! Since we've got a long trip ahead, this is the perfect chance to see how fast the new Mount can go!
24483	My colleagues are probably locked in a fierce battle with the monsters in the forest... If you encounter them, could you please help them?	My colleagues are probably locked in a fierce battle with the monsters in the forest... If you encounter them, could you please help them?
24484	What I must tell you is that this space-time is on the brink of catastrophe. You are the chosen one, and only you can resolve this crisis.	What I must tell you is that this space-time is on the brink of catastrophe. You are the chosen one, and only you can resolve this crisis.
24485	As historical contribution increases, the corresponding Honor position is granted automatically. Management positions take display priority	As historical contribution increases, the corresponding Honor position is granted automatically. Management positions take display priority
24486	When applying a healing skill effect, has a ${1}% Chance to trigger ^{1}^{2}【Divine Light】 Lv@{1}^{3}^{4}. Internal Cooldown: ${2} seconds.	เมื่อใช้เอฟเฟกต์ทักษะการรักษา มีโอกาส${1}% ที่จะทริกเกอร์ ^{1}^{2}【Divine Light】 Lv@{1}^{3}^{4}คูลดาวน์ภายใน:${2}วินาที
24487	Maya ^{1}turns sand into stone around herself^{2} ^{3}@{1} times in succession^{4}. The stone pillars damage nearby targets as they emerge.	Maya ^{1}turns sand into stone around herself^{2} ^{3}@{1} times in succession^{4}. The stone pillars damage nearby targets as they emerge.
24488	A dagger personally overseen by Kafra and made exclusively for the Battle of Survivors. Its blade is dull, so it won't cause any real harm.	A dagger personally overseen by Kafra and made exclusively for the Battle of Survivors. Its blade is dull, so it won't cause any real harm.
24489	The Red One's Flammable Web not only Immobilizes the target, but also causes them to take ×@{1} damage from the next Ice-property attack.	The Red One's Flammable Web not only Immobilizes the target, but also causes them to take ×@{1} damage from the next Ice-property attack.
24490	Yes. I'm looking for someone. Have you seen a scholar named Levin recently? He wears glasses, has very poor eyesight, and is quite refined.	Yes. I'm looking for someone. Have you seen a scholar named Levin recently? He wears glasses, has very poor eyesight, and is quite refined.
24491	I actually came here to extract this—^{1}【Memory Form】^{2} . You can think of it as energy formed from intense human emotions and memories.	I actually came here to extract this—^{1}【Memory Form】^{2} . You can think of it as energy formed from intense human emotions and memories.
24492	Congratulations! You've been appointed Commander of the guild. We hope you'll lead everyone in building a warm, supportive guild community!	Congratulations! You've been appointed Commander of the guild. We hope you'll lead everyone in building a warm, supportive guild community!
24493	Hello! Are you the reliable Adventurer Captain Aikuni mentioned? It's a pleasure to meet you. You're here about the bounty notice, correct?	Hello! Are you the reliable Adventurer Captain Aikuni mentioned? It's a pleasure to meet you. You're here about the bounty notice, correct?
24494	Having mushrooms growing on your head makes everyday life terribly inconvenient, so you have to pull them out and turn them into hair ties!	Having mushrooms growing on your head makes everyday life terribly inconvenient, so you have to pull them out and turn them into hair ties!
24495	But let me warn you first: this Quest won't be Easy. We need to gather some Rare Materials. Seriously, some people will exploit any crisis—	But let me warn you first: this Quest won't be Easy. We need to gather some Rare Materials. Seriously, some people will exploit any crisis—
24496	Place it in the Guild Bonfire to generate @{1} random Orange Quality stat, which will randomly replace @{2} of the Bonfire's current stats.	วางมันไว้ใน BonfireGuild เพื่อสร้างสถิติคุณภาพสีส้มแบบสุ่ม@{1}ซึ่งจะสุ่มแทนที่@{2}ของสถิติปัจจุบันของ Bonfire
24497	Place it in the Guild Bonfire to generate @{1} random Purple Quality stat, which will randomly replace @{2} of the Bonfire's current stats.	วางมันไว้ใน BonfireGuild เพื่อสร้างสถิติคุณภาพสีม่วงแบบสุ่ม@{1}ซึ่งจะสุ่มแทนที่@{2}ของสถิติปัจจุบันของ Bonfire
24498	A cloaked woman plays her instrument, then smiles at you and says:\n“Adventurer, there's something special about you... May I take a look?”	A cloaked woman plays her instrument, then smiles at you and says:\n“Adventurer, there's something special about you... May I take a look?”
24499	Revive the designated ^{1}dead^{2} ST ally within ${1} meters, restoring ^{3}${2}% of their Max Life^{4} and ^{5}${3}% of their Max MP^{6}.	ฟื้นคืนชีพ ^{1}ที่ตายแล้ว^{2}ST พันธมิตรภายใน${1}เมตร คืนค่า ^{3}${2}% ของพลัง Life สูงสุด^{4}และ ^{5}${3}% ของ MP สูงสุด^{6}
24500	Causes the Supply Cart to explode after ${1} seconds, dealing damage equal to up to ${3}% of each target's Life within a ${2}-meter radius.	ทำให้รถเข็นเสบียงระเบิดหลังจาก${1}วินาที สร้างความเสียหายเท่ากับ${3}% พลัง Life ของแต่ละเป้าหมายภายในรัศมี${2}เมตร
24501	When 【Powerful Shield Bash】's 【Shield Stance】 reaches ^{1}${1}^{2} stacks, 【Shield Press】 becomes ^{3}^{4}【Enhanced Shield Press】^{5} ^{6}.	เมื่อ 【Powerful Shield Bash】ของ 【Shield Stance】 ถึง ^{1}${1}^{2}สแต็ค 【Shield Press】 จะกลายเป็น ^{3}^{4}【Enhanced Shield Press】^{5}^{6}.
24502	When you are at least @{1} meters from the Link target, you are afflicted with a Curse that Deals DMG to allies within a @{2}-meter radius.	เมื่อคุณอยู่ห่างจากเป้าหมายลิงก์อย่างน้อย@{1}เมตร คุณจะทนทุกข์กับคำสาปที่สร้าง DMG ให้กับพันธมิตรภายในรัศมี@{2}เมตร
24503	Damage taken from all attributes is reduced by ^{1}${3}%^{2}. Every ${2} sec, deals ^{3}${1}%^{4} ATK damage to enemies within @{1} meters.	ความเสียหายที่ได้รับจากคุณลักษณะทั้งหมดจะลดลง ^{1}${3}%^{2}ทุก ๆ${2}วินาที จะสร้างความเสียหาย ^{3}${1}%^{4}ATK สร้างความเสียหายให้กับศัตรูในระยะ@{1}เมตร
24504	Clear a ten-player dungeon with Guild Members: Complete the dungeon with at least @{1} Guild Members^{1} from the same guild in the raid^{2}	เคลียร์ดันเจี้ยนที่มีผู้เล่นสิบคนด้วยสมาชิก Guild: จบดันเจี้ยนด้วยสมาชิก Guild@{1}อย่างน้อย^{1}จาก Guild เดียวกันในการจู่โจม^{2}
24505	The chosen heroes sailed to Dragon Coffin Island. A terrifying roar from the heart of the island seems to herald an impending catastrophe...	The chosen heroes sailed to Dragon Coffin Island. A terrifying roar from the heart of the island seems to herald an impending catastrophe...
24506	A mineral vein containing large quantities of carbon-rich ore. Mine it to obtain Low-grade ore. ^{1}Can be used to Craft T@{1} equipment^{2}	A mineral vein containing large quantities of carbon-rich ore. Mine it to obtain Low-grade ore. ^{1}Can be used to Craft T@{1} equipment^{2}
24507	After casting ^{1}^{2}[Turn Undead]^{3}^{4}, there is a ${1}% Chance to trigger Turn Undead one Extra time. Internal Cooldown: ${2} seconds.	หลังจากร่าย ^{1}^{2}[Turn Undead]^{3}^{4}มีโอกาส${1}% ที่จะทริกเกอร์ Turn Undead ต่อเวลาพิเศษหนึ่งครั้ง คูลดาวน์ภายใน:${2}วินาที
24508	After ^{1}^{2}[Sanctuary]^{3}^{4} has been active for a time, it restores MATK*${3}%+${4} HP to up to ${2} allies within ${1} meters of you.	หลังจาก ^{1}^{2}[Sanctuary]^{3}^{4}ใช้งานมาระยะหนึ่ง มันจะฟื้นฟู MATK*${3}%+${4}HP ให้เป็นพันธมิตร${2}ภายใน${1}เมตร คุณ.
24509	Ilmo unleashes numerous musical-note attacks across the arena. Players must continuously avoid the damaging ground effects for a set period.	Ilmo unleashes numerous musical-note attacks across the arena. Players must continuously avoid the damaging ground effects for a set period.
24510	They are shooters with perfect aim. Under the attack of arrows and their falcons, no enemy can withstand long, not to mention to fight back.	They are shooters with perfect aim. Under the attack of arrows and their falcons, no enemy can withstand long, not to mention to fight back.
24511	"Abnormal Status, Control Status. Units affected by <u><color=#62af5e><link=""tip/33100"">【Disarm】</link></color></u> cannot use Normal Attack."	"Abnormal Status, Control Status. Units affected by <u><color=#62af5e><link=""tip/33100"">【Disarm】</link></color></u> cannot use Normal Attack."
24512	Permanently saves the First Clear record for every 10 floors. When one player achieves the First Clear, the Entire Server can claim rewards.	Permanently saves the First Clear record for every 10 floors. When one player achieves the First Clear, the Entire Server can claim rewards.
24513	Hehe... Of course not. Since you're in no hurry, how about letting me study you? Samples of highly intelligent Demon Porings are quite Rare.	Hehe... Of course not. Since you're in no hurry, how about letting me study you? Samples of highly intelligent Demon Porings are quite Rare.
24514	The threads of your fate... are entwined with some very intriguing possibilities. There is a certain... “special” energy emanating from you.	The threads of your fate... are entwined with some very intriguing possibilities. There is a certain... “special” energy emanating from you.
24515	We'll take the 【White Dove】 cargo airship to Morroc, at the entrance to the desert. If there's anything else you'd like to know, ask me now.	We'll take the 【White Dove】 cargo airship to Morroc, at the entrance to the desert. If there's anything else you'd like to know, ask me now.
24516	According to Wulf, our landing site is actually closer to our destination, the ^{1}【Adventurer Camp】^{2}. Let's rest briefly, then move out.	According to Wulf, our landing site is actually closer to our destination, the ^{1}【Adventurer Camp】^{2}. Let's rest briefly, then move out.
24517	Congratulations! You've been appointed an Officer of the guild. We hope you'll lead everyone in building a warm, supportive guild community!	Congratulations! You've been appointed an Officer of the guild. We hope you'll lead everyone in building a warm, supportive guild community!
24518	The recipient did not claim the cosmetic gift you sent within @{1} hours, so the Currency spent has been refunded to you. Please collect it!	The recipient did not claim the cosmetic gift you sent within @{1} hours, so the Currency spent has been refunded to you. Please collect it!
24519	Ah! Now I remember! Don't worry, honey. Once we defeat the Giant Kun, we can use His Majesty's reward to buy a set of solid-gold dinnerware!	Ah! Now I remember! Don't worry, honey. Once we defeat the Giant Kun, we can use His Majesty's reward to buy a set of solid-gold dinnerware!
24520	Your First Quests is to Defeat ^{1}@{1} Nearby Porings^{2}. They don't have much ATK, but Beginners should still approach them with caution.	Your First Quests is to Defeat ^{1}@{1} Nearby Porings^{2}. They don't have much ATK, but Beginners should still approach them with caution.
24521	Hey, with how scary you're making him sound, you're not planning to have the two of us take on that big cat alone once we find him, are you?	Hey, with how scary you're making him sound, you're not planning to have the two of us take on that big cat alone once we find him, are you?
24522	Oh my, this poor man is still waiting for you to wake him. Why are you so curious about Me? I must be going, but we'll meet again very soon.	Oh my, this poor man is still waiting for you to wake him. Why are you so curious about Me? I must be going, but we'll meet again very soon.
24523	Mastering your job takes steady effort. If you want to become a renowned Adventurer, you must start by mastering your new Second Job skills.	Mastering your job takes steady effort. If you want to become a renowned Adventurer, you must start by mastering your new Second Job skills.
24524	For ${1} sec after casting an ^{1}Offensive-type^{2} or ^{3}Recovery-type^{4} Primary Battle Skill, the owner gains ^{5}${2}^{6} Cast Speed.	สำหรับ${1}วินาทีหลังจากร่าย ^{1}Offensive-type^{2}หรือ ^{3}Recovery-type^{4}Primary Battle Skill เจ้าของจะได้รับ ^{5}${2}^{6}ความเร็วในการร่าย
24525	The Rainbow Earth Dragon flicks the tip of its tail, dealing Neutral melee Physical damage equal to Physical ATK*^{1}${1}%^{2} to the enemy.	มังกรโลกสีรุ้งสะบัดปลายหาง สร้างความเสียหายทางกายภาพระยะประชิดที่เป็นกลางเท่ากับพลังโจมตีกายภาพ*^{1}${1}%^{2}ให้กับศัตรู
24526	Invoke Divine Light, restoring ^{3}Life^{4} equal to your Magic ATK * ^{1}${2}%^{2} to yourself and a designated ST ally within ${1} meters.	เรียก Divine Light ฟื้นฟู ^{3}Life^{4}เท่ากับพลังโจมตีเวทย์ของคุณ * ^{1}${2}%^{2}ให้กับตัวคุณเองและพันธมิตร ST ที่กำหนดภายในระยะ${1}เมตร
24527	My goodness~~ Payon's most handsome man has returned! Who would've thought that mischievous little rascal would grow up to be so handsome...	My goodness~~ Payon's most handsome man has returned! Who would've thought that mischievous little rascal would grow up to be so handsome...
24528	I heard Luna from the Knight Order is a good friend of Instructor Boya's, and Mentor Alphonse knows her well too. Could you ask them for me?	I heard Luna from the Knight Order is a good friend of Instructor Boya's, and Mentor Alphonse knows her well too. Could you ask them for me?
24529	^{1}^{2}【Fire Ball】^{3}^{4} and ^{5}^{6}【Sightrasher】^{7}^{8} gain a ^{9}${1}%^{10} skill damage multiplier and ^{11}${2}^{12} fixed damage.	^{1}^{2}【Fire Ball】^{3}^{4}และ ^{5}^{6}【Sightrasher】^{7}^{8}ได้รับ ^{9}${1}%^ ตัวคูณความเสียหายของทักษะ{10}และ ^{11}${2}^{12}ความเสียหายคงที่
24530	Have your Falcon scan the area, revealing every Enemy Team member's position to You and your teammates for an unparalleled Tactics advantage.	Have your Falcon scan the area, revealing every Enemy Team member's position to You and your teammates for an unparalleled Tactics advantage.
24531	Dive toward the target point, Deals DMG to Nearby enemies upon landing, and inflict Silence, perfectly countering enemies who rely on skills.	Dive toward the target point, Deals DMG to Nearby enemies upon landing, and inflict Silence, perfectly countering enemies who rely on skills.
24532	@{1}.This screen shows today's field auto-battle earnings from @{2}:00 to @{3}:00 the next day\n@{4}.Keep up to @{5} days of earnings records	@{1}.This screen shows today's field auto-battle earnings from @{2}:00 to @{3}:00 the next day\n@{4}.Keep up to @{5} days of earnings records
24533	A coarse, thick flatbread baked from Grains flour mixed with monster meat and chili peppers. Increases Magic DEF by @{1}~@{2} for @{3} hours.	ขนมปังแผ่นหนาหยาบอบจากแป้งธัญพืชผสมกับเนื้อมอนสเตอร์และพริก เพิ่ม Magic DEF โดย@{1}~@{2}เป็นเวลา@{3}ชั่วโมง
24534	Ilmo marks a random player and ^{1}creates a musical-note area beneath that player every @{1} seconds^{2}, ^{3}for a total of @{2} times^{4}.	Ilmo marks a random player and ^{1}creates a musical-note area beneath that player every @{1} seconds^{2}, ^{3}for a total of @{2} times^{4}.
24535	Launches Charge Arrow at a designated distant enemy within @{1} m, dealing ^{1}@{2}%^{2} damage and inflicting @{3} m of ^{3}【Knockback】^{4}.	ยิง Charge Arrow ไปที่ศัตรูระยะไกลที่กำหนดภายใน@{1}m สร้างความเสียหาย ^{1}@{2}%^{2}และสร้างความเสียหายให้กับ@{3}m ของ ^{3}【Knockback】^{4}
24536	Everyone knows that stepping on a banana peel will make you slip. If someone wears one into battle, it means their opponent is already Angry.	Everyone knows that stepping on a banana peel will make you slip. If someone wears one into battle, it means their opponent is already Angry.
24537	Your bid on ${1} was surpassed, and your funds have been returned. Please check the attachments.\n^{1}^{2}^{3}[Go to My Auctions]^{4}^{5}^{6}	Your bid on ${1} was surpassed, and your funds have been returned. Please check the attachments.\n^{1}^{2}^{3}[Go to My Auctions]^{4}^{5}^{6}
24538	You earned Auction Dividends from the ${1} Misc auction. They have been reissued as attachments. Please claim them, and enjoy your adventure!	You earned Auction Dividends from the ${1} Misc auction. They have been reissued as attachments. Please claim them, and enjoy your adventure!
24539	You bet! It's a pack of those blasted white rats! Snow-white fur, bright red eyes—they look downright fancy, but act like a bunch of bandits!	You bet! It's a pack of those blasted white rats! Snow-white fur, bright red eyes—they look downright fancy, but act like a bunch of bandits!
24540	Purchase character progression and decorative items in the Guild Store. More items Can be unlocked for purchase at higher Guild Store levels.	Purchase character progression and decorative items in the Guild Store. More items Can be unlocked for purchase at higher Guild Store levels.
24541	The Eden Group presents this reward to Adventurers who participated in Rift Crisis. Open it to receive a few small gifts from the Eden Group.	The Eden Group มอบรางวัลนี้ให้กับ Adventurers ที่เข้าร่วมใน Rift CrisisOpen เพื่อรับของขวัญเล็กๆ น้อยๆ จากกลุ่มอีเดน
24542	The Eden Group presents this reward to Adventurers who made a Contribution during unusual events. Open it to receive the Eden Group's thanks.	The Eden Group มอบรางวัลนี้ให้กับ Adventurers ที่บริจาคเงินในช่วงเหตุการณ์ที่ไม่ธรรมดา Open มันเพื่อรับคำขอบคุณจากกลุ่มอีเดน
24543	A bundle of high-quality fibers refined through multiple processes for a smooth, durable finish. Used to make advanced fabric or light armor.	กลุ่มเส้นใยคุณภาพสูงที่ผ่านการขัดเกลาด้วยกระบวนการต่างๆ เพื่อให้ได้ผลลัพธ์ที่เรียบเนียนและทนทาน ใช้ทำผ้าขั้นสูงหรือชุดเกราะเบา
24544	Focuses earth-elemental energy, dealing ATK * ^{1}@{4}%^{2} damage to up to @{3} enemies in a target area with a @{2} m radius within @{1} m.	มุ่งเน้นพลังงานธาตุดิน สร้าง ATK * ^{1}@{4}%^{2}สร้างความเสียหายให้กับศัตรูสูงสุด@{3}ในพื้นที่เป้าหมายด้วยรัศมี@{2}m ภายใน@{1}m
24545	Increases Ghost Damage by ^{1}${1}%^{2}. Ghost Damage dealt to targets with Neutral armor is no longer reduced due to elemental disadvantage.	เพิ่มความเสียหายของ Ghost โดย ^{1}${1}%^{2}ความเสียหายของ Ghost ที่กระทำต่อเป้าหมายที่มีเกราะเป็นกลางจะไม่ลดลงอีกต่อไปเนื่องจากความเสียเปรียบทางธาตุ
24546	【Fairy Shield】's shield value is increased to ^{1}${2}%^{2}. While 【Fairy Shield】 is active, the owner^{3}^{4}【is immune to debuffs】^{5}^{6}.	【Fairy Shield】 ค่าเกราะของโล่เพิ่มขึ้นเป็น ^{1}${2}%^{2}ในขณะที่ 【Fairy Shield】 ทำงาน เจ้าของ^{3}^{4}【is immune to debuffs】^{5}^{6}
24547	Breaking them up from within is a good idea! Let's ask why these old folks are willing to work for those scalpers, then get them on our side.	Breaking them up from within is a good idea! Let's ask why these old folks are willing to work for those scalpers, then get them on our side.
24548	Increases the maximum number of targets for Debuff/control Protector skills by ^{1}${1}^{2} and increases their Cooldown by ^{3}${2}^{4} sec.	เพิ่มจำนวนเป้าหมายสูงสุดสำหรับทักษะ Debuff/Control Protector โดย ^{1}${1}^{2}และเพิ่มคูลดาวน์ของเป้าหมาย ^{3}${2}^{4}วินาที
24549	Clear a five-player dungeon with Guild Members: Complete the dungeon with at least @{1} Guild Members^{1} from the same guild in the party^{2}	เคลียร์ดันเจี้ยนที่มีผู้เล่นห้าคนด้วยสมาชิก Guild: จบดันเจี้ยนด้วยสมาชิก Guild@{1}อย่างน้อย^{1}จาก Guild เดียวกันในปาร์ตี้^{2}
24550	Players must ^{1}activate @{1} music scores in order^{2} to compose a passage. The recorded actions are later performed in the order composed.	Players must ^{1}activate @{1} music scores in order^{2} to compose a passage. The recorded actions are later performed in the order composed.
24551	An item modeled after an Angry Snarl. Use it to become an angry cat, angry rabbit, or create other looks!\n(Secondary drop from Goblin Leader)	An item modeled after an Angry Snarl. Use it to become an angry cat, angry rabbit, or create other looks!\n(Secondary drop from Goblin Leader)
24552	They were joined by six exceptional heroes, each representing a different job. Together, they defeated the demons and protected the continent.	They were joined by six exceptional heroes, each representing a different job. Together, they defeated the demons and protected the continent.
24553	It beats wandering aimlessly through the forest like a headless fly. Back in our day, this was how we tracked down elusive monsters like that.	It beats wandering aimlessly through the forest like a headless fly. Back in our day, this was how we tracked down elusive monsters like that.
24554	You had unclaimed Guild Auction Dividends from last week. They have been reissued as attachments. Please claim them, and enjoy your adventure!	You had unclaimed Guild Auction Dividends from last week. They have been reissued as attachments. Please claim them, and enjoy your adventure!
24555	Because the Stall Function has been disabled, your Stall was automatically closed and its items were sent to you by mail. Please collect them~	Because the Stall Function has been disabled, your Stall was automatically closed and its items were sent to you by mail. Please collect them~
24556	(Frantically paws at the ground, tail spinning like a propeller, and barks wildly at the vest) Woof, woof, woof! Woof! Woof, woof, woof, woof!	(Frantically paws at the ground, tail spinning like a propeller, and barks wildly at the vest) Woof, woof, woof! Woof! Woof, woof, woof, woof!
24557	Kafra Battlefield Administrator\nYou have received the blessing of Valkyrie. The quality of all players' currently equipped gear has increased	Kafra Battlefield Administrator\nYou have received the blessing of Valkyrie. The quality of all players' currently equipped gear has increased
24558	Also known as mandarin fish. An aggressive predator that feeds on other fish. It stops feeding in winter, making that a poor time to catch it.	หรือที่เรียกกันว่าปลาแมนดารินนักล่าที่ก้าวร้าวซึ่งกินปลาตัวอื่นเป็นอาหารมันหยุดหาอาหารในฤดูหนาว ทำให้จับได้ไม่ดีนัก
24559	A shell from a turtle's back. Once dried, it becomes extremely hard and can be processed into many useful items. Available from the Collector.	เปลือกหอยจากหลังเต่า เมื่อแห้งแล้วจะแข็งมากและสามารถนำไปแปรรูปเป็นของที่มีประโยชน์มากมายได้ มีจำหน่ายจากนักสะสม
24560	A translucent, emerald-green Crystal orb with a new sprout growing inside. Can be used to craft a Memory Coffer during the Gift of Time event.	ลูกกลมคริสตัลสีเขียวมรกตโปร่งแสงและมีหน่อใหม่เติบโตอยู่ข้างใน สามารถใช้เพื่อสร้างคลังความทรงจำในช่วงกิจกรรมของขวัญแห่งกาลเวลา
24561	A prayer that blesses others, increasing Cast Speed by ^{1}${3}^{2} for you and up to ${2} allies within a ${1}-meter radius for ${4} seconds.	คำอธิษฐานที่เป็นพรแก่ผู้อื่น เพิ่มความเร็วในการร่าย ^{1}${3}^{2}สำหรับคุณและพันธมิตร${2}ภายในรัศมี${1}-meter เป็นเวลา${4}วินาที
24562	Shield skill. Throw your Shield, dealing Neutral Melee Physical DMG equal to PATK * ^{1}${2}%^{2} to the selected ST enemy within ${1} meters.	ทักษะโล่โยนโล่ของคุณ สร้างความเสียหายกายภาพระยะประชิดเป็นกลางเท่ากับ PATK * ^{1}${2}%^{2}ไปยังศัตรู ST ที่เลือกภายในระยะ${1}เมตร
24563	Permanently increases your ^{3}SP Recovery^{4} by ^{1}${1}^{2}, ^{7}Max SP Recovery^{8} by ^{5}${2}%^{6}, and ^{11}MATK^{12} by ^{9}${3}^{10}.	เพิ่ม ^{3}SP Recovery^{4}โดย ^{1}${1}^{2}, ^{7}Max SP Recovery^{8}โดย ^{5}${2}%^{6}และ ^{11}MATK^{12}โดย ^{9}${3}^{10}
24564	Religion really can turn people into stubborn fools. But now that you're here, how about you distract them while I sneak over and investigate?	Religion really can turn people into stubborn fools. But now that you're here, how about you distract them while I sneak over and investigate?
24565	After dealing Magic damage, has a @{1}% Chance to trigger an Extra hit that deals Magic damage equal to @{2}% Magic ATK. (Cooldown: @{3} sec.)	หลังจากสร้างความเสียหายทางเวทมนตร์แล้ว จะมีโอกาส@{1}% ที่จะทำให้เกิดการโจมตีพิเศษซึ่งสร้างความเสียหายทางเวทย์เท่ากับ@{2}% พลังโจมตีทางเวทย์มนตร์ (คูลดาวน์:@{3}วินาที)
24566	【Basic Attack】, 【Sonic Blow】, and 【Envenomed Blade】 percentage-based damage multipliers increased by ${1}%, and flat damage increased by ${2}.	【Basic Attack】 【Sonic Blow】 และ 【Envenomed Blade】 ตัวคูณความเสียหายตามเปอร์เซ็นต์เพิ่มขึ้น${1}% และความเสียหายแบบคงที่เพิ่มขึ้น${2}
24567	After casting an ^{1}Offensive-type^{2} or ^{3}Debuff-type^{4} Primary Battle Skill, increases the owner's ^{5}PATK by ${1}%^{6} for ${2} sec.	หลังจากร่าย ^{1}Offensive-type^{2}หรือ ^{3}Debuff-type^{4}Primary Battle Skill, เพิ่ม ^{5}PATK ของเจ้าของโดย${1}%^{6}สำหรับ${2}วินาที
24568	Your Profile is a space where you can express yourself. Decorate it freely and customize Connect elements such as titles, ranks, and Portraits.	Your Profile is a space where you can express yourself. Decorate it freely and customize Connect elements such as titles, ranks, and Portraits.
24569	Herbs and Lemon gently infused in orangewood sap at a low temperature. Reduces damage taken from Medium monsters by @{1}%~@{2}% for @{3} hours.	สมุนไพรและมะนาวผสมอย่างอ่อนโยนในน้ำนมไม้ส้มที่อุณหภูมิต่ำลดความเสียหายที่ได้รับจากมอนสเตอร์ขนาดกลางลง@{1}%~@{2}% เป็นเวลา@{3}ชั่วโมง
24570	Grape and herbs slow-simmered in orangewood sap for a rich, woody aroma. Increases damage to Demi-Human monsters by @{1}%~@{2}% for @{3} hours.	Grape และสมุนไพรเคี่ยวช้าๆ ในน้ำจากไม้ส้มเพื่อกลิ่นหอมที่เข้มข้นของไม้เพิ่มความเสียหายต่อมอนสเตอร์กึ่งมนุษย์โดย@{1}%~@{2}% เป็นเวลา@{3}ชั่วโมง
24571	Allows use of Hiding Lv@{1} and Sightless Mind Lv@{2}. Sightless Mind always inflicts 【Stun】 and has a Chance to inflict Bleeding on the enemy.	อนุญาตให้ใช้ Hiding Lv@{1}และ Sightless Mind Lv@{2}จิตใจที่ไร้การมองเห็นจะทำให้ศัตรูติดสถานะ 【Stun】 และมีโอกาสที่จะทำให้ศัตรูติดสถานะเลือดออก
24572	A new game version is available. To prevent loading errors or lag, please return to the launcher and update the game before launching it again.	A new game version is available. To prevent loading errors or lag, please return to the launcher and update the game before launching it again.
24573	If you equip a two-handed weapon, the off-hand card <color=#CC762A>${1}</color> will become <color=#CC762A>inactive</color>. Replace your gear?	If you equip a two-handed weapon, the off-hand card <color=#CC762A>${1}</color> will become <color=#CC762A>inactive</color>. Replace your gear?
24574	Golden Thief Bug triggers ^{1}a damaging earthquake^{2}. There are ^{3}two types of earthquakes^{4}, which players must evade by repositioning.	Golden Thief Bug triggers ^{1}a damaging earthquake^{2}. There are ^{3}two types of earthquakes^{4}, which players must evade by repositioning.
24575	Consumed when gathering and crafting with a Life Skill. Obtain it from Recommend-Activity Chests. You can accumulate up to ^{1}@{1}^{2} points.	Consumed when gathering and crafting with a Life Skill. Obtain it from Recommend-Activity Chests. You can accumulate up to ^{1}@{1}^{2} points.
24576	This rescue mission will be exceptionally difficult. If you're determined to go, consider bringing a pet into battle. It could be a great help.	This rescue mission will be exceptionally difficult. If you're determined to go, consider bringing a pet into battle. It could be a great help.
24577	Your guild finished ^{1}${1}^{2} in this Season's Territory Points Rankings. You have earned the corresponding Veteran reward. Please claim it!	Your guild finished ^{1}${1}^{2} in this Season's Territory Points Rankings. You have earned the corresponding Veteran reward. Please claim it!
24578	Not a single thing is missing. From Prontera to Geffen, from the gift to the spicewood and ham... You really helped me gather every last thing.	Not a single thing is missing. From Prontera to Geffen, from the gift to the spicewood and ham... You really helped me gather every last thing.
24579	I believe there's one near the fountain. Go ask them yourselves. I'll inspect the engine. Send me a Notification as soon as you learn anything.	I believe there's one near the fountain. Go ask them yourselves. I'll inspect the engine. Send me a Notification as soon as you learn anything.
24580	When Lex Aeterna (×@{1}) and Fatal Claw Marks (×@{2}) are active at the same time, their multipliers are added together for ×@{3} final damage.	When Lex Aeterna (×@{1}) and Fatal Claw Marks (×@{2}) are active at the same time, their multipliers are added together for ×@{3} final damage.
24581	Ore containing mithril that can be refined into a Mithril Ingot.\nObtainable through ^{1}Life Skill - Miner^{2}. Used to Craft T@{1} Equipment.	แร่ที่มีมิธริลซึ่งสามารถนำไปกลั่นเป็น Mithril Ingot ได้\n หาได้จาก ^{1}Life Skill - Miner^{2}ใช้ในการสร้างอุปกรณ์ T@{1}
24582	An arrow made of Crystal and imbued with the power of water.\n^{1}Equipping Crystal Arrow with a bow changes your attack property to Water.^{2}	Arrow ที่ทำจากคริสตัลและเปี่ยมด้วยพลังแห่งน้ำ\n^{1}การสวมใส่ Crystal Arrow ด้วยธนูจะเปลี่ยนคุณสมบัติการโจมตีของคุณเป็น Water^{2}
24583	Summons a Divine Light spell, restoring HP equal to your MATK * ^{1}${2}% + ${3}^{2} to You and one designated ally within ${1} meters^{3}^{4}.	เรียกคาถา Divine Light ฟื้นฟู HP เท่ากับ MATK ของคุณ * ^{1}${2}% +${3}^{2}ให้คุณและพันธมิตรหนึ่งคนที่กำหนดในระยะ${1}เมตร^{3}^{4}.
24584	After a @{1}-second warning, damages players within a circular area with a five-meter radius around itself and applies 【Stomach Acid Corrosion】	หลังจากการเตือนครั้งที่สอง@{1}สร้างความเสียหายให้กับผู้เล่นภายในพื้นที่วงกลมที่มีรัศมีห้าเมตรรอบๆ ตัวมันเอง และใช้ 【Stomach Acid Corrosion】
24585	Increases the direct damage and direct Healing Done of ^{1}Offensive-type^{2} and ^{3}Recovery-type^{4} Primary Battle Skills by ^{5}${1}%^{6}.	เพิ่มความเสียหายโดยตรงและการรักษาโดยตรง เสร็จสิ้นจาก ^{1}Offensive-type^{2}และ ^{3}Recovery-type^{4}Primary Battle Skills โดย ^{5}${1}%^{6}
24586	The Relic lies deep within the forest. Ever since it suddenly appeared, the monsters nearby have been restless. Are you sure you can handle it?	The Relic lies deep within the forest. Ever since it suddenly appeared, the monsters nearby have been restless. Are you sure you can handle it?
24587	All team Members present when the Adventure Guild is created will become official Members. Anyone outside the team cannot join during creation.	All team Members present when the Adventure Guild is created will become official Members. Anyone outside the team cannot join during creation.
24588	For each enemy hit by ^{1}^{2}【Napalm Vulcan】^{3}^{4}, its DMG Bonus increases by ^{5}${1}%^{6}, up to ^{7}${2}%^{8}, for every @{1} enemy hit.	สำหรับศัตรูแต่ละตัวที่ถูกโจมตี ^{1}^{2}【Napalm Vulcan】^{3}^{4}โบนัสความเสียหายจะเพิ่มขึ้น ^{5}${1}%^{6}สูงสุด ^{7}${2}%^{8}สำหรับทุก ๆ@{1}ที่ศัตรูโจมตี
24589	Deals Fire-element ranged magic damage equal to Magic ATK *^{5}${3}%+${4}^{6} to up to ^{3}${2}^{4} enemies within a ^{1}${1}^{2}-meter radius.	สร้างความเสียหายเวทย์มนตร์ระยะไกลด้วยธาตุไฟเท่ากับพลังโจมตีเวทย์ *^{5}${3}%+${4}^{6}ขึ้นไปถึง ^{3}${2}^{4}ศัตรูภายใน a ^{1}${1}^{2}-รัศมีเมตร
24590	"Read the question, then move to the <sprite name=""activityevening_icon_riddle_right""> or <sprite name=""activityevening_icon_riddle_wrong""> area"	"Read the question, then move to the <sprite name=""activityevening_icon_riddle_right""> or <sprite name=""activityevening_icon_riddle_wrong""> area"
24591	【Before completing this, make sure you're using the free Flying Mount, or an error will occur.】Complete the Commission and report your findings.	【Before completing this, make sure you're using the free Flying Mount, or an error will occur.】ทำภารกิจให้เสร็จสิ้นและรายงานสิ่งที่คุณค้นพบ
24592	As a Madogear Pilot, bombard enemies from range with both ST and AoE firepower, leaving them nowhere to hide from your steady, sustained damage.	As a Madogear Pilot, bombard enemies from range with both ST and AoE firepower, leaving them nowhere to hide from your steady, sustained damage.
24593	"Because you were found to have violated the System Trade Rules, we have frozen your <sprite name=""item_3""><color=#cc762a> ${1}</color>  as bail."	"Because you were found to have violated the System Trade Rules, we have frozen your <sprite name=""item_3""><color=#cc762a> ${1}</color>  as bail."
24594	^{1}^{2}【Sharp Shooting】^{3}^{4}'s CT is reduced by ${1}%, the number of targets increases by ${2}, and its area width increases by ${3} meters.	^{1}^{2}【Sharp Shooting】^{3}^ CT ของ{4}ลดลง${1}% จำนวนเป้าหมายเพิ่มขึ้น${2}และความกว้างของพื้นที่เพิ่มขึ้น${3}เมตร
24595	Enlarge You to @{1} times your normal size. During Magnification, recover ^{1}@{3}% ^{2} of your maximum HP every @{2} seconds for @{4} seconds.	Enlarge You to @{1} times your normal size. During Magnification, recover ^{1}@{3}% ^{2} of your maximum HP every @{2} seconds for @{4} seconds.
24596	Hmph! By the time reinforcements arrive, the professor will already have become... become you-know-what! You're not usually this scared, Master.	Hmph! By the time reinforcements arrive, the professor will already have become... become you-know-what! You're not usually this scared, Master.
24597	Congratulations! The ${1}*${2} you listed at your Stall was purchased by Buyer ${3} at ${4}. After deducting ${5} in Trade Tax, you earned ${6}.	Congratulations! The ${1}*${2} you listed at your Stall was purchased by Buyer ${3} at ${4}. After deducting ${5} in Trade Tax, you earned ${6}.
24598	Due to the server merge, your listing of [${2}] [${1}] on the Exchange was removed automatically. Please collect the items from the attachments.	Due to the server merge, your listing of [${2}] [${1}] on the Exchange was removed automatically. Please collect the items from the attachments.
24599	Oh? Should I learn a “turn stone into gold” spell first, so the two of us don't starve into statues before those solid-gold plates ever show up?	Oh? Should I learn a “turn stone into gold” spell first, so the two of us don't starve into statues before those solid-gold plates ever show up?
24600	C-Captain! That was valuable field data, and this time, I have a flawless product of science. Emotions lead to mistakes, but science never does.	C-Captain! That was valuable field data, and this time, I have a flawless product of science. Emotions lead to mistakes, but science never does.
24601	Fine. You two stay safe. But Professor, if anything goes wrong again, the Order may have to... temporarily take charge of your personal freedom.	Fine. You two stay safe. But Professor, if anything goes wrong again, the Order may have to... temporarily take charge of your personal freedom.
24602	First, find Antonio for me. He promised to bring the festival banner back from Morroc, but there's still no sign of him. And while you're at it—	First, find Antonio for me. He promised to bring the festival banner back from Morroc, but there's still no sign of him. And while you're at it—
24603	Your second Job Advance is a crucial stage in Choosing a Job path. Ask the veterans at the Academy about the unique features of each job branch.	Your second Job Advance is a crucial stage in Choosing a Job path. Ask the veterans at the Academy about the unique features of each job branch.
24604	You mean those Green, hairy bugs? Gross... ^{1}PlayerName^{2}, don't hit them too hard. If you splatter bug juice on me, I'll never forgive you.	You mean those Green, hairy bugs? Gross... ^{1}PlayerName^{2}, don't hit them too hard. If you splatter bug juice on me, I'll never forgive you.
24605	All right, as long as everyone's safe. I don't want to spend another second in this wretched place. Pack up—we're returning to camp immediately.	All right, as long as everyone's safe. I don't want to spend another second in this wretched place. Pack up—we're returning to camp immediately.
24606	What kind of dangerous experiment are you running this time? If you Hatch some weird tentacle monster, I'll be the first to burn your shop down!	What kind of dangerous experiment are you running this time? If you Hatch some weird tentacle monster, I'll be the first to burn your shop down!
24607	If the current difficulty is too high, you can abandon the challenge from the in-stage Event Management screen and select a different difficulty	If the current difficulty is too high, you can abandon the challenge from the in-stage Event Management screen and select a different difficulty
24608	Signs of a breakthrough are mounting! Enemy vanguards have appeared on the central district's main road. Prepare to fall back toward the center!	Signs of a breakthrough are mounting! Enemy vanguards have appeared on the central district's main road. Prepare to fall back toward the center!
24609	Also known as blackfish, snakehead, or fortune fish. Its wide distribution, high yield, and rapid reproduction make it valuable for aquaculture.	หรือที่รู้จักกันในชื่อปลาแบล็คฟิช ปลาช่อน หรือปลานำโชคการกระจายตัวที่กว้างขวาง ผลผลิตสูง และการสืบพันธุ์ที่รวดเร็ว ทำให้มีคุณค่าต่อการเพาะเลี้ยงสัตว์น้ำ
24610	A Metal block taken from the core of a meteorite. Its exceptional purity and energy make it a precious material for crafting advanced equipment.	บล็อกโลหะที่นำมาจากแกนกลางของอุกกาบาต ความบริสุทธิ์และพลังงานที่ยอดเยี่ยมทำให้เป็นวัสดุล้ำค่าสำหรับการผลิตอุปกรณ์ขั้นสูง
24611	A translucent, golden Crystal orb filled with shimmering, dancing starlight. Can be used to craft a Memory Coffer during the Gift of Time event.	ลูกกลมคริสตัลสีทองโปร่งแสงเต็มไปด้วยแสงดาวระยิบระยับระยิบระยับ สามารถใช้เพื่อสร้างคลังความทรงจำในช่วงกิจกรรมของขวัญแห่งกาลเวลา
24612	An arrow made of solid rock and imbued with the power of earth.\n^{1}Equipping Stone Arrow with a bow changes your attack property to Earth.^{2}	Arrow ที่ทำจาก Stone แข็งและอัดแน่นไปด้วยพลังแห่งดิน\n^{1}การสวมใส่ Stone Arrow ด้วยธนูจะเปลี่ยนคุณสมบัติการโจมตีของคุณเป็น Earth^{2}
24613	After casting, deal ATK * ^{1}@{3}%^{2} damage to up to @{2} enemies within a @{1}-meter radius and inflict ^{3}@{4} seconds^{4} of 【Blind】^{5}.	After casting, deal ATK * ^{1}@{3}%^{2} damage to up to @{2} enemies within a @{1}-meter radius and inflict ^{3}@{4} seconds^{4} of 【Blind】^{5}.
24614	A lightweight, non-toxic Metal that can be used to Refine all Armor.\n^{1}Effect: Can be used to Refine +@{1} to +@{2} Armor and Accessories^{2}	โลหะน้ำหนักเบาและปลอดสารพิษที่สามารถใช้เพื่อปรับแต่งชุดเกราะทั้งหมดได้\n^{1}Effect: สามารถใช้เพื่อปรับแต่ง +@{1}ถึง +@{2}Armor and Accessories^{2}
24615	Summons a barrage of thrusting Spears, dealing ^{1}@{4}%^{2} damage to up to @{3} enemies in a @{1} m x @{2} m area in the designated direction.	เรียก Spears พุ่งออกมาโจมตี สร้าง ^{1}@{4}%^{2}สร้างความเสียหายให้กับศัตรูสูงสุด@{3}ในพื้นที่@{1}m x@{2}m ในทิศทางที่กำหนด
24616	Launch a musical phrase from ^{1}【Sacrament】^{2} at a designated enemy (ST), dealing Holy ranged magic damage equal to Magic ATK *^{3}${1}%^{4}.	เปิดตัววลีดนตรีจาก ^{1}【Sacrament】^{2}ไปที่ศัตรูที่กำหนด (ST) สร้างความเสียหายเวทย์มนตร์ระยะไกลอันศักดิ์สิทธิ์เท่ากับ Magic ATK *^{3}${1}%^{4}
24617	Throw sand at the target, dealing Physical ATK *^{1}${2}%+${3}^{2} Earth-property melee Physical damage to the designated ST enemy within ${1}m.	ขว้างทรายไปที่เป้าหมาย สร้างความเสียหายทางกายภาพ *^{1}${2}%+${3}^{2}สร้างความเสียหายทางกายภาพระยะประชิดทางกายภาพแก่ศัตรู ST ที่กำหนดภายในระยะ${1}ม.
24618	Increases the effect radius of 【Shadow Ward】, 【Myriad Shadows】, and 【Circling Shadow】 by @{1} meters and their skill damage multiplier by @{2}%.	เพิ่มรัศมีเอฟเฟกต์ของ 【Shadow Ward】, 【Myriad Shadows】 และ 【Circling Shadow】 เป็น@{1}เมตร และตัวคูณความเสียหายของทักษะเป็น@{2}%
24619	@{1}.Consume the required items to reroll a selected stat.\n@{2}.Each Divine Art Totem can only be rerolled a limited number of times per Season.	@{1}.Consume the required items to reroll a selected stat.\n@{2}.Each Divine Art Totem can only be rerolled a limited number of times per Season.
24620	Guilds eligible to bid may freely place bids during this phase.\n(However, due to bidding list restrictions, each guild may only bid on one map.)	Guilds eligible to bid may freely place bids during this phase.\n(However, due to bidding list restrictions, each guild may only bid on one map.)
24621	Test the limits of your damage output in the Training Ground's Extreme Challenge! Reach the required Damage per Second to Claim Clearing Rewards.	Test the limits of your damage output in the Training Ground's Extreme Challenge! Reach the required Damage per Second to Claim Clearing Rewards.
24622	Beast hide marinated with herbs and chili peppers, rolled into a tube, and charcoal-grilled. Grants @{1}%~@{2}% DMG vs Demi-Human for @{3} hours.	หนังสัตว์หมักด้วยสมุนไพรและพริก รีดเป็นหลอด แล้วย่างถ่านให้@{1}%~@{2}% DMG กับกึ่งมนุษย์เป็นเวลา@{3}ชั่วโมง
24623	A new version is available! Update before entering the game to receive an <color=#F2A35D>Update Reward</color>! We recommend updating over Wi-Fi.	A new version is available! Update before entering the game to receive an <color=#F2A35D>Update Reward</color>! We recommend updating over Wi-Fi.
24624	The current server is running the ${1} scenario. You must download the base scenario pack to play. The scenario pack is ${2} MB. Download it now?	The current server is running the ${1} scenario. You must download the base scenario pack to play. The scenario pack is ${2} MB. Download it now?
24625	Maya summons a ^{1}sand tornado^{2} that continuously uses Launch to send ^{3}small tornadoes outward^{4}. Players must reposition to evade them.	Maya summons a ^{1}sand tornado^{2} that continuously uses Launch to send ^{3}small tornadoes outward^{4}. Players must reposition to evade them.
24626	This skill point allocation includes a Skill Upgrade. Once confirmed, the upgraded skill will replace its prerequisite skill. Confirm allocation?	This skill point allocation includes a Skill Upgrade. Once confirmed, the upgraded skill will replace its prerequisite skill. Confirm allocation?
24627	Hmm, whether it's the tranquil morning light, joyous laughter, or a heartfelt embrace, each is a beautiful way to say goodbye before setting out.	Hmm, whether it's the tranquil morning light, joyous laughter, or a heartfelt embrace, each is a beautiful way to say goodbye before setting out.
24628	Go back? But my research is at a critical stage, and the energy readings here are unprecedented! If I stop now, all my work could be for nothing.	Go back? But my research is at a critical stage, and the energy readings here are unprecedented! If I stop now, all my work could be for nothing.
24629	That ^{1}【poor girl】^{2} hasn't moved at all. Could she be injured? Oh, it's chilly in this cave. Do you have any spare clothes? Please help her.	That ^{1}【poor girl】^{2} hasn't moved at all. Could she be injured? Oh, it's chilly in this cave. Do you have any spare clothes? Please help her.
24630	Congratulations! Your server has earned every Progress Reward in the Otherworldly Arrival event. Here's your prize. Please check the attachments!	Congratulations! Your server has earned every Progress Reward in the Otherworldly Arrival event. Here's your prize. Please check the attachments!
24631	Ahem... Anyway, I really can't Thank You enough. If you hadn't arrived when you did, I'd probably be a skeleton picked clean in that nest by now.	Ahem... Anyway, I really can't Thank You enough. If you hadn't arrived when you did, I'd probably be a skeleton picked clean in that nest by now.
24632	D-Don't bite me! I'm an academic! I'm studying... the population distribution of urban cockroaches! Yes, cockroaches! I'm a cockroach researcher!	D-Don't bite me! I'm an academic! I'm studying... the population distribution of urban cockroaches! Yes, cockroaches! I'm a cockroach researcher!
24633	We're willing to give you what you want in exchange. But now that you've Discovered our secret, we can't simply let you leave. How about this...?	We're willing to give you what you want in exchange. But now that you've Discovered our secret, we can't simply let you leave. How about this...?
24634	Only sufficient numbers will let me take my research deeper, and the deeper my research goes, the more amazing your rewards will be. We both win.	Only sufficient numbers will let me take my research deeper, and the deeper my research goes, the more amazing your rewards will be. We both win.
24635	Serve as the party's damage dealer\nPlayers who select this role have exceptional damage-dealing capabilities and must focus on damaging enemies.	Serve as the party's damage dealer\nPlayers who select this role have exceptional damage-dealing capabilities and must focus on damaging enemies.
24636	The gates of the Royal Capital are open! It is the ultimate symbol of glory, and only the strongest guild can claim the summit and reign supreme!	The gates of the Royal Capital are open! It is the ultimate symbol of glory, and only the strongest guild can claim the summit and reign supreme!
24637	Obtained from Final Trial activities in the Realm of the Gods. A symbol of Honor and glory!! Can be exchanged for Rare rewards in the Trial Shop.	ได้รับจากกิจกรรมการทดลองขั้นสุดท้ายใน Realm of the Gods สัญลักษณ์แห่งความรุ่งโรจน์!! สามารถแลกเปลี่ยนเป็นรางวัลหายากได้ในร้านทดลอง
24638	Strikes an enemy with great force, dealing Physical ATK * ^{1}${2}% + ${3}^{2} Neutral melee Physical DMG to a designated ST enemy within ${1} m.	โจมตีศัตรูด้วยพลังอันยิ่งใหญ่ สร้าง ATK กายภาพ * ^{1}${2}% + ${3}^{2} สร้างความเสียหายกายภาพระยะประชิดที่เป็นกลาง ไปยังศัตรู ST ที่กำหนดภายในระยะ ${1} ม.
24639	Summons a massive comet from space, dealing ATK * ^{1}@{4}%^{2} damage to up to @{3} enemies in a target area with a @{2} m radius within @{1} m.	เรียกดาวหางขนาดใหญ่จากอวกาศ สร้าง ATK * ^{1}@{4}%^{2}สร้างความเสียหายให้กับศัตรูสูงสุด@{3}ในพื้นที่เป้าหมายด้วยรัศมี@{2}m ภายใน@{1}m
24640	Increases your DEX by ^{1}${1}^{2} and AGI by ^{3}${2}^{4}, and reveals ^{5}Hidden^{6} enemies within a Distance of ${3} meters for ${4} seconds.	เพิ่ม DEX ของคุณโดย ^{1}${1}^{2}และ AGI โดย ^{3}${2}^{4}และเผยให้เห็นศัตรู ^{5}Hidden^{6}ในระยะ${3}เมตรสำหรับ${4}วินาที
24641	For the next ${1} seconds, increases own Attack Speed by ${2}% and grants Basic Attacks a ${3}% Chance to trigger ^{1}^{2}[Cursed Slash]^{3}^{4}.	สำหรับ${1}วินาทีถัดไป เพิ่มความเร็วในการโจมตีของตัวเองโดย${2}% และให้ Basic Attacks เป็น${3}% โอกาสในการทริกเกอร์ ^{1}^{2}[Cursed Slash]^{3}^{4}.
24642	B-Bunny ears? A hair band you wear on your head?! (Frantically tugs on the player's sleeve) Did you hear that? It must be a revelation from Odin!	B-Bunny ears? A hair band you wear on your head?! (Frantically tugs on the player's sleeve) Did you hear that? It must be a revelation from Odin!
24643	If the game client encounters an error, you can use this Function to attempt a repair.\n Repairing will close the game. Please reopen it manually.	If the game client encounters an error, you can use this Function to attempt a repair.\n Repairing will close the game. Please reopen it manually.
24644	Baphomet summons demonic stone pillars, then ^{1}uses a targeted skill^{2}. Players must ^{3}hide behind the pillars^{4} to avoid the area damage.	Baphomet summons demonic stone pillars, then ^{1}uses a targeted skill^{2}. Players must ^{3}hide behind the pillars^{4} to avoid the area damage.
24645	The Book of Job Advance ahead records the traits and potential of every job. Young sprout of Midgard, go forth and choose the path that suits you.	The Book of Job Advance ahead records the traits and potential of every job. Young sprout of Midgard, go forth and choose the path that suits you.
24646	I like you, so I'll give you an honest price! I'd charge anyone else @{1} Copper Coins for this sword, but if you're serious, it's yours for @{2}!	I like you, so I'll give you an honest price! I'd charge anyone else @{1} Copper Coins for this sword, but if you're serious, it's yours for @{2}!
24647	Heh, to each their own. What a shame. Please accept this small gift as a Thank You for your help earlier. May life always be so... “easy” for you.	Heh, to each their own. What a shame. Please accept this small gift as a Thank You for your help earlier. May life always be so... “easy” for you.
24648	That's amazing! After your Job Advance, will you be able to carry little Me to victory too? I don't want to hide in the back and cheer every time.	That's amazing! After your Job Advance, will you be able to carry little Me to victory too? I don't want to hide in the back and cheer every time.
24649	Creates a spherical area with a radius of @{1} meters at your location. Players within the area are immune to poison zone damage for @{2} seconds.	สร้างพื้นที่ทรงกลมที่มีรัศมี@{1}เมตร ณ ตำแหน่งของคุณผู้เล่นในพื้นที่จะมีภูมิคุ้มกันต่อความเสียหายจากโซนพิษเป็นเวลา@{2}วินาที
24650	Launch three musical phrases from ^{1}【Sacrament】^{2}, dealing Holy ranged magic damage equal to Magic ATK * ^{3}${1}%^{4} to the target ST enemy.	เปิดตัววลีดนตรีสามวลีจาก ^{1}【Sacrament】^{2}สร้างความเสียหายเวทย์มนตร์ระยะไกลศักดิ์สิทธิ์เท่ากับพลังโจมตีเวทย์ * ^{3}${1}%^{4}ไปยังเป้าหมายศัตรู ST
24651	While active, 【Warg Strike】, 【Warg Bite】, and 【Warg Hunt】 Summon Extra warg companions that deal ${1}% more Physical damage to non-player enemies.	ในขณะที่ใช้งานอยู่ 【Warg Strike】, 【Warg Bite】 และ 【Warg Hunt】 เรียกสหายวาร์กพิเศษที่สร้างความเสียหายกายภาพให้กับศัตรูที่ไม่ใช่ผู้เล่นของ${1}% มากขึ้น
24652	When a Debuff/Control-type protection skill scores a HIT, the enemy takes Extra *specified* damage when hit for @{1} sec. (internal CD: @{2} sec.)	เมื่อทักษะการป้องกันประเภท Debuff/Control ทำคะแนน HIT ศัตรูจะได้รับความเสียหายพิเศษ *ระบุ* เมื่อถูกโจมตีเป็นเวลา@{1}วินาที(ซีดีภายใน:@{2}วินาที)
24653	^{1}^{2}【Magic Crasher】^{3}^{4} and ^{5}^{6}【Napalm Vulcan】^{7}^{8} gain a ^{9}${1}%^{10} skill damage multiplier and ^{11}${2}^{12} fixed damage.	^{1}^{2}【Magic Crasher】^{3}^{4}และ ^{5}^{6}【Napalm Vulcan】^{7}^{8}ได้รับ ^{9}${1}%^ ตัวคูณความเสียหายของทักษะ{10}และ ^{11}${2}^{12}ความเสียหายคงที่
24654	Increases ^{1}Damage Increase by @{1}%^{2} and ^{3}DMG Reduction by @{2}%^{4}, and increases the team's Revive count in the Dungeon by ^{5}@{3}^{6}	Increases ^{1}Damage Increase by @{1}%^{2} and ^{3}DMG Reduction by @{2}%^{4}, and increases the team's Revive count in the Dungeon by ^{5}@{3}^{6}
24655	When hit by a player's ST magic skill, reflects @{1}% of the damage taken, up to @{2}% of the attacker's Max Life. Internal Cooldown: @{3} seconds.	เมื่อโดนโจมตีด้วยทักษะเวทย์มนตร์ ST ของผู้เล่น จะสะท้อน@{1}% ของความเสียหายที่ได้รับ สูงสุด@{2}% ของ Max Life ของผู้โจมตีคูลดาวน์ภายใน:@{3}วินาที
24656	You can use the instrument to play a variety of songs with powerful support abilities. The notes may sound delightful but they are actually deadly.	You can use the instrument to play a variety of songs with powerful support abilities. The notes may sound delightful but they are actually deadly.
24657	A doll made to be carried on your head. If you hear a cat meowing from somewhere or feel something moving on your head, it's just your imagination.	A doll made to be carried on your head. If you hear a cat meowing from somewhere or feel something moving on your head, it's just your imagination.
24658	Tap here to enable or disable Smart Cast for the corresponding skill. During auto-battle, the System will cast the skill according to this setting.	Tap here to enable or disable Smart Cast for the corresponding skill. During auto-battle, the System will cast the skill according to this setting.
24659	Ask the Item Merchant what's going on. He works with gathered Materials year-round, so he should know more about the monsters' movements than I do.	Ask the Item Merchant what's going on. He works with gathered Materials year-round, so he should know more about the monsters' movements than I do.
24660	Odin is the god we serve. He is known as both the God of War and the God of Children. He would even sacrifice one of his own eyes for his children.	Odin is the god we serve. He is known as both the God of War and the God of Children. He would even sacrifice one of his own eyes for his children.
24661	Don't worry. The Craft process is Easy. Once you have all the required Material, I guarantee I'll make you the sturdiest equipment in all Prontera!	Don't worry. The Craft process is Easy. Once you have all the required Material, I guarantee I'll make you the sturdiest equipment in all Prontera!
24662	Vendor's Cry\nStep right up! Freshly forged Novice Steel Swords! With one of these, your mom will never worry about you running into a Fabre again!	Vendor's Cry\nStep right up! Freshly forged Novice Steel Swords! With one of these, your mom will never worry about you running into a Fabre again!
24663	Ore containing meteorite that can be refined into a Meteorite Chunk.\nObtainable through ^{1}Life Skill - Miner^{2}. Used to Craft T@{1} Equipment.	แร่ที่มีอุกกาบาตซึ่งสามารถกลั่นเป็น Meteorite Chunk ได้\n หาได้จาก ^{1}Life Skill - Miner^{2}ใช้ในการสร้างอุปกรณ์ T@{1}
24664	Splits into three clones to attack a small area, then creates a circular field of moonlight and summons a ring of shadows to attack nearby targets.	Splits ออกเป็นสามร่างโคลนเพื่อโจมตีพื้นที่เล็กๆ จากนั้นสร้างสนามแสงจันทร์เป็นวงกลม และเรียกวงแหวนแห่งเงามาโจมตีเป้าหมายที่อยู่ใกล้เคียง
24665	When I was about fourteen or fifteen, I had a crush on a boy. To get his attention, I picked on his Peco Peco, and we ended up having a huge fight.	When I was about fourteen or fifteen, I had a crush on a boy. To get his attention, I picked on his Peco Peco, and we ended up having a huge fight.
24666	After casting 【Meteor Assault】, deals Neutral melee Physical damage equal to Physical ATK * ${3}% to up to ${2} enemies within a ${1}-meter radius.	หลังจากร่าย 【Meteor Assault】 จะสร้างความเสียหายทางกายภาพระยะประชิดที่เป็นกลางเท่ากับ Physical ATK *${3}% ให้กับศัตรูสูงสุด${2}ภายในรัศมี${1}เมตร
24667	For each enemy hit by ^{1}^{2}【Lord of Vermilion】^{3}^{4}, its DMG Bonus increases by ^{5}${1}%^{6}, up to ^{7}${2}%^{8}, for every @{1} enemy hit.	สำหรับศัตรูแต่ละตัวที่ถูกโจมตี ^{1}^{2}【Lord of Vermilion】^{3}^{4}โบนัส DMG ของมันจะเพิ่มขึ้น ^{5}${1}%^{6}สูงสุด ^{7}${2}%^{8}สำหรับทุก ๆ@{1}ที่ศัตรูโจมตี
24668	Use battering rams, siege ladders, cannons, Madogear Pilots, and other siege equipment to breach the defenders' gate and charge into the Inner Area.	Use battering rams, siege ladders, cannons, Madogear Pilots, and other siege equipment to breach the defenders' gate and charge into the Inner Area.
24669	A core Member of the Church with greater effectiveness against Undead monsters, making this build better suited for Priest auto-battle in the field.	A core Member of the Church with greater effectiveness against Undead monsters, making this build better suited for Priest auto-battle in the field.
24670	@{1}.Spend Divine Totem Currency to Level-up Divine Totems, enhancing the effects of deployed Divine Totems.\n Divine Totem levels reset each Season	@{1}.Spend Divine Totem Currency to Level-up Divine Totems, enhancing the effects of deployed Divine Totems.\n Divine Totem levels reset each Season
24671	Chance of obtaining a complete S-rank pet: @{1}%\nChance of obtaining a complete A-rank pet: @{2}%\nChance of obtaining a complete B-rank pet: @{3}%	Chance of obtaining a complete S-rank pet: @{1}%\nChance of obtaining a complete A-rank pet: @{2}%\nChance of obtaining a complete B-rank pet: @{3}%
24672	Defeating the corresponding monsters on the following maps will count:\n@{1}.【Shipwreck Labyrinth Floor @{2}】\n@{3}.【Shipwreck Labyrinth Floor @{4}】	Defeating the corresponding monsters on the following maps will count:\n@{1}.【Shipwreck Labyrinth Floor @{2}】\n@{3}.【Shipwreck Labyrinth Floor @{4}】
24673	Dried Strawberry and herb leaves slow-simmered into a light red soup with a delicate sweetness. Grants @{1}%-@{2}% DMG vs Demi-Human for @{3} hours.	Strawberry แห้งและใบสมุนไพรเคี่ยวช้าๆ เป็นซุปสีแดงอ่อนพร้อมรสหวานละเอียดอ่อนให้@{1}%-@{2}% DMG กับกึ่งมนุษย์เป็นเวลา@{3}ชั่วโมง
24674	When dealing damage, has a @{1}% Chance to inflict 【Stun】 on the enemy for @{2} sec. Internal Cooldown: @{3} sec. Chance stacks with multiple cards.	เมื่อสร้างความเสียหาย มีโอกาส@{1}% ที่จะสร้างสถานะ 【Stun】 กับศัตรูเป็นเวลา@{2}วินาทีคูลดาวน์ภายใน:@{3}วินาทีโอกาสซ้อนกับไพ่หลายใบ
24675	When dealing damage, has a @{1}% Chance to inflict 【Fear】 on the enemy for @{2} sec. Internal Cooldown: @{3} sec. Chance stacks with multiple cards.	เมื่อสร้างความเสียหาย มีโอกาส@{1}% ที่จะสร้าง 【Fear】 กับศัตรูเป็นเวลา@{2}วินาทีคูลดาวน์ภายใน:@{3}วินาทีโอกาสซ้อนกับไพ่หลายใบ
24676	While ^{1}^{2}[Auto Guard]^{3}^{4} is active, taking damage increases your DMG Reduction by ${1}% for ${2} seconds. Internal Cooldown: ${3} seconds.	ในขณะที่ ^{1}^{2}[Auto Guard]^{3}^{4}ทำงานอยู่ การได้รับความเสียหายจะเพิ่มการลด DMG ของคุณ${1}% เป็นเวลา${2}วินาทีคูลดาวน์ภายใน:${3}วินาที
24677	Small and delicate, this is perfect for looking cute in front of your sweetheart. A must-have for any handsome young man or beautiful young woman...	Small and delicate, this is perfect for looking cute in front of your sweetheart. A must-have for any handsome young man or beautiful young woman...
24678	No current monster Kill activity detected. High-rate Auto Mode will Enter a suspended state and Auto-activate after you Kill a monster in the Field.	No current monster Kill activity detected. High-rate Auto Mode will Enter a suspended state and Auto-activate after you Kill a monster in the Field.
24679	Tell you what—I'll give you a request with a generous reward. Go to ^{1}【Payon】^{2} and help the Elder Lady solve the case of the missing livestock.	Tell you what—I'll give you a request with a generous reward. Go to ^{1}【Payon】^{2} and help the Elder Lady solve the case of the missing livestock.
24680	Oh? That old lady with the poor eyesight? This is about the airship, isn't it? Eddga's mane... Yes, that certainly sounds like something she'd need.	Oh? That old lady with the poor eyesight? This is about the airship, isn't it? Eddga's mane... Yes, that certainly sounds like something she'd need.
24681	You're just in time! The concentration of Poison Mushroom spores has more than doubled, and over half the medicinal herbs I've collected are ruined.	You're just in time! The concentration of Poison Mushroom spores has more than doubled, and over half the medicinal herbs I've collected are ruined.
24682	But You need to hurry. I've seen more aggressive monsters over the past few months than I did in the previous 3 years combined. That's No good sign.	But You need to hurry. I've seen more aggressive monsters over the past few months than I did in the previous 3 years combined. That's No good sign.
24683	That's right, little one. But this isn't a Normal outing. We're going to Complete the Commission, and we may face all kinds of danger along the way.	That's right, little one. But this isn't a Normal outing. We're going to Complete the Commission, and we may face all kinds of danger along the way.
24684	Summons the holy light of Judex, dealing Holy ranged magic damage equal to your Magic ATK*^{1}${2}%^{2} to a designated ST enemy within ${1} meters.	เรียกแสงศักดิ์สิทธิ์แห่ง Judex สร้างความเสียหายเวทย์มนต์ระยะไกลเท่ากับพลังโจมตีเวทย์ของคุณ*^{1}${2}%^{2}ไปยังศัตรู ST ที่กำหนดภายในระยะ${1}เมตร
24685	Angeling summons three Self-Destruct Porings nearby. The Self-Destruct Porings explode after @{1} sec, damaging players in a large surrounding area.	Angeling เรียก Poring ที่ Self-Destruct ออกมา 3 ตัวในบริเวณใกล้เคียง Porings แบบ Self-Destruct จะระเบิดหลังจาก@{1}วินาที สร้างความเสียหายให้กับผู้เล่นในพื้นที่โดยรอบขนาดใหญ่
24686	Launch two musical phrases from ^{1}【Sacrament】^{2}, dealing Holy ranged magic damage equal to Magic ATK * ^{3}${1}%^{4} to the designated ST enemy.	เปิดตัววลีดนตรีสองวลีจาก ^{1}【Sacrament】^{2}สร้างความเสียหายเวทย์มนตร์ระยะไกลศักดิ์สิทธิ์เท่ากับพลังโจมตีเวทย์ * ^{3}${1}%^{4}ไปยังศัตรู ST ที่กำหนด
24687	Increases the effect radius of 【Shadow Guard】, 【Thousand Shadows】, and 【Circling Shadow】 by @{1} m and their percentage damage multipliers by @{2}%.	เพิ่มรัศมีเอฟเฟกต์ของ 【Shadow Guard】, 【Thousand Shadows】 และ 【Circling Shadow】 เป็น@{1}m และตัวคูณเปอร์เซ็นต์ความเสียหายเป็น@{2}%
24688	After casting [Dark Illusion], gain @{2}% Movement Speed and @{3} Slow Resistance for @{4} sec. after @{1} sec, and silence the target for @{5} sec.	หลังจากร่าย [Dark Illusion] ได้รับความเร็วในการเคลื่อนที่ของ@{2}% และความต้านทานการสโลว์ของ@{3}เป็นเวลา@{4}วินาที หลังจาก@{1}วินาที และปิดเสียงเป้าหมายเป็นเวลา@{5}วินาที
24689	When using [Rolling Cutter], Movement Speed increases by @{1}%, [Rolling Cutter] damage increases by @{2}%, and its radius increases by @{3} meters.	เมื่อใช้ [Rolling Cutter] ความเร็วในการเคลื่อนที่จะเพิ่มขึ้น@{1}% ความเสียหายของ [Rolling Cutter] จะเพิ่มขึ้น@{2}% และรัศมีเพิ่มขึ้น@{3}เมตร
24690	I'm the technician responsible for Enhancing weapons and armor. Some people say it's trivial work, but that's merely the biased opinion of amateurs.	I'm the technician responsible for Enhancing weapons and armor. Some people say it's trivial work, but that's merely the biased opinion of amateurs.
24691	Festival Invitation has begun! In @{1} minutes, the System will select ${1} lucky stars from all Online players across the Entire Server. Get Ready!	Festival Invitation has begun! In @{1} minutes, the System will select ${1} lucky stars from all Online players across the Entire Server. Get Ready!
24692	A vocal part gained from the Song of Suffering. Lasts ${1} seconds and stacks up to ${2} floors. Each floor adds one phrase launched by a Sacrament.	ส่วนร้องที่ได้รับจากบทเพลงแห่งความทุกข์ ใช้งานได้นาน${1}วินาทีและซ้อนได้สูงสุดถึงพื้น${2}แต่ละชั้นจะเพิ่มหนึ่งวลีที่ศีลระลึกเปิดไว้
24693	Season Combat Power resets with each Season.\nSeason Breakthrough, Season Refinement, pet Level-up, and Soul Echoes can increase Season Combat Power.	Season Combat Power resets with each Season.\nSeason Breakthrough, Season Refinement, pet Level-up, and Soul Echoes can increase Season Combat Power.
24694	When dealing damage, has a @{1}% Chance to inflict 【Blind】 on the enemy for @{2} sec. Internal Cooldown: @{3} sec. Chance stacks with multiple cards.	เมื่อสร้างความเสียหาย มีโอกาส@{1}% ที่จะสร้างสถานะ [Blind] กับศัตรูเป็นเวลา@{2}วินาทีคูลดาวน์ภายใน:@{3}วินาทีโอกาสซ้อนกับไพ่หลายใบ
24695	When dealing damage, has a @{1}% Chance to inflict 【Curse】 on the enemy for @{2} sec. Internal Cooldown: @{3} sec. Chance stacks with multiple cards.	[Curse] เมื่อสร้างความเสียหาย มีโอกาส@{1}% ที่จะสร้างคำสาปแช่งศัตรูเป็นเวลา@{2}วินาทีคูลดาวน์ภายใน:@{3}วินาทีโอกาสซ้อนกับไพ่หลายใบ
24696	When dealing damage, has a @{1}% Chance to inflict 【Sleep】 on the enemy for @{2} sec. Internal Cooldown: @{3} sec. Chance stacks with multiple cards.	เมื่อสร้างความเสียหาย มีโอกาส@{1}% ที่จะสร้างสถานะ 【Sleep】 กับศัตรูเป็นเวลา@{2}วินาทีคูลดาวน์ภายใน:@{3}วินาทีโอกาสซ้อนกับไพ่หลายใบ
24697	While the Orbit persists, allies within a radius of @{1} meters gain increased Movement Speed, while the Madogear Pilot gains @{2}% Damage Reduction.	ในขณะที่วงโคจรยังคงอยู่ พันธมิตรที่อยู่ในรัศมี@{1}เมตร จะได้รับความเร็วในการเคลื่อนที่เพิ่มขึ้น ในขณะที่ Madogear Pilot จะได้รับ@{2}% การลดความเสียหาย
24698	Using Unstuck will cause your Character to die. This cannot be undone. After death, use Revive to complete Unstuck. Are you sure you want to proceed?	Using Unstuck will cause your Character to die. This cannot be undone. After death, use Revive to complete Unstuck. Are you sure you want to proceed?
24699	Abacus in hand, cart at the ready. A natural gift for business never stops this merchant from turning a pushcart into the perfect battlefield weapon.	Abacus in hand, cart at the ready. A natural gift for business never stops this merchant from turning a pushcart into the perfect battlefield weapon.
24700	When fighting other players, you deal Extra damage to players with a lower Title level, but deal reduced damage to players with a higher Title level.	When fighting other players, you deal Extra damage to players with a lower Title level, but deal reduced damage to players with a higher Title level.
24701	A Crown shaped like Thorn branches, adorned with gemstones, tiny osmanthus-like flowers, and dark butterflies. A bow at the back trails long tassels.	A Crown shaped like Thorn branches, adorned with gemstones, tiny osmanthus-like flowers, and dark butterflies. A bow at the back trails long tassels.
24702	Transfer guild leadership to <color=#C26B47>${1}</color>?\n(After the transfer is successful, your position will immediately change to Guild Member.)	Transfer guild leadership to <color=#C26B47>${1}</color>?\n(After the transfer is successful, your position will immediately change to Guild Member.)
24703	Just as every sunset brings a sunrise, Morroc's tireless nomads labor in the shadows to maintain the inexhaustible water supply that sustains Morroc.	Just as every sunset brings a sunrise, Morroc's tireless nomads labor in the shadows to maintain the inexhaustible water supply that sustains Morroc.
24704	Adventurer, there are still more notes to decipher. If your search leads nowhere, try asking your companions. They may be able to offer some insight.	Adventurer, there are still more notes to decipher. If your search leads nowhere, try asking your companions. They may be able to offer some insight.
24705	Worse yet, the core part I ordered was on that wagon. Without that component, this instrument is nothing but scrap metal. There's no way to start it.	Worse yet, the core part I ordered was on that wagon. Without that component, this instrument is nothing but scrap metal. There's no way to start it.
24706	Go on, but be quick and exercise caution when making Contact. If you Destroy this miracle, the consequences will be far beyond anything you can bear.	Go on, but be quick and exercise caution when making Contact. If you Destroy this miracle, the consequences will be far beyond anything you can bear.
24707	Captain\nThey're probably planning to board us and seize both the crew and cargo. I'll leave the fighting to you while I try to shake these bastards!	Captain\nThey're probably planning to board us and seize both the crew and cargo. I'll leave the fighting to you while I try to shake these bastards!
24708	Rumor has it that anyone who understands this fragment can return their attributes to their Initial state.\n^{1}Use: Resets allocated stat points^{2}	มีข่าวลือว่าใครก็ตามที่เข้าใจส่วนนี้สามารถคืนคุณลักษณะของตนกลับเป็นสถานะเริ่มต้นได้\n^{1}ใช้: รีเซ็ตคะแนนสถิติที่จัดสรร ^{2}
24709	The Relic begins to glow, and Pharaoh leaps out, catching everyone off guard. The knights are too busy to help, so they ask you to fight the monster.	The Relic begins to glow, and Pharaoh leaps out, catching everyone off guard. The knights are too busy to help, so they ask you to fight the monster.
24710	Unleashes flames to incinerate enemies, dealing ATK * ^{1}@{4}%^{2} damage to up to @{3} enemies in a target area with a @{2} m radius within @{1} m.	ปล่อยเปลวไฟเผาศัตรู สร้าง ATK * ^{1}@{4}%^{2}สร้างความเสียหายให้กับศัตรูสูงสุด@{3}ในพื้นที่เป้าหมายด้วยรัศมี@{2}m ภายใน@{1}m
24711	Strike the enemy with full force, dealing Physical ATK*^{1}${2}%+${3}^{2} Neutral melee Physical damage to the specified ST enemy within ${1} meters.	โจมตีศัตรูอย่างเต็มกำลัง สร้างความเสียหายทางกายภาพ*^{1}${2}%+${3}^{2}สร้างความเสียหายทางกายภาพระยะประชิดที่เป็นกลางแก่ศัตรู ST ที่ระบุภายในระยะ${1}เมตร
24712	Vocal begins singing, healing up to ${3} allies within ${2} meters of its master for a total of the master's ^{1}Adaptive ATK^{2}*^{3}${4}%^{4} Life.	Vocal เริ่มร้องเพลง รักษาพันธมิตร${3}ในระยะ${2}เมตรจากปรมาจารย์ รวมพลังของอาจารย์ ^{1}Adaptive ATK^{2}*^{3}${4}%^{4}Life
24713	Summons a flaming arrow from the sky, dealing a total of Magic ATK*^{1}${2}%+${3}^{2} Fire ranged magic damage to the targeted ST enemy within ${1}m.	เรียกลูกธนูเพลิงลงมาจากท้องฟ้า สร้างความเสียหายเวทย์รวม*^{1}${2}%+${3}^{2}สร้างความเสียหายเวทระยะไกลแก่ศัตรู ST เป้าหมายที่อยู่ในระยะ${1}ม.
24714	${1} has completed the Summon Ritual! The Starshatter Dragon will descend upon the main city in 30 seconds. Adventurers, come witness its arrival!${2}	${1} has completed the Summon Ritual! The Starshatter Dragon will descend upon the main city in 30 seconds. Adventurers, come witness its arrival!${2}
24715	Soft Plant fibers. Gather them to obtain a Low-grade Plant. ^{1}Used by the Chef Life Skill to make various restorative Potions and Cooking dishes^{2}	Soft Plant fibers. Gather them to obtain a Low-grade Plant. ^{1}Used by the Chef Life Skill to make various restorative Potions and Cooking dishes^{2}
24716	Almagia has recovered its energy. ^{1}Players on its back must escape by sliding down its tail^{2}, then resume the battle when it becomes Weak again.	Almagia has recovered its energy. ^{1}Players on its back must escape by sliding down its tail^{2}, then resume the battle when it becomes Weak again.
24717	When dealing damage, has a @{1}% Chance to inflict 【Freeze】 on the enemy for @{2} sec. Internal Cooldown: @{3} sec. Chance stacks with multiple cards.	[Freeze] เมื่อสร้างความเสียหาย มีโอกาส@{1}% ที่จะสร้างสถานะแช่แข็งให้กับศัตรูเป็นเวลา@{2}วินาทีคูลดาวน์ภายใน:@{3}วินาทีโอกาสซ้อนกับไพ่หลายใบ
24718	When hit by a player's ST Physical skill, reflects @{1}% of the damage taken, up to @{2}% of the attacker's Max Life. Internal Cooldown: @{3} seconds.	เมื่อโดนโจมตีด้วยทักษะกายภาพ ST ของผู้เล่น จะสะท้อน@{1}% ของความเสียหายที่ได้รับ สูงสุด@{2}% ของ Max Life ของผู้โจมตีคูลดาวน์ภายใน:@{3}วินาที
24719	After every ${1} casts of ^{1}^{2}[Smite]^{3}^{4}, the next ^{5}^{6}[Smite]^{7}^{8}'s percentage damage multiplier and fixed damage increase by ${2}%.	หลังจากที่${1}ร่าย ^{1}^{2}[Smite]^{3}^{4}ครั้งถัดไป ^{5}^{6}[Smite]^{7}^{8}เปอร์เซ็นต์ตัวคูณความเสียหายและความเสียหายคงที่เพิ่มขึ้น${2}%
24720	^{1}^{2}[Gloria Domini]^{3}^{4} Deals DMG to the locked target an Extra @{1} times, each dealing PATK * ${1}% + ${2} as Neutral Melee Physical damage.	^{1}^{2}[Gloria Domini]^{3}^{4}สร้างความเสียหายให้กับเป้าหมายที่ถูกล็อคเป็นพิเศษ@{1}ครั้ง โดยแต่ละครั้งจะทำ PATK *${1}% +${2}เป็นระยะประชิดที่เป็นกลางความเสียหายทางกายภาพ
24721	^{1}^{2}【Soul Destroyer】^{3}^{4} Damage Increase: ${1}% to the percentage damage multiplier and ${2} to fixed damage. Variable CT is reduced by ${3}%.	^{1}^{2}【Soul Destroyer】^{3}^{4}เพิ่มความเสียหาย:${1}% เป็นเปอร์เซ็นต์ตัวคูณความเสียหาย และ${2}เป็นความเสียหายคงที่ CT ตัวแปรลดลง${3}%
24722	Baphomet summons ^{1}demonic stone pillars^{2} that deal damage in a circular area. The pillars then explode, dealing damage in a circular area again.	Baphomet summons ^{1}demonic stone pillars^{2} that deal damage in a circular area. The pillars then explode, dealing damage in a circular area again.
24723	Insufficient Speed-Up Tickets. You need ${1} more to finish instantly. Spend ${2} Sacred Crystals to make up the difference and complete the speed-up?	Insufficient Speed-Up Tickets. You need ${1} more to finish instantly. Spend ${2} Sacred Crystals to make up the difference and complete the speed-up?
24724	Its structure has been Enhanced, giving it greater speed and stealth than an ordinary passenger ship. It's also equipped with basic defensive cannons.	Its structure has been Enhanced, giving it greater speed and stealth than an ordinary passenger ship. It's also equipped with basic defensive cannons.
24725	(Stares at the ground, guilty but defiant) Enough! This old man... I just like standing here and breathing the fresh air! What, do you own this place?	(Stares at the ground, guilty but defiant) Enough! This old man... I just like standing here and breathing the fresh air! What, do you own this place?
24726	Don't worry. The airship has an automatic cruise Function. Human intervention is only needed in special circumstances, so just follow my instructions.	Don't worry. The airship has an automatic cruise Function. Human intervention is only needed in special circumstances, so just follow my instructions.
24727	That gear looks good. Seems Hollgrehenn didn't slack off this time. Now that your equipment is ready, there's only one thing left that might help you—	That gear looks good. Seems Hollgrehenn didn't slack off this time. Now that your equipment is ready, there's only one thing left that might help you—
24728	Since it's so excited, I suppose we can follow our dear investigator. If we follow this scent, we should be able to catch that perverted little thief.	Since it's so excited, I suppose we can follow our dear investigator. If we follow this scent, we should be able to catch that perverted little thief.
24729	Enough nonsense! This is a serious experiment! Hurry—the energy window will only last a few minutes. If we miss it, we'll have to wait until tomorrow.	Enough nonsense! This is a serious experiment! Hurry—the energy window will only last a few minutes. If we miss it, we'll have to wait until tomorrow.
24730	If the head trauma poses a risk of Suffocation, would you like me to perform rescue breathing? I am prepared to do so, even at the cost of my dignity.	If the head trauma poses a risk of Suffocation, would you like me to perform rescue breathing? I am prepared to do so, even at the cost of my dignity.
24731	The Gala Invitation has begun! In ${1} minutes, the System will select ${2} lucky stars from among Online players across the Entire Server. Get ready!	The Gala Invitation has begun! In ${1} minutes, the System will select ${2} lucky stars from among Online players across the Entire Server. Get ready!
24732	Bright Red and spicy, it adds heat and aroma to Cooking.\nObtainable through ^{1}Life Skill - Gardener^{2}. Used by the Life Skill - Chef for Cooking.	สีแดงสด เผ็ดร้อน เพิ่มความร้อนและกลิ่นหอมให้กับการทำอาหาร\n หาได้จาก ^{1}Life Skill - Gardener^{2}. ใช้โดยทักษะ Life - เชฟสำหรับทำอาหาร
24733	A translucent, deep-blue Crystal orb with what appears to be waves rolling inside. Can be used to craft a Memory Coffer during the Gift of Time event.	ลูกกลมคริสตัลสีน้ำเงินเข้มโปร่งแสง มีลักษณะคล้ายคลื่นกลิ้งอยู่ข้างใน สามารถใช้เพื่อสร้างคลังความทรงจำในช่วงกิจกรรมของขวัญแห่งกาลเวลา
24734	A shield used in battle by Gna, an attendant of Frigg, during her time as a Valkyrie. It radiates the fighting spirit of a Valkyrie, a divine warrior.	โล่ที่ใช้ในการต่อสู้โดย Gna ผู้ดูแล Frigg ในสมัยที่เธอยังเป็นวาลคิรี มันแผ่กระจายจิตวิญญาณแห่งการต่อสู้ของวาลคิรี นักรบศักดิ์สิทธิ์
24735	Call down an Angel's blessing, increasing STR, DEX, and INT by ^{1}${3}^{2} for you and up to ${2} allies within a ${1}-meter radius for ${4} seconds.	เรียกพรจากนางฟ้า เพิ่ม STR, DEX และ INT เป็น ^{1}${3}^{2}สำหรับคุณ และพันธมิตรสูงสุด${2}ภายในรัศมี${1}เมตรเป็นเวลา${4}วินาที
24736	Attacks with psychic power, dealing ranged Magic Damage equal to Magic ATK * ^{1}@{3}%^{2} to an ST enemy within @{1} m and up to @{2} nearby enemies.	โจมตีด้วยพลังจิต สร้างความเสียหายเวทย์ระยะไกลเท่ากับพลังโจมตีเวทย์ * ^{1}@{3}%^{2}ให้กับศัตรู ST ภายใน@{1}m และสูงถึง@{2}ศัตรูใกล้เคียง
24737	Imbues your weapon with rune magic, increasing your ASPD by ^{1}${1}%^{2}. After dealing damage, increases your DEF by ^{3}${2}%^{4} for @{1} seconds.	ตกแต่งอาวุธของคุณด้วยเวทมนตร์รูน โดยเพิ่ม ASPD ของคุณขึ้น ^{1}${1}%^{2}หลังจากสร้างความเสียหาย เพิ่ม DEF ของคุณขึ้น ^{3}${2}%^{4}เป็นเวลา@{1}วินาที
24738	Soul Destroyer casting Distance +@{1}. On HIT, Launch two small spherical waves at each of @{2} targets near the target (very, very, very low damage).	Soul Destroyer ระยะร่าย +@{1}เมื่อโจมตี ปล่อยคลื่นทรงกลมเล็ก ๆ สองลูกไปที่เป้าหมาย@{2}แต่ละอันใกล้กับเป้าหมาย (ความเสียหายน้อยมาก)
24739	I-I tried... But whenever I think about how close they are to the instructor and how they might mention me to her, I just can't bring myself to ask...	I-I tried... But whenever I think about how close they are to the instructor and how they might mention me to her, I just can't bring myself to ask...
24740	When a shield or control-immunity Protector skill is used, grants [Endure] to up to ${2} allies within a ${1}-meter radius of the master for ${3} sec.	เมื่อใช้โล่หรือทักษะป้องกันภูมิคุ้มกันควบคุม มอบ [Endure] ให้กับพันธมิตร${2}สูงสุดภายในรัศมี${1}เมตรของต้นแบบเป็นเวลา${3}วินาที
24741	Deals Neutral melee ^{5}adaptive damage^{6} equal to the master's ^{1}Adaptive ATK^{2}*^{3}${3}%^{4} to up to ${2} enemies within a ${1}-meter radius.	สร้างความเสียหายระยะประชิดที่เป็นกลาง ^{5}ความเสียหายแบบปรับตัว ^{6}เท่ากับของต้นแบบ ^{1}Adaptive ATK^{2}*^{3}${3}%^{4}ขึ้นไปถึงศัตรู${2}ภายในรัศมี${1}เมตร
24742	Today's guild donor limit has been reached. Further donations will not grant Guild Contribution.\nWe recommend coming back Tomorrow. Continue donating?	Today's guild donor limit has been reached. Further donations will not grant Guild Contribution.\nWe recommend coming back Tomorrow. Continue donating?
24743	Weapon—Heavy Cannon:\nPlayers operating the Heavy Cannon can target and bombard parts of Almagia's body.\nSustained bombardment will make Almagia Weak.	Weapon—Heavy Cannon:\nPlayers operating the Heavy Cannon can target and bombard parts of Almagia's body.\nSustained bombardment will make Almagia Weak.
24744	【No Chase】Disables chase behavior for this type of skill;\n【Chase】Enables chase behavior for this type of skill and follows its configured chase rules.	【No Chase】Disables chase behavior for this type of skill;\n【Chase】Enables chase behavior for this type of skill and follows its configured chase rules.
24745	Herbs simmered into soft rice porridge, leaving a lingering bittersweet aroma. Reduces damage taken from Medium monsters by @{1}%~@{2}% for @{3} hours.	สมุนไพรเคี่ยวในโจ๊กข้าวเนื้อนุ่ม ทิ้งกลิ่นหอมหวานอมขมกลืนไว้ลดความเสียหายที่ได้รับจากมอนสเตอร์ขนาดกลางลง@{1}%~@{2}% เป็นเวลา@{3}ชั่วโมง
24746	When dealing damage, has a @{1}% Chance to inflict 【Silence】 on the enemy for @{2} sec. Internal Cooldown: @{3} sec. Chance stacks with multiple cards.	[Silence] เมื่อสร้างความเสียหาย มีโอกาส@{1}% ที่จะสร้างความเงียบให้กับศัตรูเป็นเวลา@{2}วินาทีคูลดาวน์ภายใน:@{3}วินาทีโอกาสซ้อนกับไพ่หลายใบ
24747	When using ^{1}^{2}[Basic Attack]^{3}^{4} with a Mace, inflicts ^{5}^{6}[Stun]^{7}^{8} on the target for ${1} seconds. Internal Cooldown: ${2} seconds.	เมื่อใช้ ^{1}^{2}[Basic Attack]^{3}^{4}ด้วย Mace จะทำให้ ^{5}^{6}[Stun]^{7}^{8}บนเป้าหมายเป็นเวลา${1}วินาทีคูลดาวน์ภายใน:${2}วินาที
24748	Maya summons ^{1}@{1} Petrify Mists^{2} around the target. After a brief delay, the mists move toward the target and damage ^{3}targets they touch^{4}.	Maya summons ^{1}@{1} Petrify Mists^{2} around the target. After a brief delay, the mists move toward the target and damage ^{3}targets they touch^{4}.
24749	Summons a @{2} × @{3} m rectangular magic field within @{1} m, restoring ^{1}@{5}%^{2} Life per sec. to up to @{4} allies within the area for @{6} sec.	เรียกสนามเวทย์มนตร์สี่เหลี่ยม@{2}×@{3}m ภายใน@{1}m เพื่อฟื้นฟู ^{1}@{5}%^{2}Life ต่อวินาทีสูงสุดถึง@{4}พันธมิตรภายในพื้นที่เป็นเวลา@{6}วินาที
24750	A jeweled accessory for women. Legend says it was once worn at the wedding of a queen from a certain kingdom. It sharpens the mind while casting magic.	A jeweled accessory for women. Legend says it was once worn at the wedding of a queen from a certain kingdom. It sharpens the mind while casting magic.
24751	After the merge succeeds, the guild set to Merge into the other guild will be disbanded immediately, and each new Member's position must be reassigned.	After the merge succeeds, the guild set to Merge into the other guild will be disbanded immediately, and each new Member's position must be reassigned.
24752	All right, rookie. Excellent work on the mission. The airship is ready, so it's time to meet up with the others. Your true adventure is about to begin!	All right, rookie. Excellent work on the mission. The airship is ready, so it's time to meet up with the others. Your true adventure is about to begin!
24753	Guild 【${1}】 has successfully completed a Merge Guild with this guild. Welcome to all our new friends! Let's unite, support one another, and get along~	Guild 【${1}】 has successfully completed a Merge Guild with this guild. Welcome to all our new friends! Let's unite, support one another, and get along~
24754	An Emperium that shines brilliantly. According to ancient texts, it appears only before those destined to change the world. Required to create a guild.	Emperium ที่เปล่งประกายเจิดจ้าตามตำราโบราณปรากฏเฉพาะต่อหน้าผู้ถูกกำหนดให้เปลี่ยนแปลงโลกเท่านั้นจำเป็นต้องสร้างกิลด์
24755	A translucent, dark-purple Crystal orb containing embers that have yet to burn out. Can be used to craft a Memory Coffer during the Gift of Time event.	ลูกแก้วคริสตัลสีม่วงเข้มโปร่งแสงบรรจุถ่านที่ยังคุอยู่ซึ่งยังไม่หมดไฟ สามารถใช้เพื่อสร้างคลังความทรงจำในช่วงกิจกรรมของขวัญแห่งกาลเวลา
24756	When any ^{1}type of^{2} Primary Battle Skill is cast, the owner gains ^{3}^{4}【Esen's Execution】^{5}^{6}, granting a ${1}% DMG Bonus for ${2} seconds.	เมื่อมีการร่าย ^{1}ประเภท ^{2}Primary Battle Skill เจ้าของจะได้รับ ^{3}^{4}【Esen's Execution】^{5}^{6}โดยให้${1}%โบนัส DMG เป็นเวลา${2}วินาที
24757	Unleashes an evil spirit, dealing Neutral melee Physical damage equal to Physical ATK * ^{1}${3}%^{2} to up to ${2} enemies within a ${1}-meter radius.	ปลดปล่อยวิญญาณชั่วร้าย สร้างความเสียหายทางกายภาพระยะประชิดที่เป็นกลางเท่ากับพลังโจมตีกายภาพ * ^{1}${3}%^{2}ไปจนถึงศัตรูสูงสุด${2}ภายในรัศมี${1}เมตร
24758	After dealing Physical damage, has a @{1}% Chance to trigger an Extra hit that deals Physical damage equal to @{2}% Physical ATK. (Cooldown: @{3} sec.)	หลังจากสร้างความเสียหายกายภาพแล้ว จะมีโอกาส@{1}% ที่จะทำให้เกิดการโจมตีพิเศษซึ่งสร้างความเสียหายกายภาพเท่ากับ@{2}% ATK กายภาพ (คูลดาวน์:@{3}วินาที)
24759	Monster meat marinated in chili sauce and seared on a griddle until crisp outside and tender within. Increases Physical DEF by @{1}~@{2} for @{3} hours.	เนื้อสัตว์ประหลาดหมักในซอสพริกแล้วย่างบนกระทะจนกรอบนอกนุ่มในเพิ่ม DEF ทางกายภาพโดย@{1}~@{2}เป็นเวลา@{3}ชั่วโมง
24760	The Eden Group has provided special Clues. Adventurers can choose any Misc activity they like and participate to earn commendations from the Eden Group.	The Eden Group has provided special Clues. Adventurers can choose any Misc activity they like and participate to earn commendations from the Eden Group.
24761	You have initiated an Impeachment of Guild Leader ${1}. Selecting Leave Guild will automatically cancel the Impeachment. Are you sure you want to leave?	You have initiated an Impeachment of Guild Leader ${1}. Selecting Leave Guild will automatically cancel the Impeachment. Are you sure you want to leave?
24762	Summon a barrage of thrusting Spears, dealing ^{1}@{4}%^{2} damage to up to @{3} enemies in a @{1}-meter by @{2}-meter area in the designated direction.	Summon a barrage of thrusting Spears, dealing ^{1}@{4}%^{2} damage to up to @{3} enemies in a @{1}-meter by @{2}-meter area in the designated direction.
24763	Oh? That was fast. Hmm... The materials all meet my standards. Excellent! You're far more capable than that silly boy of mine who does nothing but read.	Oh? That was fast. Hmm... The materials all meet my standards. Excellent! You're far more capable than that silly boy of mine who does nothing but read.
24764	But enough about that. The Young Man asked me to tell you that if everything's Ready, he'll be waiting by the fountain. Don't keep him waiting too long.	But enough about that. The Young Man asked me to tell you that if everything's Ready, he'll be waiting by the fountain. Don't keep him waiting too long.
24765	When swung, it unleashes a devastating wave of energy that tears across the battlefield. Only a truly fearless hero can master its violent divine power.	เมื่อเหวี่ยง มันจะปล่อยคลื่นพลังงานทำลายล้างที่หลั่งไหลไปทั่วสนามรบมีเพียงฮีโร่ผู้กล้าหาญอย่างแท้จริงเท่านั้นที่จะเชี่ยวชาญพลังอันศักดิ์สิทธิ์อันรุนแรงของมันได้
24766	A sword forged in a mysterious island nation in the distant East. It is said to be useful not only for combat, but also for cultivating one's character.	ดาบที่สร้างขึ้นในประเทศเกาะลึกลับในตะวันออกอันห่างไกล กล่าวกันว่ามีประโยชน์ไม่เพียงแต่ในการต่อสู้เท่านั้น แต่ยังช่วยฝึกฝนอุปนิสัยอีกด้วย
24767	Increases Physical ATK by ^{1}${1}^{2} and STR by ^{3}${2}^{4}. Increases the duration of Adrenaline Rush, Power Thrust, and Maximize Power by ${3} sec.	เพิ่มพลังโจมตีทางกายภาพขึ้น ^{1}${1}^{2}และ STR โดย ^{3}${2}^{4}เพิ่มระยะเวลาของ Adrenaline Rush, Power Thrust และ Maximize Power ขึ้น${3}วินาที
24768	Swings the weapon to unleash an energy blade, dealing a total of ATK * ^{1}@{4}%^{2} damage over @{3} hits to up to @{2} enemies within a @{1} m radius.	แกว่งอาวุธเพื่อปล่อยดาบพลังงาน สร้าง ATK รวม * ^{1}@{4}%^{2}สร้างความเสียหายมากกว่า@{3}โจมตีศัตรูสูงสุด@{2}ภายในรัศมี@{1}m
24769	Golden Thief Bug summons @{1} Thief Bugs to assist it. Their Basic Attacks inflict 【Paralyze】, reducing the target's Attack Speed by @{2}% for @{3} sec.	[Paralyze] Golden Thief Bug เรียก@{1}Thief Bugs มาช่วยการโจมตีปกติของพวกมันทำให้เป็นอัมพาต ส่งผลให้ความเร็วโจมตีของเป้าหมายลดลง@{2}% เป็นเวลา@{3}วินาที
24770	Our guild successfully cleared ${1} mode of the Nature God Irmata Challenge. After the event ends, please visit the auction to view the Auctioned items.	Our guild successfully cleared ${1} mode of the Nature God Irmata Challenge. After the event ends, please visit the auction to view the Auctioned items.
24771	When ^{1}^{2}【Jupitel Thunder】^{3}^{4} hits, it triggers 【Thunderbolt】, dealing Wind Ranged Magic damage equal to MATK*^{5}${1}%+${2}^{6} to the target.	เมื่อ ^{1}^{2}【Jupitel Thunder】^{3}^{4}โจมตี มันจะทำให้เกิด 【Thunderbolt】 สร้างความเสียหายเวทย์มนต์ Wind Ranged เท่ากับ MATK*^{5}${1}%+${2}^{6}ไปยังเป้าหมาย
24772	Inflicts Damage over Time on all players and causes every Horong in the arena to move in a circle around the arena's center, damaging players on contact	สร้างความเสียหายต่อเนื่องกับผู้เล่นทุกคน และทำให้ Horong ทุกตัวในสนามประลองเคลื่อนที่เป็นวงกลมรอบศูนย์กลางของสนาม สร้างความเสียหายให้กับผู้เล่นเมื่อสัมผัสกัน
24773	Weekly Activity: Guild Members earn Guild Activity by completing guild content. Weekly Guild Activity is the sum of all Guild Members' activity each week	Weekly Activity: Guild Members earn Guild Activity by completing guild content. Weekly Guild Activity is the sum of all Guild Members' activity each week
24774	When ^{1}^{2}[Magnus Exorcismus]^{3}^{4} hits a single enemy, its percentage damage multiplier increases by ${1}% and its fixed damage increases by ${2}.	เมื่อ ^{1}^{2}[Magnus Exorcismus]^{3}^{4}โจมตีศัตรูตัวเดียว เปอร์เซ็นต์ตัวคูณความเสียหายจะเพิ่มขึ้น${1}% และความเสียหายคงที่จะเพิ่มขึ้น${2}
24775	Drake summons ^{1}a massive number of Dynamite Barrels^{2}. Players must evade them according to ^{3}the order in which the Dynamite Barrels explode^{4}.	Drake summons ^{1}a massive number of Dynamite Barrels^{2}. Players must evade them according to ^{3}the order in which the Dynamite Barrels explode^{4}.
24776	The BOSS repeatedly summons musical currents that lock onto players and deal delayed damage, leaving damaging areas in the arena that players must avoid.	The BOSS repeatedly summons musical currents that lock onto players and deal delayed damage, leaving damaging areas in the arena that players must avoid.
24777	Drake summons^{1}@{1} water tornadoes^{2}. After a while, Drake disperses them,^{3}turning them into @{2} water blades^{4}that damage targets they touch.	Drake summons^{1}@{1} water tornadoes^{2}. After a while, Drake disperses them,^{3}turning them into @{2} water blades^{4}that damage targets they touch.
24778	A backpack specially made for Adventurers who dare to challenge themselves and never give up. Its vivid red matches the fiery spirit burning within them.	A backpack specially made for Adventurers who dare to challenge themselves and never give up. Its vivid red matches the fiery spirit burning within them.
24779	Oh, that. Yeah, I lost a fine weapon. A longtime customer left it with me to Enchant. Sigh... I really let them down after they placed their trust in me.	Oh, that. Yeah, I lost a fine weapon. A longtime customer left it with me to Enchant. Sigh... I really let them down after they placed their trust in me.
24780	Kafra Battlefield Administrator\nThe Equipment Merchant has appeared on the battlefield! Today's equipment is discounted, so hurry over before it's gone.	Kafra Battlefield Administrator\nThe Equipment Merchant has appeared on the battlefield! Today's equipment is discounted, so hurry over before it's gone.
24781	${1} has completed the summoning ritual. The Starshatter Dragon will descend upon the capital in @{1} seconds. Adventurers are invited to come watch!${2}	${1} has completed the summoning ritual. The Starshatter Dragon will descend upon the capital in @{1} seconds. Adventurers are invited to come watch!${2}
24782	When the Fishmen chanted, every storm fell silent. God forged that silence into a blade and carved through the will of seven thousand worlds to resist.	When the Fishmen chanted, every storm fell silent. God forged that silence into a blade and carved through the will of seven thousand worlds to resist.
24783	An extremely sturdy stone with exceptional hardness, used to make Weapons.\nObtainable through ^{1}Life Skill - Miner^{2}. Used to Craft T@{1} Equipment.	หินที่มีความทนทานเป็นพิเศษและมีความแข็งเป็นพิเศษ ใช้ในการผลิตอาวุธ\n หาได้จาก ^{1}Life Skill - Miner^{2}ใช้ในการสร้างอุปกรณ์ T@{1}
24784	Some say this dew occasionally forms on the leaves of Yggdrasil. It contains the primal, creative power of Life and can be used for a Pet's Breakthrough.	บางคนบอกว่าน้ำค้างนี้ก่อตัวบนใบของอิกดราซิลเป็นครั้งคราวมันมีพลังสร้างสรรค์แห่ง Life ดั้งเดิม และสามารถใช้เพื่อความก้าวหน้าของสัตว์เลี้ยงได้
24785	When casting ^{1}【Healing Skills】^{2}, also removes ^{3}^{4}【Stun】^{5}^{6}, ^{7}^{8}【Freeze】^{9}^{10}, and ^{11}^{12}【Petrify】^{13}^{14} from the target.	เมื่อทำการร่าย ^{1}【Healing Skills】^{2}จะลบ ^{3}^{4}【Stun】^{5}^{6}, ^{7}^{8}【Freeze】^{9}^{10}และ ^{11}^{12}【Petrify】^{13}^{14}จากเป้าหมาย
24786	Deals Physical ATK * ^{1}${2}% + ${3}^{2} Poison melee Physical DMG to a designated ST enemy within ${1} m and applies ^{3}^{4}【Poisoned】^{5}^{6} damage.	สร้างการโจมตีทางกายภาพ * ^{1}${2}% +${3}^{2}สร้างความเสียหายทางกายภาพระยะประชิดพิษต่อศัตรู ST ที่กำหนดภายใน${1}m และใช้ ^{3}^{4}【Poisoned】^{5}^{6}เสียหาย
24787	Grants Falcon's Eye to allies within @{1} m. Players with Falcon's Eye can see enemies in the ^{1}【Hiding】^{2} state within a @{2} m radius for @{3} sec.	มอบ Falcon's Eye ให้กับพันธมิตรที่อยู่ในระยะ@{1}m ผู้เล่นที่มี Falcon's Eye สามารถเห็นศัตรูใน ^{1}【Hiding】^ สถานะ{2}ภายในรัศมี@{2}m เป็นเวลา@{3}วินาที
24788	Choco lets out an encouraging cheer, increasing the Physical ATK and Magic ATK of up to ${2} allies within ${1} meters by ^{1}${3}%^{2} for ${4} seconds.	Choco ส่งเสียงเชียร์โดยเพิ่ม ATK กายภาพและ ATK เวทย์ของพันธมิตรสูงสุด${2}ภายใน${1}เมตร ^{1}${3}%^{2}เป็นเวลา${4}วินาที
24789	Calls down lightning from above, dealing a total of Magic ATK *^{1}${2}% + ${3}^{2} Wind ranged magic damage to a designated ST enemy within ${1} meters.	เรียกสายฟ้าจากด้านบน สร้างความเสียหายเวทย์รวม *^{1}${2}% +${3}^{2}ลมสร้างความเสียหายเวทย์ให้กับศัตรู ST ที่กำหนดภายในระยะ${1}เมตร
24790	The ash tree that blankets the sky,\nWhite dew soaks the mighty tree,\nWhite dew falls and becomes a flood,\nThe evergreen tree that embraces Urd's Well.	The ash tree that blankets the sky,\nWhite dew soaks the mighty tree,\nWhite dew falls and becomes a flood,\nThe evergreen tree that embraces Urd's Well.
24791	Cargo must be placed Above a carpet placement point. The Color and Design of the cargo's placement point must match those of the carpet's placement point.	Cargo must be placed Above a carpet placement point. The Color and Design of the cargo's placement point must match those of the carpet's placement point.
24792	A reality show hosted by the Kafra Corporation. Participate Solo or as a team, get your opponents Captured, and claim the Grand Prize as the final victor!	A reality show hosted by the Kafra Corporation. Participate Solo or as a team, get your opponents Captured, and claim the Grand Prize as the final victor!
24793	When dealing damage, has a @{1}% Chance to inflict 【Immobilize】 on the enemy for @{2} sec. Internal Cooldown: @{3} sec. Chance stacks with multiple cards.	[Immobilize] เมื่อสร้างความเสียหาย มีโอกาส@{1}% ที่จะสร้าง {ทำให้เคลื่อนที่ไม่ได้} กับศัตรูเป็นเวลา@{2}วินาทีคูลดาวน์ภายใน:@{3}วินาทีโอกาสซ้อนกับไพ่หลายใบ
24794	When casting ^{1}^{2}[Spear Throw]^{3}^{4}, you throw one Extra Spear that Deals DMG equal to PATK * ${1}% + ${2} as Extra Neutral Ranged Physical damage.	เมื่อร่าย ^{1}^{2}[Spear Throw]^{3}^{4}คุณจะ Spear Throw พิเศษหนึ่งอันที่สร้าง DMG เท่ากับ PATK *${1}% +${2}เป็นความเสียหายทางกายภาพแบบเป็นกลางพิเศษ
24795	Maya repeatedly deals damage in ^{1}circular and ring-shaped areas around herself^{2}, then unleashes ^{3}@{1} large-area Cross Impacts^{4} in succession.	Maya repeatedly deals damage in ^{1}circular and ring-shaped areas around herself^{2}, then unleashes ^{3}@{1} large-area Cross Impacts^{4} in succession.
24796	Osiris summons ^{1}@{1} Horongs^{2} in the arena. The Horongs damage ^{3}targets they touch^{4} and ^{5}periodically track targets^{6} to change position.	Osiris summons ^{1}@{1} Horongs^{2} in the arena. The Horongs damage ^{3}targets they touch^{4} and ^{5}periodically track targets^{6} to change position.
24797	Moonlight Flower summons^{1}@{1} clones at the edge of the battlefield^{2}. The clones leap to^{3}the target's surroundings and smash the target area^{4}.	Moonlight Flower summons^{1}@{1} clones at the edge of the battlefield^{2}. The clones leap to^{3}the target's surroundings and smash the target area^{4}.
24798	Wow! What a mysterious magical glow... Your head must be filled with stars and arcane runes. Those old scholars in Geffen Tower will be fighting over you!	Wow! What a mysterious magical glow... Your head must be filled with stars and arcane runes. Those old scholars in Geffen Tower will be fighting over you!
24799	I'll take care of the lumber! But first, you'll have to drive away those wolves Nearby. Me Porings have been too scared to leave their cages for two days.	I'll take care of the lumber! But first, you'll have to drive away those wolves Nearby. Me Porings have been too scared to leave their cages for two days.
24800	We had a little mishap in the desert... Ahem, but our caravan has an excellent Reputation. As soon as we stack this cargo neatly, we can board and depart!	We had a little mishap in the desert... Ahem, but our caravan has an excellent Reputation. As soon as we stack this cargo neatly, we can board and depart!
24801	The new Season has officially begun, and everyone is starting from scratch! Hurry to level up and grow stronger, and prepare for the fierce battles ahead!	The new Season has officially begun, and everyone is starting from scratch! Hurry to level up and grow stronger, and prepare for the fierce battles ahead!
24802	A lightweight, nontoxic Metal that makes any armor refined with it stronger.\n^{1}Use: Can be used to refine armor and accessories from +@{1} to +@{2}^{2}	โลหะน้ำหนักเบาและปลอดสารพิษที่ทำให้เกราะที่ได้รับการขัดเกลาแข็งแกร่งขึ้น\n^{1}การใช้งาน: สามารถใช้ปรับแต่งเกราะและอุปกรณ์เสริมได้ตั้งแต่ +@{1}ถึง +@{2}^{2}
24803	A whetstone made using a special process. It improves a Weapon's sharpness.\nObtainable through ^{1}Life Skill - Miner^{2}. Used to Craft T@{1} Equipment.	หินลับที่ทำขึ้นโดยใช้กระบวนการพิเศษ มันช่วยเพิ่มความคมชัดของอาวุธ\n หาได้จาก ^{1}Life Skill - Miner^{2}ใช้ในการสร้างอุปกรณ์ T@{1}
24804	On the ^{3}oldest stone bridge^{4} in ^{1}Geffen^{2}, examine the joint in the central support beam. A gift lies within a carefully crafted hidden recess.	บน ^{3}สะพานหินที่เก่าแก่ที่สุด^{4}ใน ^{1}Geffen^{2}ให้ตรวจสอบข้อต่อในคานรองรับตรงกลางของขวัญอยู่ในช่องที่ซ่อนอยู่ซึ่งสร้างขึ้นอย่างประณีต
24805	A Mage-exclusive heavy strike that deals Physical ATK * ^{1}${2}% + ${3}^{2} Neutral ranged Physical damage to the designated ST enemy within ${1} meters.	การโจมตีหนักหน่วงเฉพาะของ Mage ที่สร้างความเสียหายทางกายภาพ * ^{1}${2}% +${3}^{2}สร้างความเสียหายทางกายภาพในระยะไกลต่อศัตรู ST ที่กำหนดภายในระยะ${1}เมตร
24806	After casting 【Dark Illusion】, gain ^{1}${1}% Move Speed^{2} and ^{3}${2} Slow Resistance^{4} for ${3} sec. Also ^{5}Silences the target for ${4} sec^{6}.	หลังจากร่าย 【Dark Illusion】 ได้รับ ^{1}${1}% ความเร็วในการเคลื่อนที่^{2}และ ^{3}${2}ความต้านทาน Slow^{4}สำหรับ${3}วินาที นอกจากนี้ ^{5}ปิดเสียงเป้าหมายสำหรับ${4}sec^{6}
24807	Gain ${1}% Lifesteal; Normal Attacks trigger Extra damage, dealing damage equal to a Normal Attack to up to @{2} enemies within @{1} meters of the target.	ได้รับ${1}% ดูดพลังชีวิต;Normal Attack จะทำให้เกิดความเสียหายเพิ่มเติม สร้างความเสียหายเท่ากับ Normal Attack ให้กับศัตรูสูงสุด@{2}ภายใน@{1}เมตรจากเป้าหมาย
24808	Increases Ghost damage dealt by ^{1}${1}%^{2}, reduces Soul Burst Cooldown by ${2}%, and increases the acquisition rate of Psychic Astral Bodies by ${3}%.	เพิ่มความเสียหายของ Ghost ที่สร้างโดย ^{1}${1}%^{2}ลดคูลดาวน์ Soul Burst ลง${2}% และเพิ่มอัตราการได้รับ Psychic Astral Bodies เป็น${3}%
24809	Grape and Lemon simmered in bitter orange juice for a lingering woody sweetness. Use to increase Demi-Human damage reduction by @{1}%~@{2}% for @{3} hours.	Grape และ Lemon เคี่ยวในน้ำส้มรสขมเพื่อความหวานที่คงอยู่ของเนื้อไม้ใช้เพื่อเพิ่มการลดความเสียหายกึ่งมนุษย์โดย@{1}%~@{2}% เป็นเวลา@{3}
24810	When ^{1}^{2}【Arrow Shower】^{3}^{4} hits enemies, it deals ${1}%+${2} Extra Neutral Ranged Physical damage to one of them. Internal Cooldown: ${3} seconds.	เมื่อ ^{1}^{2}【Arrow Shower】^{3}^{4}โจมตีศัตรู มันจะสร้างความเสียหายทางกายภาพให้กับหนึ่งในนั้น${1}%+${2}คูลดาวน์ภายใน:${3}วินาที
24811	Skill elevated to an art, craftsmanship without limit. A Blacksmith at the pinnacle of the craft wields peerless hands to push forging power to its utmost.	Skill elevated to an art, craftsmanship without limit. A Blacksmith at the pinnacle of the craft wields peerless hands to push forging power to its utmost.
24812	In the Northern Deep dwells a fish named Kun. Kun is so enormous that no one knows how many thousands of miles it spans... How many grills would that take?	In the Northern Deep dwells a fish named Kun. Kun is so enormous that no one knows how many thousands of miles it spans... How many grills would that take?
24813	"Professor, be clear. What do you mean by ""alive""? What kind of creature did you ship? Don't tell me you've violated the kingdom's safety regulations again!"	"Professor, be clear. What do you mean by ""alive""? What kind of creature did you ship? Don't tell me you've violated the kingdom's safety regulations again!"
24814	Meeting someone who has died is essentially impossible. Even if it were possible, their soul would probably have none of the memories they had while alive.	Meeting someone who has died is essentially impossible. Even if it were possible, their soul would probably have none of the memories they had while alive.
24815	Easy, easy—hear Me out. Ant Hell is really just the outer edge of the ant nest. Maya lives in its deepest reaches, where her brood chamber is also located.	Easy, easy—hear Me out. Ant Hell is really just the outer edge of the ant nest. Maya lives in its deepest reaches, where her brood chamber is also located.
24816	Nicely done. After rescuing someone right from under Maya's nose, you've proven that you have the Eligibility to take on classified Quests of this caliber.	Nicely done. After rescuing someone right from under Maya's nose, you've proven that you have the Eligibility to take on classified Quests of this caliber.
24817	"At least it's Regular food this time. I still haven't forgotten how you snuck a bite of that ""chocolate bar"" from the litter box. That was so embarrassing."	"At least it's Regular food this time. I still haven't forgotten how you snuck a bite of that ""chocolate bar"" from the litter box. That was so embarrassing."
24818	Stop! The first floor of the Pyramid has been declared a restricted area. Normal Adventurers are forbidden from entering. It's far too dangerous right now.	Stop! The first floor of the Pyramid has been declared a restricted area. Normal Adventurers are forbidden from entering. It's far too dangerous right now.
24819	No worries. We're here specifically to deal with that Relic! I'm not afraid of the Monsters here. ^{1}PlayerName^{2} can definitely drive them away, right?	No worries. We're here specifically to deal with that Relic! I'm not afraid of the Monsters here. ^{1}PlayerName^{2} can definitely drive them away, right?
24820	Participate in MVP hunts to receive large quantities of Minted Coins, Cards, and other resources. Rewards have already been sent directly to your Backpack.	เข้าร่วมการล่า MVP เพื่อรับเหรียญ Minted การ์ด และทรัพยากรอื่น ๆ จำนวนมากรางวัลได้ถูกส่งไปยังกระเป๋าเป้สะพายหลังของคุณโดยตรงแล้ว
24821	Ore containing luminous gold that can be refined into a Luminous Gold Ingot.\nObtainable through ^{1}Life Skill - Miner^{2}. Used to Craft T@{1} Equipment.	แร่ที่มีทองคำเรืองแสงที่สามารถกลั่นเป็น Luminous Gold Ingot ได้\n หาได้จาก ^{1}Life Skill - Miner^{2}ใช้ในการสร้างอุปกรณ์ T@{1}
24822	A Magic Arrow imbued with the power of a raging gale and the power of Wind.\n^{1}When Arrow of Wind is equipped on a Bow, attacks become Wind property.^{2}	Arrow วิเศษที่เต็มไปด้วยพลังของพายุที่โหมกระหน่ำและพลังแห่งลม\n^{1}เมื่อติดตั้ง Arrow of Wind บนคันธนู การโจมตีจะกลายเป็นคุณสมบัติของลม^{2}
24823	Grants Endure to yourself and all allies within a @{1}-meter radius, making them immune to crowd control, knock-up, and knockback effects for @{2} seconds.	มอบความอด Endure ให้กับตัวคุณเองและพันธมิตรทั้งหมดภายในรัศมี@{1}เมตร ทำให้พวกเขาต้านทานต่อการควบคุมฝูงชน การน็อคอัพ และการกระเด็นกลับเป็นเวลา@{2}วินาที
24824	A powerful strike unique to Merchants that deals Physical ATK*^{1}${2}%+${3}^{2} Neutral melee Physical damage to the selected ST enemy within ${1} meters.	การโจมตีอันทรงพลังเฉพาะสำหรับพ่อค้าที่สร้าง ATK กายภาพ*^{1}${2}%+${3}^{2}สร้างความเสียหายกายภาพระยะประชิดเป็นกลางแก่ศัตรู ST ที่เลือกภายในระยะ${1}เมตร
24825	You're just one step away from taking on higher-level assignments. Here, this Mount will greatly improve your Move speed, making long journeys much easier.	You're just one step away from taking on higher-level assignments. Here, this Mount will greatly improve your Move speed, making long journeys much easier.
24826	The BOSS selects @{1} players and creates @{3} circular AOEs with a @{4}-second warning and a radius of @{5}m every @{2} seconds, for a total of @{6} times	BOSS เลือกผู้เล่น@{1}และสร้าง AOE แบบวงกลม@{3}พร้อมด้วย@{4}- การเตือนครั้งที่สองและรัศมี@{5}m ทุกๆ@{2}วินาที รวมเป็น@{6}ครั้ง
24827	@{1}.Participate in the mode to earn Currency, which can be used to purchase items from the shop.\n@{2}.You can also earn rewards by reaching a higher rank.	@{1}.Participate in the mode to earn Currency, which can be used to purchase items from the shop.\n@{2}.You can also earn rewards by reaching a higher rank.
24828	After escaping, Nature God Ilmata transformed into its second divine body. It must absorb Almagia's energy to recover—destroy it before it fully recovers!!!	After escaping, Nature God Ilmata transformed into its second divine body. It must absorb Almagia's energy to recover—destroy it before it fully recovers!!!
24829	Protected by the Sacred Tree Spirit, granting one chance to Instant respawn upon taking fatal damage (excluding deaths caused by certain dungeon mechanics).	ได้รับการปกป้องโดย Sacred Tree Spirit ทำให้มีโอกาสเกิดใหม่ทันทีเมื่อได้รับความเสียหายร้ายแรง (ไม่รวมการเสียชีวิตที่เกิดจากกลไกดันเจี้ยนบางอย่าง)
24830	After taking lethal skill damage, you may choose whether to Revive. After Revive, Life/MP is immediately restored to @{1}%. Internal Cooldown: @{2} minutes.	หลังจากได้รับความเสียหายจากทักษะที่ทำให้ถึงตายแล้ว คุณสามารถเลือกได้ว่าจะชุบ Life หรือไม่ หลังจากฟื้นคืนชีพ พลัง Life/MP จะถูกฟื้นฟูเป็น@{1}% ทันที คูลดาวน์ภายใน:@{2}นาที
24831	When ^{1}^{2}[Bowling Bash]^{3}^{4} hits only @{1} enemy, it Deals DMG to that enemy equal to an Extra PATK * ${1}% + ${2} as Neutral Melee Physical damage.	เมื่อ ^{1}^{2}[Bowling Bash]^{3}^{4}โจมตีศัตรู@{1}เท่านั้น มันจะสร้าง DMG ให้กับศัตรูนั้นเท่ากับ Extra PATK *${1}% +${2}เป็นความเสียหายกายภาพระยะประชิดเป็นกลาง
24832	Thief is the most agile of all Adventurer classes. Rather than relying on heavy armor to survive, Thieves use their extraordinary reflexes to evade attacks.	Thief is the most agile of all Adventurer classes. Rather than relying on heavy armor to survive, Thieves use their extraordinary reflexes to evade attacks.
24833	He shyly asked if I had anything to eat because he was so hungry he could barely walk. Oh my, can you imagine? It was exactly like something out of a novel!	He shyly asked if I had anything to eat because he was so hungry he could barely walk. Oh my, can you imagine? It was exactly like something out of a novel!
24834	Mmm, you're a quick learner. More skills will become available after you successfully Job Advance, so remember to Learn new skills often and keep improving.	Mmm, you're a quick learner. More skills will become available after you successfully Job Advance, so remember to Learn new skills often and keep improving.
24835	Haha! I knew something this Easy wouldn't stop you. You stripped that Tree Bark off nice and clean. Looks like you're pretty handy with that Two-Handed Axe!	Haha! I knew something this Easy wouldn't stop you. You stripped that Tree Bark off nice and clean. Looks like you're pretty handy with that Two-Handed Axe!
24836	Hey! Where were you when those snakes surrounded us? You said you'd charge in and rescue us immediately, but I bet you just wanted to stand there and watch!	Hey! Where were you when those snakes surrounded us? You said you'd charge in and rescue us immediately, but I bet you just wanted to stand there and watch!
24837	I hear you've acquired the Equipment Forging manual. Excellent. Go see Blacksmith Hollgrehenn immediately and Enhance your Weapon and Armor until they glow.	I hear you've acquired the Equipment Forging manual. Excellent. Go see Blacksmith Hollgrehenn immediately and Enhance your Weapon and Armor until they glow.
24838	I shouldn't send a rookie like you, but you've just completed your Job Advance and seem capable. The Professor can't defend himself, so every second counts.	I shouldn't send a rookie like you, but you've just completed your Job Advance and seem capable. The Professor can't defend himself, so every second counts.
24839	Everyone, please, calm down~ Why all the hostility? Since we each have something the other party wants, why don't we resolve this in a more Peaceful manner?	Everyone, please, calm down~ Why all the hostility? Since we each have something the other party wants, why don't we resolve this in a more Peaceful manner?
24840	Congratulations to ${1} for being the first to clear Floor ${2} of the Spirit Tower! All Adventurers can claim the Entire Server reward at the Spirit Tower.	Congratulations to ${1} for being the first to clear Floor ${2} of the Spirit Tower! All Adventurers can claim the Entire Server reward at the Spirit Tower.
24841	When you cast ^{1}【Holy Light】^{2}, reduces the Physical DEF of ^{3}Undead-property^{4} targets and ^{5}Demon Race^{6} targets by ^{7}${1}^{8} for ${2} sec.	เมื่อคุณร่าย ^{1}【Holy Light】^{2}จะลด DEF ทางกายภาพของ ^{3}Undead-property^ เป้าหมาย{4}และ ^{5}Demon Race^ เป้าหมาย{6}โดย ^{7}${1}^{8}สำหรับ${2}วินาที
24842	Reduces a selected ST enemy's AGI by ^{1}${2}^{2} and inflicts a ^{3}${3}%^{4} ^{5}【Slow】^{6} effect for ${4} seconds. The enemy must be within ${1} meters.	ลด AGI ของศัตรู ST ที่เลือกโดย ^{1}${2}^{2}และสร้างความเสียหาย ^{3}${3}%^{4}^{5}【Slow】^เอฟเฟกต์{6}สำหรับ${4}วินาทีศัตรูจะต้องอยู่ในระยะ${1}เมตร
24843	When healing a player with an ST skill, heals the target and allied units within @{1} meters for an amount equal to (@{2}%) Magic ATK. (Cooldown: @{3} sec.)	เมื่อรักษาผู้เล่นด้วยทักษะ ST จะรักษาเป้าหมายและยูนิตพันธมิตรที่อยู่ในระยะ@{1}เมตรเป็นจำนวนเท่ากับ (@{2}%) พลังโจมตีเวทย์(คูลดาวน์:@{3}วินาที)
24844	After using 【Virus Spread】, deals Poison melee Physical damage equal to Physical ATK × ${3}% to up to ${2} enemies within a ${1}-meter radius of the target.	หลังจากใช้ 【Virus Spread】 จะสร้างความเสียหายทางกายภาพระยะประชิดพิษเท่ากับ ATK ทางกายภาพ ×${3}% ให้กับศัตรูสูงสุด${2}ภายในรัศมี${1}เมตรของเป้าหมาย
24845	For ${1} seconds after using 【Cloaking】, your next attack deals ${2} Extra hits of Neutral melee Physical damage equal to Physical ATK × ${3}% to the enemy.	สำหรับ${1}วินาทีหลังจากใช้ 【Cloaking】 การโจมตีครั้งถัดไปของคุณจะสร้างความเสียหายให้กับศัตรู${2}การโจมตีระยะประชิดที่เป็นกลางเป็นพิเศษ เท่ากับ ATK กายภาพ ×${3}% ต่อศัตรู
24846	Each Kill of <color=#c27b47>1 monster</color> on this map grants <color=#c27b47>1 point</color> and has a Chance to drop a <color=#c27b47>Hunt Medal</color>.	Each Kill of <color=#c27b47>1 monster</color> on this map grants <color=#c27b47>1 point</color> and has a Chance to drop a <color=#c27b47>Hunt Medal</color>.
24847	Load cargo for your guild and dispatch the Guild Caravan's freight wagon to earn abundant Personal Rewards and provide your guild with plenty of Guild Funds!	Load cargo for your guild and dispatch the Guild Caravan's freight wagon to earn abundant Personal Rewards and provide your guild with plenty of Guild Funds!
24848	When making a Physical attack, has a ${1}% Chance to autocast ^{1}^{2}【Bash】 Lv.@{1}^{3}^{4}. Internal Cooldown: ${2} sec. Chance stacks with multiple cards.	เมื่อทำการโจมตีทางกายภาพ มีโอกาส${1}% ที่จะร่ายอัตโนมัติ ^{1}^{2}【Bash】 Lv.@{1}^{3}^{4}คูลดาวน์ภายใน:${2}วินาทีโอกาสซ้อนกับไพ่หลายใบ
24849	The song of a deep-sea whale bears an orchid from a secluded valley. Wherever it carries you, flowers seem to bloom in the sky and stars rise from the water.	The song of a deep-sea whale bears an orchid from a secluded valley. Wherever it carries you, flowers seem to bloom in the sky and stars rise from the water.
24850	You did not claim your sweep rewards from the Spirit Tower Yesterday. They have now been reissued through this mail. Please collect them from the attachment.	You did not claim your sweep rewards from the Spirit Tower Yesterday. They have now been reissued through this mail. Please collect them from the attachment.
24851	Hahaha! What are you afraid of? I'm here! Even if it costs me my life, I won't let you die before me. All right, Move out. Signal us the moment you find him.	Hahaha! What are you afraid of? I'm here! Even if it costs me my life, I won't let you die before me. All right, Move out. Signal us the moment you find him.
24852	Go back? You've got to be kidding! We're old man Ryan's assistants, and we're here specifically to protect him. Monsters at this level are no problem at all~	Go back? You've got to be kidding! We're old man Ryan's assistants, and we're here specifically to protect him. Monsters at this level are no problem at all~
24853	●If monsters reduce the seal's durability to 0, the dragon's seal will break, bringing catastrophe to the continent of Midgard and causing the event to fail.	●If monsters reduce the seal's durability to 0, the dragon's seal will break, bringing catastrophe to the continent of Midgard and causing the event to fail.
24854	When an ^{1}Offensive-type^{2} Primary Battle Skill Deals DMG, it has a ^{3}${1}%^{4} Chance to inflict ^{5}^{6}【Stun】^{7}^{8} on the enemy for ${2} seconds.	เมื่อ ^{1}ประเภทรุก^{2}ทักษะการต่อสู้หลักสร้างความเสียหาย จะมี ^{3}${1}%^{4}โอกาสที่จะสร้าง ^{5}^{6}【Stun】^{7}^{8}ใส่ศัตรูเป็นเวลา${2}วินาที
24855	The Headless Warrior slams the ground, dealing Neutral melee Physical damage equal to Physical ATK*^{1}${2}%^{2} to a designated ST enemy within ${1} meters.	นักรบหัวขาดกระแทกพื้น สร้างความเสียหายทางกายภาพระยะประชิดที่เป็นกลางเท่ากับพลังโจมตีทางกายภาพ*^{1}${2}%^{2}ไปยังศัตรู ST ที่กำหนดภายในระยะ${1}เมตร
24856	Leaves a shadow in place. Cast in a selected direction to move ${1} meters in the opposite direction. Cast again within ${2} seconds to return to the shadow.	ทิ้งเงาไว้กับที่เหวี่ยงไปในทิศทางที่เลือกเพื่อย้ายเมตร${1}ไปในทิศทางตรงกันข้ามส่งอีกครั้งภายใน${2}วินาทีเพื่อกลับสู่เงา
24857	Deals Neutral Magic damage equal to MATK * ^{1}${4}%^{2} to up to ${3} Enemy Team targets within a ${2}-meter radius of the target within ${1} meters of You.	สร้างความเสียหายเวทย์มนต์เป็นกลางเท่ากับ MATK * ^{1}${4}%^{2}สูงสุดถึง${3}ทีมศัตรูกำหนดเป้าหมายภายในรัศมี${2}เมตรของเป้าหมายภายใน${1}เมตรจากคุณ
24858	(Eyes sparkling) Could you gather the other materials? (Presses a coin pouch into the player's hands) These are all my savings. You can keep whatever's left!	(Eyes sparkling) Could you gather the other materials? (Presses a coin pouch into the player's hands) These are all my savings. You can keep whatever's left!
24859	While you were unconscious, the Holy See took the Relic away. It's being kept at the Prontera Library for now. If you're interested, you can go see it later.	While you were unconscious, the Holy See took the Relic away. It's being kept at the Prontera Library for now. If you're interested, you can go see it later.
24860	When two Guild Members from the same guild are in a party, both gain an Extra bonus: Damage to Bosses +^{1}@{1}%^{2}; damage taken from Bosses -^{3}@{2}%^{4}	When two Guild Members from the same guild are in a party, both gain an Extra bonus: Damage to Bosses +^{1}@{1}%^{2}; damage taken from Bosses -^{3}@{2}%^{4}
24861	Several notes are missing from the score shown by the mysterious person. The piece can only be performed successfully after every note puzzle has been solved.	Several notes are missing from the score shown by the mysterious person. The piece can only be performed successfully after every note puzzle has been solved.
24862	Cards in this slot are only active while a <color=#CC762A>two-handed weapon is equipped</color>. This card will be inactive if a one-handed weapon is equipped	Cards in this slot are only active while a <color=#CC762A>two-handed weapon is equipped</color>. This card will be inactive if a one-handed weapon is equipped
24863	Once a pet reaches certain levels, special materials are Required Materials for a breakthrough. After the breakthrough, the pet gains a large number of stats.	Once a pet reaches certain levels, special materials are Required Materials for a breakthrough. After the breakthrough, the pet gains a large number of stats.
24864	I called you all the way out here to show you this! My masterpiece—the 【Pseudogyne Pheromone】! One spritz, and the Giant Ants will treat you like their queen!	I called you all the way out here to show you this! My masterpiece—the 【Pseudogyne Pheromone】! One spritz, and the Giant Ants will treat you like their queen!
24865	Honestly, every festival in Prontera is chaotic, but seeing everyone—including an Adventurer like You—pitch in makes me realize what a wonderful city this is.	Honestly, every festival in Prontera is chaotic, but seeing everyone—including an Adventurer like You—pitch in makes me realize what a wonderful city this is.
24866	I can tell from your Battle scars. Recent monster attacks have increased in both frequency and range, perfectly in sync with the tower's magical fluctuations.	I can tell from your Battle scars. Recent monster attacks have increased in both frequency and range, perfectly in sync with the tower's magical fluctuations.
24867	You're here. Perfect timing. Let me introduce you. This is Alton, Captain of the White Dove. We'll be relying on his enormous vessel to take us to the desert.	You're here. Perfect timing. Let me introduce you. This is Alton, Captain of the White Dove. We'll be relying on his enormous vessel to take us to the desert.
24868	A-Are you with the Eden Group? Help Me! The airship is about to depart, but our Party Leader and all our cargo ran into trouble over by the Desert Crossroads!	A-Are you with the Eden Group? Help Me! The airship is about to depart, but our Party Leader and all our cargo ran into trouble over by the Desert Crossroads!
24869	So you're with that deranged scholar... Hmph. I can't believe they're allowing an outsider from Juno to tamper with something vital to the kingdom's security.	So you're with that deranged scholar... Hmph. I can't believe they're allowing an outsider from Juno to tamper with something vital to the kingdom's security.
24870	All right. You're wearing Fine equipment, so you must be capable. In that case, could you do Me a favor? My comrades should be fighting the Monsters Nearby...	All right. You're wearing Fine equipment, so you must be capable. In that case, could you do Me a favor? My comrades should be fighting the Monsters Nearby...
24871	The dungeon is not yet complete. Exit the dungeon?\n<color=#B05142>The first Adventurer to exit the dungeon</color> will receive a dungeon matchmaking penalty	The dungeon is not yet complete. Exit the dungeon?\n<color=#B05142>The first Adventurer to exit the dungeon</color> will receive a dungeon matchmaking penalty
24872	Shield skill. Throw your Shield, dealing Neutral Melee Physical DMG equal to PATK * ^{1}${2}%^{2} + *^{3}${3}^{4} to the selected ST enemy within ${1} meters.	ทักษะโล่โยนโล่ของคุณ สร้างความเสียหายกายภาพระยะประชิดเป็นกลางเท่ากับ PATK * ^{1}${2}%^{2}+ *^{3}${3}^{4}ไปยังศัตรู ST ที่เลือกภายในระยะ${1}เมตร
24873	Condenses ice and unleashes a freezing mist, dealing ATK * ^{1}@{4}%^{2} damage to up to @{3} enemies in a designated area with a @{2} m radius within @{1} m.	ควบแน่นน้ำแข็งและปล่อยหมอกเยือกแข็ง สร้าง ATK * ^{1}@{4}%^{2}สร้างความเสียหายให้กับศัตรูสูงสุด@{3}ในพื้นที่ที่กำหนดด้วยรัศมี@{2}m ภายใน@{1}m
24874	When an ^{1}Offensive-type^{2} or ^{3}Control-type^{4} Primary Battle Skill scores a Kill, restores the owner's HP by ^{5}Adaptive Attack^{6} * ^{7}${1}%^{8}.	เมื่อ ^{1}ประเภทรุก^{2}หรือ ^{3}ประเภท Control^{4}ทักษะการต่อสู้หลักให้คะแนนการสังหาร จะฟื้น HP ของเจ้าของโดย ^{5}Adaptive Attack^{6}* ^{7}${1}%^{8}.
24875	When casting ^{1}any type^{2} of Primary Battle Skill, grants the owner ^{3}【Divine Hope】^{4}, increasing Physical DEF and MDEF by ^{5}${1}%^{6} for ${2} sec.	เมื่อร่าย ^{1}ทุกประเภท^{2}ของทักษะการต่อสู้หลัก มอบสิทธิ์ให้เจ้าของ ^{3}【Divine Hope】^{4}เพิ่ม Physical DEF และ MDEF โดย ^{5}${1}%^{6}สำหรับ${2}วินาที
24876	Increases the skill multiplier of each hit of 【Tetra Vortex】 by ^{1}${1}%^{2}. After casting it, You gain ${2} stacks of ^{3}^{4}Elemental Attunement^{5}^{6}.	เพิ่มตัวคูณทักษะของการโจมตีแต่ละครั้งของ 【Tetra Vortex】 เป็น ^{1}${1}%^{2}หลังจากร่ายมัน คุณจะได้รับ${2}Stack ของ ^{3}^{4}Elemental Attunement^{5}^{6}
24877	Summon an Auto vending cart Nearby. Items can be purchased from it to resupply the party, potentially reversing an equipment disadvantage at a critical moment.	Summon an Auto vending cart Nearby. Items can be purchased from it to resupply the party, potentially reversing an equipment disadvantage at a critical moment.
24878	"The ""Angel Wing Ears,"" ""Evil Wing Ears,"" and ""Pipe"" are collectively known as the ""Big Spender's Set,"" occupying the head, face, and mouth slots, respectively."	"The ""Angel Wing Ears,"" ""Evil Wing Ears,"" and ""Pipe"" are collectively known as the ""Big Spender's Set,"" occupying the head, face, and mouth slots, respectively."
24879	Anyway, we need to get moving. The Eden Group Captain is still waiting at the ^{1}Airship Port in Izlude^{2}. If we take any longer, she's going to be furious.	Anyway, we need to get moving. The Eden Group Captain is still waiting at the ^{1}Airship Port in Izlude^{2}. If we take any longer, she's going to be furious.
24880	We have reclaimed the following expired items:\n${1}\nYou will receive the following refunded resources:\n${2}\nThank You for your support, and enjoy the game!	We have reclaimed the following expired items:\n${1}\nYou will receive the following refunded resources:\n${2}\nThank You for your support, and enjoy the game!
24881	Because your character has been restricted from using the Trade Market, your listed items were automatically delisted. Please collect them from the attachment.	Because your character has been restricted from using the Trade Market, your listed items were automatically delisted. Please collect them from the attachment.
24882	The caravan was attacked again? By Baphomet? Peace has been hard to come by in that area lately. Professor, did you have more important equipment shipped here?	The caravan was attacked again? By Baphomet? Peace has been hard to come by in that area lately. Professor, did you have more important equipment shipped here?
24883	Ever since I was chosen, I've been wondering which class to choose. For 3 months, I've changed my answer every day. Today, the moment of truth is finally here.	Ever since I was chosen, I've been wondering which class to choose. For 3 months, I've changed my answer every day. Today, the moment of truth is finally here.
24884	"Don't call it an ""enormous vessel."" This is a precision machine. We were supposed to take off in half an hour, but now... 30% of the cargo hold is still empty."	"Don't call it an ""enormous vessel."" This is a precision machine. We were supposed to take off in half an hour, but now... 30% of the cargo hold is still empty."
24885	Ore from the dwarven realm of Vartalheim, blessed by a legendary armorsmith.\n^{1}Use: Used to refine armor. On failure, the Refine Level will not decrease^{2}	แร่จากอาณาจักรคนแคระแห่ง Vartalheim ได้รับพรจากช่างทำเกราะในตำนาน\n^{1}ใช้: ใช้เพื่อปรับแต่งชุดเกราะเมื่อเกิดความล้มเหลว ระดับการปรับปรุงจะไม่ลดลง^{2}
24886	A round Purple fruit that can be made into fine wine or desserts.\nObtainable through ^{1}Life Skill - Gardener^{2}. Used by the Life Skill - Chef for Cooking.	ผลไม้สีม่วงทรงกลมที่สามารถทำเป็นไวน์หรือของหวานชั้นดีได้\n หาได้จาก ^{1}Life Skill - Gardener^{2}. ใช้โดยทักษะ Life - เชฟสำหรับทำอาหาร
24887	A precious gemstone that gleams like a cat's eye and radiates a beautiful light.\nObtainable through ^{1}Life Skill - Miner^{2}. Used to Craft T@{1} Equipment.	อัญมณีล้ำค่าที่เปล่งประกายราวกับดวงตาของแมวและเปล่งแสงที่สวยงาม\n หาได้จาก ^{1}Life Skill - Miner^{2}ใช้ในการสร้างอุปกรณ์ T@{1}
24888	A Rare Material used to Advance titles.\nIt can also be Combined into a higher-Rarity ^{1}Crest of Venture^{2}, which is used to Advance higher-ranking titles.	วัตถุดิบหายากที่ใช้ในการเลื่อนตำแหน่ง\n นอกจากนี้ยังสามารถรวมเข้ากับความหายากที่สูงกว่าได้ ^{1}Crest of Venture^{2}ซึ่งใช้ในการเลื่อนตำแหน่งที่สูงขึ้น
24889	A branch steeped in countless years of suffering and bound by a blood pact. It can summon more powerful monsters. (This item can only be used on certain maps.)	กิ่งไม้ที่จมอยู่กับความทุกข์ทรมานนับไม่ถ้วนและผูกพันด้วยสนธิสัญญาโลหิต มันสามารถอัญเชิญสัตว์ประหลาดที่ทรงพลังยิ่งขึ้นได้ (ไอเทมนี้สามารถใช้ได้กับบางแผนที่เท่านั้น)
24890	Sprays its stomach acid, applying a high-damage DoT to all players within @{1} meters for @{2}s. Contact with 【Unidentified Digestive Matter】 removes this buff	พ่นกรดในกระเพาะอาหาร สร้าง DoT ที่สร้างความเสียหายสูงให้กับผู้เล่นทุกคนที่อยู่ในระยะ@{1}เมตร สำหรับ@{2}s การสัมผัสกับ 【Unidentified Digestive Matter】 จะลบบัฟนี้
24891	A powerful strike unique to Archer classes that deals Physical ATK*^{1}${2}%+${3}^{2} Neutral ranged Physical damage to a target enemy (ST) within ${1} meters.	การโจมตีอันทรงพลังที่เป็นเอกลักษณ์เฉพาะของคลาส Archer ที่สร้างความเสียหายกายภาพ*^{1}${2}%+${3}^{2}ทำความเสียหายทางกายภาพในระยะไกลแก่ศัตรูเป้าหมาย (ST) ภายในระยะ${1}เมตร
24892	(Scowls) There's nothing to discuss! There's plenty of room here. This old woman just likes sitting in the sun and knitting. That's not against the law, is it?	(Scowls) There's nothing to discuss! There's plenty of room here. This old woman just likes sitting in the sun and knitting. That's not against the law, is it?
24893	After ^{1}^{2}【Fire Ball】^{3}^{4} hits the primary target, it has a ^{5}${1}%^{6} Chance to trigger ^{7}^{8}【Fire Bolt】^{9}^{10} Lv. ^{11}${2}^{12} @{1} times.	หลังจาก ^{1}^{2}【Fire Ball】^{3}^{4}เข้าถึงเป้าหมายหลัก จะมี ^{5}${1}%^{6}โอกาสทริกเกอร์ ^{7}^{8}【Fire Bolt】^{9}^{10}Lv. ↑{11}${2}^{12}@{1}ครั้ง
24894	The System will automatically use Increase Bid in fixed increments (@{1}%, @{2}%, @{3}%, @{4}%, @{5}%, and @{6}%). Once all bids are used, it will stop bidding.	The System will automatically use Increase Bid in fixed increments (@{1}%, @{2}%, @{3}%, @{4}%, @{5}%, and @{6}%). Once all bids are used, it will stop bidding.
24895	When hit by a magic attack, has a @{1}% Chance to nullify its damage. Internal Cooldown: @{2} seconds. (Boss instant-kill skills can bypass this card's effect.)	เมื่อโดนโจมตีด้วยเวทย์มนตร์ มีโอกาส@{1}% ที่จะลบล้างความเสียหายของมันคูลดาวน์ภายใน:@{2}วินาที(ทักษะการฆ่าบอสทันทีสามารถข้ามเอฟเฟกต์ของการ์ดใบนี้ได้)
24896	Gain Divine Blessing: Increases Damage Increase by @{1}% and DMG Reduction by @{2}%, and increases the number of party Revives available in the Dungeon by @{3}.	ได้รับ Blessing จากสวรรค์: เพิ่มความเสียหายเพิ่มขึ้น@{1}% และ DMG Reduction โดย@{2}% และเพิ่มจำนวนการฟื้นคืนปาร์ตี้ที่มีอยู่ในดันเจี้ยนโดย@{3}
24897	^{1}^{2}[High Speed Cart Ram]^{3}^{4} gains ${2}% DMG Bonus against targets below ${1}% HP, and its Chance to inflict ^{5}^{6}[Stun]^{7}^{8} increases by ${3}%.	^{1}^{2}[High Speed Cart Ram]^{3}^{4}ได้รับโบนัส${2}% DMG เมื่อโจมตีเป้าหมายที่ต่ำกว่า${1}% HP และโอกาสที่จะสร้าง ^{5}^{6}[Stun]^{7}^{8}เพิ่มขึ้น${3}%
24898	Flame and hammer define a Blacksmith's life—the power of tempering not only forges keen blades, but also empowers the party to Sweep Attack through enemy lines.	Flame and hammer define a Blacksmith's life—the power of tempering not only forges keen blades, but also empowers the party to Sweep Attack through enemy lines.
24899	Summon a massive comet from space, dealing ATK * ^{1}@{4}%^{2} damage to up to @{3} enemies within a targeted @{2}-meter-radius area located within @{1} meters.	Summon a massive comet from space, dealing ATK * ^{1}@{4}%^{2} damage to up to @{3} enemies within a targeted @{2}-meter-radius area located within @{1} meters.
24900	But I recommend waiting for the captain to return before taking action. The situation down there is far worse than we imagined. Going in alone would be suicide.	But I recommend waiting for the captain to return before taking action. The situation down there is far worse than we imagined. Going in alone would be suicide.
24901	Go. Follow the Guides to improve your skills. Once you've mastered these Basic fundamentals, I'll have a top-secret commission of the utmost importance for you.	Go. Follow the Guides to improve your skills. Once you've mastered these Basic fundamentals, I'll have a top-secret commission of the utmost importance for you.
24902	We're here to protect Professor Ryan. Once we accept a request, we see it through to the end. We also rescued several of your colleagues just now. They're safe.	We're here to protect Professor Ryan. Once we accept a request, we see it through to the end. We also rescued several of your colleagues just now. They're safe.
24903	If the Challenge difficulty is too high, Guild Management can abandon the challenge from the in-stage Event Management screen and select a different difficulty.	If the Challenge difficulty is too high, Guild Management can abandon the challenge from the in-stage Event Management screen and select a different difficulty.
24904	Spend Zeny to launch a powerful attack at a target within @{1} m, dealing ATK * ^{1}@{4}%^{2} damage to up to @{3} enemies within a @{2} m radius of the target.	ใช้ Zeny เพื่อเปิดการโจมตีอันทรงพลังไปยังเป้าหมายที่อยู่ในระยะ@{1}m สร้าง ATK * ^{1}@{4}%^{2}สร้างความเสียหายให้กับศัตรู@{3}ภายในรัศมี@{2}m จากเป้าหมาย
24905	Commands the Falcon to scan the area, revealing all enemies' locations on the Mini Map to you and your teammates for @{1} sec. Skill cooldown: ^{1}@{2}^{2} sec.	สั่งให้เหยี่ยวสแกนพื้นที่ โดยเปิดเผยตำแหน่งของศัตรูทั้งหมดบนแผนที่ย่อให้คุณและเพื่อนร่วมทีมของคุณทราบเป็นเวลา@{1}วินาทีคูลดาวน์ทักษะ: ^{1}@{2}^{2}วินาที
24906	Summons a radiant magic circle, granting allied units within ${1} meters Endure and immunity to crowd control, knock-up, and knockback effects for ${2} seconds.	เรียกวงกลมเวทย์มนตร์ที่เปล่งประกาย มอบยูนิตพันธมิตรที่อยู่ในระยะ${1}เมตร Endure ทานและต้านทานต่อการควบคุมฝูงชน การกระแทก และการกระแทกกลับเป็นเวลา${2}วินาที
24907	A powerful strike unique to Swordsman classes that deals Physical ATK*^{1}${2}%+${3}^{2} Neutral melee Physical DMG to a designated ST enemy within ${1} meters.	การโจมตีอันทรงพลังที่เป็นเอกลักษณ์เฉพาะของคลาส Swordsman ที่สร้างความเสียหายกายภาพ*^{1}${2}%+${3}^{2}สร้างความเสียหายกายภาพระยะประชิดที่เป็นกลางแก่ศัตรู ST ที่กำหนดภายในระยะ${1}เมตร
24908	A powerful strike unique to Thief classes that deals Physical ATK*^{1}${2}%+${3}^{2} Neutral melee Physical damage to the specified ST enemy within ${1} meters.	การโจมตีอันทรงพลังที่ไม่เหมือนใครสำหรับคลาสโจรที่สร้างความเสียหายกายภาพ*^{1}${2}%+${3}^{2}สร้างความเสียหายกายภาพระยะประชิดที่เป็นกลางแก่ศัตรู ST ที่ระบุภายในระยะ${1}เมตร
24909	Launches a rain of arrows within @{1} m, dealing ^{1}@{4}%^{2} damage and inflicting @{5} m of ^{3}【Knockback】^{4} to up to @{3} enemies within a @{2} m radius.	ยิงฝนลูกศรในระยะ@{1}m สร้างความเสียหาย ^{1}@{4}%^{2}สร้างความเสียหายและสร้างความเสียหายให้กับ@{5}m ของ ^{3}【Knockback】^{4}ขึ้นไปถึงศัตรู@{3}ภายในรัศมี@{2}เมตร
24910	Lemon slices steeped in orangewood sap, creating a clear, light drink with a citrus aroma. Grants @{1}%~@{2}% Increased Damage to Medium Monsters for @{3} hours.	มะนาวฝานแช่ในน้ำนมจากไม้ส้ม ทำให้ได้เครื่องดื่มใส บางเบา พร้อมกลิ่นหอมของซิตรัสเพิ่มความเสียหายให้กับมอนสเตอร์ขนาดกลาง@{1}%~@{2}% เป็นเวลา@{3}ชั่วโมง
24911	"A specially treated fish that can be held in your mouth. It smells slightly fishy, but never spoils.\nDefeated monsters have a low chance to drop a ""Tasty Fish."""	"A specially treated fish that can be held in your mouth. It smells slightly fishy, but never spoils.\nDefeated monsters have a low chance to drop a ""Tasty Fish."""
24912	Here, this certificate proves that you passed the Novice Trial. Take it to the Chief Job Advance Mentor in the city, and he'll conduct your Job Advance ceremony.	Here, this certificate proves that you passed the Novice Trial. Take it to the Chief Job Advance Mentor in the city, and he'll conduct your Job Advance ceremony.
24913	Such dazzling light... (Strokes beard) It seems we're about to witness the birth of a new legend. Congratulations on completing your Job Advance, new Adventurer.	Such dazzling light... (Strokes beard) It seems we're about to witness the birth of a new legend. Congratulations on completing your Job Advance, new Adventurer.
24914	Boya, wait here for a moment. I'll give you the repaired gyroscope. ^{1}PlayerName^{2}, this Card is for you. It should be very helpful on your adventures ahead.	Boya, wait here for a moment. I'll give you the repaired gyroscope. ^{1}PlayerName^{2}, this Card is for you. It should be very helpful on your adventures ahead.
24915	Hahaha! Welcome back to the land of the living! After that crash, I thought you'd be getting up close and personal with the sand for three days and three nights!	Hahaha! Welcome back to the land of the living! After that crash, I thought you'd be getting up close and personal with the sand for three days and three nights!
24916	Anyway, getting the weapon back is wonderful news! I, Hollgrehenn, won't forget what you've done. Next time you need equipment refined, I'll give you a discount!	Anyway, getting the weapon back is wonderful news! I, Hollgrehenn, won't forget what you've done. Next time you need equipment refined, I'll give you a discount!
24917	Here's a Basic commission for you: clear out @{1} monsters Nearby the South Gate. Also, take this Weapon Box provided by the Eden Group for Beginner Adventurers.	Here's a Basic commission for you: clear out @{1} monsters Nearby the South Gate. Also, take this Weapon Box provided by the Eden Group for Beginner Adventurers.
24918	Hmph! Serves you right! Weren't you acting all clever just now? Why are you cowering like a turtle now? Hand over the tickets, or I'll claw your face to ribbons!	Hmph! Serves you right! Weren't you acting all clever just now? Why are you cowering like a turtle now? Hand over the tickets, or I'll claw your face to ribbons!
24919	Unforgivable... The Church clearly promised to protect the research equipment, and look what happened! I spent three years calibrating that precision instrument!	Unforgivable... The Church clearly promised to protect the research equipment, and look what happened! I spent three years calibrating that precision instrument!
24920	That damned Baphomet descended from the sky, and even fighting for our lives did no good. He scattered the cargo everywhere, and now no one dares to retrieve it.	That damned Baphomet descended from the sky, and even fighting for our lives did no good. He scattered the cargo everywhere, and now no one dares to retrieve it.
24921	Adorned with a golden dragon fragment that controls time and space and a Crystal orb brimming with immense magic. It looks impressive, but it's incredibly heavy.	ประดับด้วยชิ้นส่วนมังกรสีทองที่ควบคุมเวลาและพื้นที่ และลูกแก้วคริสตัลที่เต็มไปด้วยเวทมนตร์อันยิ่งใหญ่ มันดูน่าประทับใจ แต่มันก็หนักอย่างไม่น่าเชื่อ
24922	${1} gave <color=#cc762a>${2}</color> <color=#cc762a>${3}</color> to ${4}, granting ${5} ${6} Star Points and increasing the current Tavern's Popularity by ${7}.	${1} gave <color=#cc762a>${2}</color> <color=#cc762a>${3}</color> to ${4}, granting ${5} ${6} Star Points and increasing the current Tavern's Popularity by ${7}.
24923	Recite the Three Bells Sutra, granting you and up to ${2} allies within a ${1}-meter radius ^{1}${3}^{2} Physical DEF and ^{3}${4}^{4} Max Life for ${5} seconds.	ท่องพระสูตรระฆังสามใบ ให้คุณและพันธมิตร${2}ภายในรัศมี${1}เมตร ^{1}${3}^{2}Physical DEF และ ^{3}${4}^{4}อายุการใช้งานสูงสุดเป็นเวลา${5}วินาที
24924	Launches an electric orb, dealing MATK * ^{1}${2}% + ${3}^{2} Wind ranged Magic DMG to a designated ST enemy within ${1} m and ^{3}knocking them back^{4} ${4} m.	เปิดตัวลูกแก้วไฟฟ้า สร้าง MATK * ^{1}${2}% +${3}^{2}สร้างความเสียหายเวทย์มนตร์ในระยะไกลไปยังศัตรู ST ที่กำหนดภายใน${1}m และ ^{3}ทำให้พวกเขากระเด็นกลับไป^{4}${4}ม.
24925	Controls the Madogear Pilot to charge @{1} meters, ^{1}knocking back^{2} enemies in its path and dealing ^{3}@{3}%^{4} damage to up to @{2} enemies within range.	ControlsMadogear Pilot ให้ชาร์จมิเตอร์@{1}^{1}กระแทกกลับ^{2}ศัตรูที่ขวางทางและสร้าง ^{3}@{3}%^{4}สร้างความเสียหายให้กับศัตรูสูงสุด@{2}ภายในระยะ
24926	Deals Neutral ranged ^{5}adaptive damage^{6} equal to ^{1}Adaptive ATK^{2}*^{3}${3}%^{4} to up to ${2} enemies within a ${1}-meter radius of the target location.	ทำข้อเสนอระยะเป็นกลาง ^{5}ความเสียหายจากการปรับตัว^{6}เท่ากับ ^{1}Adaptive ATK^{2}*^{3}${3}%^{4}สูงถึง${2}ศัตรูที่อยู่ในรัศมี${1}เมตรของตำแหน่งเป้าหมาย
24927	Casting ^{1}【Focused Arrow Strike】^{2} ${1} times will Enhance the next ^{3}【Focused Arrow Strike】^{4}, causing it to deal ^{5}${2}%^{6} Neutral Physical damage.	การหล่อ ^{1}【Focused Arrow Strike】^{2}${1}ครั้งจะเพิ่มประสิทธิภาพครั้งต่อไป ^{3}【Focused Arrow Strike】^{4}ทำให้เกิดการตกลง ^{5}${2}%^{6}ความเสียหายทางกายภาพที่เป็นกลาง
24928	While equipped with a Katar-type weapon, increases Physical ATK by ^{1}${1}^{2} and increases the damage multiplier of [Assassin Normal Attack] by ^{3}${2}%^{4}.	ขณะที่ติดตั้งอาวุธประเภท Katar จะเพิ่ม ATK กายภาพขึ้น ^{1}${1}^{2}และเพิ่มตัวคูณความเสียหายของ [Assassin Normal Attack] โดย ^{3}${2}%^{4}
24929	Summons a Frost Arrow from the sky, dealing Water-property ranged magic damage equal to Magic ATK*^{1}${2}%+${3}^{2} to the targeted ST enemy within ${1} meters.	เรียก Arrow น้ำแข็งจากท้องฟ้า สร้างความเสียหายเวทย์ตามระยะธาตุน้ำเท่ากับพลังโจมตีเวทย์*^{1}${2}%+${3}^{2}ไปยังศัตรู ST ที่เป็นเป้าหมายภายในระยะ${1}เมตร
24930	^{1}^{2}【Cart Boost】^{3}^{4} maximum Cooldown is reduced by ${1} sec. Gain ^{9}^{10}【Immunity】^{11}^{12} for ${2} sec. after casting ^{5}^{6}【Cart Boost】^{7}^{8}.	^{1}^{2}【Cart Boost】^{3}^{4}คูลดาวน์สูงสุดจะลดลง${1}วินาทีได้รับ ^{9}^{10}【Immunity】^{11}^{12}สำหรับ${2}วินาทีหลังจากแคสต์ ^{5}^{6}【Cart Boost】^{7}^{8}.
24931	When ^{1}^{2}[Grand Cross]^{3}^{4} is cast, triggers [Cross Thrust] on @{1} random targets within the area, dealing PATK*${1}%+${2} Neutral melee Physical damage.	เมื่อ ^{1}^{2}[Grand Cross]^{3}^{4}ถูกร่าย จะทริกเกอร์ [Cross Thrust] บนเป้าหมายสุ่ม@{1}ภายในพื้นที่ โดยจัดการ PATK*${1}%+${2}ความเสียหายทางกายภาพระยะประชิดที่เป็นกลาง
24932	When a Two-Handed Sword is equipped, casting ^{1}^{2}[Basic Attack]^{3}^{4} has a ${1}% Chance to increase ASPD by ${2}% for ${3} seconds. Cooldown: ${4} seconds.	เมื่อสวมใส่ Two-Handed Sword การร่าย ^{1}^{2}[Basic Attack]^{3}^{4}มีโอกาส${1}% ที่จะเพิ่ม ASPD เป็น${2}% เป็นเวลา${3}วินาทีคูลดาวน์:${4}วินาที
24933	Mistress summons a ^{1}swarm of bees^{2} around herself, dealing damage first in a circular area and then in a ring while also summoning ^{3}charging Hornets^{4}.	Mistress summons a ^{1}swarm of bees^{2} around herself, dealing damage first in a circular area and then in a ring while also summoning ^{3}charging Hornets^{4}.
24934	Moonlight Flower summons^{1}@{1} clones at the edge of the battlefield^{2}. The clones quickly leap to^{3}the target's surroundings and smash the target area^{4}.	Moonlight Flower summons^{1}@{1} clones at the edge of the battlefield^{2}. The clones quickly leap to^{3}the target's surroundings and smash the target area^{4}.
24935	Drake summons^{1}a large number of Dynamite charges^{2}. When the countdown ends, Dynamite rapidly falls @{1} times in succession^{3}on and around the player^{4}.	Drake summons^{1}a large number of Dynamite charges^{2}. When the countdown ends, Dynamite rapidly falls @{1} times in succession^{3}on and around the player^{4}.
24936	The soul of a Swordsman burns within you! A Lion lives in your heart, courage is your blade, and protection is your shield. Go forth—the Prontera Chivalry awaits!	The soul of a Swordsman burns within you! A Lion lives in your heart, courage is your blade, and protection is your shield. Go forth—the Prontera Chivalry awaits!
24937	Your guild was the final guild to occupy the Royal City this Season. The guild and every Member will each receive @{1} ^{1}“Realm Starlight”^{2}. Congratulations!	Your guild was the final guild to occupy the Royal City this Season. The guild and every Member will each receive @{1} ^{1}“Realm Starlight”^{2}. Congratulations!
24938	${1} already owns the Chronicle of Fate, so the gift could not be sent. You can use the Chronicle Transfer Scroll from your Backpack to send it to another player.	${1} already owns the Chronicle of Fate, so the gift could not be sent. You can use the Chronicle Transfer Scroll from your Backpack to send it to another player.
24939	That young man sitting over there... He's been staring at the refining machine for hours. It looks like he's lost all his weapons and only has a small knife left?	That young man sitting over there... He's been staring at the refining machine for hours. It looks like he's lost all his weapons and only has a small knife left?
24940	My injury isn't serious, but it's making the helm difficult to operate. If anything unexpected happens during the rest of the journey, I'll need you to take over.	My injury isn't serious, but it's making the helm difficult to operate. If anything unexpected happens during the rest of the journey, I'll need you to take over.
24941	I'm the poor sap Hawke sent to Find the Professor and collect samples along the way. Allow Me to introduce myself. My name is Fiennes, and I'm an alchemy scholar.	I'm the poor sap Hawke sent to Find the Professor and collect samples along the way. Allow Me to introduce myself. My name is Fiennes, and I'm an alchemy scholar.
24942	Sir, a strange Stone platform suddenly appeared in the Pyramid area this morning! The Monsters there have also become unusually agitated and extremely aggressive!	Sir, a strange Stone platform suddenly appeared in the Pyramid area this morning! The Monsters there have also become unusually agitated and extremely aggressive!
24943	Join a guild and attend evening guild events to unlock the Guild Auction.\n\nParticipants share an Auction Dividend - the higher the sales, the larger the payout.	Join a guild and attend evening guild events to unlock the Guild Auction.\n\nParticipants share an Auction Dividend - the higher the sales, the larger the payout.
24944	Shield skill. Throw your Shield, dealing Neutral Melee Physical DMG equal to your PATK * ^{1}${3}%^{2} + ^{3}${4}^{4} to the selected ST enemy within ${1} meters.	ทักษะโล่โยนโล่ของคุณ สร้างความเสียหายกายภาพระยะประชิดเป็นกลางเท่ากับ PATK ของคุณ * ^{1}${3}%^{2}+ ^{3}${4}^{4}ไปยังศัตรู ST ที่เลือกภายในระยะ${1}เมตร
24945	Increases damage against Brute, Plant, and Fish Race enemies by ^{1}${1}%^{2}, and reduces damage taken from Brute, Plant, and Fish Race enemies by ^{3}${2}%^{4}.	เพิ่มความเสียหายต่อศัตรู Brute, Plant และ Fish Race โดย ^{1}${1}%^{2}และลดความเสียหายที่ได้รับจากศัตรู Brute, Plant และ Fish Race โดย ^{3}${2}%^{4}
24946	Restores ^{1}${3}%^{2} of Max ^{3}Life^{4} to you and up to ${2} allies within ${1}m, and increases all targets' ^{5}Movement Speed by ${4}%^{6} for ^{7}${5} sec.	คืนค่า ^{1}${3}%^{2}จาก Max ^{3}Life^{4}ให้กับคุณและพันธมิตร${2}ภายใน${1}m และเพิ่มเป้าหมายทั้งหมด '^{5}ความเร็วในการเคลื่อนที่โดย${4}%^{6}สำหรับ ^{7}${5}วินาที
24947	Ah! You must be Professor Levin's honored guest! He asked us to prepare a quiet room by the window on the second floor. The professor said you needed a good rest.	Ah! You must be Professor Levin's honored guest! He asked us to prepare a quiet room by the window on the second floor. The professor said you needed a good rest.
24948	When dual-wielding daggers, Basic Attacks have a @{1}% Chance to deal damage twice (additional skill effect).\nWhen a katar is equipped, gain an Extra @{2}% Crit.	เมื่อถือมีดคู่ Basic Attacks จะมีโอกาส@{1}% ที่จะสร้างความเสียหายสองครั้ง (เอฟเฟกต์ทักษะเพิ่มเติม)\n เมื่อติดตั้ง Katar จะได้รับค่าคริติคอลพิเศษ@{2}%
24949	When a shield/buff-type protection skill is cast, the master recovers *value description* Life upon taking damage (internal cooldown: @{1} seconds) for x seconds.	เมื่อร่ายทักษะการป้องกันแบบโล่/บัฟ มาสเตอร์จะฟื้นฟู *คำอธิบายค่า* พลัง Life เมื่อได้รับความเสียหาย (คูลดาวน์ภายใน:@{1}วินาที) เป็นเวลา x วินาที
24950	Congratulations on completing your Job Advance! Here's a quick overview of the changes: you've gained new skills and can now allocate Stat Points and Skill Points.	ขอแสดงความยินดีกับการเลื่อนตำแหน่งงานของคุณสำเร็จ! ต่อไปนี้เป็นภาพรวมโดยย่อของการเปลี่ยนแปลง: คุณได้รับทักษะใหม่ๆ และตอนนี้สามารถจัดสรรคะแนนสถิติและคะแนนทักษะได้แล้ว
24951	This will reset all Stars in every Constellation and automatically unequip their Star Cores\nContinue? (<color=#cc762a>${1}</color> Astral Points will be refunded)	This will reset all Stars in every Constellation and automatically unequip their Star Cores\nContinue? (<color=#cc762a>${1}</color> Astral Points will be refunded)
24952	Become Super Giant for @{1} sec. During this time, damage dealt increases by @{2}%, damage taken increases by @{3}%, and you recover @{5}% Max Life every @{4} sec.	กลายเป็นยักษ์ใหญ่ใน@{1}วินาทีในช่วงเวลานี้ ความเสียหายที่เกิดขึ้นเพิ่มขึ้น@{2}% ความเสียหายที่ได้รับเพิ่มขึ้น@{3}% และคุณจะฟื้นฟู@{5}% พลัง Life สูงสุดทุกๆ@{4}วินาที
24953	^{1}^{2}【Blitz Beat】^{3}^{4}'s damage radius increases to ${1} meters, the number of targets increases by ${2}, and its skill damage multiplier increases by ${3}%.	^{1}^{2}【Blitz Beat】^{3}^{4}รัศมีความเสียหายเพิ่มขึ้นเป็น${1}เมตร จำนวนเป้าหมายเพิ่มขึ้น${2}และตัวคูณความเสียหายของทักษะเพิ่มขึ้น${3}%
24954	When ^{1}^{2}【Turn Undead】^{3}^{4} hits an enemy, it deals ${1} Extra hit(s) of Ranged Holy Magic damage equal to MATK * ${2}% + ${3}. Internal Cooldown: ${4} sec.	เมื่อ ^{1}^{2}【Turn Undead】^{3}^{4}โจมตีศัตรู มันจะสร้างความเสียหายให้กับ${1}ของความเสียหายเวทย์ศักดิ์สิทธิ์ระยะไกลเท่ากับ MATK *${2}% +${3}. คูลดาวน์ภายใน:${4}วินาที
24955	Ilmata plays the roar of the deep, summoning ^{1}four colossal musical beasts that charge fiercely at players^{2}. The beasts' wide-area attacks deal heavy damage.	Ilmata plays the roar of the deep, summoning ^{1}four colossal musical beasts that charge fiercely at players^{2}. The beasts' wide-area attacks deal heavy damage.
24956	Magical glasses that make constantly spinning patterns appear before your eyes.\nWearing them causes Stun, though to everyone else they look like ordinary glasses.	Magical glasses that make constantly spinning patterns appear before your eyes.\nWearing them causes Stun, though to everyone else they look like ordinary glasses.
24957	Here's a tip, bo! Every @{1} hours, Rift Gates randomly appear in different areas, filled with treasure for you to claim. Keep an eye out for System announcements~	Here's a tip, bo! Every @{1} hours, Rift Gates randomly appear in different areas, filled with treasure for you to claim. Keep an eye out for System announcements~
24958	Dear Player,\nYour purchase on the Exchange at ${8} [Item: ${1}, Trade Amount: ${5} ] has been completed.\nPlease collect your purchased item from the attachments.	Dear Player,\nYour purchase on the Exchange at ${8} [Item: ${1}, Trade Amount: ${5} ] has been completed.\nPlease collect your purchased item from the attachments.
24959	You did not claim last week's activity dividend before you chose to Leave Guild. It has now been reissued through this mail. Please collect it from the attachment.	You did not claim last week's activity dividend before you chose to Leave Guild. It has now been reissued through this mail. Please collect it from the attachment.
24960	Jack's the one who hired you, isn't he? Don't worry, I already have a plan! Rockers love Whispering Flowers. We can use them to lure the Rockers out into the wild!	Jack's the one who hired you, isn't he? Don't worry, I already have a plan! Rockers love Whispering Flowers. We can use them to lure the Rockers out into the wild!
24961	However, the power of your skills comes from within. Only a stronger physique or deeper magical power will let you use these techniques to their fullest potential.	However, the power of your skills comes from within. Only a stronger physique or deeper magical power will let you use these techniques to their fullest potential.
24962	Breathing is normal, but there's no consciousness... Most likely... a protective coma caused by a concussion? If we wait a little longer, they'll wake up... right?	Breathing is normal, but there's no consciousness... Most likely... a protective coma caused by a concussion? If we wait a little longer, they'll wake up... right?
24963	Constantly refresh Shadow Flow for Movement while maintaining combos to resist crowd control, then unleash Invincible Slash amid groups of enemies for Burst damage	Constantly refresh Shadow Flow for Movement while maintaining combos to resist crowd control, then unleash Invincible Slash amid groups of enemies for Burst damage
24964	Shield skill. Attack with your Shield, dealing Neutral Melee Physical DMG equal to PATK * ^{1}${2}%^{2} + ^{3}${3}^{4} to the selected ST enemy within ${1} meters.	ทักษะโล่โจมตีด้วยโล่ของคุณ สร้างความเสียหายทางกายภาพระยะประชิดเป็นกลางเท่ากับ PATK * ^{1}${2}%^{2}+ ^{3}${3}^{4}ไปยังศัตรู ST ที่เลือกภายในระยะ${1}เมตร
24965	Reduces damage taken from the Demon Race and Holy-property attacks by ^{1}${2}%^{2} for yourself and up to ${3} allies within a ${1}-meter radius for ${4} seconds.	ลดความเสียหายที่ได้รับจากการโจมตีของเผ่าปีศาจและทรัพย์สินศักดิ์สิทธิ์ ^{1}${2}%^{2}สำหรับตัวคุณเองและพันธมิตร${3}ภายในรัศมี${1}เมตรเป็นเวลา${4}วินาที
24966	Controls the Madogear Pilot to slam the ground, dealing ^{1}@{3}%^{2} damage to up to @{2} enemies within @{1} meters and inflicting ^{3}Slow^{4} for @{4} seconds.	ControlsMadogear Pilot ให้กระแทกพื้น สร้าง ^{1}@{3}%^{2}สร้างความเสียหายให้กับศัตรูสูงสุด@{2}ในระยะ@{1}เมตร และสร้างความเสียหาย ^{3}Slow^{4}สำหรับ@{4}วินาที
24967	Extends the duration of your ^{1}【Holy Spirit Surge】^{2} to ${1} seconds. During this time, ^{3}【Part】^{4} will remain at its maximum Floors and cannot be removed.	ขยายระยะเวลาของ ^{1}【Holy Spirit Surge】^{2}ของคุณเป็น${1}วินาทีในช่วงเวลานี้ ^{3}【Part】^{4}จะยังคงอยู่ที่ชั้นสูงสุดและไม่สามารถถอดออกได้
24968	Launch a shockwave at a designated ST enemy within ${1} meters, dealing Neutral ranged Physical damage equal to Physical ATK*^{1}${2}%^{2}+Magic ATK*^{3}${3}%^{4}.	ปล่อยคลื่นกระแทกใส่ศัตรู ST ที่กำหนดภายในระยะ${1}เมตร สร้างความเสียหายทางกายภาพในระยะไกลเท่ากับพลังโจมตีกายภาพ*^{1}${2}%^{2}+โจมตีเวทย์*^{3}${3}%^{4}.
24969	Can be unlocked by using the corresponding appearance item purchased or obtained from the Costume Shop. Once unlocked, the appearance will be added to the Wardrobe.	Can be unlocked by using the corresponding appearance item purchased or obtained from the Costume Shop. Once unlocked, the appearance will be added to the Wardrobe.
24970	The BOSS summons ^{1}[Harp] and [Trumpet] Musical Instruments of different colors^{2}. ^{3}Players with the matching color^{4} must destroy the Musical Instruments.	The BOSS summons ^{1}[Harp] and [Trumpet] Musical Instruments of different colors^{2}. ^{3}Players with the matching color^{4} must destroy the Musical Instruments.
24971	Pharaoh summons the ^{1}Hand of the Dead^{2}, dealing damage in a circular area at the target location while creating ^{3}Hands of the King at random locations^{4}.	Pharaoh summons the ^{1}Hand of the Dead^{2}, dealing damage in a circular area at the target location while creating ^{3}Hands of the King at random locations^{4}.
24972	Baphomet summons a ^{1}spirit^{2} that deals damage in a circular area at the target's location while also creating ^{3}spirits at fixed locations in the arena^{4}.	Baphomet summons a ^{1}spirit^{2} that deals damage in a circular area at the target's location while also creating ^{3}spirits at fixed locations in the arena^{4}.
24973	Collect ^{1}@{1} pieces of 【Sticky Mucus】^{2} from the Porings you defeat. Make sure the texture is uniform, as impurities will affect the Medicine's effectiveness.	Collect ^{1}@{1} pieces of 【Sticky Mucus】^{2} from the Porings you defeat. Make sure the texture is uniform, as impurities will affect the Medicine's effectiveness.
24974	Congratulations on successfully creating the ${1} guild! Under your leadership, we're sure it will continue to prosper and become a close-knit, welcoming community.	Congratulations on successfully creating the ${1} guild! Under your leadership, we're sure it will continue to prosper and become a close-knit, welcoming community.
24975	At the entrance to Southeast Payon, there's a bridge connecting the desert and the forest. You can see every kind of Poring there—it's an absolutely adorable place.	At the entrance to Southeast Payon, there's a bridge connecting the desert and the forest. You can see every kind of Poring there—it's an absolutely adorable place.
24976	If you want to become an experienced Adventurer, you need EXP handling unexpected situations in the Field. Go on. Once you've gathered everything, meet us up ahead.	If you want to become an experienced Adventurer, you need EXP handling unexpected situations in the Field. Go on. Once you've gathered everything, meet us up ahead.
24977	This isn't just a Normal sidekick. It can help you in Battle, boost your stats, and even accompany you into high-Difficulty towers later on. It's incredibly useful!	This isn't just a Normal sidekick. It can help you in Battle, boost your stats, and even accompany you into high-Difficulty towers later on. It's incredibly useful!
24978	Increases ^{3}Magic Recovery Speed^{4} by ^{1}${3}%^{2} and ^{7}Magic ATK^{8} by ^{5}${4}^{6} for you and up to ${2} allies within a ${1}-meter radius for ${5} sec.	เพิ่ม ^{3}Magic Recovery Speed^{4}โดย ^{1}${3}%^{2}และ ^{7}Magic ATK^{8}โดย ^{5}${4}^{6}สำหรับคุณและพันธมิตร${2}ภายในรัศมี${1}-เมตรสำหรับ${5}วินาที
24979	Mastery of shields increases damage reduction from monsters by ^{1}${1}%^{2} while a shield is equipped. Does not stack with other monster damage reduction effects.	ความชำนาญของโล่จะเพิ่มการลดความเสียหายจากมอนสเตอร์โดย ^{1}${1}%^{2}ในขณะที่ติดตั้งโล่ไม่ซ้อนทับกับเอฟเฟกต์ลดความเสียหายของมอนสเตอร์ตัวอื่น
24980	Deviling marks multiple players. After @{1} sec, a dark magic circle appears beneath each marked player, dealing damage every second to players inside for @{2} sec.	Deviling ทำเครื่องหมายผู้เล่นหลายคนหลังจาก@{1}วินาที วงกลมเวทมนตร์แห่งความมืดจะปรากฏขึ้นใต้ผู้เล่นที่ทำเครื่องหมายไว้ สร้างความเสียหายให้กับผู้เล่นที่อยู่ข้างในทุกๆ วินาทีเป็นเวลา@{2}วินาที
24981	^{1}【Myriad Stars Chase the Moon】^{2} skill duration increases by ${2} seconds. When the skill ends, it deals one instance of ^{3}${3}%^{4} Neutral Physical damage.	^{1}【Myriad Stars Chase the Moon】^ ระยะเวลาของทักษะ{2}เพิ่มขึ้น${2}วินาทีเมื่อทักษะสิ้นสุดลง มันจะสร้างความเสียหายทางกายภาพ ^{3}${3}%^{4}หนึ่งตัวอย่าง
24982	Spear-exclusive skill. Deals Neutral Ranged Physical damage totaling PATK * ^{3}${3}%+${4}^{4} over ^{1}${2}^{2} hits to the designated ST enemy within ${1} meters.	ทักษะเฉพาะ Spear สร้างความเสียหายทางกายภาพระยะไกลที่เป็นกลาง รวม PATK * ^{3}${3}%+${4}^{4}มากกว่า ^{1}${2}^{2}โจมตีศัตรู ST ที่กำหนดภายในระยะ${1}เมตร
24983	I want to give Instructor Boya a gift to thank her for helping me train. But she's often away on assignments, so I hardly ever see her, much less get to know her...	I want to give Instructor Boya a gift to thank her for helping me train. But she's often away on assignments, so I hardly ever see her, much less get to know her...
24984	Deals Water-property ranged magic damage equal to Magic Attack*^{1}${1}%+${2}^{2}. Hitting an enemy affected by ^{3}^{4}【Frozen】^{5}^{6} does not remove the effect.	สร้างความเสียหายทางเวทย์มนตร์ที่มีคุณสมบัติทางน้ำเท่ากับการโจมตีทางเวทย์มนตร์*^{1}${1}%+${2}^{2}การโจมตีศัตรูที่ได้รับผลกระทบจาก ^{3}^{4}【Frozen】^{5}^{6}จะไม่ลบเอฟเฟกต์
24985	The BOSS casts @{1} rectangular AOEs in front and @{2} behind, spaced @{3} meters apart, with a @{4}-second warning, then casts them again in the opposite direction	BOSS ร่าย AOE สี่เหลี่ยม@{1}ที่ด้านหน้าและ@{2}ด้านหลัง โดยเว้นระยะห่าง@{3}ห่างกันเมตร พร้อม@{4}- คำเตือนครั้งที่สอง จากนั้นจึงร่ายอีกครั้งในทิศทางตรงกันข้าม
24986	Hello. I'm almost finished repairing the equipment those blasted little thieves damaged, but first I need your help. It's extremely urgent, so come see me right now!	Hello. I'm almost finished repairing the equipment those blasted little thieves damaged, but first I need your help. It's extremely urgent, so come see me right now!
24987	^{1}^{2}[Rapid Smiting]^{3}^{4} has a ${1}% Chance to Deals DMG to the target an Extra @{1} times, each dealing PATK * ${2}% + ${3} as Neutral Melee Physical damage.	^{1}^{2}[Rapid Smiting]^{3}^{4}มี${1}% โอกาสที่จะสร้าง DMG ไปยังเป้าหมาย Extra@{1}ครั้ง โดยแต่ละครั้งจะทำ PATK *${2}%+${3}เป็นความเสียหายกายภาพระยะประชิดเป็นกลาง
24988	After Mistress ^{1}targets random players^{2}, several warning zones appear. When the warnings end, she summons Hornets that deal ^{3}damage in eight directions^{4}.	After Mistress ^{1}targets random players^{2}, several warning zones appear. When the warnings end, she summons Hornets that deal ^{3}damage in eight directions^{4}.
24989	"Tempered by even greater holy trials, Paladins Enhance the core mechanics of each Crusader path, further defining the class traits of the ""Attacker"" and ""Protector."""	"Tempered by even greater holy trials, Paladins Enhance the core mechanics of each Crusader path, further defining the class traits of the ""Attacker"" and ""Protector."""
24990	^{1}PlayerName^{2}, You place the Whispering Flower. I'll build them a little stage at the destination. Once we lure them out, they'll need somewhere to settle down.	^{1}PlayerName^{2}, You place the Whispering Flower. I'll build them a little stage at the destination. Once we lure them out, they'll need somewhere to settle down.
24991	I don't know why, but they've made themselves at home in my yard and wreak havoc every day. Forget the pants—they've even gnawed a hole through the base of the wall!	I don't know why, but they've made themselves at home in my yard and wreak havoc every day. Forget the pants—they've even gnawed a hole through the base of the wall!
24992	An ancient tome on magic once mentioned that Legend says the Yggdrasil Leaf, seeds, and fruit that shaped this world are closely connected to all Life in creation...	An ancient tome on magic once mentioned that Legend says the Yggdrasil Leaf, seeds, and fruit that shaped this world are closely connected to all Life in creation...
24993	All done! Here are the @{1} snake eggs, @{2} portions of Tree Bark, @{3} Snake King eggs, and @{4} Tiger Pelts you asked for. Hand over the tickets—we're in a hurry.	All done! Here are the @{1} snake eggs, @{2} portions of Tree Bark, @{3} Snake King eggs, and @{4} Tiger Pelts you asked for. Hand over the tickets—we're in a hurry.
24994	Thank goodness you're all right. That Spatial Distortion caused quite a commotion. I was afraid you'd been pulled into Pharaoh's dimension and wouldn't make it back.	Thank goodness you're all right. That Spatial Distortion caused quite a commotion. I was afraid you'd been pulled into Pharaoh's dimension and wouldn't make it back.
24995	Good to see you again, Adventurer. You've managed to Level-up your equipment incredibly quickly. You must have been fighting for your life out there. Excellent work!	Good to see you again, Adventurer. You've managed to Level-up your equipment incredibly quickly. You must have been fighting for your life out there. Excellent work!
24996	Serve as the party's healer\nPlayers who select this role have powerful Life recovery abilities and must keep their teammates healthy and provide Revive when needed.	Serve as the party's healer\nPlayers who select this role have powerful Life recovery abilities and must keep their teammates healthy and provide Revive when needed.
24997	White Herb: Its pure White leaves add a subtle herbal aroma to Cooking.\nObtainable through ^{1}Life Skill - Gardener^{2}. Used by the Life Skill - Chef for Cooking.	White Herb: ใบ White บริสุทธิ์ช่วยเพิ่มกลิ่นหอมสมุนไพรอันละเอียดอ่อนให้กับการปรุงอาหาร\n หาได้จาก ^{1}Life Skill - Gardener^{2}. ใช้โดยทักษะ Life - เชฟสำหรับทำอาหาร
24998	A dense Meteor Metal block compressed using a special process. Its energy purity and strength have reached their peak, making it ideal for crafting advanced weapons.	บล็อกโลหะดาวตกที่หนาแน่นถูกบีบอัดโดยใช้กระบวนการพิเศษ ความบริสุทธิ์และความแข็งแกร่งของพลังงานได้มาถึงจุดสูงสุดแล้ว ทำให้เหมาะสำหรับการประดิษฐ์อาวุธขั้นสูง
24999	Creates a three-dimensional space with a radius of @{1} meters at your location. Players within the space are immune to poison zone damage for ^{1} @{2}^{2} seconds.	สร้างพื้นที่สามมิติที่มีรัศมี@{1}เมตร ณ ตำแหน่งของคุณผู้เล่นภายในพื้นที่จะมีภูมิคุ้มกันต่อความเสียหายจากโซนพิษเป็นเวลา ^{1}@{2}^{2}วินาที
25000	Angeling marks multiple players. After @{1} sec, a light magic circle appears beneath each marked player, dealing damage every second to players inside for @{2} sec.	Angeling ทำเครื่องหมายผู้เล่นหลายคนหลังจาก@{1}วินาที วงกลมเวทย์มนตร์แสงจะปรากฏขึ้นใต้ผู้เล่นที่ทำเครื่องหมายไว้ สร้างความเสียหายให้กับผู้เล่นที่อยู่ข้างในทุก ๆ วินาทีเป็นเวลา@{2}วินาที
