Index	English	Thai_Translation
25001	Sohee grants the master a shield equal to the master's Max HP*^{1}${1}%^{2}. While the shield persists, damage taken is reduced by ^{3}${2}%^{4}. Lasts ${3} seconds.	Sohee มอบโล่ให้กับมาสเตอร์เท่ากับ HP สูงสุดของมาสเตอร์*^{1}${1}%^{2}ในขณะที่โล่ยังคงอยู่ ความเสียหายที่ได้รับจะลดลง ^{3}${2}%^{4}คงอยู่${3}วินาที
25002	When casting 【Cross Ripper Slasher】, the blade transforms into a disc of light, and 【Cross Ripper Slasher】's percentage damage multiplier increases by ^{1}${1}%^{2}.	เมื่อร่ายสกิล 【Cross Ripper Slasher】 ใบมีดจะเปลี่ยนเป็นแผ่นแสง และตัวคูณเปอร์เซ็นต์ความเสียหายของ 【Cross Ripper Slasher】 จะเพิ่มขึ้น ^{1}${1}%^{2}
25003	Spear-exclusive skill. Attacks with a Spear, dealing Neutral Ranged Physical damage equal to PATK * ^{1}${3}%+${4}^{2} to the designated ST enemy within ${1} meters.	ทักษะเฉพาะ Spear โจมตีด้วย Spear สร้างความเสียหายทางกายภาพระยะไกลเท่ากับ PATK * ^{1}${3}%+${4}^{2}ไปยังศัตรู ST ที่กำหนดภายในระยะ${1}เมตร
25004	You handle that Mount well. It looks like you're Ready to take on more advanced assignments. So tell me, what Difficulty would you like to start your adventure with?	คุณจัดการ Mount นั้นได้ดีดูเหมือนว่าคุณพร้อมที่จะรับงานขั้นสูงเพิ่มเติมแล้วบอกฉันหน่อยสิ คุณอยากเริ่มการผจญภัยด้วยความยากลำบากระดับไหน?
25005	The Realm Sandbox selects heroes, while the Nail of Cosmic Law stabilizes spacetime... And your compass can gather echoes of souls to restore life to the World Tree.	The Realm Sandbox จะเลือกฮีโร่ ในขณะที่ Nail of Cosmic Law จะรักษากาลอวกาศให้คงที่... และเข็มทิศของคุณสามารถรวบรวมเสียงสะท้อนของวิญญาณเพื่อฟื้นฟูชีวิตให้กับต้นไม้โลก
25006	Ghost damage dealt increased by ^{1}@{1}%^{2}, 【Soul Burst】 Cooldown reduced by ^{3}@{2}%^{4}, and 【Psychokinetic Orb】 gains an Extra ^{5}@{3}^{6} floors per second.	Ghost ความเสียหายที่สร้างเพิ่มขึ้น ^{1}@{1}%^{2}, 【Soul Burst】 คูลดาวน์ลดลง ^{3}@{2}%^{4}และ 【Psychokinetic Orb】 จะได้รับค่าพิเศษ ^{5}@{3}^{6}ชั้นต่อวินาที
25007	When the party includes @{1} Members of different classes, each Member gains an Extra bonus: Damage to Bosses +^{1}@{2}%^{2}; damage taken from Bosses -^{3}@{3}%^{4}	เมื่อปาร์ตี้รวมสมาชิก@{1}จากคลาสที่แตกต่างกัน สมาชิกแต่ละคนจะได้รับโบนัสพิเศษ: สร้างความเสียหายให้กับบอส +^{1}@{2}%^{2};ความเสียหายที่ได้รับจากบอส -^{3}@{3}%^{4}
25008	Defeating the corresponding monsters on the following maps will count:\n@{1}.【Prontera Underground Culvert Floor @{2}】\n@{3}.【Prontera Underground Culvert Floor @{4}】	การเอาชนะมอนสเตอร์ที่เกี่ยวข้องในแผนที่ต่อไปนี้จะถูกนับ:\n@{1}. 【พื้น Culvert ใต้ดิน Prontera@{2}】\n@{3}. 【พื้น Culvert ใต้ดิน Prontera@{4}】
25009	Defeating the corresponding monsters on the following maps will count:\n@{1}.【Pyramid Maze Floor @{2}】\n@{3}.【Pyramid Maze Floor @{4}】\n@{5}.【Pyramid Maze Floor @{6}】	การเอาชนะมอนสเตอร์ที่เกี่ยวข้องในแผนที่ต่อไปนี้จะถูกนับ:\n@{1}. 【ชั้น Pyramid Maze@{2}】\n@{3}. 【พื้น Pyramid Maze@{4}】\n@{5}.【พื้น Pyramid Maze@{6}】
25010	Remove this order? Once confirmed, the order will be removed, all pending requests will be rejected, and the guild supplies in the order will be returned immediately.	Remove คำสั่งซื้อนี้ใช่ไหม เมื่อได้รับการยืนยันแล้ว คำสั่งซื้อจะถูก Remove ออก คำขอที่ค้างอยู่ทั้งหมดจะถูกปฏิเสธ และสิ่งของกิลด์ในคำสั่งซื้อจะถูกส่งคืนทันที
25011	If you equip a one-handed weapon, the card in the two-handed weapon slot, <color=#CC762A>${1}</color>, will become <color=#CC762A>inactive</color>. Replace your gear?	If you equip a one-handed weapon, the card in the two-handed weapon slot, <color=#CC762A>${1}</color>, will become <color=#CC762A>inactive</color>. Replace your gear?
25012	Pharaoh's Coffin ^{1}periodically selects a player^{2} and pulls the selected player inside. Be sure to ^{3}break the coffin before it sinks^{4} to rescue the player!	Pharaoh's Coffin ^{1}เลือกผู้เล่นเป็นระยะ^{2}และดึงผู้เล่นที่เลือกเข้าไปข้างในอย่าลืม ^{3}ทุบโลงศพก่อนที่มันจะจม^{4}เพื่อช่วยเหลือผู้เล่น!
25013	Moonlight Flower launches @{2} sound waves toward the target^{1}@{1} times in succession^{2}, damaging targets hit. Hitting a Bell causes^{3}the Bell to resonate^{4}.	Moonlight Flower ปล่อยคลื่นเสียง@{2}ไปยังเป้าหมาย^{1}@{1}ครั้งติดต่อกัน^{2}สร้างความเสียหายให้กับเป้าหมายการกดปุ่มกระดิ่งจะทำให้กระดิ่ง^{3}กระดิ่งดังสะท้อน^{4}
25014	Drake summons waves at^{1}@{1} random locations on the battlefield^{2}. The waves surge at irregular intervals,^{3}damaging targets in their area when they surge^{4}.	Drake เรียกคลื่นมาที่^{1}@{1}สถานที่สุ่มในสนามรบ^{2}คลื่นซัดในช่วงเวลาไม่สม่ำเสมอ^{3}สร้างความเสียหายให้กับเป้าหมายในพื้นที่ของพวกเขา เมื่อมันกระชาก^{4}
25015	An item you removed from the Trade Marketplace could not be returned because your Backpack was full. It has been sent by mail, so please claim it from the attachment.	รายการที่คุณลบออกจากตลาดการค้าไม่สามารถคืนได้เนื่องจากกระเป๋าเป้สะพายหลังของคุณเต็มมันถูกส่งมาทางไปรษณีย์ ดังนั้นกรุณารับมันจากไฟล์แนบ
25016	Miss Smile was also complaining a few days ago. She said monsters keep intercepting the Jellopy she uses to make masks. Could You ask her about it while you're there?	Miss Smile ก็บ่นเมื่อไม่กี่วันก่อนเช่นกันเธอบอกว่าสัตว์ประหลาดคอยสกัดกั้น Jellopy ที่เธอใช้ทำหน้ากากอยู่เสมอคุณช่วยถามเธอเกี่ยวกับเรื่องนี้ในขณะที่คุณอยู่ที่นั่นได้ไหม?
25017	So You're the Adventurer Miss Smile mentioned. This ancient Stone is indeed a fragment of the seal. The weakening seal is what caused the monsters to become agitated.	คุณคือ Adventurer คุณสไมล์ที่ถูกกล่าวถึง Stone โบราณนี้เป็นส่วนหนึ่งของตราประทับจริงๆผนึกที่อ่อนแอลงคือสิ่งที่ทำให้มอนสเตอร์เกิดความปั่นป่วน
25018	Tell You what—I'll prepare a gift for You first. But monsters have been appearing along the delivery route Recent, so clear them out before they trample the gift box.	บอกคุณว่าอะไร ฉันจะเตรียมของขวัญให้คุณก่อนแต่ล่าสุดมีมอนสเตอร์ปรากฎตัวตามเส้นทางจัดส่ง ดังนั้น จงเคลียร์พวกมันให้หมดก่อนที่จะเหยียบย่ำกล่องของขวัญ
25019	Haha, you really know how to hold a grudge, Shorty. But this is no time for Chitchat. We need to hurry back to Payon and deliver these items to that crooked merchant.	ฮ่าฮ่า นายรู้วิธีเก็บความแค้นจริงๆ นะชอร์ตี้แต่นี่ไม่ใช่เวลาสำหรับชิทแชทเราต้องรีบกลับไปที่ Payon และส่งสินค้าเหล่านี้ให้กับพ่อค้าที่คดโกงคนนั้น
25020	I'll leave the Find the Professor Quests to you for now. I need to report the White Dove's major accident to headquarters. Once that's taken care of, I'll rejoin you.	ฉันจะฝากภารกิจตามหา Professor ไว้ให้คุณตอนนี้ฉันต้องรายงานอุบัติเหตุใหญ่ของไวท์ Dove ไปที่สำนักงานใหญ่เมื่อจัดการเรียบร้อยแล้ว ฉันจะกลับไปหาคุณอีกครั้ง
25021	As for everything else... I can't tell you much right now. All I can say is that everything you've experienced so far is merely the first measure of a grand symphony.	ส่วนอย่างอื่น... ตอนนี้ผมบอกอะไรคุณได้ไม่มากทั้งหมดที่ฉันสามารถพูดได้ก็คือทุกสิ่งที่คุณเคยสัมผัสมาเป็นเพียงการวัดแรกของซิมโฟนีอันยิ่งใหญ่เท่านั้น
25022	The evening before last, a caravan from Juno was attacked by Baphomet Nearby the Hidden Forest. That damned Monster is still occupying the area and blocking the road.	เย็นวันก่อนสุดท้าย คาราวานจากจูโนถูก Baphomet ใกล้กับ Hidden Forest โจมตีสัตว์ประหลาดเวรนั่นยังคงครอบครองพื้นที่และปิดกั้นถนน
25023	A coat made from soft animal fur. It has drawn heavy criticism from conservation groups, so please be kind to animals. Comes with a powerful defensive special effect.	เสื้อคลุมที่ทำจากขนสัตว์เนื้อนุ่ม ได้รับการวิพากษ์วิจารณ์อย่างหนักจากกลุ่มอนุรักษ์ ดังนั้นกรุณามีเมตตาต่อสัตว์ด้วย มาพร้อมเอฟเฟกต์พิเศษป้องกันอันทรงพลัง
25024	Coins minted by Kafra exclusively for the competition. Named after the kaka sound heard during minting. Can be exchanged for items at the shop during the competition.	ผลิตโดย Kafra สำหรับการแข่งขันโดยเฉพาะตั้งชื่อตามเสียงกาก้าที่ได้ยินระหว่างการทำเหรียญกษาปณ์สามารถแลกเปลี่ยนเป็นสินค้าได้ที่ร้านระหว่างการแข่งขัน
25025	Concentrates the breath of the earth, with a ^{1}${1}%^{2} Chance to inflict ^{3}^{4}【Petrify】^{5}^{6} on the designated ST enemy within ${2} meters for ${3} seconds.	รวบรวมลมหายใจของโลกด้วย ^{1}${1}%^{2}โอกาสที่จะสร้าง ^{3}^{4}【Petrify】^{5}^{6}กับศัตรู ST ที่กำหนดภายใน${2}เมตรสำหรับ${3}วินาที
25026	Gathering Fluffs seems easiest. No talking, no Connect, just keep my head down and swing my sword... (Counts on fingers) Defeating about @{1} Fabres should be enough.	การรวบรวม Fluffs ดูเหมือนง่ายที่สุดไม่ต้องพูด ไม่ต้องเชื่อมต่อ แค่ก้มหน้าลงแล้วแกว่งดาบ... (นับนิ้ว) เอาชนะ@{1}Fabres ก็น่าจะเพียงพอแล้ว
25027	(Blushes to the tips of his ears) L-L-Long ears?! Instructor Boya likes little bunnies? That's so adorable... If I dressed as a bunny for patrol, would she notice me?	(หน้าแดงถึงปลายหู) ล-แอล-หูยาว?! อาจารย์ Boya ชอบกระต่ายน้อยเหรอ? น่ารักจังเลย... ถ้าฉันแต่งตัวเป็นกระต่ายไปลาดตระเวนเธอจะสังเกตเห็นฉันไหม?
25028	Shield skill. Move toward the target and deal Holy Melee Physical DMG equal to PATK * ^{1}${1}%^{2} to up to ${4} enemies in a ${5} * ${6}-meter area in front of you.	ทักษะโล่เคลื่อนที่ไปยังเป้าหมายและสร้าง DMG กายภาพ Holy Melee เท่ากับ PATK * ^{1}${1}%^{2}ให้กับศัตรูสูงสุด${4}ในพื้นที่${5}*${6}เมตรด้านหน้าคุณ
25029	Summon a Rescue Wagon Nearby. It can Revive Teammate during its duration and is the party's only Other Skill capable of Revive, allowing it to turn the tide of battle.	เรียกเกวียนกู้ภัยที่อยู่ใกล้เคียงมันสามารถชุบชีวิตเพื่อนร่วมทีมได้ในช่วงเวลาที่กำหนด และเป็นทักษะอื่นเพียงทักษะเดียวของปาร์ตี้ที่สามารถฟื้นคืนชีพได้ ซึ่งช่วยให้สามารถพลิกกระแสการต่อสู้ได้
25030	Feel free to participate in the following Misc activities. Your top 【three Misc activities】 during the Dragon Boat Festival will automatically be selected for rewards.	เข้าร่วมกิจกรรมอื่น ๆ ดังต่อไปนี้ได้ตามสบาย【three Misc activities】ของคุณในช่วงเทศกาลแข่งเรือมังกรจะถูกเลือกเพื่อรับรางวัลโดยอัตโนมัติ
25031	Log in for a total of @{1} days during the event to unlock all check-in rewards! Remember to claim them manually each day. The grand prize awaits you on the final day!	เข้าสู่ระบบเป็นเวลารวม@{1}วันในช่วงกิจกรรมเพื่อปลดล็อกรางวัลเช็คอินทั้งหมด! อย่าลืมอ้างสิทธิ์ด้วยตนเองในแต่ละวันรางวัลใหญ่รอคุณอยู่ในวันสุดท้าย!
25032	When ^{1}^{2}【Arrow Attack】^{3}^{4} hits an enemy, it deals ${1} Extra hits of ${2}%+${3} Neutral Ranged Physical damage to the enemy. Internal Cooldown: ${4} seconds.	เมื่อ ^{1}^{2}【Arrow Attack】^{3}^{4}โจมตีศัตรู มันจะสร้างความเสียหายให้กับศัตรูด้วย${1}การโจมตีพิเศษของ${2}%+${3}โจมตีระยะไกลแบบเป็นกลางคูลดาวน์ภายใน:${4}วินาที
25033	Increases ^{1}^{2}【Basic Attack】^{3}^{4}'s percentage damage multiplier by ${1}% and fixed damage by ${2}, and extends the duration of Magnum Break's buff to ${3} sec.	เพิ่ม ^{1}^{2}【Basic Attack】^{3}^ ตัวคูณเปอร์เซ็นต์ความเสียหายของ{4}ด้วย${1}% และความเสียหายคงที่โดย${2}และขยายระยะเวลาของบัฟ Magnum Break เป็น${3}วินาที
25034	Drake simultaneously summons^{1}a full row and column of ghost ships^{2}. The ghost ships quickly surge forward in sequence, damaging^{3}targets along their paths^{4}.	Drake เรียก^{1}พร้อมกันทั้งแถวและคอลัมน์ของเรือผี^{2}เรือผีสิงแล่นไปข้างหน้าอย่างรวดเร็วตามลำดับ สร้างความเสียหาย^{3}เป้าหมายตามเส้นทางของพวกมัน^{4}
25035	I heard animals sometimes suffocate in airship cargo holds, so I specifically hired a company that transports animals overland... What do I do? What am I going to do?!	ฉันได้ยินมาว่าบางครั้งสัตว์หายใจไม่ออกในตู้บรรทุกสินค้าของเรือเหาะ ฉันจึงจ้างบริษัทขนส่งสัตว์ทางบกโดยเฉพาะ... ฉันควรทำอย่างไร? ฉันจะทำอย่างไร!
25036	We didn't uncover much in the way of a Clue during our interviews... You should visit them yourself. You may Discover some detail in their accounts that we overlooked.	เราไม่ได้เปิดเผยเบาะแสมากนักในระหว่างการสัมภาษณ์... คุณควรไปเยี่ยมชมพวกเขาด้วยตัวเองคุณอาจค้นพบรายละเอียดบางอย่างในบัญชีของพวกเขาที่เรามองข้ามไป
25037	The battle at Prontera South Gate has intensified! The enemy is trying to break through the outer defenses. All combat-ready personnel, reinforce the South Gate first!	การต่อสู้ที่ Prontera South Gate เข้มข้นขึ้น! ศัตรูกำลังพยายามเจาะทะลุแนวป้องกันด้านนอกบุคลากรที่พร้อมรบทุกคน เสริมกำลัง Gate ทิศใต้ก่อน!
25038	An official certificate issued by the workshop, signifying that the holder has passed the Job Advance assessment and is qualified to independently pursue a Life Skill.	ใบรับรองอย่างเป็นทางการที่ออกโดยเวิร์กช็อป ซึ่งแสดงว่าผู้ถือได้ผ่านการประเมิน Job Advance และมีคุณสมบัติที่จะดำเนินทักษะ Life โดยอิสระ
25039	Launches @{5} cannon rounds at @{2} designated enemies within @{1} m and up to @{4} other enemies within @{3} m of them, dealing a total of ATK * ^{1}@{6}%^{2} damage.	เปิดตัวกระสุนปืนใหญ่@{5}ไปที่ศัตรูที่กำหนด@{2}ภายใน@{1}m และศัตรูอื่น ๆ สูงสุด@{4}ภายใน@{3}m สร้างความเสียหายรวมของ ATK * ^{1}@{6}%^{2}เสียหาย
25040	Controls the target for ${1}s, dealing damage equal to ${2}% of its Max Life each second. If the target dies during this time, restores ${3}% of the caster's Max Life.	Controls เป้าหมายของ${1}สร้างความเสียหายเท่ากับ${2}% ของพลัง Life สูงสุดในแต่ละวินาทีหากเป้าหมายเสีย Life ในช่วงเวลานี้ ฟื้นฟู${3}% ของพลัง Life สูงสุดของผู้ร่าย
25041	Golden Thief Bug increases its own and all summoned Thief Bugs' damage by @{1}% and Attack Speed by @{2}%, but also increases their damage taken by @{3}% for @{4} sec.	Golden Thief Bug เพิ่มความเสียหายของตัวเองและ Thief Bugs ที่อัญเชิญทั้งหมดโดย@{1}% และความเร็วในการโจมตีโดย@{2}% แต่ยังเพิ่มความเสียหายที่ได้รับโดย@{3}% เป็นเวลา@{4}วินาที
25042	Within ${1} meters of yourself, sequentially deal @{1}% Wind, Earth, Fire, Water, and Ghost magic damage ${4} times each to enemies within a circular ${2}-meter radius	ภายใน${1}เมตรจากตัวคุณเอง สร้างความเสียหายตามลำดับ@{1}% ลม, ดิน, ไฟ, น้ำ และผี สร้างความเสียหายเวทย์มนตร์${4}ครั้งต่อศัตรูภายในรัศมีวงกลม${2}- รัศมีเมตร
25043	[Flying Mount Reward—Use It from Your Backpack] Wild beasts have recently been prowling around the village. The Elder Lady wants you to help find the missing livestock.	[รางวัลพาหนะบิน—ใช้มันจากกระเป๋าเป้สะพายหลังของคุณ] เมื่อไม่นานมานี้ มีสัตว์ป่าออกด้อม ๆ มองๆ ไปทั่วหมู่บ้านหญิงชราต้องการให้คุณช่วยตามหาปศุสัตว์ที่หายไป
25044	A coarse vine commonly found in the Field. Gather it to obtain a basic Plant. ^{1}Used by the Chef Life Skill to make various restorative Potions and Cooking dishes^{2}	เถาวัลย์หยาบที่พบได้ทั่วไปในทุ่งนา รวบรวมมันเพื่อรับพืชพื้นฐาน ↑{1}ใช้โดยทักษะ Life เชฟเพื่อปรุงยาและอาหารต่างๆ^{2}
25045	The Spirit Tower has no Attempt Restriction, so you can challenge it as many times as you want—as long as you can handle it! If you cannot clear it, try again tomorrow!	Spirit Tower ไม่มีการจำกัดความพยายาม ดังนั้นคุณสามารถท้าทายมันได้บ่อยเท่าที่คุณต้องการ ตราบใดที่คุณสามารถจัดการมันได้! หากไม่สามารถเคลียร์ได้ พรุ่งนี้ลองใหม่อีกครั้ง!
25046	When making a Physical attack, has a ${1}% Chance to autocast ^{1}^{2}【Jupitel Thunder】 Lv.@{1}^{3}^{4}. Internal Cooldown: ${2} sec. Chance stacks with multiple cards.	เมื่อทำการโจมตีทางกายภาพ มีโอกาส${1}% ที่จะร่ายอัตโนมัติ ^{1}^{2}【Jupitel Thunder】 Lv.@{1}^{3}^{4}คูลดาวน์ภายใน:${2}วินาทีโอกาสซ้อนกับไพ่หลายใบ
25047	When ^{1}^{2}【Double Strafe】^{3}^{4} hits an enemy, it deals ${1} Extra hits of ${2}%+${3} Neutral Ranged Physical damage to the enemy. Internal Cooldown: ${4} seconds.	เมื่อ ^{1}^{2}【Double Strafe】^{3}^{4}โจมตีศัตรู มันจะสร้างความเสียหายให้กับศัตรูด้วย${1}โจมตีพิเศษของ${2}%+${3}โจมตีระยะไกลแบบเป็นกลางคูลดาวน์ภายใน:${4}วินาที
25048	While the effect is active, hitting a target with a Bow skill has a @{1}% Chance to strike it with an Arrow Spike, dealing @{2} hit(s) of @{3}% Neutral Physical Damage.	ในขณะที่เอฟเฟกต์ทำงาน การโจมตีเป้าหมายด้วยทักษะธนูมีโอกาส@{1}% ที่จะโจมตีมันด้วย Arrow Spike สร้างความเสียหายทางกายภาพที่เป็นกลางของ@{2}ของ@{3}%
25049	When 【Soul Drain】 scores a Kill, gain ${1} Magic ATK, up to ${2}. The amount gained is doubled when killing a player. Resets upon death, changing areas, or logging out.	เมื่อ 【Soul Drain】 สังหารได้ จะได้รับพลังโจมตีเวทย์${1}สูงสุด${2}จำนวนที่ได้รับจะเพิ่มเป็นสองเท่าเมื่อสังหารผู้เล่นรีเซ็ตเมื่อตาย เปลี่ยนพื้นที่ หรือออกจากระบบ
25050	Drake Summons a ^{1}Ghost Ship^{2} that deals ^{3}massive damage^{4} to any players it touches. The Ghost Ship can ^{5}be destroyed by a following explosive barrel^{6}.	Drake เรียก ^{1}Ghost Ship^{2}ที่สร้าง ^{3}ความเสียหายมหาศาล^{4}ให้กับผู้เล่นทุกคนที่มันสัมผัสเรือผีสามารถ ^{5}ถูกทำลายโดยกระบอกระเบิดดังต่อไปนี้^{6}
25051	Osiris summons ^{1}@{1} Horongs^{2} in the arena. The Horongs damage ^{3}targets they touch^{4} and ^{5}periodically track targets at high speed^{6} to change position.	Osiris เรียก ^{1}@{1}Horongs^{2}มาที่สนามประลองความเสียหายของ Horong ^{3}เป้าหมายที่สัมผัส^{4}และ ^{5}ติดตามเป้าหมายด้วยความเร็วสูงเป็นระยะ^{6}เพื่อเปลี่ยนตำแหน่ง
25052	The gyroscope... Let me think. Its core needs sturdy spacers, and Stag Beetle shells have just the right density. Bring me some ^{1}【Hard Shells】^{2} from Stag Beetles.	ไจโรสโคป... ขอคิดดูก่อนครับแกนกลางของมันต้องมีตัวเว้นระยะที่แข็งแรง และเปลือกของ Stag Beetle ก็มีความหนาแน่นที่เหมาะสมเอา ^{1}【Hard Shells】^{2}จาก Stag Beetles มาให้ฉันหน่อย
25053	I'll leave finding the professor to you for now. I need to report the White Dove disaster to headquarters first. As soon as that's taken care of, I'll meet up with you.	ฉันจะออกไปหาอาจารย์ให้คุณตอนนี้ฉันต้องรายงานภัยพิบัติ White Dove ไปที่สำนักงานใหญ่ก่อนทันทีที่จัดการเรียบร้อย ฉันจะไปพบคุณ
25054	Hey! A new face! Are you an Adventurer looking to refine your gear? Then Hollgrehenn's your man! Bring me good materials, and I'll hammer your gear as high as you dare!	เฮ้! ใบหน้าใหม่! คุณเป็น Adventurer ที่ต้องการปรับแต่งอุปกรณ์ของคุณใช่หรือไม่? ถ้าอย่างนั้น Hollgrehenn ก็เป็นคนของคุณ! นำวัสดุดีๆ มาให้ฉัน แล้วฉันจะทุบอุปกรณ์ของคุณให้สูงที่สุดเท่าที่คุณจะกล้า!
25055	Welcome to Izlude Island! Izlude is a satellite city of the capital, Prontera. We not only train Swordsmen, but also patrol the seas, making this a very important city.	ยินดีต้อนรับสู่เกาะ Izlude! อิซลูเดเป็นเมืองบริวารของเมืองหลวงพรอนเทราเราไม่เพียงแต่ฝึกฝนนักดาบเท่านั้น แต่ยังลาดตระเวนในทะเลด้วย ทำให้เมืองนี้เป็นเมืองที่สำคัญมาก
25056	Hmph. It says there's no mistaking the scent. The thief who stole the device left this behind. I hate to admit it, but this border collie really does have a sharp nose.	Hmph. มันบอกว่าไม่มีข้อผิดพลาดกลิ่นโจรที่ขโมยอุปกรณ์นี้ทิ้งสิ่งนี้ไว้เบื้องหลังฉันเกลียดที่จะยอมรับ แต่บอร์เดอร์ คอลลี่มีจมูกที่แหลมคมจริงๆ
25057	A Yellow, oval-shaped fruit used to season dishes and enhance their aroma.\nObtainable through ^{1}Life Skill - Gardener^{2}. Used by the Life Skill - Chef for Cooking.	ผลไม้รูปไข่สีเหลือง ใช้ปรุงรสอาหารและเพิ่มความหอม\n หาได้จาก ^{1}Life Skill - Gardener^{2}. ใช้โดยทักษะ Life - เชฟสำหรับทำอาหาร
25058	Dark brown beans that can be ground into Cacao powder for making desserts.\nObtainable through ^{1}Life Skill - Gardener^{2}. Used by the Life Skill - Chef for Cooking.	ถั่วสีน้ำตาลเข้มที่สามารถบดเป็นผงโกโก้สำหรับทำขนมหวานได้\n หาได้จาก ^{1}Life Skill - Gardener^{2}. ใช้โดยทักษะ Life - เชฟสำหรับทำอาหาร
25059	Yellow Herb: Golden in color, it enhances the aroma and flavor of Cooking.\nObtainable through ^{1}Life Skill - Gardener^{2}. Used by the Life Skill - Chef for Cooking.	สมุนไพรสีเหลือง: สีทอง ช่วยเพิ่มกลิ่นหอมและรสชาติในการทำอาหาร\n หาได้จาก ^{1}Life Skill - Gardener^{2}. ใช้โดยทักษะ Life - เชฟสำหรับทำอาหาร
25060	Ore rich in carbon. The coal extracted from it can be refined with iron to produce Steel.\nObtainable through ^{1}Life Skill - Miner^{2}. Used to Craft T@{1} Equipment.	แร่ที่อุดมไปด้วยคาร์บอนถ่านหินที่สกัดออกมาสามารถกลั่นด้วย Steel เพื่อผลิต Steel ได้\n หาได้จาก ^{1}Life Skill - Miner^{2}ใช้ในการสร้างอุปกรณ์ T@{1}
25061	Obtained from daily quests and convoy escorts in War of Emperium. Used for territory auctions and siege equipment purchases in War of Emperium. No translation needed ()	ได้รับจากภารกิจรายวันและขบวนคุ้มกันใน War of Emperium ใช้สำหรับการประมูลอาณาเขตและการซื้ออุปกรณ์ปิดล้อมใน War of Emperium ไม่จำเป็นต้องแปล ()
25062	This is a little-known tale. Naturally, it's little-known because hardly anyone knows it. So how do I know it? That's a good question, but I can't tell you why. Hahaha.	นี่เป็นนิทานที่ไม่ค่อยมีใครรู้จักแน่นอนว่าไม่ค่อยมีใครรู้จักเพราะแทบไม่มีใครรู้แล้วฉันจะรู้ได้อย่างไร? นั่นเป็นคำถามที่ดี แต่ฉันไม่สามารถบอกคุณได้ว่าทำไมฮ่าๆๆ
25063	Deals Magic ATK * ^{1}${2}% + ${3}^{2} Holy ranged magic damage to a target ST enemy within ${1} meters and removes the target's ^{3}^{4}【Kyrie Eleison】^{5}^{6} effect.	สร้างความเสียหายเวทย์มนตร์ * ^{1}${2}% +${3}^{2}สร้างความเสียหายเวทย์มนตร์ระยะไกลแก่เป้าหมายศัตรู ST ในระยะ${1}เมตร และกำจัด ^{3}ของเป้าหมาย ^{4}【Kyrie Eleison】^ เอฟเฟกต์{5}^ เอฟเฟกต์{6}
25064	【Arm Cannon - Enhance】becomes【Melody Cannon - Enhance】, increasing the Cannon Launch count against the target to ^{1}@{1}^{2} and increasing Total DMG by ^{3}@{2}%^{4}.	【Arm Cannon - Enhance】กลายเป็น 【Melody Cannon - Enhance】 เพิ่มจำนวนการปล่อย Cannon ต่อเป้าหมายเป็น ^{1}@{1}^{2}และเพิ่ม DMG รวมโดย ^{3}@{2}%^{4}
25065	Deals ranged Ghost magic damage equal to Magic ATK * ^{1}${3}%^{2} to up to ${2} enemies within a ${1}-meter radius and inflicts ^{3}^{4}【Silence】^{5}^{6} for ${4} sec.	สร้างความเสียหายเวทย์มนตร์ Ghost ระยะไกลเท่ากับพลังโจมตีเวทย์ * ^{1}${3}%^{2}สูงสุดถึง${2}ศัตรูภายในรัศมี${1}- เมตร และทำดาเมจ ^{3}^{4}【Silence】^{5}^{6}สำหรับ${4}วินาที
25066	When casting a ^{1}Shield-type^{2} or ^{3}Buff-type^{4} Primary Battle Skill, restores ^{5}${1}^{6} HP to the owner every sec for ${3} sec. Internal Cooldown: ${2} sec.	เมื่อร่าย ^{1}Shield-type^{2}หรือ ^{3}Buff-type^{4}Primary Battle Skill จะฟื้นฟู ^{5}${1}^{6}HP ให้กับเจ้าของทุกวินาทีเป็นเวลา${3}วินาทีคูลดาวน์ภายใน:${2}วินาที
25067	Alicel will Launch blades around herself, dealing melee Neutral adaptive damage equal to ^{1}${3}%^{2} of Physical ATK to up to ${2} enemies within a ${1}-meter radius.	Alicel จะส่งดาบไปรอบๆ ตัวเธอ สร้างความเสียหายแบบปรับตัวที่เป็นกลางระยะประชิดเท่ากับ ^{1}${3}%^{2}ของ ATK กายภาพ ไปจนถึงศัตรูสูงสุด${2}ภายในรัศมี${1}เมตร
25068	\n@{1}.MVP monsters share HP across all channels. When an MVP appears, it can be found and fought on any channel, and all battle contributions count toward the rankings.	\n@{1}มอนสเตอร์ .MVP แบ่งปัน HP ในทุกช่องทางเมื่อ MVP ปรากฏขึ้น คุณจะสามารถพบได้และต่อสู้ในช่องใดก็ได้ และการมีส่วนร่วมในการรบทั้งหมดจะนับรวมในการจัดอันดับ
25069	While ^{1}^{2}[Basilica]^{3}^{4} is active, ^{5}^{6}[Magnus Exorcismus]^{7}^{8}'s percentage damage multiplier increases by ${1}% and its fixed damage increases by ${2}.	ขณะที่ ^{1}^{2}[Basilica]^{3}^{4}ทำงานอยู่ ^{5}^{6}[Magnus Exorcismus]^{7}^{8}เปอร์เซ็นต์ตัวคูณความเสียหายเพิ่มขึ้น${1}% และความเสียหายคงที่เพิ่มขึ้น${2}
25070	^{1}^{2}[Spear Throw]^{3}^{4} now throws an Explosive Spear that explodes upon hitting the target, also Deals DMG to ${2} Other enemies within ${1} meters of the target.	^{1}^{2}[Spear Throw]^{3}^{4}ตอนนี้จะ Spear Throw ระเบิดที่จะระเบิดเมื่อโจมตีโดนเป้าหมาย และสร้างความเสียหายให้กับ${2}ศัตรูอื่น ๆ ที่อยู่ภายในระยะ${1}เมตรของเป้าหมายด้วย
25071	While ^{1}^{2}[Aura Blade]^{3}^{4} is active, the percentage damage multiplier of Normal Attack-type skills increases by ${1}%, and their fixed damage increases by ${2}.	ในขณะที่ ^{1}^{2}[Aura Blade]^{3}^{4}ทำงานอยู่ เปอร์เซ็นต์ตัวคูณความเสียหายของทักษะประเภท Normal Attack จะเพิ่มขึ้น${1}% และความเสียหายคงที่จะเพิ่มขึ้น${2}
25072	After casting ^{1}^{2}【Meteor Assault】^{3}^{4}, deals Neutral melee Physical damage equal to PATK * ${3}% + ${4} to up to ${2} enemies within a ${1}-meter radius of you.	หลังจากร่าย ^{1}^{2}【Meteor Assault】^{3}^{4}สร้างความเสียหายทางกายภาพระยะประชิดที่เป็นกลางเท่ากับ PATK *${3}% +${4}ให้กับศัตรูสูงสุด${2}ภายใน${1}- รัศมีเมตรของคุณ
25073	Dear families! Please understand! This is all for a happier future! They're all willingly striving for their dreams! This brief separation will lead to a joyous reunion!	เรียนครอบครัว! โปรดเข้าใจ! ทั้งหมดนี้เพื่ออนาคตที่มีความสุขยิ่งขึ้น! พวกเขาต่างเต็มใจดิ้นรนเพื่อความฝัน! การพลัดพรากจากกันเพียงช่วงสั้นๆ นี้จะนำไปสู่การกลับมาพบกันอย่างสนุกสนาน!
25074	But... my ring disappeared after that. Maybe I dropped it somewhere by accident? That prince-like gentleman couldn't possibly have taken it, could he? No, of course not!	แต่... แหวนของฉันก็หายไปหลังจากนั้นบางทีฉันอาจจะทำมันหล่นที่ไหนสักแห่งโดยบังเอิญ? สุภาพบุรุษที่เหมือนเจ้าชายคนนั้นคงไม่อาจรับมันได้ใช่ไหม? ไม่ ไม่แน่นอน!
25075	Our library carefully classifies monsters from every corner of the Rune-Midgarts Kingdom. We house essential reading for every Adventurer, so please feel free to browse.	ห้องสมุดของเราจะจำแนกสัตว์ประหลาดจากทุกมุมของอาณาจักร Rune-Midgarts อย่างระมัดระวังเรารวบรวมหนังสือที่จำเป็นสำหรับ Adventurer ทุกคน ดังนั้นโปรดเลือกอ่านได้ตามสบาย
25076	Our family began making traffic signs long before horse-drawn carriages became the main form of transportation. We have been in business for two hundred and fifty years.	ครอบครัวของเราเริ่มทำป้ายจราจรมานานก่อนที่รถม้าจะกลายเป็นรูปแบบการขนส่งหลักเราดำเนินธุรกิจมาสองร้อยห้าสิบปีแล้ว
25077	There's a pack of Boas in the Nearby forest, and each one has a nasty Venom Sting. They may be small, but one bite will leave you in agony. Be careful not to get bitten.	มีงูเหลือมฝูงหนึ่งอยู่ในป่าใกล้เคียง และแต่ละตัวมี Venom Sting ที่น่ารังเกียจมันอาจจะเล็ก แต่การกัดเพียงครั้งเดียวจะทำให้คุณเจ็บปวดระวังอย่าให้โดนกัด
25078	Take this. It's a Fly Wing, and it'll make finding Eddga much easier. It'll save you from running yourself ragged, so use it a few times and search every patch of grass!	รับสิ่งนี้มันคือ Fly Wing และมันจะทำให้การค้นหา Eddga ง่ายขึ้นมากมันจะช่วยให้คุณไม่วิ่งหนีจนขาดสติ ดังนั้นใช้มันสองสามครั้งแล้วค้นหาหญ้าให้ครบทุกแผ่น!
25079	Hello, we meet again. Don't ask why I've come to this scorching desert. To witness the growth of an Excellent prospect, these old bones of mine must travel far and wide.	สวัสดี เราพบกันอีกแล้วอย่าถามว่าทำไมฉันถึงมาที่ทะเลทรายอันร้อนระอุแห่งนี้เพื่อเป็นสักขีพยานในการเติบโตของโอกาสอันยอดเยี่ยม กระดูกเก่าๆ เหล่านี้ของฉันต้องเดินทางไปไกลแสนไกล
25080	After abandoning the stage, you can return to the event screen, select a new difficulty, and start another challenge. This challenge will count as a failure. Abandon it?	หลังจากละทิ้งเวที คุณสามารถกลับไปที่หน้าจอกิจกรรม เลือกความยากใหม่ และเริ่มการท้าทายใหม่ได้ ความท้าทายนี้จะนับเป็นความล้มเหลว ทิ้งมันไปเหรอ?
25081	A juicy, bright Red Strawberry used to decorate desserts and flavor dishes.\nObtainable through ^{1}Life Skill - Gardener^{2}. Used by the Life Skill - Chef for Cooking.	Strawberry สีแดงสดฉ่ำใช้ตกแต่งขนมหวานและอาหารรส\n หาได้จาก ^{1}Life Skill - Gardener^{2}. ใช้โดยทักษะ Life - เชฟสำหรับทำอาหาร
25082	A Normal stone found almost anywhere. It may look unremarkable, but it still has its uses.\nObtainable through ^{1}Life Skill - Miner^{2}. Used to Craft T@{1} Equipment.	หินธรรมดาพบได้เกือบทุกที่ มันอาจจะดูธรรมดาแต่ก็ยังมีประโยชน์อยู่\n หาได้จาก ^{1}Life Skill - Miner^{2}ใช้ในการสร้างอุปกรณ์ T@{1}
25083	At the very back of the ^{1}Prontera Library^{2}, find the ^{3}bookshelf^{4} that looks untouched. Its corners are sealed beneath thick dust, and the secret lies within.	ที่ด้านหลังสุดของ ^{1}Prontera Library^{2}ให้ค้นหา ^{3}ชั้นวางหนังสือ^{4}ที่ดูบริสุทธิ์มุมของมันถูกปิดผนึกไว้ภายใต้ฝุ่นหนา และความลับก็ซ่อนอยู่ภายใน
25084	Unleash psychic power, entering 【Intense Telekinesis】 for ${1} sec. While active, Ghost property damage increases by ^{1}${2}%^{2} and Movement Speed increases by ${3}%.	ปลดปล่อยพลังจิตเข้าสู่ 【Intense Telekinesis】 เป็นเวลา${1}วินาทีในขณะที่ใช้งาน ความเสียหายต่อทรัพย์สินของ Ghost จะเพิ่มขึ้น ^{1}${2}%^{2}และความเร็วในการเคลื่อนที่เพิ่มขึ้น${3}%
25085	Launch a shockwave, dealing Physical ATK*^{1}${2}%^{2}+Magic ATK*^{3}${3}%^{4}+^{5}${4}^{6} Neutral ranged Physical damage to the designated ST enemy within ${1} meters.	เปิดคลื่นกระแทก สร้าง ATK กายภาพ*^{1}${2}%^{2}+พลังโจมตีเวทย์*^{3}${3}%^{4}+^{5}${4}^{6}ทำความเสียหายทางกายภาพในระยะเป็นกลางต่อศัตรู ST ที่กำหนดภายในระยะ${1}เมตร
25086	When casting an ^{1}Offensive-type^{2} or ^{3}Buff-type^{4} Primary Battle Skill, the owner gains ^{5}^{6}Detect Stealth^{7}^{8} within a ${1}-meter radius for ${2} sec.	เมื่อร่าย ^{1}ประเภทรุก^{2}หรือ ^{3}Buff-type^{4}ทักษะการต่อสู้หลัก เจ้าของจะได้รับ ^{5}^{6}Detect Stealth^{7}^{8}ภายในรัศมี${1}- เมตรสำหรับ${2}วินาที
25087	Dive toward the target point, Deals DMG to Nearby enemies upon landing, and inflict Freeze. This restricts Enemy Team Movement and creates opportunities for focused fire.	พุ่งไปยังจุดเป้าหมาย สร้างความเสียหายให้กับศัตรูที่อยู่ใกล้เคียงเมื่อลงจอด และทำให้ติดสถานะแช่แข็งสิ่งนี้จะจำกัดการเคลื่อนไหวของทีมศัตรูและสร้างโอกาสในการยิงแบบรวมศูนย์
25088	Fafnir's roars are drawing an endless stream of monsters. They intend to break the seal and free Fafnir. Stop them from reaching the seal and protect it from destruction.	เสียงคำรามของ Fafnir ดึงดูดฝูงมอนสเตอร์ที่ไม่มีที่สิ้นสุดพวกเขาตั้งใจที่จะทำลายผนึกและปลดปล่อย Fafnir หยุดพวกมันไม่ให้เข้าถึงผนึกและปกป้องมันจากการถูกทำลาย
25089	Dismantling the siege camp while it is under construction will refund all materials consumed. Once construction is complete, dismantling it will not refund any materials.	การรื้อค่ายปิดล้อมในขณะที่อยู่ระหว่างการก่อสร้างจะคืนเงินวัสดุที่ใช้ไปทั้งหมดเมื่อการก่อสร้างเสร็จสมบูรณ์ การรื้อถอนจะไม่มีการคืนเงินค่าวัสดุใดๆ
25090	Use 【Mouse Right Tap (+Shift)】 to adjust the camera.\nZoom with Ctrl+Mouse Right Tap.\nUse 【Mouse Left Tap (+Shift)】 to adjust the camera.\nZoom with Ctrl+Mouse Left Tap.	ใช้ 【Mouse Right Tap (+Shift)】 เพื่อปรับกล้อง\n ซูมด้วยการกด Ctrl+Mouse ขวา\n ใช้ 【Mouse Left Tap (+Shift)】 เพื่อปรับกล้อง\n ซูมด้วยการกด Ctrl + Mouse ซ้าย
25091	After casting 【Meteor Storm】, immediately triggers @{1} 【Flame Explosion】, dealing Fire ranged magic damage equal to Magic ATK * ${3}% to up to ${2} enemies within ${1}m.	หลังจากร่าย 【Meteor Storm】 เรียกใช้@{1}【Flame Explosion】 ทันที สร้างความเสียหายเวทย์แบบ Fire ranged เท่ากับ Magic ATK *${3}% สูงสุดถึง${2}ศัตรูที่อยู่ในระยะ${1}m
25092	Pharaoh ^{1}charges briefly^{2}, then unleashes an attack that deals heavy damage over an enormous area. Players must ^{3}hide behind the Pyramid to avoid the damage^{4}.	Pharaoh ^{1}ชาร์จช่วงสั้นๆ^{2}จากนั้นปล่อยการโจมตีที่สร้างความเสียหายอย่างหนักในพื้นที่ขนาดมหึมาผู้เล่นจะต้อง ^{3}ซ่อนตัวอยู่หลัง Pyramid เพื่อหลีกเลี่ยงความเสียหาย^{4}
25093	Ahem. Bobo, was it? There's a big difference between combat pets and companion pets. Don't worry. A companion pet with as much personality as you could never be replaced.	อะแฮ่ม. Bobo ใช่ไหม? มีความแตกต่างอย่างมากระหว่างสัตว์เลี้ยงต่อสู้และสัตว์เลี้ยงสหาย ไม่ต้องกังวล. สัตว์เลี้ยงคู่หูที่มีบุคลิกมากที่สุดเท่าที่คุณจะไม่มีวันถูกแทนที่ได้
25094	Because your character has been restricted from using the Stall Function, your Stall was automatically closed and its items were sent to you by mail. Please collect them~	เนื่องจากตัวละครของคุณถูกจำกัดไม่ให้ใช้ฟังก์ชันแผงลอย แผงลอยของคุณจึงถูกปิดโดยอัตโนมัติและไอเทมต่างๆ จะถูกส่งถึงคุณทางไปรษณีย์ Please collect them~
25095	What a shame! Our super-lucky Lucky Koi accidentally got the answer wrong, but No worries. Let's keep trying next time! Please claim your reward from the mail attachment!	น่าเสียดาย!Lucky Koi ผู้โชคดีของเราตอบผิดโดยไม่ได้ตั้งใจ แต่ไม่ต้องกังวลเรามาพยายามกันต่อในครั้งต่อไป! กรุณารับรางวัลของคุณจากไฟล์แนบอีเมล!
25096	Oh, you mean my gold ring... It was the most precious thing my mother left me. I always took such good care of it. I truly don't understand how it could have disappeared.	โอ้ คุณหมายถึงแหวนทองคำของฉัน... มันเป็นของล้ำค่าที่สุดที่แม่ทิ้งไว้ให้ฉันฉันดูแลมันอย่างดีมาโดยตลอดไม่เข้าใจจริงๆว่ามันหายไปได้ยังไง
25097	Are You here to help that Young Man from Geffen? He spent ages browsing my shop a few days ago, but eventually said he couldn't afford anything and left looking dejected.	คุณอยู่ที่นี่เพื่อช่วย Young Man จาก Geffen หรือเปล่า? เมื่อไม่กี่วันก่อนเขาใช้เวลาเดินชมร้านค้าของฉันเป็นเวลานาน แต่ในที่สุดก็บอกว่าเขาไม่มีเงินซื้ออะไรและทำหน้าตาหดหู่ใจ
25098	Your Battle skills are solid, and you remain calm under pressure. Since you obtained the Tiger Pelt, you've proven your Eligibility to undertake higher-Difficulty Quests.	ทักษะการต่อสู้ของคุณแข็งแกร่ง และคุณยังคงสงบภายใต้ความกดดันเมื่อคุณได้รับ Tiger Pelt คุณได้พิสูจน์สิทธิ์ในการทำภารกิจที่มีความยากสูงกว่าแล้ว
25099	Tender Green leaves from a Basic herb that adds aroma and flavor to Cooking.\nObtainable through ^{1}Life Skill - Gardener^{2}. Used by the Life Skill - Chef for Cooking.	ใบเขียวอ่อนจากสมุนไพรพื้นฐานที่เพิ่มกลิ่นหอมและรสชาติให้กับการปรุงอาหาร\n หาได้จาก ^{1}Life Skill - Gardener^{2}. ใช้โดยทักษะ Life - เชฟสำหรับทำอาหาร
25100	Extremely pure Oridecon that can Enhance Weapons and Accessories with a higher Refine Level.\n^{1}Effect: Can be used to Refine +@{1} to +@{2} Weapons and Accessories^{2}	Oridecon บริสุทธิ์อย่างยิ่งที่สามารถเสริมอาวุธและอุปกรณ์เสริมด้วยระดับการขัดเกลาที่สูงขึ้น\n^{1}Effect: สามารถใช้เพื่อปรับแต่ง +@{1}ถึง +@{2}Weapon and Accessories^{2}
25101	A signature heavy strike unique to Acolyte classes that deals Physical ATK *^{1}${2}%+${3}^{2} Neutral ranged Physical damage to a designated ST enemy within ${1} meters.	การโจมตีหนักอันเป็นเอกลักษณ์เฉพาะของคลาส Acolyte ที่สร้างความเสียหายทางกายภาพ *^{1}${2}%+${3}^{2}สร้างความเสียหายทางกายภาพในระยะเป็นกลางต่อศัตรู ST ที่กำหนดภายในระยะ${1}เมตร
25102	Unlocked when the guild clears the Nature God Ilmata event on Hard difficulty.\n(The item will be sent to the Guild Leader's mail upon completion. Use it to unlock this.)	ปลดล็อคเมื่อ Guild เคลียร์กิจกรรม Nature God Ilmata ในระดับความยากยาก\n(ไอเทมจะถูกส่งไปยังจดหมายของหัวหน้า Guild เมื่อเสร็จสิ้น ใช้มันเพื่อปลดล็อค)
25103	The BOSS slams the ground and creates @{2}/@{3}/@{4}/@{5}/@{6} circular AOEs at random locations every @{1} seconds, each with a @{7}-second warning and a radius of @{8}m	BOSS กระแทกพื้นและสร้าง AOE แบบวงกลม@{2}/@{3}/@{4}/@{5}/@{6}ที่ตำแหน่งสุ่มทุกๆ@{1}วินาที โดยแต่ละตัวจะมี@{7}- คำเตือนวินาทีและรัศมี@{8}ม
25104	Take on a Season Theme Dungeon Challenge. A party of ^{1}at least @{1} Members^{2} is required to Enter. Work together to defeat a powerful boss and earn abundant rewards.	เข้าร่วมการท้าทายดันเจี้ยนธีมซีซั่นต้องมีปาร์ตี้ ^{1}สมาชิก@{1}^{2}อย่างน้อยจึงจะเข้าร่วมได้ทำงานร่วมกันเพื่อเอาชนะบอสที่แข็งแกร่งและรับรางวัลมากมาย
25105	You may only use Auto-Bid for qualification in one region at a time. Before bidding begins, you may cancel Auto-Bid at any time and enable it for another region. Continue?	คุณสามารถใช้การเสนอราคาอัตโนมัติเพื่อการรับรองได้ครั้งละหนึ่งภูมิภาคเท่านั้นก่อนที่การประมูลจะเริ่มต้น คุณสามารถยกเลิกการประมูลอัตโนมัติเมื่อใดก็ได้และเปิดใช้งานสำหรับภูมิภาคอื่นดำเนินการต่อ?
25106	Golden Thief Bug summons ^{1}a sandstorm that sweeps across the entire field^{2}, damaging ^{3}players in its path^{4}. Players must ^{5}use the Wormholes to evade it^{6}.	Golden Thief Bug เรียก ^{1}พายุทรายที่กวาดไปทั่วสนาม^{2}สร้างความเสียหาย ^ ผู้เล่น{3}ที่ขวางทาง^{4}ผู้เล่นจะต้อง ^{5}ใช้ Wormholes เพื่อหลบเลี่ยง^{6}
25107	Drake summons^{1}@{1} water tornadoes^{2}that move randomly. After a while, Drake disperses them,^{3}turning them into @{2} water blades^{4}that damage targets they touch.	Drake เรียก^{1}@{1}พายุทอร์นาโดน้ำ^{2}ที่เคลื่อนที่แบบสุ่มหลังจากนั้นไม่นาน Drake ก็แยกย้ายพวกมันออกไป^{3}เปลี่ยนพวกมันให้เป็นดาบน้ำ@{2}^{4}ที่สร้างความเสียหายให้กับเป้าหมายที่พวกมันสัมผัส
25108	Use Fire Release to deal Damage over Time to enemies in a @{1}° cone with a radius of @{2} m directly in front of you, dealing ^{1}@{3}%^{2} damage each time for @{4} sec.	ใช้การปล่อยไฟเพื่อสร้างความเสียหายต่อเนื่องให้กับศัตรูในกรวย@{1}° ที่มีรัศมี@{2}m ตรงหน้าคุณ สร้าง ^{1}@{3}%^{2}ความเสียหายในแต่ละครั้งเป็นเวลา@{4}วินาที
25109	2.While you have Field Combat Time, Kill field monsters to earn EXP and drops as normal. You cannot earn them while Field Combat Time is set to Pause or after it runs out.	2. ในขณะที่คุณมีเวลาต่อสู้ในสนาม ให้กำจัดมอนสเตอร์ในสนามเพื่อรับ EXP และดรอปตามปกติ คุณไม่สามารถรับพวกมันได้ในขณะที่ Field Combat Time ถูกตั้งค่าเป็น Pause หรือหลังจากหมดเวลา
25110	In modes where pets fight directly, they automatically use their Battle Skill when its Cooldown ends. The Battle Skill's star rank also increases with the pet's star rank.	ในโหมดที่สัตว์เลี้ยงต่อสู้โดยตรง พวกมันจะใช้ทักษะการต่อสู้โดยอัตโนมัติเมื่อคูลดาวน์สิ้นสุดลงอันดับดาวของทักษะการต่อสู้ยังเพิ่มขึ้นตามอันดับดาวของสัตว์เลี้ยงด้วย
25111	I see. When dealing with a thief of this caliber, their very identity is classified information that must remain sealed. I understand why you need to keep it confidential.	เข้าใจแล้วเมื่อต้องรับมือกับหัวขโมยที่มีความสามารถนี้ ตัวตนของพวกเขาคือข้อมูลลับที่ต้องปิดผนึกไว้ฉันเข้าใจว่าทำไมคุณต้องเก็บมันไว้เป็นความลับ
25112	Hey, wait! Prontera is holding a festival soon, and coordinating all the supplies is driving me crazy. I've got a list of errands here. Could you take care of them for me?	เดี๋ยวก่อน! พรอนเทรากำลังจะจัดงานเทศกาลเร็วๆ นี้ และการประสานงานด้านสิ่งของทั้งหมดทำให้ฉันแทบคลั่งฉันมีรายการธุระที่นี่คุณช่วยดูแลพวกเขาแทนฉันได้ไหม?
25113	I've heard of an enchanted sword called Mysteltainn, made from an Orc's canine tooth harder than steel. Only a certain Blacksmith living\nin Prontera knows how to make it.	ฉันเคยได้ยินเกี่ยวกับดาบเวทมนตร์ที่เรียกว่า Mysteltainn ซึ่งทำจากฟันเขี้ยวของ Orc ที่แข็งกว่าเหล็กมีเพียงช่างตีเหล็กบางคนที่อาศัยอยู่ใน\n ในพรอนเทราเท่านั้นที่รู้วิธีสร้างมัน
25114	Congratulations, Adventurer. As of today, you have officially advanced to Trans. 2nd. Greater power brings greater responsibility, and it's time to improve your equipment.	ขอแสดงความยินดี Adventurer ณ วันนี้ คุณได้ก้าวเข้าสู่ Trans อย่างเป็นทางการแล้ว 2. พลังที่มากขึ้นนำมาซึ่งความรับผิดชอบที่มากขึ้น และถึงเวลาปรับปรุงอุปกรณ์ของคุณแล้ว
25115	Er... this was indeed our oversight. But our investigators have already taken a team to pursue the Clue. Please try to calm down. We'll take responsibility and recover it.	เอ่อ... นี่เป็นการควบคุมดูแลของเราจริงๆแต่ผู้สืบสวนของเราได้รวมทีมเพื่อติดตามเบาะแสแล้วโปรดพยายามสงบสติอารมณ์เราจะรับผิดชอบและกู้คืนมัน
25116	It's true! I'm not lying! Oh... I remember now! I put two meat sandwiches in my pockets this morning as bait for giant cockroaches. The smell must have attracted this dog!	จริง! ฉันไม่ได้โกหก! โอ้... ฉันจำได้แล้ว! เช้านี้ฉันใส่แซนด์วิชเนื้อสองชิ้นไว้ในกระเป๋าเพื่อเป็นเหยื่อล่อแมลงสาบยักษ์กลิ่นคงจะดึงดูดสุนัขตัวนี้!
25117	Allow me to give you a Regular introduction. I am Louie von Schillerkens, a poor soul failed by the current system and... well, the strategic advisor of this little group.	ให้ฉันให้คุณแนะนำปกติ ฉันชื่อ Louie von Schillerkens วิญญาณผู้น่าสงสารที่ล้มเหลวจากระบบปัจจุบัน และ... คือ ที่ปรึกษาเชิงกลยุทธ์ของกลุ่มเล็กๆ กลุ่มนี้
25118	Serve as the party's frontline\nPlayers who select this role have exceptional damage-taking capabilities and must stand ahead of their teammates to hold off enemy attacks.	ทำหน้าที่เป็นแนวหน้าของปาร์ตี้\n ผู้เล่นที่เลือกบทบาทนี้มีความสามารถในการสร้างความเสียหายได้ดีเยี่ยม และต้องยืนนำหน้าเพื่อนร่วมทีมเพื่อป้องกันการโจมตีของศัตรู
25119	A coat made from soft animal fur. It has drawn heavy criticism from conservation groups, so please be kind to animals. Comes with a powerful damage-dealing special effect.	เสื้อคลุมที่ทำจากขนสัตว์เนื้อนุ่ม ได้รับการวิพากษ์วิจารณ์อย่างหนักจากกลุ่มอนุรักษ์ ดังนั้นกรุณามีเมตตาต่อสัตว์ด้วย มาพร้อมกับเอฟเฟกต์พิเศษสร้างความเสียหายอันทรงพลัง
25120	Universal Currency for the Connect System. Obtained by completing quests in the Adventure Party and Mentorship systems, and used to exchange for items in the Connect Shop.	สกุลเงินสากลสำหรับระบบเชื่อมต่อได้รับจากการสำเร็จภารกิจในระบบ Adventure Party และ Mentorship และใช้เพื่อแลกไอเทมใน Connect Shop
25121	Controls the Madogear Pilot to leap into the air and slam the ground, dealing ^{1}@{3}%^{2} damage to up to @{2} enemies within @{1} meters and ^{3}knocking them back^{4}.	ControlsMadogear Pilot ให้กระโดดขึ้นไปในอากาศและกระแทกพื้น สร้างความเสียหาย ^{1}@{3}%^{2}สร้างความเสียหายให้กับศัตรู@{2}ภายใน@{1}เมตร และ ^{3}ทำให้พวกเขากระเด็นไปข้างหลัง^{4}.
25122	When Double Attack triggers, trigger an Extra 【Double Attack - AoE】 within @{1} meters of yourself (internal CD: @{2} sec.)\n(Changed to trigger due to performance issues)	เมื่อ Double Attack ทำงาน จะทำให้เกิด 【Double Attack - AoE】 พิเศษในระยะ@{1}เมตรจากตัวคุณเอง (ซีดีภายใน:@{2}วินาที)\n(เปลี่ยนเป็นทริกเกอร์เนื่องจากปัญหาด้านประสิทธิภาพ)
25123	【Shadow Pierce】 also grants one floor of 【Delusion】 for @{1} seconds. 【Delusion】: Killing an enemy in this state immediately refreshes @{2}% of 【Shadow Pierce】's Cooldown.	【Shadow Pierce】 ยังมอบ【Delusion】หนึ่งชั้นเป็นเวลา@{1}วินาที【Delusion】: การฆ่าศัตรูในสถานะนี้จะรีเฟรชคูลดาวน์ของ 【Shadow Pierce】 ทันที@{2}%
25124	Lava Lizard roars, dealing Neutral melee ^{5}adaptive damage^{6} equal to the master's ^{1}Adaptive ATK^{2}*^{3}${3}%^{4} to up to ${2} enemies within a ${1}-meter radius.	Lava Lizard คำราม สร้างความเสียหายระยะประชิดที่เป็นกลาง ^{5}ความเสียหายแบบปรับตัว^{6}เท่ากับปรมาจารย์ ^{1}Adaptive ATK^{2}*^{3}${3}%^{4}ถึงมากถึง${2}ศัตรูภายในรัศมี${1}เมตร
25125	Dear student, congratulations! You've been selected to participate in the Quiz Festival! Answer questions to earn fantastic rewards. Hurry to Prontera and enter the venue!	เรียนนักเรียน ขอแสดงความยินดี! คุณได้รับเลือกให้เข้าร่วมใน Quiz Festival! ตอบคำถามเพื่อรับรางวัลสุดวิเศษรีบไปที่ Prontera แล้วเข้าไปในสถานที่!
25126	The resonator is reacting violently. The rumors were true... The sample's purity is beyond anything I imagined! I must... I must go deeper... to the source of the energy...	เครื่องสะท้อนกลับมีปฏิกิริยารุนแรงข่าวลือเป็นจริง... ความบริสุทธิ์ของตัวอย่างนั้นเกินกว่าจะจินตนาการได้! ฉันจะต้อง... ต้องลึกลงไปอีก... สู่แหล่งพลังงาน...
25127	Guild Points are the sum of all Members' personal Contribution Points. After ranking Settlement, only Members with 100,000 personal Activity Points can claim Guild Rewards.	คือผลรวมของคะแนนการมีส่วนร่วมส่วนตัวของสมาชิกทุกคน หลังจากจัดอันดับการชำระบัญชี เฉพาะสมาชิกที่มีคะแนน Activity ส่วนตัว 100,000 คะแนนเท่านั้นที่สามารถรับรางวัล Guild ได้
25128	Defeating Commanders and Bosses on the Sub-Battlefield grants powerful Commander skills with shared limited Uses to the Guild Master and Commanders on the Main Battlefield.	การเอาชนะผู้บัญชาการและบอสในสนามรบย่อยจะมอบทักษะผู้บัญชาการอันทรงพลังพร้อมการใช้งานที่จำกัดร่วมกับหัวหน้า Guild และผู้บังคับบัญชาในสนามรบหลัก
25129	Drake bombards multiple players ^{1}@{1} times in succession^{2}. Players must ^{3}guide the cannonballs toward the 【Puppet】^{4} and ^{5}use the cannonballs^{6} to Kill it.	Drake โจมตีผู้เล่นหลายคน ^{1}@{1}ครั้งติดต่อกัน ^{2}ผู้เล่นจะต้อง ^{3}นำทางลูกปืนใหญ่ไปทาง 【Puppet】^{4}และ ^{5}ใช้ลูกปืนใหญ่^{6}เพื่อ Kill มัน
25130	Ilmo summons unique musical-note areas. Their ^{1}symbols are displayed for only @{1} seconds^{2}. Once they disappear, players must rely on memory to deactivate the areas.	Ilmo เรียกพื้นที่โน้ตดนตรีที่มีเอกลักษณ์สัญลักษณ์ ^{1}ของพวกเขาจะแสดงเป็นเวลาเพียง@{1}วินาที^{2}เมื่อพวกมันหายไป ผู้เล่นจะต้องอาศัยหน่วยความจำเพื่อปิดการใช้งานพื้นที่
25131	A loyal knight of the kingdom. Skilled with swords and spears, knights can ride Peco Pecos into battle, wield formidable offensive power, and rapidly charge toward enemies.	อัศวินผู้ภักดีแห่งอาณาจักร อัศวินที่เชี่ยวชาญด้านดาบและหอก สามารถขี่ Peco Pecos เข้าสู่การต่อสู้ ใช้พลังโจมตีที่น่าเกรงขาม และพุ่งเข้าหาศัตรูอย่างรวดเร็ว
25132	The higher the Hatchery level, the greater the Chance of obtaining high-quality pets.\nLevel Increased will not remove unlocked content and will only raise the base Chance.	ยิ่งระดับโรงฟักไข่สูงเท่าไร โอกาสในการได้รับสัตว์เลี้ยงคุณภาพสูงก็จะยิ่งมากขึ้นเท่านั้นการเพิ่มระดับ\n จะไม่ลบเนื้อหาที่ปลดล็อค และจะเพิ่มโอกาสพื้นฐานเท่านั้น
25133	This commission comes directly from the royal family. That means it's a high-level mission, and it also means... the potential danger may be beyond anything we can imagine.	ค่าคอมมิชชันนี้มาจากราชวงศ์โดยตรงนั่นหมายถึงมันเป็นภารกิจระดับสูง และยังหมายถึง... อันตรายที่อาจเกิดขึ้นนั้นอยู่นอกเหนือสิ่งที่เราจินตนาการได้
25134	Hee hee... Hic! You're from out of town, aren't you? Since fate brought us together, I'll let you in on something I happened to overhear while having a drink at the tavern~	ฮิฮิ... ฮิก! คุณมาจากเมืองนอกใช่ไหมในเมื่อโชคชะตาพาเรามาพบกัน ฉันจะเล่าให้ฟังถึงสิ่งที่ฉันบังเอิญได้ยินขณะดื่มเหล้าที่ร้านเหล้า~
25135	Oh, right! I almost forgot to give you a Talent Stone! If we run into trouble up there, you'll need some way to defend yourself. This thing will be a huge help, so take it.	โอ้ใช่แล้ว! ฉันเกือบลืมมอบ Talent Stone ให้กับคุณ! ถ้าเราประสบปัญหาที่นั่น คุณจะต้องมีวิธีป้องกันตัวเองสิ่งนี้จะช่วยได้มาก ดังนั้นรับมันไปซะ
25136	You didn't Find him? That old man is as slippery as a desert snake. I also sent a seasoned Adventurer to search Nearby Ant Hell. It's no place for rookies to wander around.	คุณหาเขาไม่เจอเหรอ? ชายชราคนนั้นลื่นเหมือนงูทะเลทรายฉันยังส่ง Adventurer ผู้ช่ำชองไปค้นหานรกมดใกล้เคียงด้วยไม่มีสถานที่สำหรับมือใหม่ที่จะเดินเล่น
25137	But mastering skills isn't enough. After your Second Job, the new ^{1}[Talent]^{2} System has been unlocked. Go—this is the key to determining the limits of your abilities.	แต่ทักษะการเรียนรู้ยังไม่เพียงพอหลังจากงานที่สองของคุณ ระบบ ^{1}[Talent]^{2}ใหม่ได้ถูกปลดล็อคแล้วไป—นี่คือกุญแจสำคัญในการกำหนดขีดจำกัดความสามารถของคุณ
25138	A map drawn by ancient emperors to mark their most precious treasures. To keep others from coveting them, they tore the map into fragments and hid them in different places.	แผนที่ที่วาดโดยจักรพรรดิโบราณเพื่อทำเครื่องหมายสมบัติล้ำค่าที่สุดของพวกเขา เพื่อป้องกันไม่ให้ผู้อื่นโลภพวกเขา พวกเขาจึงฉีกแผนที่ออกเป็นชิ้นๆ และซ่อนไว้ในที่ต่างๆ
25139	The Chrono Compass emits a dazzling light, then projects a strange vision: you see yourself entering a mysterious abyss, where a massive structure stands, seemingly a door.	Chrono Compass ปล่อยแสงเจิดจ้า จากนั้นฉายภาพอันแปลกประหลาด: คุณมองเห็นตัวเองเข้าสู่เหวลึกลับ ซึ่งมีโครงสร้างขนาดใหญ่ตั้งตระหง่าน ดูเหมือนเป็นประตู
25140	Unlocked when the guild clears the Nature God Ilmata event on Medium difficulty.\n(The item will be sent to the Guild Leader's mail upon completion. Use it to unlock this.)	ปลดล็อคเมื่อ Guild เคลียร์กิจกรรม Nature God Ilmata ในระดับความยากปานกลาง\n(ไอเทมจะถูกส่งไปยังจดหมายของหัวหน้า Guild เมื่อเสร็จสิ้น ใช้มันเพื่อปลดล็อค)
25141	Clear Realm of the Gods on Normal difficulty without using the Praiser Priest Revive skill. Rewards will be issued based on the shortest Clear Time during event Settlement.	เคลียร์ Realm of the Gods ในระดับความยาก Normal โดยไม่ต้องใช้ทักษะ Praiser Priest Revive รางวัลจะมอบให้ตามเวลาเคลียร์ที่สั้นที่สุดระหว่างการชำระบัญชีกิจกรรม
25142	When dealing DMG, there is a @{1}% Chance to reduce the target's current SP by @{2}%, up to @{3}. Internal Cooldown: @{4} sec. The trigger Chance stacks with multiple Cards.	เมื่อทำ DMG มีโอกาส@{1}% ที่จะลด SP ปัจจุบันของเป้าหมายลง@{2}% สูงสุด@{3}คูลดาวน์ภายใน:@{4}วินาทีโอกาสทริกเกอร์จะสแต็คกับการ์ดหลายใบ
25143	Instantly calls down Divine Light, restoring ^{3}Life^{4} equal to own ATK * ^{1}@{3}%^{2} for self and up to @{2} allies within a @{1} m radius, prioritizing party Members.	เรียก Divine Light ลงมาทันที ฟื้นฟู ^{3}Life^{4}เท่ากับ ATK ของตัวเอง * ^{1}@{3}%^{2}สำหรับตนเองและพันธมิตรสูงสุด@{2}ภายในรัศมี@{1}m การจัดลำดับความสำคัญของสมาชิกพรรค
25144	Launch a rain of arrows within @{1} meters, dealing ^{1}@{4}%^{2} damage to up to @{3} enemies within a @{2}-meter radius and inflicting ^{3}【Knockback】^{4} for @{5} meters.	ยิงลูกศรฝนในระยะ@{1}เมตร สร้างความเสียหาย ^{1}@{4}%^{2}สร้างความเสียหายให้กับศัตรูสูงสุด@{3}ภายในรัศมี@{2}เมตรและสร้างความเสียหาย ^{3}【Knockback】^{4}สำหรับเมตร@{5}.
25145	This magic carpet once carried tales from the Arabian Nights beneath the desert moon and stars. The moment you step aboard, it unfurls a miracle that lets you ride the wind.	พรมวิเศษนี้ครั้งหนึ่งเคยนำพาเรื่องราวจากคืนอาหรับใต้แสงจันทร์และดวงดาวในทะเลทรายทันทีที่คุณก้าวขึ้นเรือ มันจะเผยปาฏิหาริย์ที่ให้คุณขี่สายลมได้
25146	Dear Player, the review result for your appeal regarding Order No.:${7} has been confirmed.\nReview Result:Approved.\nPlease collect your final proceeds from the attachment.	เรียนผู้เล่น ผลการตรวจสอบสำหรับการอุทธรณ์ของคุณเกี่ยวกับหมายเลขคำสั่งซื้อ:${7}ได้รับการยืนยันแล้ว\n ผลการตรวจสอบ:อนุมัติ\n โปรดรวบรวมรายได้สุดท้ายของคุณจากไฟล์แนบ
25147	Now that's character! I admire your candor! But believe me, a promise from Jax carries more weight than adamantine! Come see for yourself, and you'll know I speak the truth!	นี่แหละตัวละคร! ฉันชื่นชมน้ำใสใจจริงของคุณ! แต่เชื่อฉันเถอะ คำสัญญาจาก Jax มีน้ำหนักมากกว่าความยืนกราน! มาดูด้วยตัวคุณเองแล้วคุณจะรู้ว่าฉันพูดความจริง!
25148	Sigh... The specimen is gone, and I didn't even finish recording the valuable field data. But! This incident proves there's one crucial area where my theory can be improved—	เฮ้อ... ตัวอย่างหายไปแล้ว และฉันก็บันทึกข้อมูลภาคสนามอันมีค่าด้วยซ้ำแต่! เหตุการณ์นี้พิสูจน์ให้เห็นว่ามีส่วนสำคัญประการหนึ่งที่ทฤษฎีของฉันสามารถปรับปรุงได้—
25149	I hear you're helping someone prepare a gift. Here, take this dry-cured ham too. When you're out adventuring, nothing's more reassuring than having some meat in your pocket.	ฉันได้ยินมาว่าคุณกำลังช่วยใครบางคนเตรียมของขวัญเอาแฮมตากแห้งอันนี้ไปด้วยเมื่อคุณออกไปผจญภัย ไม่มีอะไรจะมั่นใจได้มากไปกว่าการมีเนื้อติดตัวอยู่ในกระเป๋า
25150	Oh? An Adventurer encounters a beautiful Woman in distress, and she rewards her rescuer with a treasure—isn't that a common enough tale? There's no need to make such a fuss.	อ้าว?Adventurer ได้พบกับหญิงสาวสวยคนหนึ่งที่กำลังตกทุกข์ได้ยาก และเธอก็ให้รางวัลแก่ผู้ช่วยชีวิตด้วยสมบัติ—นั่นยังเป็นเรื่องธรรมดาไม่พอหรือ? ไม่จำเป็นต้องยุ่งยากขนาดนั้น
25151	Oh my... I thought I was about to become lunch for those baby Peco Pecos! Those big-beaked little brats kept squawking in my ears and pecking me all over! It was terrifying!	โอ้พระเจ้า... ฉันคิดว่าฉันกำลังจะกลายเป็นมื้อเที่ยงให้กับ Peco Pecos เด็กน้อยพวกนั้น! เจ้าเด็กเหลือขอปากใหญ่พวกนั้นเอาแต่ร้องเสียงแหลมในหูของฉันและจิกฉันไปทั่ว! มันน่ากลัวมาก!
25152	The Relic... Are you with the Professor and Knight Isis? That object is deep inside the Pyramid. Ever since it appeared, the Monsters here have been agitated beyond Control.	The Relic... คุณอยู่กับ Professor และอัศวิน Isis หรือเปล่า? วัตถุนั้นอยู่ลึกเข้าไปใน Pyramid นับตั้งแต่มันปรากฏตัว เหล่าสัตว์ประหลาดที่นี่ก็ปั่นป่วนเกินกว่าจะ Control ได้
25153	Young Male Voice\nCan we be reasonable here? You've been sitting here since five in the morning without fighting a single monster! You're hogging the spot and doing nothing!	เสียงชายหนุ่ม\n ที่นี่เราสมเหตุสมผลไหม? คุณนั่งอยู่ที่นี่ตั้งแต่ห้าโมงเช้าโดยไม่ได้ต่อสู้กับสัตว์ประหลาดแม้แต่ตัวเดียว! คุณกำลังทำเรื่องไร้สาระและไม่ทำอะไรเลย!
25154	Bobo\nThere's no one here. We may need to look farther inside. But these ants are so annoying! Why don't we clear them out while we're at it? We'd be doing everyone a favor!	โบโบ\n ที่นี่ไม่มีใครเลยเราอาจต้องมองให้ไกลออกไปข้างในแต่มดพวกนี้น่ารำคาญมาก! ทำไมเราไม่เคลียร์พวกมันในขณะที่เราทำอยู่ล่ะ? เราจะช่วยเหลือทุกคน!
25155	A Metal that shines as brilliantly as the sun. Though difficult to work with, its rarity undoubtedly makes it extremely valuable among metals. Can be exchanged for Headwear.	โลหะที่ส่องแสงเจิดจ้าดุจดวงอาทิตย์ แม้ว่าจะใช้งานยาก แต่ความหายากของมันทำให้มีคุณค่าอย่างมากในหมู่โลหะอย่างไม่ต้องสงสัย สามารถเปลี่ยนเป็น Headwear ได้
25156	After use, Enlarge to @{1} times your size. During Magnification, restores ^{1}@{3}% ^{2} of your Max HP every @{2} seconds for @{4} seconds. Cooldown: ^{3}@{5}^{4} seconds.	หลังการใช้งาน ให้ Enlarge เป็น@{1}คูณขนาดของคุณ ในระหว่างการ Enlarge ภาพ ให้คืนค่า ^{1}@{3}% ^{2}ของ HP สูงสุดของคุณทุกๆ@{2}วินาทีเป็นเวลา@{4}วินาที คูลดาวน์: ^{3}@{5}^{4}วินาที
25157	Summons a lightning strike, dealing Magic ATK *^{1}${4}% + ${5}^{2} Wind ranged magic damage to up to ${3} enemies within a ${2}-meter radius area within ${1} meters of you.	เรียกสายฟ้าฟาด สร้างพลังโจมตีเวทย์ *^{1}${4}% +${5}^{2}ลมสร้างความเสียหายเวทย์สูงสุดให้กับศัตรู${3}ภายในรัศมี${2}เมตร ภายใน${1}เมตรคุณ.
25158	Deals Neutral ranged magic damage equal to Magic ATK *^{1}${3}%^{2} to up to ${2} enemies within ${1} meters of the caster and inflicts ${4}%^{3}【Slow】^{4} for ${5} seconds.	สร้างความเสียหายเวทย์มนตร์ระยะกลางเท่ากับพลังโจมตีเวทย์ *^{1}${3}%^{2}ไปจนถึงศัตรูสูงสุด${2}ภายใน${1}เมตรจากลูกล้อ และสร้างความเสียหายให้กับ${4}%^{3}【Slow】^{4}เป็นเวลา${5}วินาที
25159	Uses an Exorciser incantation to create a Holy Light field, dealing ATK * ^{1}@{4}%^{2} damage to up to @{3} enemies in a designated area with a @{2} m radius within @{1} m.	Uses an Exorciser incantation to create a Holy Light field, dealing ATK * ^{1}@{4}%^{2}damage to up to@{3}enemies in a designated area with a@{2}m radius within@{1}m.
25160	A Skill Bar can be placed on the casting wheel like a skill. Activating the Skill Bar casts each skill in the Skill Bar that currently meets its activation requirements once.	Skill Bar สามารถวางบนวงล้อการร่ายได้เหมือนกับทักษะ การเปิดใช้งาน Skill Bar จะร่ายแต่ละทักษะใน Skill Bar ที่ตรงตามข้อกำหนดการเปิดใช้งานหนึ่งครั้ง
25161	The Guild Leader is eligible for Impeachment if they have been offline for ${1} days or earned less than ${3} Guild Contribution each week for the past ${2} consecutive weeks	หัวหน้า Guild มีสิทธิ์ถูกฟ้องร้องหากพวกเขาออฟไลน์เป็นเวลา${1}วัน หรือมีรายได้น้อยกว่า${3}การบริจาค Guild ในแต่ละสัปดาห์ในช่วงสัปดาห์ที่ผ่านมาติดต่อกันของ${2}
25162	Marks several players. After a brief warning, deals damage in a large area around them and ^{1}Launches @{1} waves in all directions^{2}. The waves damage players they touch.	ทำเครื่องหมายผู้เล่นหลายคนหลังจากการเตือนสั้นๆ จะสร้างความเสียหายเป็นบริเวณกว้างรอบๆ พวกเขา และ ^{1}ปล่อยคลื่น@{1}ในทุกทิศทาง^{2}คลื่นสร้างความเสียหายให้กับผู้เล่นที่พวกเขาสัมผัส
25163	Summons a meteor, dealing ATK * ^{1}@{4}%^{2} damage to up to @{3} enemies in a target area with a @{2} m radius within @{1} m, with a @{5}% Chance to inflict ^{3}【Burn】^{4}.	เรียกดาวตกมาสร้าง ATK * ^{1}@{4}%^{2}สร้างความเสียหายให้กับศัตรูสูงสุด@{3}ในพื้นที่เป้าหมายด้วยรัศมี@{2}m ภายใน@{1}m ด้วย@{5}% โอกาสที่จะทำดาเมจ ^{3}【Burn】^{4}.
25164	This advanced equipment was prepared for you by the Eden Group. It includes a Weapon and Armor, so be sure to Receive it. You'll need this gear for your upcoming assignments.	อุปกรณ์ขั้นสูงนี้จัดทำขึ้นสำหรับคุณโดย Eden Group ประกอบด้วยอาวุธและชุดเกราะ ดังนั้นอย่าลืมรับมันมาด้วยคุณจะต้องมีอุปกรณ์นี้สำหรับงานมอบหมายที่กำลังจะมาถึง
25165	An airship? You mean one of those huge ships that races through the clouds, where you can feel the breeze and enjoy the view from the deck? We're taking one on our adventure?	เรือเหาะเหรอ? คุณหมายถึงเรือลำใหญ่ลำหนึ่งที่แล่นผ่านก้อนเมฆ ซึ่งคุณสามารถสัมผัสถึงสายลมและเพลิดเพลินกับทิวทัศน์จากดาดฟ้าใช่ไหม? เรากำลังผจญภัยอยู่ใช่ไหม?
25166	Phew... Finally, some peace and quiet. Thank You, my friend. These desert Chonchons are even more annoying than monsters. I've never seen you Nearby before. Are you new here?	วุ้ย... ในที่สุดก็สงบสักทีขอบคุณเพื่อนของฉัน Chochonons ทะเลทรายเหล่านี้น่ารำคาญยิ่งกว่าสัตว์ประหลาดเสียอีกฉันไม่เคยเห็นคุณใกล้เคียงมาก่อนคุณยังใหม่ที่นี่?
25167	●Other Adventurers can use siege weapons atop the high walls to attack the dragon. Cooperation between Adventurers and effective use of these weapons are the keys to victory.	●Adventurers คนอื่นๆ สามารถใช้อาวุธปิดล้อมบนกำแพงสูงเพื่อโจมตีมังกรได้ความร่วมมือระหว่าง Adventurers และการใช้อาวุธเหล่านี้อย่างมีประสิทธิภาพคือกุญแจสู่ชัยชนะ
25168	Unlike the original War of Emperium, War of Emperium: Second Edition takes place on a single large map, and guilds must destroy the Guardian Stones and Barricades to advance.	Unlike the original War of Emperium, War of Emperium: Second Edition takes place on a single large map, and guilds must destroy the Guardian Stones and Barricades to advance.
25169	A bright Red Herb that adds a unique flavor and medicinal properties to Cooking.\nObtainable through ^{1}Life Skill - Gardener^{2}. Used by the Life Skill - Chef for Cooking.	สมุนไพรสีแดงสดใสที่เพิ่มรสชาติอันเป็นเอกลักษณ์และสรรพคุณทางยาให้กับการปรุงอาหาร\n หาได้จาก ^{1}Life Skill - Gardener^{2}. ใช้โดยทักษะ Life - เชฟสำหรับทำอาหาร
25170	A Rare material used for Special Talent Level-up.\nOnce your understanding of a Talent reaches a stable stage,\nits power is formally engraved, becoming an unmistakable mark.	วัตถุดิบหายากที่ใช้ในการอัพเลเวลความสามารถพิเศษ\n เมื่อคุณเข้าใจ Talent ถึงระดับที่มั่นคงแล้ว\n พลังของมันก็จะถูกจารึกไว้อย่างเป็นทางการ และกลายเป็นสัญลักษณ์ที่ชัดเจน
25171	"The professor comes over to greet you. Moments later, a Soldier reports that a glowing ""Relic"" appeared near Goblin Forest after the tremor, and someone needs to investigate."	"อาจารย์เดินเข้ามาทักทายครู่ต่อมา Soldier คนหนึ่งรายงานว่ามี ""โบราณวัตถุ"" เรืองแสงปรากฏขึ้นใกล้กับ Goblin Forest หลังแรงสั่นสะเทือน และมีคนจำเป็นต้องสอบสวน"
25172	Increases the Attack Speed of yourself and up to ${2} allies within ${1} meters by ^{1}${3}%^{2}, plus an Extra ^{3}${4}%^{4} regardless of Job Restriction, for ${5} seconds.	เพิ่มความเร็วในการโจมตีของตัวคุณเองและพันธมิตร${2}ภายในระยะ${1}เมตร ^{1}${3}%^{2}บวกด้วย Extra ^{3}${4}%^{4}โดยไม่คำนึงถึงข้อจำกัดของงาน เป็นเวลา${5}วินาที
25173	Dive toward a designated location within @{1} meters. After the dive, create an @{2}-meter circular Petrify zone that inflicts Petrify on up to @{3} enemies for @{4} seconds.	ดำดิ่งไปยังสถานที่ที่กำหนดภายในระยะ@{1}เมตรหลังจากดำน้ำ ให้สร้างโซนกลายเป็นหินทรงกลม@{2}เมตร ซึ่งจะทำให้กลายเป็นหินใส่ศัตรูสูงสุด@{3}เป็นเวลา@{4}วินาที
25174	Harness wind pressure to Enhance yourself. For ${1} seconds after casting this skill, the percentage damage multipliers for skills and Basic Attack increase by ^{1}${2}%^{2}.	ควบคุมแรงลมเพื่อยกระดับตัวเองสำหรับ${1}วินาทีหลังจากร่ายสกิลนี้ เปอร์เซ็นต์ตัวคูณความเสียหายสำหรับทักษะและ Basic Attack จะเพิ่มขึ้น ^{1}${2}%^{2}
25175	Dive toward a target location within ${1} meters. Upon landing, deal ${4}% Physical damage to up to ${3} enemies within a ${2}-meter radius and inflict Stun for ${5} seconds.	ดำดิ่งไปยังตำแหน่งเป้าหมายภายในระยะ${1}เมตรเมื่อลงจอด สร้างความเสียหายทางกายภาพ${4}% ให้กับศัตรูสูงสุด${3}ภายในรัศมี${2}เมตร และทำให้ติดสตันเป็นเวลา${5}วินาที
25176	Charge at a designated ST enemy within ${1} meters, dealing Physical ATK*^{1}${2}%+${3}^{2} Neutral melee Physical damage and inflicting ${4} sec. of ^{3}^{4}【Stun】^{5} ^{6}.	พุ่งเข้าโจมตีศัตรู ST ที่กำหนดภายในระยะ${1}เมตร สร้างความเสียหายทางกายภาพระยะประชิด*^{1}${2}%+${3}^{2}ความเสียหายทางกายภาพระยะประชิดที่เป็นกลาง และสร้างความเสียหายให้กับ${4}วินาทีของ ^{3}^{4}【Stun】^{5}^{6}.
25177	Unfortunately, Morroc's seal remains secure, and Jormungandr has long since vanished from this world. However, there is an urgent assignment in Payon that requires attention.	น่าเสียดายที่ผนึกของ Morroc ยังคงปลอดภัย และ Jormungandr ได้หายตัวไปจากโลกนี้ไปนานแล้วอย่างไรก็ตามมีงานด่วนในเมือง Payon ที่ต้องให้ความสนใจ
25178	(Strokes chin) When she came to the academy to turn in a commission a few days ago, she mentioned that a monster had damaged her Helmet. A new Helmet should be a safe choice.	(ลูบคาง) เมื่อเธอมาที่สถาบันเพื่อรับสมัครเมื่อไม่กี่วันก่อน เธอบอกว่ามีสัตว์ประหลาดตัวหนึ่งทำให้หมวกของเธอเสียหาย หมวกกันน็อคใหม่ควรเป็นทางเลือกที่ปลอดภัย
25179	After your Basic Attack deals damage, there is a ${1}% Chance to inflict 【Poisoned】 damage on the target, dealing Poison melee Physical damage equal to ${2}% of Physical ATK.	หลังจากที่ Basic Attack ของคุณสร้างความเสียหาย จะมีโอกาส${1}% ที่จะสร้างความเสียหาย 【Poisoned】 กับเป้าหมาย สร้างความเสียหายทางกายภาพระยะประชิดพิษเท่ากับ${2}% ของ ATK กายภาพ
25180	Siege War Vehicle Permission Rules:\n@{1}.You can set vehicle permissions for Siege War on this screen.\n@{2}.These settings also apply to player permissions during Siege War.	กฎการอนุญาตยานพาหนะสงครามล้อม:\n@{1}คุณสามารถตั้งค่าการอนุญาตยานพาหนะสำหรับสงครามยึดครองได้บนหน้าจอนี้\n@{2}การตั้งค่าเหล่านี้ใช้กับการอนุญาตของผู้เล่นในระหว่างสงครามยึดครองด้วย
25181	【All Nearby Targets】Press Tab to cycle through all visible characters;\n【Nearby High-Priority Players】Press Tab to select only the character with the highest current priority.	【All Nearby Targets】กด Tab เพื่อวนดูอักขระที่มองเห็นทั้งหมด\n【Nearby High-Priority Players】กด Tab เพื่อเลือกเฉพาะตัวละครที่มีลำดับความสำคัญสูงสุดในปัจจุบัน
25182	Marinated Beast Meat wrapped in dough made from Grains, then steamed and baked to form a dark red crust. Grants @{1}%~@{2}% Increased Damage to Medium Monsters for @{3} hours.	เนื้อสัตว์หมักห่อด้วยแป้งที่ทำจากธัญพืช จากนั้นนึ่งและอบจนเป็นเปลือกสีแดงเข้มเพิ่มความเสียหายให้กับมอนสเตอร์ขนาดกลาง@{1}%~@{2}% เป็นเวลา@{3}ชั่วโมง
25183	Moonlight Flower summons^{1}a Bell at the target's location^{2}. The Bell deals damage around it when it lands and deals damage around it again^{3}when the Bell resonates^{4}.	ดอกแสงจันทร์ อัญเชิญ^{1}กระดิ่งไปยังตำแหน่งของเป้าหมาย^{2}กระดิ่งจะสร้างความเสียหายรอบๆ เมื่อมันตกลงมา และสร้างความเสียหายรอบๆ อีกครั้ง^{3}เมื่อกระดิ่งดังก้อง^{4}
25184	Dive toward a designated location within @{1} meters. After landing, create a circular burning area @{2} meters wide that inflicts Burn on up to @{3} enemies for @{4} seconds.	ดำดิ่งไปยังสถานที่ที่กำหนดภายในระยะ@{1}เมตรหลังจากลงจอด ให้สร้างพื้นที่เผาไหม้เป็นวงกลม@{2}เมตร ที่จะสร้างความเสียหายให้กับศัตรูสูงสุด@{3}เป็นเวลา@{4}วินาที
25185	Within @{1} meters of yourself, unleash a rain of arrows that deals ^{1}@{4}%^{2} damage to up to @{3} enemies within a @{2}-meter radius and ^{3}【Knocks Back】^{4} targets hit	ภายใน@{1}เมตรจากตัวคุณ ปล่อยฝนลูกศรที่สร้างความเสียหาย ^{1}@{4}%^{2}สร้างความเสียหายให้กับศัตรูสูงสุด@{3}ภายในรัศมี@{2}เมตร และ ^{3}【Knocks Back】^{4}โดนเป้าหมาย
25186	Bow-exclusive skill. Fires 2 Arrows simultaneously, dealing ${2} hits of PATK * ^{1}${3}% + ${4}^{2} Neutral Ranged Physical DMG to the designated ST enemy within ${1} meters.	ทักษะพิเศษเฉพาะคันธนูยิง Arrows 2 ลูกพร้อมกัน สร้างการโจมตี${2}ของ PATK * ^{1}${3}% +${4}^{2}สร้างความเสียหายกายภาพระยะไกลแบบเป็นกลาง ไปยังศัตรู ST ที่กำหนดภายในระยะ${1}เมตร
25187	When an ^{1}Offensive-type^{2} Primary Battle Skill Deals DMG, casts ^{3}^{4}【Mummy's Curse】^{5}^{6} on the target. This effect can only trigger once per Primary Battle Skill.	เมื่อ ^{1}ประเภทรุก^{2}ทักษะการต่อสู้หลักสร้างความเสียหาย จะใช้ ^{3}^{4}【Mummy's Curse】^{5}^{6}ไปยังเป้าหมายเอฟเฟกต์นี้สามารถทำงานได้เพียงครั้งเดียวต่อทักษะการต่อสู้หลัก
25188	Bombards a ${1}m * ${2}m area in the specified direction, continuously dealing Physical ATK *^{1}${4}%^{2} as Neutral ranged Physical damage to up to ${3} enemies in its path.	โจมตีพื้นที่${1}m *${2}m ในทิศทางที่กำหนด สร้างความเสียหายทางกายภาพอย่างต่อเนื่อง *^{1}${4}%^{2}เป็นความเสียหายทางกายภาพระยะไกลสูงสุดกับศัตรู${3}ในเส้นทางของมัน
25189	Unlocked when the guild occupies a provincial capital stronghold in Territory War.\n(The item will be sent to the Guild Leader's mail after occupation. Use it to unlock this.)	ปลดล็อคเมื่อ Guild ยึดครองฐานที่มั่นในเมืองหลวงของจังหวัดใน Territory War\n(ไอเทมจะถูกส่งไปยังจดหมายของหัวหน้า Guild หลังจากยึดครอง ใช้มันเพื่อปลดล็อค)
25190	Creates several circular clouds of mist with a @{1}-meter radius at random locations. Players who enter gain 【Stonecoat】 and take A damage every second. This effect can stack.	สร้างเมฆหมอกเป็นวงกลมหลายจุดด้วยรัศมี@{1}เมตร ณ ตำแหน่งต่างๆ แบบสุ่มผู้เล่นที่เข้ามาจะได้รับ 【Stonecoat】 และได้รับความเสียหายทุกวินาทีเอฟเฟกต์นี้สามารถซ้อนทับได้
25191	Made from birch carefully selected and shaped by a master carpenter, this is the perfect choice for efficiency-minded Merchants. (Requires the Cart Remodeling skill to switch.)	ผลิตจากไม้เบิร์ชที่คัดสรรและขึ้นรูปอย่างพิถีพิถันโดยช่างไม้ระดับปรมาจารย์ เป็นตัวเลือกที่สมบูรณ์แบบสำหรับพ่อค้าที่คำนึงถึงประสิทธิภาพ(ต้องใช้ทักษะ Cart Remodeling จึงจะสลับได้)
25192	Its iron body supports a canopy that shields it from the elements. Set up shop wherever you go with this true mobile storefront. (Requires the Cart Remodeling skill to switch.)	ตัวโครงเหล็กรองรับหลังคาที่ปกป้องจากองค์ประกอบต่างๆตั้งร้านค้าได้ทุกที่ด้วยหน้าร้านบนมือถือที่แท้จริง(ต้องใช้ทักษะ Cart Remodeling จึงจะสลับได้)
25193	As a Madogear Pilot wielding a kinetic battle axe, seize the initiative with devastating Burst, fierce crowd control, and crushing blows that defeat foes before they can react.	ในฐานะ Madogear Pilot ถือขวานต่อสู้จลน์ ยึดความคิดริเริ่มด้วย Burst ทำลายล้าง การควบคุมฝูงชนที่ดุเดือด และการโจมตีที่รุนแรงเพื่อเอาชนะศัตรูก่อนที่พวกมันจะสามารถตอบสนองได้
25194	You are currently participating in an MVP Kill. High-Rate Auto Mode will Enter a suspended state and Auto-enable after you lose the MVP's aggro and Kill a monster in the Field.	คุณกำลังเข้าร่วมในการสังหาร MVP โหมดอัตโนมัติอัตราสูงจะเข้าสู่สถานะระงับและเปิดใช้งานอัตโนมัติหลังจากที่คุณสูญเสียความดุร้ายของ MVP และสังหารสัตว์ประหลาดในสนาม
25195	For your first task, collect @{1} pieces of ^{3}【Sticky Mucus】^{4} from the nearby ^{1}Porings^{2}. Porings don't hit very hard, but as a beginner, you should still be careful.	For your first task, collect @{1} pieces of ^{3}【Sticky Mucus】^{4} from the nearby ^{1}Porings^{2}. Porings don't hit very hard, but as a beginner, you should still be careful.
25196	Dear Player,\nYour Trade on the Exchange at ${8} [Item: ${1}, Trade Amount: ${5}, Order No.: ${7}] has been completed.\nPlease collect your final proceeds from the attachments.	เรียนผู้เล่น\n การค้าของคุณในการแลกเปลี่ยนที่${8}[รายการ:${1}, จำนวนการค้า:${5}, หมายเลขคำสั่งซื้อ:${7}] เสร็จสมบูรณ์แล้ว\n โปรดรวบรวมรายได้สุดท้ายของคุณจากไฟล์แนบ
25197	(Tears streaming down his face) Incredible! Simply incredible! That Jack is all talk—he's been pulling the wool over my eyes! You two are the ones who actually get things done!	(น้ำตาไหลอาบหน้า) เหลือเชื่อ! เหลือเชื่อจริงๆ! Jack กำลังพูดอยู่ เขาดึงขนแกะมาปิดตาฉัน! คุณสองคนคือคนที่ทำสิ่งต่าง ๆ ให้สำเร็จจริงๆ!
25198	Here's the plan: take out a few Nearby ants and bring Me fragments of their bodies. Any Material will do! I'll catalyze it with alchemy and make you an obedient Pathfinder Ant.	นี่คือแผน: นำมดที่อยู่ใกล้ๆ ออกมาสองสามตัวแล้วนำชิ้นส่วนร่างของพวกมันมาให้ฉันวัสดุอะไรก็ได้! ฉันจะกระตุ้นมันด้วยการเล่นแร่แปรธาตุและทำให้คุณเป็น Pathfinder Ant ที่เชื่อฟัง
25199	"Compensate me? How? That was the only prototype on the entire Midgard continent! Without it, my research into the ""Nails of World Law"" will be set back by at least three years!"	"ชดเชยฉันเหรอ? ยังไง? นั่นเป็นต้นแบบเดียวในทวีป Midgard ทั้งหมด! หากไม่มีมัน งานวิจัยของฉันเกี่ยวกับ ""ตะปูแห่งกฎหมายโลก"" จะย้อนกลับไปอย่างน้อยสามปี!"
25200	I don't care. That thing appeared in exactly the same way as the Nail of Discipline, and at nearly the same time. There must be a connection. I have to investigate immediately.	ฉันไม่สนใจสิ่งนั้นปรากฏในลักษณะเดียวกับตะปูแห่งวินัยและเกือบจะในเวลาเดียวกันจะต้องมีการเชื่อมต่อฉันต้องสอบสวนทันที
25201	Thank You for your help! No idea what has gotten into these Drainliars, but they've become terrifyingly aggressive... It's too dangerous here. You should turn back immediately.	ขอบคุณสำหรับความช่วยเหลือของคุณ! ไม่รู้ว่าเกิดอะไรขึ้นกับ Drainliars เหล่านี้ แต่พวกมันกลับก้าวร้าวอย่างน่าสะพรึงกลัว... ที่นี่อันตรายเกินไปคุณควรหันหลังกลับทันที
25202	Deals Neutral melee Physical damage equal to Pet Physical ATK*^{1}${3}%^{2} to up to ${2} enemies within a ${1}-meter radius and inflicts ${4}% ^{3}【Slow】^{4} for ${5} seconds.	สร้างความเสียหายทางกายภาพระยะประชิดที่เป็นกลางเท่ากับ ATK ทางกายภาพของสัตว์เลี้ยง*^{1}${3}%^{2}ไปจนถึงศัตรูสูงสุด${2}ภายในรัศมี${1}-เมตร และทำดาเมจ${4}% ^{3}【Slow】^{4}เป็นเวลา${5}วินาที
25203	Researches Fire and Earth monsters, reducing damage taken from Fire and Earth monsters by ^{1}${1}%^{2} and increasing damage dealt to Fire and Earth monsters by ^{3}${2}%^{4}.	วิจัยมอนสเตอร์ไฟและดิน ลดความเสียหายที่ได้รับจากมอนสเตอร์ไฟและดินโดย ^{1}${1}%^{2}และเพิ่มความเสียหายที่ทำกับมอนสเตอร์ไฟและดินโดย ^{3}${2}%^{4}
25204	Geographer spins rapidly, dealing ^{1}${3}%^{2} Neutral melee ^{3}Adaptive Damage^{4} to up to ${2} enemies within ${1} meters of the master and knocking them back ${4} meters.	Geographer หมุนอย่างรวดเร็ว สร้าง ^{1}${3}%^{2}ระยะประชิดที่เป็นกลาง ^{3}Adaptive Damage^{4}ไปจนถึงศัตรู${2}ภายใน${1}เมตรจากต้นแบบและกระแทกพวกมันกลับไป${4}เมตร
25205	While ^{1}【Unlimited Shooting】^{2} is active, ^{3}【Aimed Shot】^{4} deals ${4} hits of ^{5}${5}%^{6} Neutral Physical damage to up to ${3} enemies within a ${1}*${2}-meter area.	ในขณะที่ ^{1}【Unlimited Shooting】^{2}เปิดใช้งานอยู่ ^{3}【Aimed Shot】^{4}ตกลง${4}ฮิตของ ^{5}${5}%^{6}สร้างความเสียหายทางกายภาพที่เป็นกลางต่อศัตรู${3}ภายในพื้นที่${1}*${2}เมตร
25206	Taking melee Physical damage triggers Auto Counter, dealing Physical ATK*^{1}${1}%+${2}^{2} Neutral melee Physical damage to ${3} enemies in a ${4}m*${5}m area in front of you.	การทำความเสียหายทางกายภาพระยะประชิดจะกระตุ้นให้เกิดการโจมตีอัตโนมัติ สร้างความเสียหายทางกายภาพ*^{1}${1}%+${2}^{2}สร้างความเสียหายทางกายภาพระยะประชิดที่เป็นกลางต่อศัตรู${3}ในพื้นที่${4}m*${5}m ด้านหน้าของคุณ
25207	Triggers @{1} instances of 【Elemental Shock】, dealing Magic ATK*^{5}${3}%+${4}^{6} Neutral ranged magic damage to up to ^{3}${2}^{4} enemies within a ^{1}${1}^{2}-meter radius.	กระตุ้นการทำงานของ 【Elemental Shock】 ของ@{1}สร้างพลังโจมตีเวทย์*^{5}${3}%+${4}^{6}สร้างความเสียหายเวทย์ระยะเป็นกลางสูงสุดถึง ^{3}${2}^ศัตรู{4}ภายใน ^{1}${1}^{2}- รัศมีเมตร
25208	Ancient Tree Entanglement pulls up to ${2} enemies within a ${1}-meter radius toward the caster and deals Neutral melee Physical damage equal to Pet Physical ATK*^{1}${3}%^{2}.	Ancient Tree Entanglement ดึงศัตรูได้สูงสุดถึง${2}ภายในรัศมี${1}เมตร เข้าหาผู้ร่าย และทำความเสียหายทางกายภาพระยะประชิดที่เป็นกลางเท่ากับ ATK ทางกายภาพของสัตว์เลี้ยง*^{1}${3}%^{2}
25209	Resetting points will reset this Star and all subsequent Stars and automatically unequip their Star Cores\nContinue? (<color=#cc762a>${1}</color> Astral Points will be refunded)	Resetting points will reset this Star and all subsequent Stars and automatically unequip their Star Cores\nContinue? (<color=#cc762a>${1}</color> Astral Points will be refunded)
25210	Limited-time Pet Hatching is available for a set period. Consume Pet Eggs to Hatch them, with a Chance to obtain Limited-pool Pet Shards or complete Pets when Hatching Complete.	การฟัก Pet Eggs แบบจำกัดเวลามีให้บริการตามระยะเวลาที่กำหนดกิน Pet Eggs เพื่อฟักไข่ โดยมีโอกาสที่จะได้รับชิ้นส่วนสัตว์เลี้ยงจำนวนจำกัด หรือทำให้สัตว์เลี้ยงสมบูรณ์เมื่อฟักไข่เสร็จสมบูรณ์
25211	Grains, monster meat, and chili peppers stir-fried over high heat until every grain gleams with oil. Reduces damage taken from Demi-Human monsters by @{1}%~@{2}% for @{3} hours.	ธัญพืช เนื้อมอนสเตอร์ และพริกผัดด้วยไฟแรงจนทุกเมล็ดมีน้ำมันแวววาวลดความเสียหายที่ได้รับจากมอนสเตอร์กึ่งมนุษย์@{1}%~@{2}% เป็นเวลา@{3}ชั่วโมง
25212	Drake summons^{1}several large Dynamite barrels on the battlefield^{2}. When the countdown ends, the barrels explode, damaging^{3}a cross-shaped area centered on themselves^{4}.	Drake เรียก^{1}ถังไดนาไมต์ขนาดใหญ่หลายถังในสนามรบ^{2}เมื่อการนับถอยหลังสิ้นสุดลง บาร์เรลจะระเบิด สร้างความเสียหาย^{3}พื้นที่รูปกากบาทที่มีศูนย์กลางอยู่ที่พวกมัน^{4}
25213	This skill is mutually exclusive with the following skills. After confirming point allocation, mutually exclusive skills and subsequent skills in other tiers will also be reset.	ทักษะนี้ใช้ร่วมกันไม่ได้กับทักษะต่อไปนี้หลังจากยืนยันการจัดสรรคะแนนแล้ว ทักษะที่แยกจากกันและทักษะที่ตามมาในระดับอื่น ๆ จะถูกรีเซ็ตด้วย
25214	Hey, newbie! I'm Tilpy, the best Adventurer advisor around. Every rookie I've coached has become a hero~ Answer three questions with your gut, and I'll reveal your destined job!	เฮ้ มือใหม่! ฉันชื่อ Tilpy ที่ปรึกษา Adventurer ที่เก่งที่สุดมือใหม่ทุกคนที่ฉันได้ฝึกสอนได้กลายเป็นฮีโร่ไปแล้ว~ ตอบคำถามสามข้อด้วยสัญชาตญาณของคุณ แล้วฉันจะเปิดเผยอาชีพที่ถูกกำหนดไว้ของคุณ!
25215	Look at these plodding masses! They're content with an ordinary steel sword and a cheap potion! But not you! I can tell by your stride that you yearn to rise above the ordinary!	ดูฝูงที่ล้นหลามเหล่านี้สิ! พวกเขาพึงพอใจกับดาบเหล็กธรรมดาและยาราคาถูก! แต่ไม่ใช่คุณ! ฉันบอกได้เลยว่าคุณปรารถนาที่จะอยู่เหนือความธรรมดา!
25216	It's terrifying. The closer we get to the Relic, the further the Monsters spiral out of Control. That Pharaoh we just saw looked as though it had crawled straight out of hell...	สยองครับ. ยิ่งเราเข้าใกล้ Relic มากเท่าไหร่ มอนสเตอร์ก็ยิ่งหลุดออกจากการ Control มากขึ้นเท่านั้น Pharaoh ที่เราเพิ่งเห็นนั้นดูราวกับว่ามันคลานออกมาจากนรกเลย...
25217	We meet again, my dear Adventurer, ^{1}PlayerName^{2}. Do you remember the compass I gave you? You've carried it with you all this time, but it has yet to reveal its true power.	เราพบกันอีกแล้ว Adventurer ที่รัก ^{1}PlayerName^{2}. คุณจำเข็มทิศที่ฉันให้คุณได้ไหม? คุณพกมันติดตัวมาตลอดเวลา แต่มันก็ยังไม่เปิดเผยพลังที่แท้จริงของมัน
25218	If you abandon the stage, you can return to the event screen, select a different difficulty, and start the challenge again. This challenge will be considered a failure. Confirm?	หากคุณละทิ้งด่าน คุณสามารถกลับไปที่หน้าจอกิจกรรม เลือกระดับความยากอื่น และเริ่มการท้าทายอีกครั้งความท้าทายนี้จะถือว่าล้มเหลวยืนยัน?
25219	Lock onto an enemy within ${1} meters, quickly dash ${2} meters toward the target, and slow up to ${4} enemies within a ${3}-meter radius of the target by ${5}% for ${6} seconds	ล็อคศัตรูที่อยู่ในระยะ${1}เมตร พุ่ง${2}เมตรไปยังเป้าหมายอย่างรวดเร็ว และชะลอความเร็วสูงสุดไปยังศัตรู${4}ภายในรัศมี${3}-เมตรของเป้าหมายโดย${5}% เป็นเวลา${6}วินาที
25220	Lock onto an enemy within ${1} meters, quickly dash ${2} meters toward the target, and slow up to ${4} enemies within a ${3}-meter radius of the target by ${5}% for ${7} seconds	ล็อคศัตรูที่อยู่ในระยะ${1}เมตร พุ่ง${2}เมตรไปยังเป้าหมายอย่างรวดเร็ว และชะลอความเร็วสูงสุดไปยังศัตรู${4}ภายในรัศมี${3}- เมตรของเป้าหมายโดย${5}% เป็นเวลา${7}วินาที
25221	After a @{1}-second warning, launches cross-shaped blade energy in four directions, damaging targets in a rectangular area measuring @{2} by @{3} meters and applying 【Stonecoat】	หลังจากการเตือนครั้งที่สองของ@{1}จะปล่อยพลังงานใบมีดรูปกากบาทในสี่ทิศทาง สร้างความเสียหายให้กับเป้าหมายในพื้นที่สี่เหลี่ยมซึ่งวัด@{2}ด้วยเมตร@{3}และใช้ 【Stonecoat】
25222	Quickly slashes the ground with a blade. After a warning, cleavers fall from the sky at several random locations, dealing A damage within a circular area with a @{1}-foot radius	ฟันพื้นอย่างรวดเร็วด้วยใบมีดหลังจากได้รับคำเตือน มีดจะตกลงมาจากท้องฟ้าไปยังสถานที่สุ่มหลายแห่ง สร้างความเสียหาย A ภายในพื้นที่วงกลมด้วยรัศมี@{1}-foot
25223	<#5E3711>Fighting monsters with a Party on the same field map grants Extra bonuses.</color>\n1-player Party:\nBase EXP and Job EXP increased by 0%\nItem drop rate increased by 0%	<#5E3711>การต่อสู้กับสัตว์ประหลาดด้วยปาร์ตี้บนแผนที่สนามเดียวกันจะทำให้ได้รับโบนัสพิเศษ</color>\n ปาร์ตี้ผู้เล่น 1 คน:\nBase EXP และ Job EXP เพิ่มขึ้น 0%\n อัตราดรอปไอเทมเพิ่มขึ้น 0%
25224	While ^{1}^{2}[Battle Chant]^{3}^{4} is active, your ^{5}^{6}[Shield Boomerang]^{7}^{8}'s percentage damage multiplier increases by ${1}%, and its fixed damage increases by ${2}.	ในขณะที่ ^{1}^{2}[Battle Chant]^{3}^{4}ทำงานอยู่ ^{5}^{6}[Shield Boomerang]^{7}^{8}เปอร์เซ็นต์ตัวคูณความเสียหายของเพิ่มขึ้น${1}% และความเสียหายคงที่ของมันเพิ่มขึ้น${2}
25225	Randomly ^{1}marks @{1} players^{2} for @{2} seconds. While marked, a cross-shaped warning appears. ^{3}After @{3} seconds, damage is dealt once within the cross-shaped area^{4}.	สุ่ม ^{1}ทำเครื่องหมายผู้เล่น@{1}^{2}เป็นเวลา@{2}วินาทีขณะที่ทำเครื่องหมาย คำเตือนรูปกากบาทจะปรากฏขึ้น↑{3}หลังจาก@{3}วินาที ความเสียหายจะเกิดขึ้นหนึ่งครั้งภายในพื้นที่รูปกากบาท^{4}
25226	Moonlight Flower uses^{1}Enhance on the Bells^{2}, causing them to Launch @{1} sound waves^{3}around themselves when they resonate^{4} (these sound waves cannot hit other Bells).	Moonlight Flower ใช้^{1}Enhance บน Bells^{2}ทำให้พวกเขาปล่อยคลื่นเสียง@{1}^{3}รอบตัวเองเมื่อมันสะท้อน^{4}(คลื่นเสียงเหล่านี้ไม่สามารถกระทบกับ Bell ตัวอื่นได้)
25227	A hooded Muffler personally overseen by Kafra and made exclusively for the Battle of Survivors. It perfectly meets Lady Kafra's requirement that it be both stylish and practical.	Muffler มีฮู้ดดูแลเป็นการส่วนตัวโดย Kafra และสร้างขึ้นสำหรับ Battle of Survivors โดยเฉพาะ ตรงตามข้อกำหนดของ Lady Kafra อย่างสมบูรณ์แบบว่าทั้งมีสไตล์และใช้งานได้จริง
25228	I hear the sound of Zeny... You have the makings of a Merchant! There's an abacus clacking away in your head, isn't there? Remember to give me a discount when you open your shop!	ฉันได้ยินเสียงของ Zeny... คุณมีคุณสมบัติเป็นพ่อค้าแล้ว! มีลูกคิดดังอยู่ในหัวของคุณใช่ไหม? อย่าลืมให้ส่วนลดฉันเมื่อคุณเปิดร้าน!
25229	But happy as it made me, the weapon is still missing. Sigh... I wish I could be more help. You don't think that beautiful lady took it, do you? She didn't look like a bad person.	แต่ก็มีความสุขที่ทำให้ฉันอาวุธก็หายไปเฮ้อ... ฉันหวังว่าจะสามารถช่วยได้มากกว่านี้คุณไม่คิดว่าคนสวยคนนั้นจะรับมันใช่ไหม? เธอไม่ได้ดูเป็นคนไม่ดี
25230	Excellent. With this, I can finish the Repair of my device. Meet Me at the Knight Order outpost northeast of the city. I need to perform the final test at the Nail of Discipline.	สุดยอดครับด้วยวิธีนี้ ฉันสามารถซ่อมแซมอุปกรณ์ของฉันให้เสร็จสิ้นได้ไปพบฉันที่ด่านหน้า Knight Order ทางตะวันออกเฉียงเหนือของเมืองฉันต้องทำการทดสอบครั้งสุดท้ายที่ Nail of Discipline
25231	Ore from the dwarven realm of Vartalheim, blessed by a legendary weaponsmith.\n^{1}Use: Used to refine weapons and accessories. On failure, the Refine Level will not decrease^{2}	แร่จากอาณาจักรคนแคระแห่ง Vartalheim ได้รับพรจากช่างทำอาวุธในตำนาน\n^{1}ใช้: ใช้ปรับแต่งอาวุธและอุปกรณ์เสริมเมื่อเกิดความล้มเหลว ระดับการปรับปรุงจะไม่ลดลง^{2}
25232	Golden Grains that can be ground into flour for noodles, pastries, and other dishes.\nObtainable through ^{1}Life Skill - Gardener^{2}. Used by the Life Skill - Chef for Cooking.	Golden Grains ที่สามารถบดเป็นแป้งสำหรับทำบะหมี่ ขนมอบ และอาหารจานอื่นๆ\n หาได้จาก ^{1}Life Skill - Gardener^{2}. ใช้โดยทักษะ Life - เชฟสำหรับทำอาหาร
25233	The ^{1}northwestern corner of Prontera^{2} is a favorite gathering place for knights. The treasure is buried ^{3}beneath the large tree beside the shop directly behind them^{4}.	^{1}มุมตะวันตกเฉียงเหนือของ Prontera^{2}เป็นสถานที่ยอดนิยมสำหรับอัศวินสมบัติถูกฝังไว้ ^{3}ใต้ต้นไม้ใหญ่ข้างร้านที่อยู่ด้านหลังพวกเขา^{4}
25234	After casting a ^{1}Shield-type^{2} Primary Battle Skill, if the owner's ^{3}HP^{4} is below ^{5}${1}%^{6}, increases the owner's PDEF and MDEF by ^{7}${2}%^{8} for ${3} seconds.	หลังจากร่าย ^{1}Shield-type^{2}Primary Battle Skill แล้ว หากเจ้าของ ^{3}HP^{4}ต่ำกว่า ^{5}${1}%^{6}, เพิ่ม PDEF และ MDEF ของเจ้าของขึ้น ^{7}${2}%^{8}สำหรับ${3}วินาที
25235	【Wind-Pressure Blade】becomes 【Dragon Claw Slam】. The percentage damage multiplier bonus that Wind-Pressure Blade grants to skills and Normal Attacks gains an Extra ^{1}${1}%^{2}.	【Wind-Pressure Blade】กลายเป็น 【Dragon Claw Slam】เปอร์เซ็นต์โบนัสตัวคูณความเสียหายที่ Wind-Pressure Blade มอบให้กับทักษะ และ Normal Attacks จะได้รับพิเศษ ^{1}${1}%^{2}
25236	Lock on to an enemy within ${1} meters, quickly dash ${2} meters toward the target, and slow up to ${4} enemies within a ${3}-meter radius of the target by ${5}% for ${8} seconds	ล็อคศัตรูที่อยู่ในระยะ${1}เมตร พุ่ง${2}เมตรไปยังเป้าหมายอย่างรวดเร็ว และชะลอความเร็วสูงสุดถึง${4}ศัตรูภายในรัศมี${3}- เมตรของเป้าหมายโดย${5}% เป็นเวลา${8}วินาที
25237	Lock onto an enemy within ${1} meters, quickly dash ${2} meters toward the target, and slow up to ${4} enemies within a ${3}-meter radius of the target by ${5}% for ${13} seconds	ล็อคศัตรูที่อยู่ในระยะ${1}เมตร พุ่ง${2}เมตรไปยังเป้าหมายอย่างรวดเร็ว และชะลอความเร็วสูงสุดไปยังศัตรู${4}ภายในรัศมี${3}-เมตรของเป้าหมายโดย${5}% เป็นเวลา${13}วินาที
25238	(Holds the Bunny Hair Band overhead with both hands and bows deeply) Instructor Boya! Thank You for helping me fight those ants in Ant Hell... Please accept this Bunny Hair Band!	(ใช้มือทั้งสองข้างและโค้งคำนับที่คาดผมกระต่ายไว้เหนือศีรษะ) อาจารย์ Boya! ขอบคุณที่ช่วยฉันต่อสู้กับมดพวกนั้นใน Ant Hell... โปรดรับ Bunny Hair Band นี้ด้วย!
25239	Targets several players and launches slow-Flying fireballs at them. Upon reaching their targets, the fireballs deal massive damage within a @{1}-meter radius of each target point	กำหนดเป้าหมายผู้เล่นหลายคนและปล่อยลูกไฟที่บินช้าๆ ใส่พวกเขาเมื่อไปถึงเป้าหมาย ลูกไฟจะสร้างความเสียหายมหาศาลภายในรัศมี@{1}เมตรของแต่ละจุดเป้าหมาย
25240	Load Limit: 45000\nMSPD: 6 meters/second\nEscort Permissions: Guild officers only\nCaravan Trait: Its Location is always shown on the Mini Map\nSuggested Escort Party: 3-5 players	ขีดจำกัดการโหลด: 45000\nMSPD: 6 เมตร/วินาที\n สิทธิ์ในการคุ้มกัน: เจ้าหน้าที่ Guild เท่านั้น ลักษณะคาราวาน\n: ตำแหน่งของมันจะแสดงบนแผนที่ย่อเสมอ\n กลุ่มคุ้มกันที่แนะนำ: ผู้เล่น 3-5 คน
25241	@{1}.Adventurers can repurchase the items they need.\n@{2}.Some items may have purchase quantity or frequency limits. Check the Refresh Time and purchase them before they refresh.	@{1}.Adventurers สามารถซื้อไอเทมที่ต้องการคืนได้\n@{2}. สินค้าบางชิ้นอาจมีการจำกัดจำนวนหรือความถี่ในการซื้อ ตรวจสอบเวลารีเฟรชและซื้อก่อนที่จะรีเฟรช
25242	@{1}.During the first round each day, we'll supply the Royal Caravan. It only comes once, but loading its cargo grants the greatest rewards, so be sure to load as much as you can!	@{1}ในรอบแรกในแต่ละวัน เราจะจัดหา Royal Caravan มันมาเพียงครั้งเดียว แต่การบรรทุกสินค้าจะได้รับรางวัลสูงสุด ดังนั้นอย่าลืมบรรทุกให้มากที่สุด!
25243	Causes the earth to erupt, dealing ATK * ^{1}@{4}%^{2} damage to up to @{3} enemies in a @{1} m * @{2} m area ahead, with a @{5}% Chance to inflict ^{3}【Petrify】^{4} for @{6} sec.	ทำให้โลกระเบิด สร้าง ATK * ^{1}@{4}%^{2}สร้างความเสียหายให้กับศัตรูสูงสุด@{3}ในพื้นที่@{1}m *@{2}m ข้างหน้า โดยมีโอกาส@{5}%เพื่อสร้างความเสียหาย ^{3}【Petrify】^{4}สำหรับ@{6}วินาที
25244	When a pet is deployed in the Main Slot, the Adventurer gains its Main Skill, which can be activated in battle. The Main Skill's star rank also increases with the pet's star rank.	เมื่อสัตว์เลี้ยงถูกใช้งานในช่องหลัก Adventurer จะได้รับทักษะหลัก ซึ่งสามารถเปิดใช้งานได้ในการต่อสู้อันดับดาวของทักษะหลักจะเพิ่มขึ้นตามอันดับดาวของสัตว์เลี้ยงด้วย
25245	If you obtain a higher-grade blueprint later, be sure to Craft new equipment right away. For an Adventurer, a good set of equipment can mean the difference between life and death.	หากคุณได้รับพิมพ์เขียวเกรดที่สูงกว่าในภายหลัง อย่าลืมสร้างอุปกรณ์ใหม่ทันทีสำหรับ Adventurer ชุดอุปกรณ์ที่ดีอาจหมายถึงความแตกต่างระหว่างชีวิตและความตาย
25246	My goodness... You saw that, didn't you? Magnificent! Was that Maya's mimicry transformation? She actually assumed the form of a human woman! This is a miracle of monster biology!	พระเจ้า... เห็นแล้วใช่ไหม? งดงาม! นั่นคือการเปลี่ยนแปลงการล้อเลียนของ Maya หรือไม่? เธอสวมร่างเป็นมนุษย์ผู้หญิงจริงๆ! นี่คือความมหัศจรรย์ของชีววิทยาสัตว์ประหลาด!
25247	Hello, Adventurer! Our company is hosting a televised competition called Kafra Survivor Showdown. Come give it a try—the last contestant standing will win a fantastic grand prize!	สวัสดี Adventurer! บริษัทของเรากำลังจัดการแข่งขันทางโทรทัศน์ที่เรียกว่า Kafra Survivor Showdown มาลองดูสิ ผู้เข้าแข่งขันคนสุดท้ายที่ยืนได้จะได้รับรางวัลใหญ่สุดวิเศษ!
25248	The Institute level determines which Guild Technologies are currently unlocked. As the Institute reaches higher levels, more Guild Technology effects Can be unlocked for Level-up.	ระดับสถาบันจะกำหนดว่าเทคโนโลยี Guild ใดที่ปลดล็อคอยู่ในปัจจุบันเมื่อสถาบันก้าวไปสู่ระดับที่สูงขึ้น เอฟเฟกต์เทคโนโลยี Guild ก็สามารถปลดล็อคได้มากขึ้นสำหรับการเลื่อนระดับ
25249	High-density Oridecon that can be used to Enhance Weapons and Accessories with a higher Refine Level.\n^{1}Effect: Can be used to Refine +@{1} to +@{2} Weapons and Accessories^{2}	Oridecon ความหนาแน่นสูงที่สามารถใช้เพื่อเสริมประสิทธิภาพอาวุธและอุปกรณ์เสริมด้วยระดับการขัดเกลาที่สูงขึ้น\n^{1}Effect: สามารถใช้เพื่อปรับแต่ง +@{1}ถึง +@{2}Weapon and Accessories^{2}
25250	Is restores ^{1}Adaptive ATK^{2}*^{3}${3}%^{4} ^{5}Life^{6} to self and up to ${2} allies within ${1} meters, and applies ^{7}^{8}[Serpent's Protection]^{9}^{10} for ${4} seconds.	คืนค่า ^{1}Adaptive ATK^{2}*^{3}${3}%^{4}^{5}Life^{6}ให้กับตนเองและพันธมิตรภายใน${2}เมตร${1}และใช้ ^{7}^{8}[Serpent's Protection]^{9}^{10}เป็นเวลา${4}วินาที
25251	Lock on to an enemy within ${1} meters, quickly dash ${2} meters toward the target, and slow up to ${4} enemies within a ${3}-meter radius of the target by ${5}% for ${14} seconds	ล็อคศัตรูที่อยู่ในระยะ${1}เมตร พุ่ง${2}เมตร ไปยังเป้าหมายอย่างรวดเร็ว และชะลอความเร็วสูงสุดไปยังศัตรู${4}ภายในรัศมี${3}- เมตร รัศมีของเป้าหมายโดย${5}% เป็นเวลา${14}วินาที
25252	After everything you've been through, you need a good rest. I'm a member of the ^{1}【Oak Inn】^{2} in the capital. Give them my name, and they'll arrange their finest room for you.	หลังจากผ่านอะไรมามากมาย คุณต้องพักผ่อนให้เพียงพอ ฉันเป็นสมาชิกของ ^{1}【Oak Inn】^{2}ในเมืองหลวง แจ้งชื่อของฉันให้พวกเขา แล้วพวกเขาจะจัดห้องที่ดีที่สุดให้กับคุณ
25253	Deals ${1}% Earth Physical damage to nearby enemies and reduces their DEF, Attack Speed, and Movement Speed by ${3}% for ${2}s. Enemies in 【Stealth】 HIT by this skill are revealed	สร้างความเสียหายกายภาพบนพื้นโลก${1}% ให้กับศัตรูที่อยู่ใกล้เคียง และลด DEF ความเร็วในการโจมตี และความเร็วในการเคลื่อนที่ของพวกมันลง${3}% สำหรับ${2}s ศัตรูใน 【Stealth】 HIT จากทักษะนี้จะถูกเปิดเผย
25254	Dive toward the target point, Deals DMG to Nearby enemies upon landing, and inflict Knock-Up. Combining Movement, area damage, and powerful control, it excels at Burst initiations.	พุ่งไปยังจุดเป้าหมาย สร้างความเสียหายให้กับศัตรูที่อยู่ใกล้เคียงเมื่อลงจอด และทำให้ล้มลงการผสมผสานระหว่างการเคลื่อนไหว ความเสียหายในพื้นที่ และการควบคุมที่ทรงพลัง ทำให้เป็นเลิศในการโจมตีแบบ Burst
25255	Place a Trap Hunter at Your Position. When triggered by an Enemy Team member, it Deals DMG to Nearby enemies and inflicts Immobilize, making it ideal for ambushes and Base Defense.	วาง Trap Hunter ไว้ที่ตำแหน่งของคุณเมื่อถูกกระตุ้นโดยสมาชิกทีมศัตรู มันจะสร้างความเสียหายให้กับศัตรูที่อยู่ใกล้เคียง และทำให้เคลื่อนที่ไม่ได้ ทำให้เหมาะสำหรับการซุ่มโจมตีและการป้องกันฐาน
25256	Sedge that shows Growth in damp, shaded areas. Gather it to obtain an intermediate Plant. ^{1}Used by the Chef Life Skill to make various restorative Potions and Cooking dishes^{2}	Sedge ที่แสดงการเติบโตในพื้นที่ชื้นและมีร่มเงารวบรวมมันเพื่อให้ได้พืชระดับกลาง↑{1}ใช้โดยทักษะ Life เชฟเพื่อปรุงยาและปรุงอาหารต่างๆ^{2}
25257	<#5E3711>Fighting monsters with a Party on the same field map grants Extra bonuses.</color>\n2-player Party:\nBase EXP and Job EXP increased by 25%\nItem drop rate increased by 30%	<#5E3711>การต่อสู้กับสัตว์ประหลาดด้วยปาร์ตี้บนแผนที่สนามเดียวกันจะทำให้ได้รับโบนัสพิเศษ</color>\n ปาร์ตี้สำหรับผู้เล่น 2 คน:\nBase EXP และ Job EXP เพิ่มขึ้น 25%\n อัตราดรอปไอเทมเพิ่มขึ้น 30%
25258	<#5E3711>Fighting monsters with a Party on the same field map grants Extra bonuses.</color>\n3-player Party:\nBase EXP and Job EXP increased by 50%\nItem drop rate increased by 60%	<#5E3711>การต่อสู้กับสัตว์ประหลาดด้วยปาร์ตี้ในแผนที่สนามเดียวกันจะทำให้ได้รับโบนัสพิเศษ</color>\n ปาร์ตี้ผู้เล่น 3 คน:\nBase EXP และ Job EXP เพิ่มขึ้น 50%\n อัตราดรอปไอเทมเพิ่มขึ้น 60%
25259	<#5E3711>Fighting monsters with a Party on the same field map grants Extra bonuses.</color>\n4-player Party:\nBase EXP and Job EXP increased by 75%\nItem drop rate increased by 90%	<#5E3711>การต่อสู้กับสัตว์ประหลาดด้วยปาร์ตี้ในแผนที่สนามเดียวกันจะทำให้ได้รับโบนัสพิเศษ</color>\n ปาร์ตี้สำหรับผู้เล่น 4 คน:\nBase EXP และ Job EXP เพิ่มขึ้น 75%\n อัตราดรอปไอเทมเพิ่มขึ้น 90%
25260	The initiator must receive responses from ${1} guild players (${3}% of players who logged in within ${2} days) for the Impeachment to succeed (the initiator responds automatically)	ผู้ริเริ่มจะต้องได้รับการตอบกลับจากผู้เล่นกิลด์${1}(${3}% ของผู้เล่นที่เข้าสู่ระบบภายใน${2}วัน) เพื่อให้การฟ้องร้องสำเร็จ (ผู้ริเริ่มตอบกลับโดยอัตโนมัติ)
25261	When dealing damage, has a @{1}% Chance to restore Life equal to @{2}% of the damage dealt to the enemy, up to @{3}. Internal Cooldown: @{4} sec. Chance stacks with multiple cards.	เมื่อสร้างความเสียหาย มีโอกาส@{1}% ที่จะฟื้นฟูพลัง Life เท่ากับ@{2}% ของความเสียหายที่ทำกับศัตรู สูงสุด@{3}คูลดาวน์ภายใน:@{4}วินาทีโอกาสซ้อนกับไพ่หลายใบ
25262	Casting ^{1}^{2}[Basic Attack]^{3}^{4} triggers Slash, which Deals DMG equal to PATK * ${1}% + ${2} as Neutral Melee Physical damage to the target. Internal Cooldown: ${3} seconds.	การร่าย ^{1}^{2}[Basic Attack]^{3}^{4}เรียกใช้ Slash ซึ่งสร้างความเสียหายเท่ากับ PATK *${1}% +${2}เป็นความเสียหายทางกายภาพระยะประชิดที่เป็นกลางแก่เป้าหมายคูลดาวน์ภายใน:${3}วินาที
25263	Nicely done! You went head-to-head with that monster, and you've clearly got some real skill. I knew Rhine was right about You. You've definitely got what it takes to become Elite!	ทำได้ดีมาก! คุณได้เผชิญหน้ากับสัตว์ประหลาดตัวนั้น และเห็นได้ชัดว่าคุณมีทักษะบางอย่างจริงๆฉันรู้ว่า Rhine พูดถูกเกี่ยวกับคุณคุณมีสิ่งที่จำเป็นในการเป็น Elite อย่างแน่นอน!
25264	Tch. Of all the times for this to happen. Alton, are any members of the Ash Caravan Nearby? Let's ask around and find out what's going on. We don't have time to waste at this port.	Tch. ตลอดเวลาที่สิ่งนี้เกิดขึ้นอัลตัน มีใครอยู่ในกลุ่มคาราวานแอชใกล้ๆ บ้างไหม? ลองถามไปรอบ ๆ และดูว่าเกิดอะไรขึ้นเราไม่มีเวลาไปเสียที่ท่าเรือแห่งนี้
25265	You're back? The scout I sent just returned. They found Professor Ryan's Footprints on the first floor of Ant Hell. He should be inside, but we still don't know his exact location.	กลับมาแล้วเหรอ? ลูกเสือที่ฉันส่งไปเพิ่งกลับมาพวกเขาพบรอยเท้าของ Professor Ryan ที่ชั้นหนึ่งของ Ant Hell เขาควรจะอยู่ข้างใน แต่เรายังไม่ทราบตำแหน่งที่แน่นอนของเขา
25266	Sigh... It took me so much effort to extract that sample. Never mind. As long as you're all right. You've had a long day, so go get some rest. I need to reorganize the Data anyway.	เฮ้อ... ฉันใช้ความพยายามอย่างมากในการแยกตัวอย่างนั้นช่างเถอะ. ตราบใดที่คุณไม่เป็นไรคุณมีวันทำงานที่ยาวนาน ดังนั้นไปพักผ่อนซะฉันจำเป็นต้องจัดระเบียบข้อมูลใหม่อยู่แล้ว
25267	You're here on behalf of Professor Ryan, aren't you? How humiliating... We accepted such a large commission from the Professor, yet couldn't even protect half a wagonload of parts.	คุณมาที่นี่ในนามของ Professor Ryan ใช่ไหมน่าละอายใจจริงๆ... เรายอมรับค่าคอมมิชชั่นจำนวนมากจาก Professor แต่ก็ยังไม่สามารถปกป้องชิ้นส่วนที่บรรทุกได้ครึ่งเกวียนได้
25268	As a Madogear Pilot equipped with a battle axe, gain exceptional mobility, control, and survivability, allowing you to charge deep into enemy lines and deal explosive Burst damage.	ในฐานะ Madogear Pilot ที่ถือขวานต่อสู้ จะได้รับความคล่องตัว การควบคุม และความอยู่รอดที่ยอดเยี่ยม ช่วยให้คุณสามารถพุ่งเข้าลึกเข้าไปในแนวศัตรูและสร้างความเสียหายแบบระเบิดได้
25269	Can only be used while riding Madogear. Launch a rocket-powered fist at the selected ST enemy within ${1} meters, dealing Neutral Ranged Physical DMG equal to PATK * ^{1}${2}%^{2}.	ใช้ได้ขณะขี่ Madogear เท่านั้นปล่อยหมัดที่ขับเคลื่อนด้วยจรวดใส่ศัตรู ST ที่เลือกไว้ภายในระยะ${1}เมตร สร้างความเสียหายทางกายภาพระยะไกลเท่ากับ PATK * ^{1}${2}%^{2}
25270	Two-Handed Spear skill. Deals Holy Melee Physical DMG equal to PATK * ^{1}${2}%^{2} + ^{3}${3}^{4} to the selected ST enemy within ${1} meters and reduces their SP by ^{5}${4}^{6}.	ทักษะ Spear สองมือสร้างความเสียหายทางกายภาพระยะประชิดศักดิ์สิทธิ์เท่ากับ PATK * ^{1}${2}%^{2}+ ^{3}${3}^{4}ไปยังศัตรู ST ที่เลือกภายในระยะ${1}เมตร และลด SP ของพวกมันลง ^{5}${4}^{6}.
25271	For ${1} seconds after casting a ^{1}Buff-type^{2} Primary Battle Skill, increases the DMG Reduction of the owner and up to ${3} allies within a ${2}-meter radius by ^{3}${4}%^{4}.	สำหรับ${1}วินาทีหลังจากร่าย ^{1}Buff-type^{2}Primary Battle Skill, เพิ่มการลด DMG ของเจ้าของและพันธมิตร${3}ภายในรัศมี${2}-meter โดย ^{3}${4}%^{4}.
25272	Deals Physical ATK*^{1}${3}%^{2} Neutral melee Physical damage to up to ${2} enemies within a ${1}-meter radius and applies ^{3}^{4}[Curse]^{5}^{6} to hit enemies for ${4} seconds.	สร้างความเสียหายทางกายภาพ*^{1}${3}%^{2}สร้างความเสียหายทางกายภาพระยะประชิดที่เป็นกลางให้กับศัตรูสูงสุด${2}ภายในรัศมี${1}-เมตร และใช้ ^{3}^{4}[Curse]^{5}^{6}โจมตีศัตรูเป็นเวลา${4}วินาที
25273	When casting a ^{1}Buff-type^{2} Primary Battle Skill, the next hit received by up to ${2} enemies within ${1} meters of the owner Deals ^{3}${3}%^{4} more DMG. Lasts ${4} seconds.	เมื่อร่าย ^{1}Buff-type^{2}Primary Battle Skill การโจมตีครั้งถัดไปที่ได้รับจากศัตรูสูงสุด${2}ภายใน${1}เมตรของเจ้าของ จะสร้างความเสียหาย ^{3}${3}%^{4}สร้างความเสียหายมากขึ้นคงอยู่${4}วินาที
25274	【Shadow Pierce】 also grants you a stack of 【Delusion】 for @{1} sec. 【Delusion】: Kill an enemy while this effect is active to immediately reduce 【Shadow Pierce】's cooldown by @{2}%.	【Shadow Pierce】 ยังมอบสแต็คของ 【Delusion】 ให้กับคุณเป็นเวลา@{1}วินาที【Delusion】: Kill ศัตรูในขณะที่เอฟเฟกต์นี้ทำงานอยู่เพื่อลดคูลดาวน์ของ 【Shadow Pierce】 ทันที@{2}%
25275	Deals Neutral melee ^{3}adaptive damage^{4} equal to the master's ^{1}Adaptive ATK^{2}*${1}%, with a ${2} Chance to inflict Stun for ${3} seconds (internal Cooldown: ${4} seconds).	สร้างความเสียหายระยะประชิดที่เป็นกลาง ^{3}ความเสียหายแบบปรับตัว ^{4}เท่ากับของอาจารย์ ^{1}Adaptive ATK^{2}*${1}% พร้อมโอกาส${2}ที่จะทำให้ติดสถานะมึนงง${3}วินาที (คูลดาวน์ภายใน:${4}วินาที)
25276	Dive toward the target point, Deals DMG to Nearby enemies upon landing, and inflict Sleep. This powerful control can Interrupt enemies and create an opening for teammates to attack.	ดำดิ่งไปยังจุดเป้าหมาย สร้างความเสียหายให้กับศัตรูที่อยู่ใกล้เคียงเมื่อลงจอด และทำให้ติดสถานะหลับการควบคุมอันทรงพลังนี้สามารถขัดขวางศัตรูและสร้างช่องให้เพื่อนร่วมทีมโจมตีได้
25277	Load Limit: 12000\nMSPD: 6 meters/second\nEscort Permissions: All Guild Members\nCaravan Trait: Its Location is not always shown on the Mini Map\nSuggested Escort Party: 1-3 players	ขีดจำกัดการโหลด: 12000\nMSPD: 6 เมตร/วินาที\n สิทธิ์ในการคุ้มกัน: สมาชิก Guild ทั้งหมด ลักษณะคาราวาน\n: ตำแหน่งของมันไม่ได้แสดงบนแผนที่ย่อเสมอไป\n ปาร์ตี้คุ้มกันที่แนะนำ: ผู้เล่น 1-3 คน
25278	City Defense decreases every minute based on the intensity of the monster invasion. Defeat monsters to restore City Defense. If City Defense falls to @{1}, the city will be overrun.	City Defense ลดลงทุกนาทีตามความรุนแรงของการบุกรุกของสัตว์ประหลาดกำจัดสัตว์ประหลาดเพื่อฟื้นฟู City Defense หาก City Defense ตกไปที่@{1}เมืองจะถูกบุกรุก
25279	Osiris uses Launch to send ^{1}a beam at a player^{2}. The beam passes between players, who can reposition to control its path and use it to ^{3}detonate and remove the Horongs^{4}.	Osiris ใช้ Launch เพื่อส่ง ^{1}ลำแสงไปที่ผู้เล่น^{2}ลำแสงจะผ่านไประหว่างผู้เล่น ซึ่งสามารถเปลี่ยนตำแหน่งเพื่อควบคุมเส้นทางของมัน และใช้มันเพื่อ ^{3}ระเบิดและกำจัด Horongs^{4}
25280	Once both guilds approve the merger request, the guild designated to Merge into the other should adjust its eligible Members as soon as possible to meet the member count requirement	เมื่อทั้งสองกิลด์อนุมัติคำขอรวม กิลด์ที่ได้รับมอบหมายให้รวมเข้าเป็นอีกกิลด์ควรปรับสมาชิกที่มีสิทธิ์โดยเร็วที่สุดเพื่อให้ตรงตามข้อกำหนดการนับสมาชิก
25281	Dear Player,\nYour Trade Market transaction at ${8} 【Trade Item:${1}, Trade Amount:${5}, Order No.:${7} 】 has passed review.\nPlease collect your final proceeds from the attachment.	เรียนผู้เล่น\n ธุรกรรมในตลาดการค้าของคุณที่${8}【รายการการค้า:${1}, จำนวนการค้า:${5}, หมายเลขคำสั่งซื้อ:${7}】 ผ่านการตรวจสอบแล้ว\n โปรดรวบรวมรายได้สุดท้ายของคุณจากไฟล์แนบ
25282	So... when he said he was starving... and all those words of gratitude... was it all just... just so he could steal Mom's ring? So... there was never any fateful encounter at all...	แล้ว... ตอนที่เขาบอกว่าเขาหิวโหย... และคำพูดแสดงความขอบคุณทั้งหมดนั้น... ก็แค่... แค่ขโมยแหวน Mom ไปเหรอ? ดังนั้น... ไม่เคยมีชะตากรรมใด ๆ เกิดขึ้นเลย...
25283	Oh? You've obtained new equipment. That was faster than expected. When adventuring in the Field, knowing when to Change Equipment based on the situation is key to becoming stronger.	อ้าว? คุณได้รับอุปกรณ์ใหม่นั่นเร็วกว่าที่คาดไว้เมื่อผจญภัยในสนาม การรู้ว่าเมื่อใดควรเปลี่ยนอุปกรณ์ตามสถานการณ์เป็นกุญแจสำคัญในการแข็งแกร่งขึ้น
25284	Excellent. It seems you've fully grasped the essence of your new power. Knowing how to review and Allocate Skill Points. shows that you're beginning to think like a true Adventurer.	สุดยอดครับดูเหมือนว่าคุณได้เข้าใจแก่นแท้ของพลังใหม่ของคุณอย่างสมบูรณ์แล้วรู้วิธีทบทวนและจัดสรรคะแนนทักษะแสดงว่าคุณกำลังเริ่มคิดแบบ Adventurer ที่แท้จริง
25285	When casting an ^{1}Offensive-type^{2} Primary Battle Skill, increases that skill's Crit Chance by ^{3}${1}%^{4}. If the target's HP is below ${2}%, the skill is guaranteed to CRIT.	เมื่อร่าย ^{1}ประเภทโจมตี^{2}Primary Battle Skill จะเพิ่มโอกาสคริติคอลของทักษะนั้น ^{3}${1}%^{4}หาก HP ของเป้าหมายต่ำกว่า${2}% ทักษะจะรับประกันเป็น CRIT
25286	Condense ice to unleash Ice Fog, dealing Water Ranged Magic damage equal to MATK * ^{1}${4}%^{2} to up to ${3} enemies within a designated ${2}-meter-radius area within ${1} meters.	ควบแน่นน้ำแข็งเพื่อปล่อย Ice Fog สร้างความเสียหายเวทย์มนต์ Water Ranged เท่ากับ MATK * ^{1}${4}%^{2}ไปจนถึงศัตรู${3}ภายในพื้นที่${2}รัศมีเมตรที่กำหนด ภายใน${1}เมตร
25287	When she passed her knight exam, I gave her a set of refined-steel gauntlets. She complained that they slowed down her sword arm, then had Hollgrehenn Reforge one into a thumb ring.	เมื่อเธอผ่านการทดสอบอัศวิน ฉันมอบชุดถุงมือเหล็กขัดเงาให้เธอเธอบ่นว่าพวกเขาชะลอแขนดาบของเธอลง จากนั้นจึงนำ Hollgrehenn Reforge หนึ่งอันใส่ไว้ในแหวนนิ้วหัวแม่มือ
25288	Unlocked by ranking No. @{1} on the Entire Server in the Hunting Challenge.\n(After clearing the Challenge, the item will be sent to the Guild Master's mail. Use it to unlock this.)	ปลดล็อคโดยอันดับที่@{1}บนเซิร์ฟเวอร์ทั้งหมดใน Hunting Challenge\n(หลังจากเคลียร์ Challenge ได้แล้ว ไอเทมจะถูกส่งไปยังจดหมายของ Guild Master ใช้ปลดล็อคสิ่งนี้)
25289	Deals Neutral Ranged Physical damage equal to MATK * ^{1}${2}%+${3}^{2} to the designated ST enemy within ${1} meters. This skill is affected by ASPD at ^{3}${4}%^{4} effectiveness.	สร้างความเสียหายทางกายภาพในระยะเป็นกลางเท่ากับ MATK * ^{1}${2}%+${3}^{2}ไปยังศัตรู ST ที่กำหนดภายในระยะ${1}เมตรทักษะนี้ได้รับผลกระทบจาก ASPD ที่ประสิทธิภาพ ^{3}${4}%^{4}
25290	Siege War Cannon Permission Rules:\n@{1}. This screen allows you to configure cannon permissions for Siege War.\n@{2}. These settings also affect player permissions during Siege War.	กฎการอนุญาต Cannon สงครามล้อม:\n@{1}หน้าจอนี้ให้คุณกำหนดค่าการอนุญาต Cannon สำหรับสงครามยึดครอง\n@{2}. การตั้งค่าเหล่านี้ส่งผลต่อการอนุญาตของผู้เล่นในระหว่างสงครามยึดครองด้วย
25291	@{1}.Adventurers can purchase the items they need here.\n@{2}.Some items may have purchase quantity or frequency limits. Check the Refresh Time and purchase them before they refresh.	@{1}.Adventurers สามารถซื้อสินค้าที่ต้องการได้ที่นี่\n@{2}. สินค้าบางรายการอาจมีการจำกัดจำนวนหรือความถี่ในการซื้อ ตรวจสอบเวลารีเฟรชและซื้อก่อนที่จะรีเฟรช
25292	@{1}.Auction Rewards earned by clearing stages in the Guild Challenge can be previewed here.\n@{2}.After the event ends, all items will be available for bidding in the Guild Auction.	@{1}. รางวัลการประมูลที่ได้รับจากการผ่านด่านในการท้าทาย Guild สามารถดูตัวอย่างได้ที่นี่\n@{2}. หลังจากกิจกรรมสิ้นสุดลง ไอเทมทั้งหมดจะพร้อมสำหรับการประมูลในการประมูล Guild
25293	<#5E3711>Fighting monsters with a Party on the same field map grants Extra bonuses.</color>\n4-player Party:\nBase EXP and Job EXP increased by 100%\nItem drop rate increased by 120%	<#5E3711>การต่อสู้กับสัตว์ประหลาดด้วยปาร์ตี้ในแผนที่สนามเดียวกันจะทำให้ได้รับโบนัสพิเศษ</color>\n ปาร์ตี้สำหรับผู้เล่น 4 คน:\nBase EXP และ Job EXP เพิ่มขึ้น 100%\n อัตราดรอปไอเทมเพิ่มขึ้น 120%
25294	After casting ^{1}^{2}【Virus Spread】^{3}^{4}, deals Poison melee Physical damage equal to PATK * ${3}% + ${4} to up to ${2} enemies within a ${1}-meter radius of a random target hit.	หลังจากร่าย ^{1}^{2}【Virus Spread】^{3}^{4}สร้างความเสียหายทางกายภาพระยะประชิดพิษเท่ากับ PATK *${3}% +${4}ให้กับศัตรูสูงสุด${2}ภายในระยะ${1}-meter รัศมีของการโจมตีเป้าหมายแบบสุ่ม
25295	Ilmata summons a large number of fins onto the field. They ^{1}swim outward around the field^{2}, disrupting players' movement. Players ^{3}take minor damage upon touching a fin^{4}.	อิลมาตาเรียกครีบจำนวนมากมาที่สนาม^{1}ว่ายน้ำออกไปรอบๆ สนาม^{2}ซึ่งรบกวนการเคลื่อนไหวของผู้เล่นผู้เล่น ^{3}ได้รับความเสียหายเล็กน้อยเมื่อสัมผัสครีบ^{4}
25296	It once cleaved through raging waves with its massive claws. Now it has laid the storm to rest and become the steadiest of mounts, carrying you sideways across the seas of the world.	ครั้งหนึ่งมันผ่าคลื่นที่บ้าคลั่งด้วยกรงเล็บอันใหญ่โตของมันตอนนี้พายุได้สงบลงแล้วและกลายเป็นภูเขาที่มั่นคงที่สุด โดยจะพาคุณไปด้านข้างข้ามทะเลของโลก
25297	Congratulations! You won item ${4} in ${3} with a bid of ${1}${2}. Your remaining Auto-Bid funds have been returned as an attachment. Please claim them, and have a wonderful journey!	ยินดีด้วย! คุณชนะรายการ${4}ใน${3}ด้วยราคาเสนอเท่ากับ${1}${2}เงิน Auto-Bid ที่เหลือของคุณได้รับการส่งคืนเป็นไฟล์แนบแล้วโปรดรับพวกเขาและขอให้มีการเดินทางที่แสนวิเศษ!
25298	Adventurer, it has been far too long. Your mind and body have undergone a complete transformation since you were an inexperienced novice. At last, the time for your Advance has come.	Adventurer มันนานเกินไปแล้ว จิตใจและร่างกายของคุณได้รับการเปลี่ยนแปลงอย่างสมบูรณ์ตั้งแต่คุณยังเป็นมือใหม่ที่ไม่มีประสบการณ์ ในที่สุด เวลาแห่งความก้าวหน้าของคุณก็มาถึงแล้ว
25299	The Eden Group presents this reward to Adventurers who made an outstanding Contribution during Rift Crisis. Open it to receive a mysterious gift specially prepared by the Eden Group.	The Eden Group มอบรางวัลนี้ให้กับ Adventurers ที่มีส่วนร่วมอย่างโดดเด่นในช่วงวิกฤตรอยแยก Open มันเพื่อรับของขวัญลึกลับที่จัดทำขึ้นเป็นพิเศษโดยกลุ่มอีเดน
25300	A juicy, bright Red fruit with a sweet-and-sour flavor, perfect for stews or soup bases.\nObtainable through ^{1}Life Skill - Gardener^{2}. Used by the Life Skill - Chef for Cooking.	ผลไม้สีแดงฉ่ำสดใสมีรสหวานอมเปรี้ยว เหมาะสำหรับสตูว์หรือซุป\n หาได้จาก ^{1}Life Skill - Gardener^{2}. ใช้โดยทักษะ Life - เชฟสำหรับทำอาหาร
25301	When you take damage while your HP is below ${1}%, grants a shield equal to ${2}% of your HP and restores ${3}% of your Life. This effect can trigger up to @{1} times every ${4} sec.	เมื่อคุณได้รับความเสียหายในขณะที่ HP ของคุณต่ำกว่า${1}% มอบโล่เท่ากับ${2}% ของ HP ของคุณและฟื้นฟู${3}% พลัง Life ของคุณเอฟเฟกต์นี้สามารถทริกเกอร์ได้สูงสุด@{1}เท่าทุกๆ${4}วินาที
25302	Deals damage equal to ${2}% of Max Life to targets above ${1}% Life; instantly kills targets below ${3}% Life and increases the caster's Physical ATK and Magic ATK by ${4}% for ${5}s	สร้างความเสียหายเท่ากับ${2}% ของพลัง Life สูงสุดแก่เป้าหมายที่สูงกว่า${1}% พลัง Life;สังหารเป้าหมายที่ต่ำกว่า${3}% พลัง Life ทันที และเพิ่ม ATK กายภาพและ ATK เวทย์ของผู้ร่าย${4}% สำหรับ${5}s
25303	Deals three hits totaling Physical ATK*^{1}${3}%+${4}^{2} Neutral melee Physical damage to up to ${2} enemies in a designated area with a ${1}-meter radius within @{1} meters of you.	ทำการโจมตีสามครั้งเป็นการโจมตีทางกายภาพรวม*^{1}${3}%+${4}^{2}สร้างความเสียหายทางกายภาพระยะประชิดที่เป็นกลางแก่ศัตรูสูงสุด${2}ในพื้นที่ที่กำหนดด้วยรัศมี${1}เมตรภายใน@{1}เมตรของคุณ
25304	Draws power from a Rune, increasing your PATK by ^{1}${2}%^{2} and ASPD by ^{3}${3}%^{4} for ${1} seconds. At Skill Level ${4}, also increases HP recover efficiency by ^{5}${5}%^{6}.	ดึงพลังจากรูน เพิ่ม PATK ของคุณโดย ^{1}${2}%^{2}และ ASPD โดย ^{3}${3}%^{4}เป็นเวลา${1}วินาทีที่ระดับทักษะ${4}ยังเพิ่มประสิทธิภาพการฟื้นฟู HP ด้วย ^{5}${5}%^{6}
25305	Allows 【Sonic Blow】 to trigger its damage increase effect when the target's Life is at or below ^{1}${1}%^{2}, and changes the percentage damage multiplier increase to ^{3}${2}%^{4}.	อนุญาตให้ 【Sonic Blow】 กระตุ้นเอฟเฟกต์เพิ่มความเสียหายเมื่อพลัง Life ของเป้าหมายอยู่ที่หรือต่ำกว่า ^{1}${1}%^{2}และเปลี่ยนเปอร์เซ็นต์ตัวคูณความเสียหายที่เพิ่มขึ้นเป็น ^{3}${2}%^{4}
25306	Locks onto an enemy within ${1} meters, quickly dashes ${2} meters toward the target, and slows up to ${4} enemies within a ${3}-meter radius of the target by ${5}% for ${10} seconds	ล็อคศัตรูที่อยู่ในระยะ${1}เมตร พุ่ง${2}เมตรไปยังเป้าหมายอย่างรวดเร็ว และเคลื่อนที่ช้าลงสูงสุด${4}ศัตรูภายในรัศมี${3}- เมตรของเป้าหมายโดย${5}% เป็นเวลา${10}วินาที
25307	The BOSS deals rectangular AOE damage in the -@{1}°, @{2}°, and @{3}° directions after a @{5}-second warning (if there are @{4} directions, it casts again in the opposite directions)	BOSS สร้างความเสียหาย AOE รูปสี่เหลี่ยมผืนผ้าในทิศทาง -@{1}°,@{2}° และ@{3}° หลังจาก@{5}- คำเตือนครั้งที่สอง (หากมีทิศทาง@{4}มันจะร่ายอีกครั้งในทิศทางตรงกันข้าม)
25308	Basic Attack has a @{1}% Chance to trigger 【Double Attack】, dealing Extra Neutral melee Physical damage equal to @{2}%. Internal Cooldown: @{3} sec. Chance stacks with multiple cards.	มีโอกาส@{1}% ที่จะทำให้เกิด 【Double Attack】 สร้างความเสียหายทางกายภาพระยะประชิดที่เป็นกลางเป็นพิเศษเท่ากับ@{2}%คูลดาวน์ภายใน:@{3}วินาทีโอกาสซ้อนกับไพ่หลายใบ
25309	Transform into an environmental object upon use, increasing Movement Speed by @{1}% for @{2} seconds.\nTransform ends immediately after dealing or taking damage a total of @{3} times.	แปลงร่างเป็นวัตถุสิ่งแวดล้อมเมื่อใช้งาน เพิ่มความเร็วในการเคลื่อนที่ขึ้น@{1}% เป็นเวลา@{2}วินาที\n การแปลงร่างจะสิ้นสุดลงทันทีหลังจากจัดการหรือรับความเสียหายรวมเป็น@{3}ครั้ง
25310	Ahem! Izlude Island is responsible for protecting not only the land, but the vast seas as well! Our large telescope lets us watch the distant waters so we can be Ready for any crisis.	เอิ่ม! เกาะ Izlude มีหน้าที่รับผิดชอบในการปกป้องไม่เพียงแต่ผืนดินเท่านั้น แต่ยังมีท้องทะเลอันกว้างใหญ่อีกด้วย! กล้องโทรทรรศน์ขนาดใหญ่ของเราช่วยให้เราสามารถเฝ้าดูน่านน้ำที่อยู่ห่างไกลเพื่อให้เราพร้อมสำหรับวิกฤติต่างๆ
25311	Hello! Traveling through the forest to get here must've been rough. Monsters have been running rampant around Payon lately, so we don't get nearly as many visitors. It's such a shame.	สวัสดี! การเดินทางผ่านป่าเพื่อมาที่นี่คงจะลำบากมากช่วงนี้สัตว์ประหลาดออกอาละวาดไปทั่ว Payon ดังนั้นเราจึงไม่ค่อยมีคนมาเยี่ยมชมมากนักมันน่าเสียดายมาก
25312	The final step is also the hardest. We need to find Eddga in the Deep Forest of Payon Forest! He's the ruler of this region, so stay sharp. Let's Move out and regroup in Payon Forest.	ขั้นตอนสุดท้ายก็ยากที่สุดเช่นกันเราต้องไปหา Eddga ใน Deep Forest ของป่า Payon! เขาเป็นผู้ปกครองภูมิภาคนี้ ดังนั้นจงเฉียบแหลมไว้ย้ายออกและรวมกลุ่มใหม่ในป่า Payon
25313	Perfect timing. Listen up: Eddga isn't some Savage wandering by the roadside. He's the fiercest beast in this region. Tracking him won't be Easy, so we'll need to split up and search.	จังหวะเวลาที่สมบูรณ์แบบฟังนะ: Eddga ไม่ใช่พวก Savage ที่เร่ร่อนอยู่ข้างถนนเขาเป็นสัตว์ร้ายที่ดุร้ายที่สุดในภูมิภาคนี้การติดตามเขาไม่ใช่เรื่องง่าย ดังนั้นเราจะต้องแยกกันค้นหา
25314	The faithful of Eden cheered for the dawn, their songs becoming strings and their faith the harp's pillar. When God played the harp, even He nearly believed—that hope truly existed.	ผู้ศรัทธาแห่งเอเดนส่งเสียงเชียร์ยามรุ่งสาง บทเพลงของพวกเขากลายเป็นเครื่องสาย และความศรัทธาของพวกเขาคือเสาหลักแห่งพิณเมื่อพระเจ้าทรงเล่นพิณ แม้แต่พระองค์ก็เกือบจะเชื่อ—ความหวังนั้นมีอยู่จริง
25315	An umbrella-shaped mushroom with thick, savory flesh, often used in stews and stir-fries.\nObtainable through ^{1}Life Skill - Gardener^{2}. Used by the Life Skill - Chef for Cooking.	เห็ดรูปร่มที่มีเนื้อหนารสเผ็ด มักใช้ในสตูว์และผัด\n หาได้จาก ^{1}Life Skill - Gardener^{2}. ใช้โดยทักษะ Life - เชฟสำหรับทำอาหาร
25316	Legendary sharpening Material imbued with the power of a meteorite. It grants Weapons devastating power.\nObtainable through ^{1}Life Skill - Miner^{2}. Used to Craft T@{1} Equipment.	วัสดุลับคมในตำนานที่อัดแน่นไปด้วยพลังของอุกกาบาตมันมอบพลังทำลายล้างให้กับอาวุธ\n หาได้จาก ^{1}Life Skill - Miner^{2}ใช้ในการสร้างอุปกรณ์ T@{1}
25317	A cute, sparkly balloon. Give it to someone special!\n^{1}Intimacy +@{1}, recipient's Popularity +@{2}, your Hearts +@{3}\nGiving this gift will trigger an Entire Server announcement!	ลูกโป่งน่ารักสดใส มอบให้คนพิเศษ!\n^{1}ความใกล้ชิด +@{1}ความนิยมของผู้รับ + ​​@{2}, หัวใจของคุณ +@{3}\n การให้ของขวัญนี้จะทำให้เกิดการประกาศทั้งเซิร์ฟเวอร์!
25318	An advanced cleric of the Church with considerable theological knowledge and administrative experience. The Exorciser High Priest further improves their damage and Holy-element buffs.	นักบวชขั้นสูงของศาสนจักรที่มีความรู้ด้านเทววิทยาและประสบการณ์ด้านการบริหารเป็นอย่างมาก Exorciser High Priest ปรับปรุงความเสียหายและบัฟธาตุศักดิ์สิทธิ์เพิ่มเติม
25319	Grants the Madogear Pilot an Orbit for @{1} seconds, granting allies within @{2} meters ^{1}Increased Movement Speed^{2} while the Madogear Pilot gains @{3}% ^{3}Damage Reduction^{4}.	ให้วงโคจรแก่ Madogear Pilot เป็นเวลา@{1}วินาที โดยให้พันธมิตรที่อยู่ในระยะ@{2}เมตร ^{1}เพิ่มความเร็วในการเคลื่อนที่^{2}ในขณะที่ Madogear Pilot ได้รับ@{3}% ^{3}การลดความเสียหาย^{4}.
25320	After casting 【Destructive Flame】, 【Ice Fog】, 【Chain Lightning】, or 【Petrify Curse】 ^{1}${1}^{2} times, You gain @{1} stack of ^{3}^{4}Elemental Attunement^{5}^{6}, up to ${2} stacks.	หลังจากร่าย 【Destructive Flame】, 【Ice Fog】, 【Chain Lightning】 หรือ 【Petrify Curse】 ^{1}${1}^{2}เท่า คุณจะได้รับ@{1}stack ของ ^{3}^{4}Elemental Attunement^{5}^{6}สูงสุดถึง${2}สแต็ก
25321	After use, Movement Speed increases by ^{1}${1}%^{2} for ^{3}${2}^{4} seconds.\nThis speed boost is immediately removed after attacking or taking damage a total of ^{5}${3}^{6} times.	หลังการใช้งาน ความเร็วในการเคลื่อนที่จะเพิ่มขึ้น ^{1}${1}%^{2}สำหรับ ^{3}${2}^{4}วินาที\n การเพิ่มความเร็วนี้จะถูกลบทันทีหลังจากโจมตีหรือได้รับความเสียหายรวม ^{5}${3}^{6}ครั้ง
25322	Lock onto an enemy unit within ${1} meters, quickly dash ${2} meters toward the target, and slow up to ${4} enemies within a ${3}-meter radius of the target by ${5}% for ${15} seconds	ล็อคยูนิตศัตรูภายใน${1}เมตร พุ่ง${2}เมตรไปยังเป้าหมายอย่างรวดเร็ว และชะลอความเร็วศัตรู${4}ภายในรัศมี${3}-เมตรของเป้าหมายโดย${5}% เป็นเวลา${15}วินาที
25323	mode. \n@{2}.There is a Chance that an Adventurer's true identity will be revealed.\n@{3}.Tree Hollow Chat maintains strict moderation. Adventurers must not post inappropriate content.	\n@{2}. มีโอกาสที่ตัวตนที่แท้จริงของ Adventurer จะถูกเปิดเผย\n@{3}.Tree Hollow Chat รักษาการกลั่นกรองอย่างเข้มงวด Adventurer จะต้องไม่โพสต์เนื้อหาที่ไม่เหมาะสม
25324	● ^{1}Dragonblood Crystals^{2} appear at fixed times in various Locations throughout the battlefield.\n \n● Pick up ^{3}Dragonblood Crystals^{4} to gain various Battle Buffs and Score.	● ^{1}Dragonblood Crystals^{2}ปรากฏตามเวลาที่กำหนดในสถานที่ต่างๆ ทั่วทั้งสนามรบ\n\n● หยิบ ^{3}Dragonblood Crystals^{4}เพื่อรับบัฟการต่อสู้และคะแนนต่างๆ
25325	Includes Stun, Knockback, Knock-up, Fear, Freeze, Petrify, Sleep, Silence, Immobilize, Darkness, Chill, Slow, Bleed, and Poisoned. These effects caused by dungeon content are excluded.	รวมถึง Stun, Knockback, Knock-up, ความกลัว, แช่แข็ง, กลายเป็นหิน, นอนหลับ, ความเงียบ, ทำให้เคลื่อนที่ไม่ได้, Darkness, หนาวสั่น, Slow, เลือดออกและพิษไม่รวมเอฟเฟกต์เหล่านี้ที่เกิดจากเนื้อหาดันเจี้ยน
25326	^{1}^{2}[High Speed Cart Ram]^{3}^{4} additionally deals PATK*${3}%+${4} Neutral melee Physical damage to up to ${2} enemies within ${1} meters. This effect has a ${5}-second Cooldown.	^{1}^{2}[High Speed Cart Ram]^{3}^{4}ยังทำ PATK* เพิ่มเติม${3}%+${4}สร้างความเสียหายทางกายภาพระยะประชิดที่เป็นกลางให้กับศัตรูสูงสุด${2}ภายใน${1}เมตรเอฟเฟกต์นี้มีคูลดาวน์วินาทีของ${5}
25327	Launch @{5} cannon rounds at @{2} designated enemies within @{1} meters and up to @{4} additional enemies within @{3} meters of them, dealing total damage equal to ATK * ^{1}@{6}%^{2}.	ยิงกระสุนปืนใหญ่@{5}ไปที่ศัตรูที่กำหนด@{2}ภายใน@{1}เมตร และศัตรูเพิ่มเติมสูงสุด@{4}ภายใน@{3}เมตร สร้างความเสียหายรวมเท่ากับ ATK * ^{1}@{6}%^{2}.
25328	Expedition time accumulates automatically after departure, even while offline.\nThere is a limit to how much time can accumulate, so remember to claim your expedition rewards manually~	เวลาการเดินทางจะสะสมโดยอัตโนมัติหลังจากออกเดินทาง แม้ในขณะออฟไลน์\n มีการจำกัดเวลาที่สามารถสะสมได้ ดังนั้นอย่าลืมรับรางวัลการสำรวจด้วยตนเอง~
25329	Well? Aren't our Members fired up? Now make your choice! Will you join us and build the future together? Or... settle for mediocrity among those who cannot comprehend our lofty ideals?	เหรอ? สมาชิกของเราไม่หมดไฟใช่ไหม? ตอนนี้ตัดสินใจเลือกแล้ว! คุณจะมาร่วมกับเราและสร้างอนาคตด้วยกันไหม? หรือ... ยอมเป็นคนธรรมดาสามัญในหมู่คนที่ไม่เข้าใจอุดมคติอันสูงส่งของเรา?
25330	Anything unusual? Everything went according to protocol. If I had to name something that disrupted my carefully planned itinerary... Hmm... there was one insignificant little incident.	มีอะไรผิดปกติหรือเปล่า? ทุกอย่างเป็นไปตามระเบียบการหากฉันต้องบอกอะไรบางอย่างที่ขัดขวางแผนการเดินทางของฉัน... อืม... มีเหตุการณ์เล็กๆ น้อยๆ อยู่อย่างหนึ่ง
25331	That was indeed the Knight Order's responsibility. But I'm standing guard now, and I won't allow such a blunder to happen again. Go on and complete your mission as quickly as possible.	นั่นเป็นความรับผิดชอบของ Knight Order จริงๆแต่ตอนนี้ฉันกำลังยืนเฝ้าอยู่ และฉันจะไม่ยอมให้ความผิดพลาดเช่นนี้เกิดขึ้นอีกดำเนินการต่อและทำภารกิจของคุณให้สำเร็จโดยเร็วที่สุด
25332	A small group of invading monsters has been discovered at Prontera East Gate. Nearby defenders should handle them first; there is no need for everyone to fall back and defend the gate.	มีการค้นพบสัตว์ประหลาดกลุ่มเล็กๆ ที่บุกรุกที่ Prontera East Gate กองหลังใกล้เคียงควรจัดการพวกเขาก่อน ไม่จำเป็นต้องให้ทุกคนถอยกลับและป้องกัน Gate
25333	A beginner who has just entered the trade and is still unfamiliar with its materials and tools. No Craft Slots are unlocked yet, so only basic techniques can be used for Easy crafting.	ผู้เริ่มต้นที่เพิ่งเข้าสู่การค้าขายและยังไม่คุ้นเคยกับวัสดุและเครื่องมือของมัน ยังไม่มีการปลดล็อคสล็อตคราฟต์ ดังนั้นจึงมีเพียงเทคนิคพื้นฐานเท่านั้นที่สามารถใช้เพื่อการคราฟแบบง่าย ๆ
25334	In the most peaceful corner of the courtyard behind the ^{1}Prontera Inn^{2}, look ^{3}between the bench and the flowers^{4} for the patch of ground most often brushed by birds' wings.	ในมุมที่เงียบสงบที่สุดของลานด้านหลัง ^{1}Prontera Inn^{2}ให้มอง ^{3}ระหว่างม้านั่งกับดอกไม้^{4}เพื่อดูพื้นดินที่มักถูกปีกนกปัดทับ
25335	Increases your ^{1}${1}%^{2} ^{3}Max MP^{4} and ^{5}${2}%^{6} ^{7}MP Recovery Speed^{8}. Also grants a ^{9}${3}%^{10} increase to the healing provided by your ^{11}【Divine Light】^{12}.	เพิ่ม ^{1}${1}%^{2}^{3}Max MP^{4}และ ^{5}${2}%^{6}^{7}ความเร็วในการฟื้นฟู MP^{8}นอกจากนี้ยังมอบ ^{9}${3}%^{10}เพิ่มการรักษาจาก ^{11}【Divine Light】^{12}ของคุณ
25336	Can only be cast while the Demonic Wolf is in Follow mode. Commands the wolf to Sense threats, revealing enemies using ^{1}Hiding^{2} within ${1} meters of the Ranger for ${2} seconds.	สามารถร่ายได้ในขณะที่ Demonic Wolf อยู่ในโหมดติดตามเท่านั้นสั่ง Wolf ให้รับรู้ถึงภัยคุกคาม เปิดเผยศัตรูโดยใช้ ^{1}ซ่อน^{2}ภายใน${1}เมตรจาก Ranger เป็นเวลา${2}วินาที
25337	When an ^{1}Offensive-type^{2} or ^{3}Control-type^{4} Primary Battle Skill Deals DMG, inflicts ^{5}^{6}【Immobilize】^{7}^{8} and ^{9}^{10}【Blind】^{11}^{12} on enemies hit for ${1} sec.	เมื่อ ^{1}ประเภทรุก^{2}หรือ ^{3}ประเภท Control^{4}ทักษะการต่อสู้หลักสร้างความเสียหาย สร้างความเสียหาย ^{5}^{6}【Immobilize】^{7}^{8}และ ^{9}^{10}【Blind】^{11}^{12}กับศัตรูที่ถูกโจมตีเป็นเวลา${1}วินาที
25338	When casting a ^{1}Dispel-type^{2} or ^{3}Immunity-type^{4} Primary Battle Skill, inflicts ^{5}^{6}【Silence】^{7}^{8} on up to ${2} enemies within ${1} meters of the owner for ${3} sec.	เมื่อร่าย ^{1}Dispel-type^{2}หรือ ^{3}Immunity-type^{4}Primary Battle Skill จะทำให้ ^{5}^{6}【Silence】^{7}^{8}โจมตีศัตรูสูงสุด${2}ภายใน${1}เมตรจากเจ้าของเป็นเวลา${3}วินาที
25339	Lock on to an enemy unit within ${1} meters, quickly dash ${2} meters toward the target, and slow up to ${4} enemies within a ${3}-meter radius of the target by ${5}% for ${11} seconds	ล็อคยูนิตศัตรูภายใน${1}เมตร พุ่ง${2}เมตรไปยังเป้าหมายอย่างรวดเร็ว และชะลอความเร็วให้ศัตรู${4}ภายในรัศมี${3}- เมตรของเป้าหมายโดย${5}% เป็นเวลา${11}วินาที
25340	Lock on to an enemy unit within ${1} meters, quickly dash ${2} meters toward the target, and slow up to ${4} enemies within a ${3}-meter radius of the target by ${5}% for ${12} seconds	ล็อคยูนิตศัตรูภายใน${1}เมตร พุ่ง${2}เมตรไปยังเป้าหมายอย่างรวดเร็ว และชะลอความเร็วให้ศัตรู${4}ภายในรัศมี${3}- เมตรของเป้าหมายโดย${5}% เป็นเวลา${12}วินาที
25341	First floor: Movement Speed reduced by @{1}%;\nSecond floor: Attack Speed reduced by @{2}%;\nThird floor: Physical DEF reduced by @{3}%;\nFourth floor: Damage taken increased by @{4}%.	ชั้นหนึ่ง: ความเร็วในการเคลื่อนที่ลดลง@{1}%;\n ชั้นสอง: ความเร็วในการโจมตีลดลง@{2}%;\n ชั้นสาม: DEF กายภาพลดลง@{3}%;\n ชั้นที่สี่: ความเสียหายที่ได้รับเพิ่มขึ้น@{4}%
25342	Thank You for participating in this test. We're getting the next adventure Ready, and we'd love to hear your honest thoughts—what got your blood pumping, and what left you wanting more?	ขอขอบคุณที่เข้าร่วมการทดสอบนี้เรากำลังเตรียมการผจญภัยครั้งถัดไปให้พร้อม และเราอยากได้ยินความคิดที่จริงใจของคุณ อะไรทำให้คุณเลือดสูบฉีด และอะไรทำให้คุณอยากได้มากกว่านี้
25343	@{1}.Starting with the second round each day, we'll supply the Traveling Caravan. It will return several times and offers generous rewards for loading goods, so load as much as you can.	@{1}. เริ่มรอบที่สองในแต่ละวัน เราจะจัดหา Traveling Caravan มันจะกลับมาหลายครั้งและมอบรางวัลมากมายสำหรับการโหลดสินค้า ดังนั้นโหลดให้มากที่สุดเท่าที่คุณจะทำได้
25344	Deleting a character has a ${1}-day waiting period. Once permanently deleted, the data cannot be recovered. If you are sure you want to Delete Character, enter “YES” in the field below.	"การลบตัวละครมีระยะเวลารอ ${1} วัน เมื่อลบอย่างถาวรแล้ว ข้อมูลจะไม่สามารถกู้คืนได้ หากคุณแน่ใจว่าต้องการลบอักขระ ให้ป้อน ""ใช่"" ในช่องด้านล่าง"
25345	Moonlight Flower randomly^{1}charges @{1} Bells on the battlefield in sequence^{2}. The charged Bells sequentially damage^{3}a large area around them in the order they were charged^{4}.	Moonlight Flower สุ่ม^{1}ชาร์จ@{1}ระฆังในสนามรบตามลำดับ^{2}ระฆังที่ชาร์จแล้วสร้างความเสียหายตามลำดับ^{3}พื้นที่ขนาดใหญ่รอบๆ พวกมันตามลำดับที่พวกมันถูกชาร์จ^{4}
25346	She didn't really do anything. She just watched me smithing for quite a while. Then she came over, leaned in real close, and said I looked so strong and manly while working the forge...	เธอไม่ได้ทำอะไรเลยจริงๆเธอแค่เห็นฉันตีเหล็กมาสักพักแล้วจากนั้นเธอก็เข้ามาโน้มตัวเข้ามาใกล้ และบอกว่าฉันดูแข็งแกร่งและเป็นลูกผู้ชายมากขณะทำงานโรงตีเหล็ก...
25347	Yes, yes! The moment you slot in that Card, you look completely different! It's like giving a tiger wings! You won't even need to worry about little dangers like that anymore! Hahahaha!	ใช่ ใช่! ทันทีที่คุณเสียบการ์ดใบนั้น คุณจะดูแตกต่างไปจากเดิมอย่างสิ้นเชิง! เหมือนมอบปีกเสือ! คุณไม่จำเป็นต้องกังวลเกี่ยวกับอันตรายเล็กๆ น้อยๆ แบบนั้นอีกต่อไป! ฮ่าๆๆๆ!
25348	That space belongs to the Ash Caravan. Their people aren't all here, and their cargo hasn't been loaded. I can't take off early just for the few of you. It would violate shipping Rules.	พื้นที่นั้นเป็นของ Ash Caravan คนของพวกเขาไม่ได้อยู่ที่นี่ทั้งหมด และสินค้าของพวกเขายังไม่ถูกบรรทุกฉันไม่สามารถออกเดินทางเร็วเพียงเพื่อพวกคุณบางคนได้มันจะละเมิดกฎการจัดส่ง
25349	Craftsmanship and inspiration become one, allowing all abilities to be freely combined and mastered. Unlocks the fifth Craft Slot and all Legend techniques in the top-tier ability pool.	งานฝีมือและแรงบันดาลใจกลายเป็นหนึ่งเดียว ช่วยให้ความสามารถทั้งหมดสามารถผสมผสานและฝึกฝนได้อย่างอิสระปลดล็อก Craft Slot ที่ห้าและเทคนิค Legend ทั้งหมดในกลุ่มความสามารถระดับสูงสุด
25350	【Phantom Thrust】's percentage damage multiplier increases by ^{1}${1}%^{2}. If Player is dead within ^{3}${2}^{4} seconds of being HIT, 【Phantom Thrust】's cooldown is immediately reset.	ตัวคูณเปอร์เซ็นต์ความเสียหายของ 【Phantom Thrust】 เพิ่มขึ้น ^{1}${1}%^{2}หากผู้เล่นตายภายใน ^{3}${2}^{4}วินาทีหลังจากถูกโจมตี คูลดาวน์ของ 【Phantom Thrust】 จะถูกรีเซ็ตทันที
25351	【Psychic Astral Body】 is replaced with 【Neon Spotlight】, acquisition efficiency increases by ^{1}${1}%^{2}, and ST damage becomes circular AoE damage within a ^{3}${2}^{4}-meter radius.	【Psychic Astral Body】 ถูกแทนที่ด้วย 【Neon Spotlight】 ประสิทธิภาพในการได้รับเพิ่มขึ้น ^{1}${1}%^{2}และความเสียหาย ST จะกลายเป็นความเสียหายแบบ AoE แบบวงกลมภายในรัศมี ^{3}${2}^{4}- รัศมีเมตร
25352	After using 【Basic Attack】, there is a ${1}% Chance to deal ${2} Extra hits of Neutral melee Physical damage equal to Physical ATK × ${3}% to the enemy. Built-in Cooldown: ${4} seconds.	หลังจากใช้ 【Basic Attack】 จะมีโอกาส${1}% ที่จะสร้างความเสียหายทางกายภาพ${2}การโจมตีระยะประชิดพิเศษที่เป็นกลาง เท่ากับ ATK กายภาพ ×${3}% ให้กับศัตรู คูลดาวน์ในตัว:${4}วินาที
25353	Defeat Field Monsters to obtain Drop Rewards. Each day, the Eden Group grants Adventurers an Extra @{1} minutes of Bonus Time. Enable Bonus Time to obtain greatly increased Drop Rewards!	กำจัดมอนสเตอร์ฟิลด์เพื่อรับรางวัลดรอปในแต่ละวัน Eden Group จะมอบโบนัสไทม์พิเศษ@{1}ให้กับ Adventurers เปิดใช้งานโบนัสไทม์เพื่อรับรางวัลดรอปเพิ่มขึ้นอย่างมาก!
25354	Take on a high-Difficulty Season Theme Dungeon Challenge. A team of ^{1}at least @{1} Members^{2} is required to Enter. Work together to defeat a powerful boss and earn abundant rewards.	ท้าทายดันเจี้ยนธีมซีซั่นที่มีความยากสูงต้องมีทีมงาน ^{1}สมาชิก@{1}^{2}เป็นอย่างน้อยจึงจะเข้าร่วมได้ทำงานร่วมกันเพื่อเอาชนะบอสที่แข็งแกร่งและรับรางวัลมากมาย
25355	When ^{1}^{2}[Basic Attack]^{3}^{4} hits an enemy, it triggers Holy Light Strike, dealing an Extra ${1} hits of MATK*${2}%+${3} Holy Ranged Magic damage. Internal Cooldown: ${4} seconds.	เมื่อ ^{1}^{2}[Basic Attack]^{3}^{4}โจมตีศัตรู มันจะทำให้เกิดการโจมตีด้วย Holy Light สร้างการโจมตีพิเศษของ${1}ด้วย MATK*${2}%+${3}ความเสียหายจากเวทย์มนต์ศักดิ์สิทธิ์คูลดาวน์ภายใน:${4}วินาที
25356	For ${1} seconds after casting ^{1}^{2}[Disguise]^{3}^{4}, your next attack Deals DMG to the enemy an Extra ${2} times, each dealing PATK * ${3}% + ${4} as Neutral Melee Physical damage.	สำหรับ${1}วินาทีหลังจากร่าย ^{1}^{2}[Disguise]^{3}^{4}การโจมตีครั้งต่อไปของคุณ สร้าง DMG ให้กับศัตรู Extra${2}ครั้ง โดยแต่ละครั้งจะทำ PATK *${3}%+${4}เป็นความเสียหายกายภาพระยะประชิดเป็นกลาง
25357	Orc Hero Launches ^{1}giant flying blades^{2} at multiple players, dealing ^{3}massive damage^{4} to players without the specified status. The blades can be ^{5}blocked with shields^{6}.	Orc Hero เปิดตัว ^{1}ใบพัดบินขนาดยักษ์^{2}กับผู้เล่นหลายคน สร้างความเสียหาย ^{3}ความเสียหายมหาศาล^{4}ให้กับผู้เล่นที่ไม่มีสถานะที่ระบุใบมีดสามารถ ^{5}บังด้วยชีลด์ได้^{6}
25358	I... I looked around and made sure I wasn't violating the Geffen Code of Public Conduct... Then, out of basic concern for a living creature, I crouched down... and patted it on the head.	ฉัน... ฉันมองไปรอบๆ และตรวจดูให้แน่ใจว่าไม่ได้ละเมิดหลักจรรยาบรรณสาธารณะของ Geffen... จากนั้น ด้วยความห่วงใยต่อสิ่งมีชีวิต ฉันจึงหมอบลง... และตบหัวมัน
25359	There are 48 people in all. Here's the list. Could the Kids walk at the front of the procession? They're so excited that if they walk in the back, they'll step on everyone else's Cloaks.	มีทั้งหมด 48 คนนี่คือรายการ Kids ๆ สามารถเดินขบวนหน้าขบวนได้หรือไม่? พวกเขาตื่นเต้นมากถ้าเดินข้างหลังพวกเขาจะเหยียบ Cloaks ของคนอื่น
25360	Come to think of it, haven't the monsters seemed unusually restless lately? The Monsterologist has been collecting samples. Go have a word with him—he's in the little cabin by the tower.	ลองคิดดูสิ ช่วงนี้พวกสัตว์ประหลาดดูกระสับกระส่ายผิดปกติไม่ใช่เหรอ? นักสัตว์ประหลาดกำลังเก็บตัวอย่างไปคุยกับเขาหน่อย—เขาอยู่ในกระท่อมเล็กๆ ข้างหอคอย
25361	Dive toward a target location within @{1} meters. Upon landing, inflict ^{1}【Knock-Up】^{2} and deal damage equal to ^{3}@{4}%^{4} of ATK to up to @{3} enemies within a @{2}-meter radius.	ดำดิ่งไปยังตำแหน่งเป้าหมายภายในระยะ@{1}เมตรเมื่อลงสู่พื้น สร้างความเสียหาย ^{1}【Knock-Up】^{2}และทำดาเมจเท่ากับ ^{3}@{4}%^{4}จาก ATK ไปจนถึงศัตรู@{3}ภายในรัศมี@{2}เมตร
25362	Dive to a target location within @{1} meters, inflicting ^{1}【Knock Up】^{2} and dealing damage equal to ATK * ^{3}@{4}%^{4} to up to @{3} enemies within a @{2}-meter radius upon landing.	พุ่งไปยังตำแหน่งเป้าหมายภายในระยะ@{1}เมตร ทำให้ ^{1}【Knock Up】^{2}และสร้างความเสียหายเท่ากับ ATK * ^{3}@{4}%^{4}สูงสุด@{3}ศัตรูที่อยู่ในรัศมี@{2}เมตรเมื่อลงจอด
25363	Locks onto an enemy unit within ${1} meters, quickly dashes ${2} meters toward the target, and slows up to ${4} enemies within a ${3}-meter radius of the target by ${5}% for ${9} seconds	ล็อคยูนิตศัตรูภายใน${1}เมตร พุ่ง${2}เมตรไปยังเป้าหมายอย่างรวดเร็ว และชะลอความเร็วศัตรูสูงสุด${4}ภายในรัศมี${3}- เมตรของเป้าหมายโดย${5}% เป็นเวลา${9}วินาที
25364	Deals 【${1}%*Physical ATK】 Physical damage. Each time 【Shadow Strike】 triggers, you gain 1 stack of 【Shadow Strike】, granting ${2}% Attack Speed/${3} CRIT for @{1} sec, up to @{2} stacks	สร้างความเสียหาย 【${1}%*ATK กายภาพ】 ความเสียหายทางกายภาพแต่ละครั้งที่เกิด 【Shadow Strike】 คุณจะได้รับ 1 สแต็คของ 【Shadow Strike】 โดยให้${2}% ความเร็วในการโจมตี/${3}CRIT เป็นเวลา@{1}วินาที สูงสุดถึง@{2}สแต็ค
25365	Increases your Physical ATK by @{1}. After attacking, there is a @{2}% Chance to inflict 【Venom】 damage on the target, dealing Poison melee Physical damage equal to Physical ATK × @{3}%.	เพิ่ม ATK ทางกายภาพของคุณขึ้น@{1}หลังจากโจมตี มีโอกาส@{2}% ที่จะสร้างความเสียหาย 【Venom】 บนเป้าหมาย สร้างความเสียหายทางกายภาพระยะประชิดพิษเท่ากับ ATK กายภาพ ×@{3}%
25366	The BOSS first casts a cone AOE in front with a @{1}s warning, a radius of @{2}m, and an angle of @{3}°, then casts a circular AOE under itself with a @{4}s warning and a radius of @{5}m	BOSS ทำการร่าย AOE กรวยข้างหน้าเป็นครั้งแรกโดยมีคำเตือนของ@{1}รัศมีของ@{2}m และมุมของ@{3}° จากนั้นจึงร่าย AOE วงกลมใต้ตัวมันเองพร้อมกับคำเตือนของ@{4}และรัศมีของ@{5}m
25367	The game resource pack has been updated. Approximately <color=#F2A35D>${1} MB</color> of data must be downloaded. Please update before entering the game. We recommend updating over Wi-Fi.	The game resource pack has been updated. Approximately <color=#F2A35D>${1} MB</color> of data must be downloaded. Please update before entering the game. We recommend updating over Wi-Fi.
25368	When ^{1}^{2}[Magnus Exorcismus]^{3}^{4} is cast, it also unleashes a powerful burst of holy light, dealing MATK*${2}%+${3} Holy Ranged Magic damage to up to ${1} enemies within the area.	เมื่อ ^{1}^{2}[Magnus Exorcismus]^{3}^{4}ถูกร่าย มันยังปล่อยแสงศักดิ์สิทธิ์อันทรงพลังออกมา สร้างความเสียหาย MATK*${2}%+${3}Holy Ranged Magic ดาเมจมากถึง${1}ศัตรูภายในพื้นที่
25369	Mistress summons ^{1}Hornets that continuously advance^{2}, ^{3}knocking back^{4} any players they touch. ^{5}Random gaps appear among the Hornets^{6}, and players must pass through them.	Mistress เรียก ^{1}Hornets ที่บุกเข้ามาอย่างต่อเนื่อง^{2}, ^{3}กระเด็นกลับไป^{4}ผู้เล่นคนใดที่พวกมันสัมผัส↑{5}ช่องว่างแบบสุ่มปรากฏขึ้นในหมู่ Hornets^{6}และผู้เล่นจะต้องผ่านช่องว่างเหล่านั้น
25370	Whoosh! Right on target—the eagle eye of an Archer! You like to keep your Distance, wait for the perfect moment, then strike true. Hey, you might just become the greatest Archer in Payon!	โห่! มุ่งสู่เป้าหมาย—ดวงตานกอินทรีของนักธนู! คุณชอบที่จะรักษาระยะห่างของคุณ รอช่วงเวลาที่สมบูรณ์แบบแล้วจึงลงมือทำจริงเฮ้ คุณอาจกลายเป็นนักธนูที่ยิ่งใหญ่ที่สุดใน Payon ก็ได้!
25371	I knew it! The Adventurers who've disappeared in the desert over the past few months weren't lost or taken by bandits... They've probably all become the queen ant's emergency food supply!	รู้แล้ว!Adventurers ที่หายตัวไปในทะเลทรายในช่วงไม่กี่เดือนที่ผ่านมาไม่ได้สูญหายหรือถูกกลุ่มโจรจับไป... พวกเขาทั้งหมดอาจกลายเป็นแหล่งอาหารฉุกเฉินของราชินีมด!
25372	At ${1}, you spent ${2}${3} at another player's Stall to purchase ${4}x${5}. However, because your Backpack was full, the items were sent by mail. Please collect them from the attachment.	ที่${1}คุณใช้จ่าย${2}${3}ที่ Stall ของผู้เล่นอื่นเพื่อซื้อ${4}x${5}อย่างไรก็ตาม เนื่องจากกระเป๋าเป้สะพายหลังของคุณเต็มแล้ว สินค้าจึงถูกส่งทางไปรษณีย์ Please collect them from the attachment.
25373	That kind of efficiency would put those idiots in the Knight Order to shame. I knew giving the job to someone reliable would work better than making them fill out a hundred Request forms.	ประสิทธิภาพแบบนั้นจะทำให้คนโง่ใน Knight Order ต้องอับอายฉันรู้ว่าการให้งานกับคนที่เชื่อถือได้จะดีกว่าการให้พวกเขากรอกแบบฟอร์มคำขอนับร้อยฉบับ
25374	The Regional Capital War is now open! Guilds that successfully occupy a regional capital will gain a significant advantage in subsequent Territory Wars, tipping the scales in their favor.	สงครามทุนภูมิภาคเปิดแล้ว!Guilds ที่ยึดครองเมืองหลวงของภูมิภาคได้สำเร็จจะได้รับความได้เปรียบอย่างมากในสงครามดินแดนครั้งต่อๆ ไป โดยให้ผลประโยชน์แก่ Guilds เหล่านั้น
25375	A sparkly balloon that everyone is sure to love~\n^{1}Intimacy +@{1}, recipient's Popularity +@{2}, your Hearts +@{3}^{2}Dear\nGiving this gift will trigger an Entire Server announcement!	บอลลูนแวววาวที่ทุกคนจะต้องหลงรัก~\n^{1}ความใกล้ชิด +@{1}ความนิยมของผู้รับ + ​​@{2}, หัวใจของคุณ +@{3}^{2}เรียน\n การให้ของขวัญนี้จะทำให้เกิดการประกาศทั้งเซิร์ฟเวอร์!
25376	An advanced cleric of the Church with considerable theological knowledge and administrative experience. The Praiser Priest High Priest further improves their Divine Light and party buffs.	นักบวชขั้นสูงของศาสนจักรที่มีความรู้ด้านเทววิทยาและประสบการณ์ด้านการบริหารเป็นอย่างมาก Praiser Priest High Priest ปรับปรุง Divine Light และบัฟปาร์ตี้ให้ดียิ่งขึ้น
25377	Enhance your Normal Attacks for ${1} seconds, increasing the percentage DMG multiplier of ^{1}^{2}【Basic Attack】^{3}^{4} by ^{5}${2}%^{6}, but each Normal Attack consumes ^{7}${3}^{8} HP.	ปรับปรุง Normal Attack ของคุณเป็นเวลา${1}วินาที เพิ่มเปอร์เซ็นต์ตัวคูณ DMG ของ ^{1}^{2}【Basic Attack】^{3}^{4}โดย ^{5}${2}%^{6}แต่ Normal Attack แต่ละครั้งจะใช้ ^{7}${3}^{8}HP
25378	Dives toward a designated location within @{1} m. Upon landing, deals ATK * ^{3}@{6}%^{4} damage to up to @{3} enemies within a @{2} m radius and ^{1}slows them by @{5}%^{2} for @{4} sec.	พุ่งไปยังตำแหน่งที่กำหนดภายใน@{1}ม. เมื่อลงจอด สร้างความเสียหาย ATK * ^{3}@{6}%^{4}สร้างความเสียหายให้กับศัตรูสูงสุด@{3}ภายในรัศมี@{2}m และ ^{1}ทำให้พวกมันช้าลง@{5}%^{2}สำหรับ@{4}วินาที
25379	Uses a flamethrower on @{2} designated enemies within @{1} m, dealing a total of ATK * ^{1}@{7}%^{2} damage over @{6} hits to up to @{5} targets in a @{3} * @{4} m rectangular area ahead.	Uses a flamethrower on@{2}designated enemies within@{1}m, dealing a total of ATK * ^{1}@{7}%^{2}damage over@{6}hits to up to@{5}targets in a@{3}*@{4}m พื้นที่สี่เหลี่ยมข้างหน้า
25380	While mounted on the Demonic Wolf, Physical ATK increases by ^{1}${1}%^{2}, and the percentage damage multipliers of 【Warg Charge】, 【Warg Bite】, and 【Warg Hunt】 increase by ^{3}${2}%^{4}.	ขณะที่ขี่ Demonic Wolf พลังโจมตีทางกายภาพเพิ่มขึ้น ^{1}${1}%^{2}และตัวคูณเปอร์เซ็นต์ความเสียหายของ 【Warg Charge】, 【Warg Bite】 และ 【Warg Hunt】 เพิ่มขึ้น ^{3}${2}%^{4}.
25381	"While Camouflaged, your first attack deals Extra damage to the target called ""Sneak Attack"" (single target, high fixed damage Percentage; Description continues after the next Camouflage)."	"ในขณะที่พรางตัว การโจมตีครั้งแรกของคุณจะสร้างความเสียหายเพิ่มเติมให้กับเป้าหมายที่เรียกว่า ""Sneak Attack"" (เป้าหมายเดียว เปอร์เซ็นต์ความเสียหายคงที่สูง คำอธิบายจะดำเนินต่อไปหลังจากการพรางครั้งถัดไป)"
25382	When 【Double Attack】 triggers, it also deals Neutral melee Physical damage equal to Physical ATK × ${4}% to up to ${3} enemies within a ${2}-meter radius. Built-in Cooldown: ${1} seconds.	เมื่อ 【Double Attack】 เริ่มทำงาน มันจะสร้างความเสียหายทางกายภาพระยะประชิดที่เป็นกลางเท่ากับ Physical ATK ×${4}% ให้กับศัตรูสูงสุด${3}ภายในรัศมี${2}เมตรคูลดาวน์ในตัว:${1}วินาที
25383	Creates a Safe Zone at Your Position that grants immunity to the poison ring, protecting teammates from its damage. It is essential to the party's advance and Survival in the Grand Finals.	สร้างโซนปลอดภัยในตำแหน่งของคุณ ซึ่งให้ภูมิคุ้มกันต่อวงแหวนพิษ ปกป้องเพื่อนร่วมทีมจากความเสียหายมันเป็นสิ่งสำคัญในการก้าวหน้าและการเอาชีวิตรอดของปาร์ตี้ในรอบชิงชนะเลิศ
25384	When casting ^{1}^{2}[Gloria Domini]^{3}^{4}, Deals DMG equal to PATK * ${3}% + ${4} as Neutral Melee Physical damage to the target and up to ${2} enemies within ${1} meters of the target.	เมื่อร่าย ^{1}^{2}[Gloria Domini]^{3}^{4}สร้างความเสียหายเท่ากับ PATK *${3}% +${4}เป็นความเสียหายทางกายภาพระยะประชิดที่เป็นกลางไปยังเป้าหมายและสูงสุดศัตรู${2}ภายใน${1}เมตรจากเป้าหมาย
25385	Congratulations! Your guild ranked ${2} in the ${1} tier of the Guild League. The Guild League Honor Emblem has been unlocked for @{1} weeks. You can equip it from the Guild Emblem screen.	ยินดีด้วย!Guild ของคุณอยู่ในอันดับ${2}ในระดับ${1}ของลีก GuildGuild League Honor Emblem ได้รับการปลดล็อคแล้วเป็นเวลา@{1}สัปดาห์คุณสามารถสวมใส่ได้จากหน้าจอ Guild Emblem
25386	Oh...that. The Fireworks are finished. But Yesterday, I suddenly decided the Normal gold was too boring, so I stayed up all night changing them to a 7-color gradient with sparkling trails.	อ๋อ... นั่นสิ Fireworks เสร็จแล้วแต่เมื่อวาน จู่ๆ ฉันก็ตัดสินใจว่าสี Normal นั้นน่าเบื่อเกินไป ฉันจึงนอนไม่หลับทั้งคืนเพื่อเปลี่ยนให้เป็นสีไล่ระดับ 7 สีพร้อมเส้นประกายระยิบระยับ
25387	Understands the basic techniques and processes and can complete low-level crafting tasks independently. Unlocks the first Craft Slot and allows beginner Life Skill abilities to be learned.	เข้าใจเทคนิคและกระบวนการพื้นฐาน และสามารถทำงานประดิษฐ์ระดับต่ำได้อย่างอิสระปลดล็อก Craft Slot แรกและอนุญาตให้เรียนรู้ทักษะ Life เริ่มต้นได้
25388	Beside the bench near the ^{1}Izlude shop^{2}, watch the ^{3}butterflies^{4} that refuse to leave. They seem drawn to an old man's unfinished gift and still flutter there, showing the way.	ข้างม้านั่งใกล้ร้าน ^{1}ร้าน Izlude^{2}ชม ^{3}ผีเสื้อ^{4}ที่ไม่ยอมออกไปดูเหมือนพวกเขาจะสนใจของขวัญที่ชายชรายังทำไม่เสร็จและยังคงโบกมืออยู่ตรงนั้นเพื่อบอกทาง
25389	Can only be used while riding Madogear Pilot. Equips @{1} Vulcan cannons on each hand and fires at @{3} designated enemies up to @{2} m away, dealing ATK * ^{1}@{5}%^{2} damage @{4} times.	ใช้ได้ขณะขี่ Madogear Pilot เท่านั้นติดตั้งปืนใหญ่@{1}Vulcan ในแต่ละมือ และยิงไปที่@{3}ศัตรูที่กำหนดในระยะไกลถึง@{2}ม. สร้างความเสียหาย ATK * ^{1}@{5}%^{2}สร้างความเสียหาย@{4}เท่า
25390	When casting a ^{1}Shield-type^{2} or ^{3}Immunity-type^{4} Primary Battle Skill, grants ^{5}^{6}【Endure】^{7}^{8} to up to ${2} allies within a ${1}-meter radius of the owner for ${3} sec.	เมื่อร่าย ^{1}Shield-type^{2}หรือ ^{3}Immunity-type^{4}Primary Battle Skill จะได้รับ ^{5}^{6}【Endure】^{7}^{8}ถึงพันธมิตร${2}ภายในรัศมี${1}-meter ของเจ้าของเป็นเวลา${3}วินาที
25391	Concentrates Earth Element energy, dealing Earth Ranged Magic damage equal to MATK * ^{1}${4}%^{2} to up to ${3} enemies within a ${2}-meter radius of the target within ${1} meters of You.	รวบรวมพลังงานธาตุดิน สร้างความเสียหายเวทย์มนตร์ Earth Ranged เท่ากับ MATK * ^{1}${4}%^{2}ไปจนถึงศัตรูสูงสุด${3}ภายในรัศมี${2}เมตรของเป้าหมายภายใน${1}เมตรจากคุณ
25392	Unleashes flames that burn enemies, dealing Fire Ranged Magic damage equal to MATK * ^{1}${4}%^{2} to up to ${3} enemies within a ${2}-meter radius of the target within ${1} meters of You.	ปล่อยเปลวไฟที่เผาไหม้ศัตรู สร้างความเสียหายเวทย์มนตร์ Fire Ranged เท่ากับ MATK * ^{1}${4}%^{2}ไปจนถึงศัตรูสูงสุด${3}ภายในรัศมี${2}เมตรของเป้าหมายภายใน${1}เมตรจากคุณ
25393	Focus your mental energy to protect yourself. When you take damage, gain ^{1}^{2}【Energy Coat】^{3}^{4} for ${1} sec., increasing your damage reduction by ^{5}${2}%^{6}. Cooldown: ${3} sec.	เน้นพลังจิตเพื่อปกป้องตัวเองเมื่อคุณได้รับความเสียหาย ได้รับ ^{1}^{2}【Energy Coat】^{3}^{4}สำหรับ${1}วินาที ซึ่งจะเพิ่มการลดความเสียหายของคุณโดย ^{5}${2}%^{6}คูลดาวน์:${3}วินาที
25394	(Raises a finger) It's not for sale~ Just gather these materials for me: @{1} Fluffs, @{2} four-leaf Lucky Clovers, @{3} Pearls, and... (Lowers voice) the Cat Ear Hair Band my rival sells!	(ยกนิ้ว) ไม่มีขาย~ แค่รวบรวมอุปกรณ์เหล่านี้มาให้ฉัน:@{1}Fluffs,@{2}Lucky Clovers สี่แฉก,@{3}Pearls และ... (เสียงเบา) ยางรัดผมหู Cat ที่คู่แข่งขาย!
25395	When the effect ends, deals Poison melee Physical damage equal to @{3}% of Magic ATK that ignores FLEE to the target and up to @{2} enemies within a @{1}-meter radius, inflicting Poisoned.	เมื่อเอฟเฟกต์สิ้นสุดลง สร้างความเสียหายทางกายภาพระยะประชิดด้วยพิษเท่ากับ@{3}% ของ ATK เวทย์มนตร์ที่ไม่สนใจ FLEE ไปยังเป้าหมาย และสูงสุดศัตรู@{2}ภายในรัศมี@{1}เมตร ทำให้เกิดอาการพิษ
25396	A Life Skill specializing in felling all types of trees. Lumberjacks efficiently gather wood of different types and grades, supplying materials for Woodcarvers and other forms of woodcraft.	ทักษะ Life ที่เชี่ยวชาญในการตัดต้นไม้ทุกประเภท คนตัดไม้รวบรวมไม้ประเภทและเกรดต่างๆ ได้อย่างมีประสิทธิภาพ เพื่อจัดหาวัสดุสำหรับช่างแกะสลักไม้และงานหัตถกรรมไม้รูปแบบอื่นๆ
25397	A strange Plant with petals that radiate an ethereal glow. Gather it to obtain a high-grade Plant. ^{1}Used by the Chef Life Skill to make various restorative Potions and Cooking dishes^{2}	พืชประหลาดที่มีกลีบที่เปล่งประกายแวววาว รวบรวมมันเพื่อให้ได้พืชระดับสูง ↑{1}ใช้โดยทักษะ Life เชฟเพื่อปรุงยาและอาหารต่างๆ^{2}
25398	● Guild Member Material Donations increase the Guild's Battle Readiness level\n● Increasing the Guild's Battle Readiness level greatly boosts every Member's combat power during City Defense	● การบริจาควัสดุของสมาชิก Guild จะเพิ่มระดับความพร้อมรบของ Guild\n● การเพิ่มระดับความพร้อมรบของ Guild จะช่วยเพิ่มพลังการต่อสู้ของสมาชิกทุกคนในระหว่างการป้องกันเมืองอย่างมาก
25399	"What happened to you just now? You suddenly froze like a statue, and you even knocked over and shattered the ""Thought Form"" storage vial! I thought you'd caught some kind of desert fever..."	"เกิดอะไรขึ้นกับคุณเมื่อกี้? จู่ๆ คุณก็ตัวแข็งเหมือนรูปปั้น และถึงกับล้มขวดเก็บ ""แบบฟอร์มความคิด"" แตก! ฉันคิดว่าคุณติดไข้ทะเลทราย..."
25400	Premium sharpening Material infused with the essence of luminous gold. It gives Weapons astonishing sharpness.\nObtainable through ^{1}Life Skill - Miner^{2}. Used to Craft T@{1} Equipment.	วัสดุลับคมระดับพรีเมี่ยมผสมด้วยสาระสำคัญของทองคำเรืองแสงมันทำให้อาวุธมีความคมชัดอย่างน่าอัศจรรย์\n หาได้จาก ^{1}Life Skill - Miner^{2}ใช้ในการสร้างอุปกรณ์ T@{1}
25401	Axe and Mace skill. Swing your Axe to Move rapidly in front of the target, dealing Neutral Melee Physical DMG equal to PATK * ^{1}${3}%^{2} to up to ${2} enemies within a ${1}-meter radius.	Axe and Mace skill. เหวี่ยงขวานของคุณเพื่อเคลื่อนที่อย่างรวดเร็วไปด้านหน้าเป้าหมาย สร้างความเสียหายกายภาพระยะประชิดที่เป็นกลางเท่ากับ PATK * ^{1}${3}%^{2}ไปยังศัตรูสูงสุด${2}ภายในรัศมี${1}เมตร
25402	Commands the Ghost Wolf to attack, dealing ${1}% Neutral ranged Physical damage to one enemy unit. Every ${2}% Attack Speed grants an Extra ${3}% increase to this skill's damage multiplier.	ออกคำสั่งให้ Ghost Wolf โจมตี สร้างความเสียหายทางกายภาพระยะไกล${1}% ให้กับศัตรูหนึ่งยูนิตทุกความเร็วการโจมตีของ${2}% จะทำให้ตัวคูณความเสียหายของทักษะนี้เพิ่มขึ้น${3}% พิเศษ
25403	^{1}Offensive-type^{2} and ^{3}Recovery-type^{4} Primary Battle Skills can be cast while under Control. They Dispel Control from the owner and grant ^{5}^{6}【Immunity】^{7}^{8} for ${1} sec.	^{1}ประเภทรุก^{2}และ ^{3}ประเภทการกู้คืน^{4}ทักษะการต่อสู้หลักสามารถร่ายได้ในขณะที่อยู่ภายใต้การ Control พวกมันยกเลิกการ Control จากเจ้าของและให้ ^{5}^{6}【Immunity】^{7}^{8}เป็นเวลา${1}วินาที
25404	Launches a powerful attack against a targeted ST enemy within ${1} meters, dealing Physical ATK * ^{1}${3}%^{2} Neutral Physical DMG to the target and up to ${2} enemies in a straight line.	เปิดการโจมตีที่ทรงพลังต่อศัตรู ST เป้าหมายภายในระยะ${1}เมตร สร้าง ATK กายภาพ * ^{1}${3}%^{2}สร้างความเสียหายกายภาพเป็นกลางไปยังเป้าหมายและศัตรูสูงสุด${2}เป็นเส้นตรง
25405	Spear-exclusive skill. Thrusts at the target, dealing Neutral Ranged Physical damage totaling PATK * ^{1}${2}%^{2}+^{3}${3}^{4} over @{1} hits to the designated ST enemy within ${1} meters.	ทักษะเฉพาะ Spear แทงไปที่เป้าหมาย สร้างความเสียหายทางกายภาพในระยะไกลรวมเป็น PATK * ^{1}${2}%^{2}+^{3}${3}^{4}มากกว่า@{1}โจมตีศัตรู ST ที่กำหนดภายใน${1}เมตร
25406	(Her expression softens slightly, and she instinctively strokes the sweater) ...Hmph. At least you've got a good eye. My grandson will wear this to school, so of course it has to look nice.	(สีหน้าของเธออ่อนลงเล็กน้อย และเธอก็ลูบเสื้อสเวตเตอร์โดยสัญชาตญาณ) ... ฮึ่ม อย่างน้อยคุณก็ยังมีสายตาที่ดี หลานชายของฉันจะใส่ชุดนี้ไปโรงเรียน แน่นอนว่ามันจะต้องดูดี
25407	When dealing damage, deals ${1}% of the higher of Physical ATK and Magic ATK as Extra Neutral melee damage, with a ${2}% Chance to inflict Stun for ${3} sec. (internal cooldown: ${4} sec.).	เมื่อสร้างความเสียหาย สร้างความเสียหายระยะประชิดให้กับ${1}% ของ ATK กายภาพและเวทมนตร์ที่สูงกว่าเป็นความเสียหายระยะประชิดที่เป็นกลางเป็นพิเศษ โดยมีโอกาส${2}% ที่จะสร้างสตันเป็นเวลา${3}วินาที(คูลดาวน์ภายใน:${4}วินาที)
25408	After successfully repelling the monsters' assault, the seal remains intact. The heroes must now enter Redrock Fortress within the seal and defeat Fafnir to quell the beast once and for all.	หลังจากขับไล่การโจมตีของมอนสเตอร์ได้สำเร็จ ผนึกยังคงอยู่ครบถ้วน ตอนนี้เหล่าฮีโร่จะต้องเข้าไปในป้อม Redrock ภายในผนึกและเอาชนะ Fafnir เพื่อปราบสัตว์ร้ายครั้งแล้วครั้งเล่า
25409	Whether your future takes you through forest paths echoing with Orc roars, along desolate trails, or into the depths of an ancient castle, never forget the burning courage within your heart.	ไม่ว่าอนาคตของคุณจะพาคุณผ่านเส้นทางป่าที่สะท้อนเสียงคำรามของ Orc ตามเส้นทางรกร้าง หรือลึกเข้าไปในปราสาทโบราณ อย่าลืมความกล้าหาญอันเร่าร้อนในหัวใจของคุณ
25410	Thousands of years ago, the continent of Midgard suffered an unprecedented catastrophe. The Demon King Morroc invaded, while the colossal World Serpent Jormungand sought to devour the world.	เมื่อหลายพันปีก่อน ทวีป Midgard ประสบภัยพิบัติอย่างที่ไม่เคยเกิดขึ้นมาก่อนราชาปีศาจ Morroc บุกเข้ามา ในขณะที่ Serpent Jormungand แห่งโลกขนาดมหึมาพยายามจะกลืนกินโลก
25411	Beneath the dappled shade of the ^{3}third tree^{4} in front of the ^{1}Prontera Church^{2}, seek the spot where the most devout monk once stood for hours. His personal gift is hidden there.	ใต้ร่มเงาของ ^{3}ต้นไม้ที่สาม^{4}หน้า ^{1}Prontera Church^{2}ค้นหาจุดที่พระผู้ศรัทธามากที่สุดเคยยืนเป็นเวลาหลายชั่วโมง ของขวัญส่วนตัวของเขาซ่อนอยู่ที่นั่น
25412	Let out a Crazy Uproar to channel your luck and strength, increasing your and up to ${2} allies' STR by ^{1}${3}^{2} and Physical ATK by ^{3}${4}^{4} within a ${1}-meter radius for ${5} sec.	ปล่อยความโกลาหลสุดบ้าคลั่งเพื่อนำโชคและความแข็งแกร่งของคุณ เพิ่ม STR ของคุณและสูงถึง${2}พันธมิตรโดย ^{1}${3}^{2}และการโจมตีทางกายภาพโดย ^{3}${4}^{4}ภายใน${1}-รัศมีเมตรสำหรับ${5}วินาที
25413	Deals Neutral melee Physical damage equal to Pet Physical ATK*^{1}${3}%^{2} to up to ${2} enemies within a ${1}-meter radius and reduces their Physical DEF by ^{3}${4}%^{4} for ${5} seconds.	สร้างความเสียหายทางกายภาพระยะประชิดที่เป็นกลางเท่ากับ ATK ทางกายภาพของสัตว์เลี้ยง*^{1}${3}%^{2}สูงสุดถึง${2}ศัตรูภายในรัศมี${1}เมตร และลด DEF ทางกายภาพของพวกมันลง ^{3}${4}%^{4}สำหรับ${5}วินาที
25414	Increases the Maximum Number of Targets of ^{1}Recovery-type^{2} and ^{3}Offensive-type^{4} Primary Battle Skills by ${1}. (The number of designated targets for ST skills remains unchanged.)	เพิ่มจำนวนเป้าหมายสูงสุดของ ^{1}Recovery-type^{2}และ ^{3}Offensive-type^{4}Primary Battle Skills โดย${1}(จำนวนเป้าหมายที่กำหนดสำหรับทักษะ ST ยังคงไม่เปลี่ยนแปลง)
25415	Spear-exclusive skill. Uses Spear Throw on the target, dealing Neutral Ranged Physical damage totaling PATK * ^{1}${2}%+${3}^{2} over @{1} hits to the designated ST enemy within ${1} meters.	ทักษะเฉพาะ Spear ใช้ Spear ขว้างใส่เป้าหมาย สร้างความเสียหายทางกายภาพในระยะไกลรวมเป็น PATK * ^{1}${2}%+${3}^{2}เหนือ@{1}โจมตีศัตรู ST ที่กำหนดภายในระยะ${1}เมตร
25416	Eden Group Headquarters is recruiting Elite Adventurers to provide Utility support. Leave immediately and find Eden Group Instructor Boya in Payon. Tell her you're the candidate I Suggested.	สำนักงานใหญ่ Eden Group กำลังรับสมัคร Adventurers ชั้นยอดเพื่อให้การสนับสนุนด้านสาธารณูปโภค Leave ไปทันทีแล้วไปหา Eden Group Instructor Boya ในเมือง Payon บอกเธอว่าคุณคือผู้สมัครที่ฉันแนะนำ
25417	(Irritably) Don't bother! It's a bunch of Vocals! For some crazy reason, they've been holding concerts in my attic at midnight. All that clanging and banging is about to bring down the roof!	(หงุดหงิด) อย่ารำคาญ! มันเป็นพวงของนักร้อง! ด้วยเหตุผลบ้าบอบางอย่าง พวกเขาจัดคอนเสิร์ตในห้องใต้หลังคาของฉันตอนเที่ยงคืน เสียงที่ดังกึกก้องและกระแทกทั้งหมดนั้นกำลังจะพังหลังคาลง!
25418	@{1}.Divine Art Totems of the same quality can be combined, randomizing their attributes and skills\n@{2}.Combining Divine Art Totems allows their number of skills to exceed the Initial limit	@{1}.Divine Art Totems ที่มีคุณภาพเดียวกันสามารถนำมารวมกันได้ โดยสุ่มคุณลักษณะและทักษะของพวกมัน\n@{2} การรวม Divine Art Totems เข้าด้วยกันจะทำให้จำนวนทักษะเกินขีดจำกัดเริ่มต้น
25419	During this phase, guilds that are outbid and drop off the rankings may select Increase Bid for this map again within @{1} minutes. Once time expires, they will forfeit and can no longer bid.	ในช่วงนี้ กิลด์ที่มีการประมูลสูงกว่าและหลุดอันดับอาจเลือกเพิ่มการเสนอราคาสำหรับแผนที่นี้อีกครั้งภายใน@{1}นาทีเมื่อหมดเวลาจะถือว่าสละสิทธิ์และไม่สามารถประมูลได้อีกต่อไป
25420	After every ^{1}${1}^{2} casts of 【Magic Crasher】, the skill multiplier of the next @{1} casts of 【Magic Crasher】 increases by ^{3}${2}%^{4}, and their fixed damage increases by ^{5}${3}^{6}.	หลังจากทุกๆ ^{1}${1}^{2}ร่ายของ 【Magic Crasher】 ตัวคูณทักษะของการร่าย@{1}ครั้งถัดไปของ 【Magic Crasher】 จะเพิ่มขึ้น ^{3}${2}%^{4}และความเสียหายคงที่ของมันจะเพิ่มขึ้น ^{5}${3}^{6}.
25421	Baphomet returns to the center of the field, then continuously unleashes ^{1}scythe slashes around him^{2}. Players must ^{3}keep evading the scythes^{4}. Players hit by a scythe take damage.	Baphomet กลับมาที่กลางสนามแล้วปล่อยอย่างต่อเนื่อง ^{1}เคียวฟันไปรอบตัวเขา^{2}ผู้เล่นจะต้อง ^{3}คอยหลบเลี่ยงเคียว^{4}ผู้เล่นที่ถูกโจมตีด้วยเคียวจะได้รับความเสียหาย
25422	The Novice Trial is easy. Complete two basic quests to prove you have the potential to take on a regular job. Then you'll receive proof that allows you to go to Prontera for your Job Advance.	การทดลองใช้งานมือใหม่เป็นเรื่องง่ายทำภารกิจพื้นฐานสองภารกิจให้สำเร็จเพื่อพิสูจน์ว่าคุณมีศักยภาพที่จะทำงานประจำได้จากนั้นคุณจะได้รับหลักฐานที่อนุญาตให้คุณไปที่ Prontera เพื่อเลื่อนตำแหน่งงานล่วงหน้าได้
25423	Your guild maintained an Active rating of [Very Inactive] for ${1} consecutive weeks and has been disbanded according to System rules. Open the guild list to apply to a new guild. [Apply Now]	กิลด์ของคุณคงระดับแอคทีฟไว้ที่ [Very Inactive] สำหรับ${1}สัปดาห์ติดต่อกัน และถูกยกเลิกตามกฎของระบบ Open รายชื่อกิลด์เพื่อสมัครกิลด์ใหม่[Apply Now]
25424	Talk is cheap. As it happens, I know an abandoned Peco Peco racetrack. How about a race between your giant ant and my Peco Peco? Let the results speak for themselves. Unless... you're afraid?	Talk ราคาถูกเมื่อมันเกิดขึ้น ฉันรู้จักสนามแข่ง Peco Peco ที่ถูกทิ้งร้างแล้วการแข่งขันระหว่างมดยักษ์ของคุณกับ Peco Peco ของฉันล่ะ? ปล่อยให้ผลลัพธ์พูดเพื่อตัวเองเว้นแต่... คุณจะกลัว?
25425	The Novice Trial is Easy. Complete ^{1}two Basic Quests^{2} to prove you have the potential for a Regular job. Then you'll receive certification and can head to Prontera for your Job Advance.	การทดลองใช้งานมือใหม่เป็นเรื่องง่ายสำเร็จ ^{1}สองภารกิจพื้นฐาน^{2}เพื่อพิสูจน์ว่าคุณมีศักยภาพสำหรับงานประจำจากนั้นคุณจะได้รับใบรับรองและสามารถไปที่ Prontera เพื่อเลื่อนตำแหน่งงานล่วงหน้าได้
25426	You're right. It was all my fault... Once we get back and organize the cargo, we'll be ready to take off. Let's return to Izlude first. I promise I'll reward you handsomely when we get there!	คุณพูดถูกทั้งหมดเป็นความผิดของฉันเอง... เมื่อเรากลับมาจัดสินค้าแล้ว เราก็พร้อมที่จะออกเดินทางกลับไปที่อิซลูเดก่อนฉันสัญญาว่าฉันจะตอบแทนคุณอย่างงามเมื่อเราไปถึงที่นั่น!
25427	Wait, did that Pet of yours just talk? My goodness! Is it a Poring mutant, or perhaps a highly intelligent Demon? It's an invaluable specimen for live dissection... No, for academic research!	เดี๋ยวนะ สัตว์เลี้ยงของคุณเพิ่งพูดเหรอ? พระเจ้าของฉัน! มันเป็น Poring กลายพันธุ์หรือบางทีอาจเป็นปีศาจที่ชาญฉลาดมาก? เป็นตัวอย่างอันล้ำค่าสำหรับการผ่าศพแบบสด... ไม่สิ สำหรับการวิจัยทางวิชาการ!
25428	"Ahem... Don't talk nonsense. Remember, this is 30% LUK and 70% Fortify. Don't blame me if it breaks. After all, I'm just a humble Blacksmith who ""delivers"" the Goddess of Fortune's blessings."	"เอิ่ม... อย่าพูดเรื่องไร้สาระสิ โปรดจำไว้ว่านี่คือ 30% LUK และ 70% Fortify อย่าโทษฉันเลยถ้ามันพัง ท้ายที่สุดแล้ว ฉันเป็นเพียงช่างตีเหล็กผู้ต่ำต้อยที่ ""มอบ"" คำอวยพรของเทพธิดาแห่งโชคลาภ"
25429	Dive toward a designated location within @{1} m. Upon impact, inflict ^{1}【Silence】^{2} for @{4} sec and deal damage equal to ATK * ^{3}@{5}%^{4} to up to @{3} enemies within a @{2} m radius.	ดำดิ่งไปยังสถานที่ที่กำหนดภายใน@{1}ม. เมื่อปะทะ สร้างความเสียหาย ^{1}【Silence】^{2}เป็นเวลา@{4}วินาทีและสร้างความเสียหายเท่ากับ ATK * ^{3}@{5}%^{4}โจมตีศัตรูสูงสุด@{3}ภายในระยะ@{2}m รัศมี
25430	When casting a ^{1}Shield-type^{2} or ^{3}Dispel-type^{4} Primary Battle Skill, reduces the DMG the owner takes from players' Normal Attack-type skills by ^{5}${2}%^{6} for the next ${1} sec.	เมื่อร่าย ^{1}Shield-type^{2}หรือ ^{3}Dispel-type^{4}Primary Battle Skill จะลด DMG ที่เจ้าของได้รับจากทักษะประเภท Normal Attack ของผู้เล่นโดย ^{5}${2}%^{6}สำหรับ${1}วินาทีถัดไป
25431	When casting a ^{1}Shield-type^{2} or ^{3}Immunity-type^{4} Primary Battle Skill, reduces the damage dealt by up to ${2} enemies within ${1} meters of the owner by ^{5}${3}%^{6} for ${4} sec.	เมื่อร่าย ^{1}Shield-type^{2}หรือ ^{3}Immunity-type^{4}Primary Battle Skill จะลดความเสียหายที่สร้างโดยศัตรูสูงสุด${2}ภายใน${1}เมตรของเจ้าของ ^{5}${3}%^{6}สำหรับ${4}วินาที
25432	Launch fireballs in all directions, dealing Magic ATK*^{1}${3}%+${4}^{2} Fire ranged magic damage to up to ${2} enemies within a ${1}-meter radius, and ^{3}knocking them back^{4} ${5} meters.	ยิงลูกไฟออกไปทุกทิศทุกทาง สร้างความเสียหายเวทย์*^{1}${3}%+${4}^{2}สร้างความเสียหายเวทย์จากระยะไกลสูงสุดถึง${2}ศัตรูภายในรัศมี${1}เมตร และ ^{3}กระแทกพวกมันกลับ^{4}${5}เมตร
25433	@{1}.Consume cards of the same name to advance a card.\n@{2}.Tap the ^{1}Preview^{2} button to see how the card's effects change after advancement.\n@{3}.Collection Cards can also be advanced.	@{1}. ใช้การ์ดที่มีชื่อเดียวกันเพื่อเลื่อนระดับการ์ด\n@{2}. แตะปุ่ม ^{1}ดูตัวอย่าง^{2} เพื่อดูว่าเอฟเฟกต์ของการ์ดเปลี่ยนแปลงไปอย่างไรหลังจากการเลื่อนระดับ\n@{3}. การ์ดสะสมยังสามารถเลื่อนระดับได้
25434	Well, this is a surprise. That gift box You're holding needs a proper decorative case, right? I can make one, but I'll need the fragrant wood that only grows around the roots of ancient trees.	นี่ก็เซอร์ไพรส์นะกล่องของขวัญที่คุณถืออยู่นั้นจำเป็นต้องมีกล่องตกแต่งที่เหมาะสมใช่ไหม? ฉันทำเองได้ แต่ฉันต้องการไม้หอมที่ปลูกได้เฉพาะบริเวณรากของต้นไม้โบราณเท่านั้น
25435	This arena gives young people from across the kingdom a chance to test their skills. It summons different monsters to duel you based on your level. So, would you like to take on the challenge?	เวทีนี้เปิดโอกาสให้คนรุ่นใหม่จากทั่วราชอาณาจักรได้ทดสอบทักษะของตนเองมันเรียกสัตว์ประหลาดต่าง ๆ มาต่อสู้กันตามระดับของคุณคุณอยากจะท้าทายไหม?
25436	It's time for you to Craft your own advanced equipment. Here—this high-grade Material is a gift from the Academy. Use it for practice. Go on, give it a try! I bet you'll Craft a golden Legend!	ถึงเวลาที่คุณจะต้องประดิษฐ์อุปกรณ์ขั้นสูงของคุณเองแล้วที่นี่—วัสดุคุณภาพสูงนี้เป็นของขวัญจาก Academy ใช้สำหรับการปฏิบัติเอาเลย ลองดูสิ! ฉันพนันได้เลยว่าคุณจะต้องสร้างตำนานทองคำ!
25437	A Tavern gift item purchased from the Shop.\nSelect a player in a Tavern room to send them this gift. The recipient gains ^{1}@{1} Star Power^{2}, while the room gains ^{3}@{2} Popularity^{4}.	รายการของขวัญ Tavern ที่ซื้อจากร้านค้า\n เลือกผู้เล่นในห้อง Tavern เพื่อส่งของขวัญนี้ให้พวกเขา ผู้รับจะได้รับ ^{1}@{1}Star Power^{2}ในขณะที่ห้องจะได้รับ ^{3}@{2}Popularity^{4}
25438	After ^{1}^{2}【Fire Ball】^{3}^{4} hits the primary target, it deals Fire Ranged Magic damage equal to MATK*^{9}${3}%+${4}^{10} to up to ^{7}${2}^{8} enemies within a ^{5}${1}^{6}-meter radius.	หลังจาก ^{1}^{2}【Fire Ball】^{3}^{4}เข้าถึงเป้าหมายหลัก มันจะสร้างความเสียหายเวทย์มนตร์ยิงระยะไกลเท่ากับ MATK*^{9}${3}%+${4}^{10}สูงสุดถึง ^{7}${2}^{8}ศัตรูภายใน ^{5}${1}^{6}-รัศมีเมตร
25439	Based on the Placement Objective, select item @{1} to place. Note that the Design on the bottom of the selected item must match the one on top of the item on the board for successful placement.	ขึ้นอยู่กับวัตถุประสงค์ของตำแหน่ง ให้เลือกรายการ@{1}ที่จะวางโปรดทราบว่าการออกแบบที่ด้านล่างของรายการที่เลือกจะต้องตรงกับการออกแบบที่อยู่ด้านบนของรายการบนกระดานเพื่อการจัดวางที่ประสบความสำเร็จ
25440	This ^{1}【Pathfinder Ant】^{2} is a Piere we captured. It's instinctively drawn to the queen ant's pheromones. Release it inside Ant Hell, and it'll lead you to the entrance of the queen's nest.	นี่ ^{1}【Pathfinder Ant】^{2}คือ Piere ที่เราจับได้มันดึงดูดฟีโรโมนของราชินีมดโดยสัญชาตญาณปล่อยมันเข้าไปใน Ant Hell แล้วมันจะพาคุณไปสู่ทางเข้ารังของราชินี
25441	Dive at a target location within @{1} meters. Upon impact, inflict ^{1}【Slow】^{2} for @{4} seconds and deal damage equal to ATK * ^{3}@{5}%^{4} to up to @{3} enemies within a @{2}-meter radius.	ดำน้ำไปยังตำแหน่งเป้าหมายภายในระยะ@{1}เมตรเมื่อปะทะ สร้างความเสียหาย ^{1}【Slow】^{2}เป็นเวลา@{4}วินาทีและสร้างความเสียหายเท่ากับ ATK * ^{3}@{5}%^{4}ให้กับศัตรูสูงสุด@{3}ภายในระยะ@{2}-meter รัศมี
25442	Grants 【Shadow Hoofprint】 to up to ${2} allies within a ${1}-meter radius of the master, increasing Movement Speed by ^{1}${3}%^{2} and Physical and Magic ATK by ^{3}${4}%^{4} for ${5} seconds.	มอบ 【Shadow Hoofprint】ให้กับพันธมิตร${2}ภายในรัศมี${1}เมตรของต้นแบบ เพิ่มความเร็วในการเคลื่อนที่ขึ้น ^{1}${3}%^{2}และ ATK กายภาพและเวทมนตร์โดย ^{3}${4}%^{4}สำหรับ${5}วินาที
25443	Creates an ^{1}${1}^{2}-second 【Ember Zone】 that deals ranged Fire magic damage equal to Magic ATK * ^{7}${4}%+${5}^{8} to up to ^{5}${3}^{6} enemies within the area every ^{3}${2}^{4} seconds.	สร้าง ^{1}${1}^{2}-วินาที 【Ember Zone】 ที่สร้างความเสียหายเวทย์ไฟระยะไกลเท่ากับพลังโจมตีเวทย์ * ^{7}${4}%+${5}^{8}สูงสุดถึง ^{5}${3}^{6}ศัตรูภายในพื้นที่ทุกๆ ^{3}${2}^{4}วินาที
25444	The previous phase's barrage has greatly reduced Fafnir's Life and ATK. Now is the perfect time to finish it off. Warriors, assemble and enter the inner arena for the final showdown with Fafnir.	การโจมตีในระยะที่แล้วได้ลดพลัง Life และ ATK ของ Fafnir ลงอย่างมากตอนนี้เป็นเวลาที่เหมาะสมที่สุดที่จะจบเรื่องนี้นักรบ รวบรวมและเข้าสู่สังเวียนด้านในเพื่อประลองครั้งสุดท้ายกับ Fafnir
25445	^{1}^{2}[Heal]^{3}^{4} has a ${1}% Chance to Splash to ${3} Other allies within ${2} meters of the target, restoring the same Healing Volume as the skill itself. Internal Cooldown: ${4} seconds.	^{1}^{2}[Heal]^{3}^{4}มีโอกาส${1}% ที่จะกระจายไปยัง${3}พันธมิตรอื่นๆ ที่อยู่ภายในระยะ${2}เมตรของเป้าหมาย โดยจะฟื้นฟูปริมาณการรักษาเท่ากับตัวทักษะเองคูลดาวน์ภายใน:${4}วินาที
25446	Ilmata plays a rousing movement and ^{1}summons clones at the statues around the temple^{2}. The clones periodically ^{3}release shock waves that deal minor damage in long rectangular areas^{4}.	อิลมาตาแสดงการเคลื่อนไหวอันเร้าใจ และ ^{1}เรียกร่างโคลนมาที่รูปปั้นรอบๆ วิหาร^{2}โคลนนิ่งเป็นระยะ ^{3}ปล่อยคลื่นกระแทกที่สร้างความเสียหายเล็กน้อยในพื้นที่สี่เหลี่ยมยาว^{4}
25447	The last time my son came home to get some clothes, his eyes were bloodshot, and he could barely stay awake on his feet! He called it “voluntary extra training,” but I say he’s been brainwashed!	"ครั้งสุดท้ายที่ลูกชายของฉันกลับมาบ้านเพื่อซื้อเสื้อผ้า ดวงตาของเขาแดงก่ำ และเขาแทบจะตื่นแทบไม่ไหว! เขาเรียกมันว่า ""การฝึกพิเศษโดยสมัครใจ"" แต่ฉันบอกว่าเขาถูกล้างสมองแล้ว!"
25448	John, the last time you came home was three months ago. You ate, said you'd wash the dishes later, then rushed off for an “emergency assembly.” I've been waiting for you to wash them ever since.	"John ครั้งสุดท้ายที่คุณกลับบ้านคือเมื่อสามเดือนที่แล้วคุณกินข้าว บอกว่าจะล้างจานทีหลัง จากนั้นก็รีบไป ""ประชุมฉุกเฉิน""ฉันรอให้คุณล้างมันตั้งแต่นั้นมา"
25449	After the sarcophagus dragged you away, Pharaoh disappeared as well. If you hadn't stepped Forward and lured it away, all of us would probably be nothing but bleached bones in the desert by now.	หลังจากที่โลงศพลากท่านออกไปแล้ว Pharaoh ก็หายตัวไปเช่นกัน ถ้าคุณไม่ก้าวไปข้างหน้าและล่อมันออกไป พวกเราทุกคนคงจะเป็นเพียงกระดูกขาวในทะเลทรายในตอนนี้
25450	Has a deeper understanding of the trade and can skillfully use its tools and materials. Unlocks the second Craft Slot and a wider selection of abilities, allowing a personal style to take shape.	มีความเข้าใจอย่างลึกซึ้งเกี่ยวกับการค้าขายและสามารถใช้เครื่องมือและวัสดุได้อย่างเชี่ยวชาญปลดล็อค Craft Slot อันที่ 2 และตัวเลือกความสามารถที่หลากหลายยิ่งขึ้น ทำให้สไตล์ส่วนตัวเป็นรูปเป็นร่าง
25451	An ore from the dwarven realm of Wat Alheim, said to have received the Blessing of a legendary dwarven craftsman.\n^{1}Effect: Used to Refine Armor. Prevents level loss if Refinement Failed.^{2}	แร่จากอาณาจักรคนแคระแห่งวัดอัลไฮม์ ว่ากันว่าได้รับ Blessing จากช่างฝีมือคนแคระในตำนาน\n^ เอฟเฟกต์{1}: ใช้เพื่อปรับแต่งชุดเกราะป้องกันการสูญเสียระดับหากการปรับแต่งล้มเหลว^{2}
25452	Goat grants the owner ^{1}【Savage Shield】^{2}^{3} equal to the owner's Max HP * ^{4}${2}%^{5}. While the Shield is Active, reduces Ranged Physical DMG taken by ^{6}${3}%^{7}. Lasts ${4} seconds.	Goat มอบให้เจ้าของ ^{1}【Savage Shield】^{2}^{3}เท่ากับ Max HP ของเจ้าของ * ^{4}${2}%^{5}. ในขณะที่โล่ทำงาน จะลดความเสียหายทางกายภาพระยะไกลที่ได้รับโดย ^{6}${3}%^{7}คงอยู่${4}วินาที
25453	Increases the Maximum Number of Targets of ^{1}Debuff-type^{2} and ^{3}Control-type^{4} Primary Battle Skills by ^{5}${1}^{6}. (The number of designated targets for ST skills remains unchanged.)	เพิ่มจำนวนเป้าหมายสูงสุดของ ^{1}Debuff-type^{2}และ ^{3}Control-type^{4}Primary Battle Skills โดย ^{5}${1}^{6}(จำนวนเป้าหมายที่กำหนดสำหรับทักษะ ST ยังคงไม่เปลี่ยนแปลง)
25454	Dagger-exclusive skill. Deals Neutral melee Physical damage totaling PATK * ^{1}${4}%*(${5}+ASPD*${6}%)^{2} to up to ${3} enemies within a ${2}-meter radius centered ${1} meters in front of You.	ทักษะพิเศษเฉพาะ Dagger สร้างความเสียหายทางกายภาพระยะประชิดที่เป็นกลาง รวม PATK * ^{1}${4}%*(${5}+ASPD*${6}%)^{2}สูงสุดถึง${3}ศัตรูภายในรัศมี${2}มีศูนย์กลางเป็นเมตร${1}เมตรต่อหน้าคุณ
25455	Unlocked by ranking between @{1} and @{2} on the Entire Server in the Hunting Challenge.\n(After clearing the Challenge, the item will be sent to the Guild Master's mail. Use it to unlock this.)	ปลดล็อคโดยอันดับระหว่าง@{1}และ@{2}บนเซิร์ฟเวอร์ทั้งหมดใน Hunting Challenge\n(หลังจากเคลียร์ Challenge ได้แล้ว ไอเทมจะถูกส่งไปยังจดหมายของ Guild Master ใช้ปลดล็อคสิ่งนี้)
25456	Your Reputation Score affects the review time.\nYour Reputation Score is updated daily at 5:00. Updates affect that day's review time.\nFollowing the rules helps maintain a good Reputation Score.	คะแนนชื่อเสียงของคุณส่งผลต่อเวลาในการตรวจสอบ\n คะแนนชื่อเสียงของคุณอัพเดททุกวันเวลา 5:00 น. การอัปเดตส่งผลต่อเวลาในการตรวจสอบของวันนั้น\n การปฏิบัติตามกฎจะช่วยรักษาคะแนนชื่อเสียงที่ดี
25457	Ilmata plays a merciless demonic melody and ^{1}summons jellyfish that damage the entire field^{2}. Players must ^{3}remain inside the safe zone at all times^{4} or ^{5}take Damage over Time^{6}.	อิลมาตาเล่นทำนองปีศาจอย่างไร้ความปรานี และ ^{1}เรียกแมงกะพรุนที่สร้างความเสียหายให้กับทั้งสนาม^{2}ผู้เล่นจะต้อง ^{3}อยู่ในโซนปลอดภัยตลอดเวลา^{4}หรือ ^{5}ได้รับความเสียหายเมื่อเวลาผ่านไป^{6}
25458	Moonlight Flower charges a Bell, then ^{1}quickly swaps the positions of @{1} Bells at random^{2}. Players must ^{3}track and destroy the Bell that was initially charged^{4} or take heavy damage.	Moonlight Flower ชาร์จกระดิ่ง จากนั้น ^{1}สลับตำแหน่งของ@{1}Bells อย่างรวดเร็วโดยการสุ่ม^{2}ผู้เล่นจะต้อง ^{3}ติดตามและทำลายกระดิ่งที่ถูกชาร์จครั้งแรก^{4}หรือได้รับความเสียหายอย่างหนัก
25459	Oh! You're the new recruit from the Eden Group! My eyesight's just like my Lain's—I can't tell people from animals at five meters, and at ten meters, the whole world's one big happy blur. Hahaha!	โอ้! คุณคือสมาชิกใหม่จาก Eden Group! สายตาของฉันเหมือนกับสายตาเลนของฉัน ฉันไม่สามารถบอกผู้คนจากสัตว์ที่ความสูงห้าเมตร และที่สิบเมตร ภาพเบลออันแสนสุขครั้งใหญ่ของโลกได้ฮ่าๆๆ!
25460	Dear Player,\nThe penalty period for your Trade Market transaction at ${8} 【Trade Item:${1}, Trade Amount:${5}, Order No.:${7}】 has ended.\nPlease collect your final proceeds from the attachment.	เรียนผู้เล่น\n ระยะเวลาการลงโทษสำหรับธุรกรรมในตลาดการค้าของคุณที่${8}【สินค้าการค้า:${1}, จำนวนการค้า:${5}, หมายเลขคำสั่งซื้อ:${7}】 ได้สิ้นสุดลงแล้ว\n โปรดรวบรวมรายได้สุดท้ายของคุณจากไฟล์แนบ
25461	Your guild 【${1}】 cleared the 【${3}】 stage on 【${2}】 difficulty during this event. However, because your Backpack was full, the rewards were sent by mail. Please collect them from the attachment.	กิลด์ของคุณ 【${1}】 ได้ผ่านด่าน 【${3}】 ในระดับความยาก 【${2}】 ในระหว่างกิจกรรมนี้อย่างไรก็ตาม เนื่องจากกระเป๋าเป้ของคุณเต็มแล้ว รางวัลจึงถูกส่งทางไปรษณีย์กรุณารวบรวมจากเอกสารแนบ
25462	Give me one evening, and I'll prove that everything you've worked for has merely been preparing you to join us! What do you say? Will you give yourself a chance to reach out and touch the future?	ขอเวลาเย็นวันหนึ่ง แล้วฉันจะพิสูจน์ว่าทุกสิ่งที่คุณทำมานั้นเป็นเพียงการเตรียมคุณให้มาร่วมงานกับเราเท่านั้น! คุณพูดอะไร? คุณจะให้โอกาสตัวเองในการเข้าถึงและสัมผัสอนาคตหรือไม่?
25463	Remember, the Second Job isn't the end. It's your ticket to even harsher adventures. From this day forward, you'll shoulder greater responsibilities. Don't disappoint me or those who support you.	จำไว้ว่า งานที่สองไม่ใช่จุดสิ้นสุดมันเป็นตั๋วของคุณไปสู่การผจญภัยที่ดุเดือดยิ่งขึ้นตั้งแต่วันนี้เป็นต้นไป คุณจะต้องแบกรับความรับผิดชอบที่มากขึ้นอย่าทำให้ฉันผิดหวังหรือผู้ที่สนับสนุนคุณ
25464	Pressing the button produces a blue flash. Anyone who sees the light seems to forget part of their memory, allowing their skill tree to be wiped clean.\n^{1}Use: Resets allocated skill points^{2}	การกดปุ่มจะทำให้เกิดไฟกะพริบสีน้ำเงินใครก็ตามที่เห็นแสงสว่างดูเหมือนจะลืมส่วนหนึ่งของความทรงจำ ทำให้ผังทักษะของพวกเขาถูกล้างออกไป\n^{1}ใช้: รีเซ็ตคะแนนทักษะที่จัดสรร^{2}ตัวอย่าง
25465	A highest-ranking cleric who has mastered extremely advanced Holy magic. The Exorciser Priest gains stronger Holy magic with greater Burst damage, along with AoE crowd control on the battlefield.	นักบวชระดับสูงที่เชี่ยวชาญเวทมนตร์ศักดิ์สิทธิ์ขั้นสูงสุด นักบวชผู้ขับไล่ได้รับเวทมนตร์ศักดิ์สิทธิ์ที่แข็งแกร่งขึ้นพร้อมความเสียหายแบบ Burst ที่มากขึ้น พร้อมด้วยการควบคุมฝูงชนแบบ AoE ในสนามรบ
25466	Summons sacred lilies to bloom and shower the area with petals, increasing the MATK and PATK of You and ^{1}^{2}Party Members^{3}^{4} within a ${1}-meter radius by ^{5}${2}%^{6} for ${3} seconds.	เรียกดอกลิลลี่ศักดิ์สิทธิ์มาบานสะพรั่งและโปรยกลีบบริเวณนั้น เพิ่ม MATK และ PATK ของคุณและ ^{1}^{2}Party Members^{3}^{4}ภายในรัศมี${1}-meter โดย ^{5}${2}%^{6}สำหรับ${3}วินาที
25467	Rainbow Ferus breathes flames, continuously dealing Neutral melee Physical damage equal to PATK*^{1}${4}%^{2} to up to ${3} enemies in a ${1}-meter-by-${2}-meter area in the designated direction.	Rainbow Ferus พ่นเปลวไฟ สร้างความเสียหายทางกายภาพระยะประชิดที่เป็นกลางอย่างต่อเนื่องเท่ากับ PATK*^{1}${4}%^{2}ไปจนถึงศัตรูสูงสุด${3}ในพื้นที่${1}เมตรต่อ${2}เมตรในทิศทางที่กำหนด
25468	【Spear Formation - Crescent Moon】causes 1 Extra pull, increases each hit's percentage damage multiplier by ^{1}${2}%^{2}, and changes the duration of the applied 【Over Brand】 to ^{3}${1}^{4} sec.	【Spear Formation - Crescent Moon】ทำให้เกิดการดึงพิเศษ 1 ครั้ง เพิ่มตัวคูณเปอร์เซ็นต์ความเสียหายของการโจมตีแต่ละครั้งด้วย ^{1}${2}%^{2}และเปลี่ยนระยะเวลาของการใช้ 【Over Brand】 เป็น ^{3}${1}^{4}วินาที
25469	Creates a launch zone at Your Position. Any Enemy Team member who enters is knocked away, effectively dividing the battlefield, helping Fortify teammates, or disrupting the Enemy Team's formation.	สร้างโซนเปิดตัวที่ตำแหน่งของคุณสมาชิกทีมศัตรูคนใดก็ตามที่เข้ามาจะถูกกระเด็นออกไป แบ่งสนามรบอย่างมีประสิทธิภาพ ช่วยเสริมกำลังเพื่อนร่วมทีม หรือขัดขวางการก่อตัวของทีมศัตรู
25470	This mode divides players into Escort and Raider factions:\nThe guild transporting the supplies is the Escort faction, while all other guilds are Raiders.\nSee the following tabs for more details.	โหมดนี้แบ่งผู้เล่นออกเป็นกลุ่ม Escort และ Raider:\n กิลด์ที่ขนส่งเสบียงคือฝ่าย Escort ในขณะที่กิลด์อื่นๆ ทั้งหมดเป็น Raiders\n ดูแท็บต่อไปนี้สำหรับรายละเอียดเพิ่มเติม
25471	Osiris gathers^{1}dark energy^{2}, unleashes^{3}a pulse attack ahead^{4}, and continuously rotates @{1}° toward the target while repeatedly summoning bandages to^{5}lash the target's location^{6}.	Osiris รวบรวม^{1}พลังงานมืด^{2}ปลดปล่อย^{3}การโจมตีชีพจรที่อยู่ข้างหน้า^{4}และหมุน@{1}° ไปยังเป้าหมายอย่างต่อเนื่อง พร้อมทั้งเรียกผ้าพันแผลซ้ำๆ เพื่อ^{5}ฟาดฟันของเป้าหมายตำแหน่ง^{6}.
25472	The fuse is a little short, so you have to run the moment it's lit. Remind whoever lights the Fireworks to be quick on their feet. Or maybe You could first help me find a way to lengthen the fuse?	ฟิวส์สั้นนิดหน่อย ต้องวิ่งทันทีที่ไฟสว่างเตือนใครก็ตามที่จุด Fireworks ให้ลุกขึ้นอย่างรวดเร็วหรือบางทีคุณอาจช่วยฉันหาวิธีทำให้ฟิวส์ยาวขึ้นก่อนได้?
25473	Has reached the pinnacle of the craft and can create ingenious masterpieces. Unlocks the fourth Craft Slot and allows Rare abilities to be learned, further strengthening the trade's unique traits.	มาถึงจุดสุดยอดของงานฝีมือและสามารถสร้างผลงานชิ้นเอกอันชาญฉลาดได้ปลดล็อคช่องคราฟต์ที่สี่และอนุญาตให้เรียนรู้ความสามารถระดับแรร์ เสริมความแข็งแกร่งให้กับลักษณะเฉพาะของการค้าขาย
25474	A premium @{1}-carat diamond whose dazzling, laser-like brilliance grants greater power to weapons and accessories.\n^{1}Use: Can be used to Enhance weapons and accessories from +@{2} to +@{3}^{2}	เพชรกะรัต@{1}ระดับพรีเมียมที่มีความแวววาวดุจเลเซอร์ทำให้อาวุธและอุปกรณ์เสริมมีพลังมากขึ้น\n^{1}การใช้งาน: สามารถใช้อัพเกรดอาวุธและอุปกรณ์เสริมได้ตั้งแต่ +@{2}ถึง +@{3}^{2}
25475	Fireworks and love both last forever in a single fleeting moment!\n^{1}Intimacy +@{1}, recipient's Popularity +@{2}, your Hearts +@{3}\nGiving this gift will trigger an Entire Server announcement!	Fireworks และความรักจะคงอยู่ชั่วขณะเดียว!\n^{1}ความใกล้ชิด +@{1}ความนิยมของผู้รับ + ​​@{2}, หัวใจของคุณ +@{3}\n การให้ของขวัญนี้จะทำให้เกิดการประกาศทั้งเซิร์ฟเวอร์!
25476	Geographer calls upon the power of the earth, raising the surrounding ground and dealing a total of Pet Magic ATK*^{1}${3}%^{2} Neutral melee Magic damage to up to ${2} enemies within ${1} meters.	Geographer เรียกพลังแห่งโลก ยกระดับพื้นที่โดยรอบและสร้าง Pet Magic ATK รวม*^{1}${3}%^{2}สร้างความเสียหายเวทย์ระยะประชิดแบบเป็นกลาง ให้กับศัตรู${2}สูงสุดในระยะ${1}เมตร
25477	Squidgitte restores ^{3}Life^{4} equal to Magic ATK*^{1}${3}%^{2} to itself and up to ${2} allied targets within ${1} meters, reducing the Water damage they take by ^{5}${4}%^{6} for ${5} seconds.	Squidgitte ฟื้นฟู ^{3}Life^{4}เท่ากับพลังโจมตีเวทย์*^{1}${3}%^{2}ให้กับตัวเองและเป้าหมายพันธมิตรสูงสุด${2}ภายใน${1}เมตร ซึ่งช่วยลดความเสียหายจากน้ำใช้เวลาโดย ^{5}${4}%^{6}เป็นเวลา${5}วินาที
25478	Every @{1} casts of 【Enlightenment】 causes all targets HIT to take damage again and increases your Move Speed.\nThe Extra damage sends a wisp of 【Will】 back to you, restoring a charge of 【Stigma】.	ทุกๆ การร่าย 【Enlightenment】 ของ@{1}จะทำให้เป้าหมายทั้งหมดที่ถูกโจมตีได้รับความเสียหายอีกครั้ง และเพิ่มความเร็วในการเคลื่อนที่ของคุณ\n ความเสียหายพิเศษจะส่ง 【Will】 กลับไปหาคุณ และฟื้นฟูชาร์จของ 【Stigma】
25479	While riding a dragon, increases Movement Speed by ^{1}${1}%^{2} and increases the damage of ^{3}^{4}【Dragon Breath (Fire)】^{5}^{6} and ^{7}^{8}【Dragon Breath (Water)】^{9}^{10} by ^{11}${2}%^{12}.	ขณะขี่มังกร เพิ่มความเร็วในการเคลื่อนที่ขึ้น ^{1}${1}%^{2}และเพิ่มความเสียหายของ ^{3}^{4}【Dragon Breath (Fire)】^{5}^{6}และ ^{7}^{8}【Dragon Breath (Water)】^{9}^{10}โดย ^{11}${2}%^{12}.
25480	They've been sitting at the most efficient monster-farming spots since early this morning, and they only move aside for certain people. There must be some kind of Trade going on behind the scenes.	พวกเขานั่งอยู่ที่จุดเลี้ยงสัตว์ประหลาดที่มีประสิทธิภาพที่สุดตั้งแต่เช้าตรู่นี้ และพวกมันก็แยกย้ายกันไปเฉพาะบางคนเท่านั้นจะต้องมีการค้าขายเกิดขึ้นอยู่เบื้องหลัง
25481	Unleashes psychic power to attack a target within ${1} meters and up to ${3} enemies within ${2} meters of it, dealing Ghost-property ranged magic damage equal to Magic ATK * ^{1}${4}% + ${5}^{2}.	ปลดปล่อยพลังจิตเพื่อโจมตีเป้าหมายที่อยู่ในระยะ${1}เมตร และศัตรูสูงสุด${3}ภายใน${2}เมตร สร้างความเสียหายเวทย์มนต์ในระดับ Ghost-property เท่ากับ Magic ATK * ^{1}${4}% +${5}^{2}.
25482	The BOSS first casts a cone AOE in front with a @{1}s warning, a radius of @{2}m, and an angle of @{3}°, then casts a cone AOE behind with a @{4}s warning, a radius of @{5}m, and an angle of @{6}°	BOSS ทำการเหวี่ยง AOE กรวยไปด้านหน้าโดยมีคำเตือนของ@{1}รัศมี@{2}m และมุม@{3}° จากนั้นจึงร่าย AOE กรวยด้านหลังพร้อมคำเตือนของ@{4}รัศมี@{5}m และมุม@{6}°
25483	@{1}.Includes multiple competitive modes. Check their schedules to see when they open and participate.\n@{2}.Some modes support parties. Joining with a party is recommended for the best experience.	@{1}. มีโหมดการแข่งขันที่หลากหลาย ตรวจสอบตารางเวลาเพื่อดูว่าเปิดและเข้าร่วมเมื่อใด\n@{2}. บางโหมดสนับสนุนปาร์ตี้ แนะนำให้เข้าร่วมปาร์ตี้เพื่อประสบการณ์ที่ดีที่สุด
25484	When ^{1}^{2}【Blitz Beat】^{3}^{4} hits an enemy, it has a ${1}% Chance to Summon the Falcon to attack the target, dealing ${2}%+${3} Neutral Ranged Physical damage. Internal Cooldown: ${4} seconds.	เมื่อ ^{1}^{2}【Blitz Beat】^{3}^{4}โจมตีศัตรู มันมีโอกาส${1}% ที่จะเรียกเหยี่ยวมาโจมตีเป้าหมาย สร้าง${2}%+${3}ความเสียหายทางกายภาพระยะไกลแบบเป็นกลางคูลดาวน์ภายใน:${4}วินาที
25485	Moonlight Flower ^{1}charges two random Bells on the field^{2}. Players must ^{3}first evade the area damage from the charged Bells^{4}, then ^{5}evade the area damage from the uncharged Bells^{6}.	Moonlight Flower ^{1}สุ่มระฆัง 2 อันบนสนาม^{2}ผู้เล่นจะต้อง ^{3}หลบเลี่ยงความเสียหายในพื้นที่จาก Bells ที่ชาร์จแล้ว^{4}จากนั้น ^{5}หลบเลี่ยงความเสียหายในพื้นที่จาก Bells ที่ไม่ได้ชาร์จ^{6}
25486	As the Archbishop closest to the angels, a potent embodiment of sanctity, he offers the finest aid to his allies. At the same time, he wields holy magic to deliver devastating blows to his enemies.	ในฐานะอาร์คบิชอปที่ใกล้ชิดกับเทวดามากที่สุด ซึ่งเป็นศูนย์รวมแห่งความศักดิ์สิทธิ์ที่ทรงพลัง เขาได้เสนอความช่วยเหลือที่ดีที่สุดแก่พันธมิตรของเขาในเวลาเดียวกัน เขาใช้เวทมนตร์ศักดิ์สิทธิ์เพื่อโจมตีศัตรูของเขาอย่างรุนแรง
25487	Excellent. Clear goals and decisive action are the first qualities of a powerful Adventurer. The teleportation spell is ready. Don't resist its power—it will deliver you safely to your destination.	สุดยอดครับเป้าหมายที่ชัดเจนและการกระทำที่เด็ดขาดเป็นคุณสมบัติแรกของ Adventurer ที่แข็งแกร่งคาถาเคลื่อนย้ายมวลสารพร้อมแล้วอย่าต้านทานพลังของมัน เพราะมันจะพาคุณไปยังจุดหมายปลายทางอย่างปลอดภัย
25488	I've spent several months investigating the area around the desert. I managed to Discover that the queen ant's mimicry actually came from a girl she devoured, so I came here to search for a Clue...	ฉันใช้เวลาหลายเดือนในการตรวจสอบพื้นที่รอบๆ ทะเลทรายฉันค้นพบว่าการล้อเลียนของมดราชินีนั้นจริงๆ แล้วมาจากผู้หญิงที่เธอกลืนกิน ฉันจึงมาที่นี่เพื่อค้นหาเบาะแส...
25489	Professor, the most important quality in a proper mount is reliability. My Peco Peco won't suddenly throw its rider off or... ahem, develop any unnecessary [Romantic Feelings]. Safety first, right?	คุณภาพที่สำคัญที่สุดในการติดตั้งที่เหมาะสมคือความน่าเชื่อถือ Peco Peco ของฉันจะไม่เหวี่ยงคนขี่ออกไปทันที หรือ... อะแฮ่ม พัฒนา [Romantic Feelings] ที่ไม่จำเป็นเลยปลอดภัยไว้ก่อนใช่ไหม?
25490	Each piece of equipment has different Affixes. You'll need to figure out how to combine them into the best Preset to get the most out of your gear. Open the equipment screen and take a closer look.	อุปกรณ์แต่ละชิ้นมี Affix ที่แตกต่างกันคุณจะต้องหาวิธีรวมมันเข้ากับค่าที่ตั้งล่วงหน้าที่ดีที่สุดเพื่อใช้ประโยชน์สูงสุดจากอุปกรณ์ของคุณ Open หน้าจออุปกรณ์และมองดูใกล้ๆ
25491	Calm down? I don't believe a word of this irresponsible investigation! If you fail to recover it, which of you can replace years of my Research Results? The only person I trust now is my assistant.	ใจเย็นๆ หน่อย? ฉันไม่เชื่อคำพูดของการสอบสวนที่ขาดความรับผิดชอบนี้! หากคุณล้มเหลวในการกู้คืน คุณสามารถทดแทนผลการวิจัยของฉันเป็นเวลาหลายปีได้อย่างไร คนเดียวที่ฉันไว้วางใจตอนนี้คือผู้ช่วยของฉัน
25492	Ah, the professor is one of our premium VIP members. He mentioned the two of you and specifically asked us to prepare a quiet room by the window on the second floor. He said you needed a good rest.	อ่า ศาสตราจารย์คือหนึ่งในสมาชิกวีไอพีระดับพรีเมียมของเรา เขาพูดถึงคุณสองคนและขอให้เราเตรียมห้องที่เงียบสงบริมหน้าต่างชั้นสองโดยเฉพาะ เขาบอกว่าคุณต้องการการพักผ่อนที่ดี
25493	Dive toward a target location within @{1} meters. Upon landing, inflict ^{1}【Freeze】^{2} for @{4} sec and deal damage equal to ^{3}@{5}%^{4} of ATK to up to @{3} enemies within a @{2}-meter radius.	ดำดิ่งไปยังตำแหน่งเป้าหมายภายในระยะ@{1}เมตรเมื่อลงสู่พื้น สร้างความเสียหาย ^{1}【Freeze】^{2}เป็นเวลา@{4}วินาทีและสร้างความเสียหายเท่ากับ ^{3}@{5}%^{4}จาก ATK ให้กับศัตรูสูงสุด@{3}ภายในระยะ@{2}-meter รัศมี
25494	Can only be cast while riding the Madogear Pilot. Pilot the Madogear and swing its iron fist, dealing PATK * ^{1}${2}%^{2} Neutral Ranged Physical DMG to the designated ST enemy within ${1} meters.	สามารถร่ายได้ขณะขี่ Madogear Pilot เท่านั้นขับ Madogear แล้วเหวี่ยงหมัดเหล็ก สร้าง PATK * ^{1}${2}%^{2}สร้างความเสียหายกายภาพระยะไกลแบบเป็นกลาง ไปยังศัตรู ST ที่กำหนดภายในระยะ${1}เมตร
25495	When Highness Heal HITs an allied target, it triggers 【Equal Blessing】, chaining to @{2} targets within @{1} meters of the target. If a chained target is a party Member, they receive Extra healing.	เมื่อ Highness Heal โจมตีเป้าหมายพันธมิตร มันจะเรียกใช้ 【Equal Blessing】 โดยเชื่อมโยงกับเป้าหมาย@{2}ภายใน@{1}เมตรของเป้าหมายหากเป้าหมายที่ถูกล่ามโซ่เป็นสมาชิกปาร์ตี้ พวกเขาจะได้รับการรักษาพิเศษ
25496	Can only be cast while riding a dragon. The dragon mount lets out a roar, removing all status ailments, granting ^{1}^{2}【Debuff Immunity】^{3}^{4} for ${1} sec, and increasing DEF by ^{5}${2}%^{6}.	ร่ายได้ขณะขี่มังกรเท่านั้นพาหนะมังกรส่งเสียงคำราม กำจัดสถานะเจ็บป่วยทั้งหมด ทำให้ ^{1}^{2}【Debuff Immunity】^{3}^{4}เป็นเวลา${1}วินาที และเพิ่ม DEF โดย ^{5}${2}%^{6}.
25497	@{1}. Evenly Matched rankings are updated in real time and show the ten players on the current server whose overall power is closest to mine.\n@{2}. Increasing overall power will improve your title.	@{1} การจัดอันดับที่เท่ากันจะได้รับการอัปเดตแบบเรียลไทม์และแสดงผู้เล่น 10 คนบนเซิร์ฟเวอร์ปัจจุบันที่พลังโดยรวมใกล้เคียงกับของฉันมากที่สุด\n@{2} การเพิ่มพลังโดยรวมจะปรับปรุงชื่อของคุณ
25498	Collection Attribute InstructionsCollection Attribute InstructionsCollection Attribute InstructionsCollection Attribute InstructionsCollection Attribute InstructionsCollection Attribute Instructions	คำแนะนำแอตทริบิวต์คอลเลกชัน คำแนะนำแอตทริบิวต์คอลเลกชัน คำแนะนำแอตทริบิวต์คอลเลกชัน คำแนะนำแอตทริบิวต์คอลเลกชัน คำแนะนำแอตทริบิวต์คอลเลกชัน คำแนะนำแอตทริบิวต์คอลเลกชัน
25499	Weapon—Heavy Cannon:\nPlayers operating the Heavy Cannon can target parts of Almagia's body and bombard them to ^{1}deplete its Weak gauge.^{2}\nSustained bombardment will make Almagia ^{3}Weak.^{4}	—Cannon หนัก: ผู้เล่น\n ที่ใช้งาน Cannon หนักสามารถกำหนดเป้าหมายส่วนต่างๆ ของร่างกายของ Almagia และระดมยิงพวกมันเพื่อ ^{1}ทำให้เกจ Weak ลง^{2}\n การทิ้งระเบิดอย่างต่อเนื่องจะทำให้ Almagia ^{3}Weak^{4}
25500	Blocking <color=#FA983A>${1}</color> will remove them from your friends list and prevent you from receiving their messages. Your Intimacy and chat history will also be permanently deleted. Continue?	Blocking <color=#FA983A>${1}</color> will remove them from your friends list and prevent you from receiving their messages. Your Intimacy and chat history will also be permanently deleted. Continue?
25501	The Novice Challenge event will end on ${1}. Once the event ends, items can no longer be purchased from the Zeny Shop. Adventurer, please keep an eye on the available purchase time and Event Period.	กิจกรรม Novice Challenge จะสิ้นสุดในวันที่${1}เมื่อกิจกรรมสิ้นสุดลง คุณจะไม่สามารถซื้อสินค้าจาก Zeny Shop ได้อีกต่อไป Adventurer โปรดจับตาดูเวลาซื้อและระยะเวลากิจกรรมที่มีให้ด้วย
25502	Please remain active to support the guild's continued growth. If you fail to meet the activity requirements for @{1} consecutive weeks, any Guild Member may Impeach you and replace the guild leader.	โปรดยังคงกระตือรือร้นเพื่อสนับสนุนการเติบโตอย่างต่อเนื่องของ Guild หากคุณไม่ปฏิบัติตามข้อกำหนดของกิจกรรมสำหรับ@{1}สัปดาห์ติดต่อกัน สมาชิก Guild อาจฟ้องร้องคุณและเปลี่ยนหัวหน้า Guild
25503	To be honest, this case has us stumped. There have been three thefts in the city recently, but the victims and stolen items are completely different. We can barely find anything they have in common.	พูดตามตรง คดีนี้ทำให้เรานิ่งงันมีการโจรกรรมในเมืองสามครั้งเมื่อเร็ว ๆ นี้ แต่เหยื่อและสิ่งของที่ถูกขโมยนั้นแตกต่างไปจากเดิมอย่างสิ้นเชิงเราแทบจะไม่พบสิ่งที่พวกเขามีเหมือนกัน
25504	Its purring... According to current research, it has a soothing effect on the nerves... But that has absolutely nothing to do with the theft! It was merely a brief, perfectly reasonable Interaction.	มันน่ารำคาญ... จากการวิจัยในปัจจุบัน มันมีผลผ่อนคลายประสาท... แต่นั่นไม่เกี่ยวอะไรกับการโจรกรรมเลย! มันเป็นเพียงการโต้ตอบสั้นๆ ที่สมเหตุสมผลอย่างยิ่ง
25505	I also added a Ranged communication Function while I was at it. The signal can reach all the way to Izlude Island! There's just one little bug—the messages it sends get translated into cat language.	ฉันยังเพิ่มฟังก์ชันการสื่อสารระยะไกลในขณะที่ฉันอยู่ที่นั่นด้วยสัญญาณสามารถไปถึงเกาะ Izlude ได้! มีข้อบกพร่องเล็กๆ น้อยๆ เพียงอย่างเดียว ข้อความที่ส่งจะถูกแปลเป็นภาษาแมว
25506	Morroc, the Desert City, has a charm all its own. The blazing sun and hot winds by day, the hills dyed red at sunset, and the freezing hours before dawn... These are all sources of pride for Morroc.	Morroc เมืองแห่งทะเลทรายมีเสน่ห์ในตัวเองแสงอาทิตย์ที่แผดจ้าและลมร้อนในตอนกลางวัน เนินเขาย้อมสีแดงเมื่อพระอาทิตย์ตก และชั่วโมงที่หนาวเหน็บก่อนรุ่งสาง... ทั้งหมดนี้ล้วนเป็นที่มาแห่งความภาคภูมิใจของ Morroc
25507	The Captain already told me you obtained the latest Crafting Blueprint. But if you want to turn it into real gear worthy of accompanying you on your adventures, you'll need to use Equipment Forging.	Captain บอกฉันแล้วว่าคุณได้รับ Crafting Blueprint ล่าสุดแต่ถ้าคุณต้องการเปลี่ยนมันให้เป็นอุปกรณ์จริง ๆ ที่คู่ควรกับคุณในการผจญภัย คุณจะต้องใช้อุปกรณ์ตีขึ้นรูป
25508	The Supply Transport event has ended. During this event, all Members transported a total of ^{1}${1}^{2}/${2} Military Supplies.\nThe key Member who transported the supplies was: \n${3}  ${4} points	เหตุการณ์ Supply Transport สิ้นสุดลงแล้วในระหว่างกิจกรรมนี้ สมาชิกทุกคนได้ขนส่ง ^{1}${1}^{2}/${2}ยุทโธปกรณ์ทั้งหมดแล้ว\n สมาชิกหลักที่ขนส่งพัสดุคือ:\n${3}${4}คะแนน
25509	A Plant that glows alone at midnight in a forest seldom visited by people. It is said that heaven can be seen in its light, but its glow fades if the flower is picked. Can be exchanged for Headwear.	พืชที่เรืองแสงเพียงลำพังในเวลาเที่ยงคืนในป่าที่ไม่ค่อยมีคนมาเยี่ยมชม ว่ากันว่าสวรรค์สามารถมองเห็นได้ด้วยแสงของมัน แต่แสงเรืองรองจะจางหายไปหากเด็ดดอกไม้ สามารถเปลี่ยนเป็น Headwear ได้
25510	Strengthens holy power through a prayer of devotion, restoring HP equal to your MATK * ^{1}${2}% + ${3}^{2} every second to You and Party Members within a ${1}-meter radius^{3}^{4} for ${4} seconds.	เสริมกำลังพลังศักดิ์สิทธิ์ด้วยการอธิษฐานอุทิศตน ฟื้นฟู HP เท่ากับ MATK ของคุณ * ^{1}${2}% +${3}^{2}ทุกวินาทีสำหรับคุณและสมาชิกปาร์ตี้ภายในรัศมี${1}- เมตร^{3}^{4}สำหรับ${4}วินาที
25511	Dive toward a target location within @{1} meters. Upon impact, deal damage equal to ATK * ^{3}@{5}%^{4} to up to @{3} enemies within a @{2}-meter radius and inflict ^{1}【Blind】^{2} for @{4} seconds.	ดำดิ่งไปยังตำแหน่งเป้าหมายภายในระยะ@{1}เมตรเมื่อปะทะ สร้างความเสียหายเท่ากับ ATK * ^{3}@{5}%^{4}ให้กับศัตรูสูงสุด@{3}ภายในรัศมี@{2}-เมตร และทำดาเมจ ^{1}【Blind】^{2}สำหรับ@{4}วินาที
25512	Manipulate psychic power to strike the designated ST enemy within ${1}m and up to ${3} enemies within ${2}m of it, dealing Ghost-property ranged magic damage equal to Magic ATK * ^{1}${4}%+${5}^{2}.	ควบคุมพลังจิตเพื่อโจมตีศัตรู ST ที่กำหนดภายใน${1}m และศัตรูสูงสุด${3}ภายใน${2}m ของมัน สร้างความเสียหายทางเวทย์มนตร์ที่มีระยะคุณสมบัติ Ghost เท่ากับ Magic ATK * ^{1}${4}%+${5}^{2}.
25513	Dive toward a designated location within @{1} meters. Upon landing, deal ATK * ^{3}@{6}%^{4} damage to up to @{3} enemies within a @{2}-meter radius and inflict ^{1}@{5}% 【Slow】^{2} for @{4} seconds.	ดำดิ่งไปยังสถานที่ที่กำหนดภายในระยะ@{1}เมตรเมื่อลงจอด สร้างความเสียหาย ATK * ^{3}@{6}%^{4}สร้างความเสียหายให้กับศัตรูสูงสุด@{3}ภายในรัศมี@{2}เมตร และทำดาเมจ ^{1}@{5}% 【Slow】^{2}สำหรับ@{4}วินาที
25514	An oversized linen-cotton shirt drapes over distressed denim and cream knitwear, creating relaxed layers. Rolled-up sleeves reveal a braided bracelet, while canvas shoes add a touch of sunlit warmth.	เสื้อเชิ้ตผ้าฝ้ายลินินขนาดใหญ่ที่คลุมทับผ้าเดนิมและเสื้อถักสีครีมทำให้เกิดชั้นที่ผ่อนคลายแขนเสื้อแบบพับเผยให้เห็นสายรัดข้อมือแบบถัก ขณะที่รองเท้าผ้าใบก็เพิ่มสัมผัสแห่งความอบอุ่นจากแสงแดด
25515	Enough Chitchat. Get going. Bring the egg back as soon as you have it. We need to deliver everything to that crooked merchant before dark, because I'm not spending the night in this miserable forest.	คุยกันพอแล้วไปได้เลยนำไข่กลับมาทันทีที่คุณได้รับเราต้องส่งมอบทุกอย่างให้กับพ่อค้าผู้คดโกงคนนั้นก่อนฟ้ามืด เพราะฉันไม่ได้ค้างคืนอยู่ในป่าอันน่าสังเวชแห่งนี้
25516	Hahaha! Tough love is good for you, young one. Being too lenient only does harm, understand? Hollgrehenn is the finest craftsman in the Rune Kingdom. Off you go. I hope to see you return Fully Armed.	ฮ่าๆ! ความรักที่ยากลำบากนั้นดีสำหรับคุณนะสาวน้อยการผ่อนปรนมากเกินไปมีแต่ส่งผลเสีย เข้าใจไหม?Hollgrehenn เป็นช่างฝีมือที่เก่งที่สุดในอาณาจักร Rune ปิดคุณไปฉันหวังว่าจะเห็นคุณกลับมา อาวุธครบมือ.
25517	The Season has come to a successful close, and the time to reap your rewards is finally here! You can still enjoy all regular game content during this phase. Please wait patiently for the new Season.	ฤดูกาลใกล้เข้ามาแล้ว และถึงเวลาเก็บเกี่ยวรางวัลของคุณก็มาถึงแล้ว! คุณยังคงสามารถเพลิดเพลินกับเนื้อหาเกมปกติทั้งหมดได้ในช่วงนี้โปรดอดทนรอสำหรับฤดูกาลใหม่
25518	"Twinkling stars and blooming Fireworks are all saying, ""I love you""~\n^{1}Intimacy +@{1}, recipient's Popularity +@{2}, your Hearts +@{3}\nGiving this gift will trigger an Entire Server announcement!"	"ดวงดาวระยิบระยับและ Fireworks ที่กำลังเบ่งบานต่างก็พูดว่า ""ฉันรักเธอ""~\n^{1}ความใกล้ชิด +@{1}ความนิยมของผู้รับ +@{2}, หัวใจของคุณ +@{3}\n การให้ของขวัญนี้จะทำให้ทั้งเซิร์ฟเวอร์ทำงานประกาศ!"
25519	Dive at a designated location within @{1} meters. Upon landing, inflict ^{1}【Sleep】^{2} for @{4} seconds on up to @{3} enemies within a @{2}-meter radius and deal damage equal to ATK * ^{3}@{5}%^{4}.	ดำน้ำ ณ ตำแหน่งที่กำหนดภายในระยะ@{1}เมตรเมื่อลงสู่พื้น สร้างความเสียหาย ^{1}【Sleep】^{2}เป็นเวลา@{4}วินาทีกับศัตรูสูงสุด@{3}ภายในรัศมี@{2}เมตร และทำความเสียหายเท่ากับ ATK * ^{3}@{5}%^{4}.
25520	Unleashes a Burst of frost, dealing ATK * ^{1}@{4}%^{2} damage to up to @{3} enemies in a target area with a @{2} m radius within @{1} m, with a @{5}% Chance to inflict ^{3}【Freeze】^{4} for @{6} sec.	ปล่อยระเบิดน้ำแข็ง สร้าง ATK * ^{1}@{4}%^{2}สร้างความเสียหายให้กับศัตรูสูงสุด@{3}ในพื้นที่เป้าหมายด้วยรัศมี@{2}m ภายใน@{1}m ด้วย@{5}% โอกาสที่จะสร้าง ^{3}【Freeze】^{4}สำหรับ@{6}วินาที
25521	When an ^{1}Offensive-type^{2} or ^{3}Control-type^{4} Primary Battle Skill Deals DMG, reduces the Cast Speed of enemies hit by ^{5}${1}^{6} and increases their MP Cost by ^{7}${2}%^{8} for ${3} sec.	เมื่อ ^{1}ประเภทรุก^{2}หรือ ^{3}ประเภท Control^{4}ทักษะการต่อสู้หลักสร้างความเสียหาย ลดความเร็วในการร่ายของศัตรูที่ถูกโจมตีด้วย ^{5}${1}^{6}และเพิ่มค่า MP ของพวกมันโดย ^{7}${2}%^{8}สำหรับ${3}วินาที
25522	When casting 【Rift Impact】, Transfigure into an electronic dragon, increasing the percentage damage multiplier by ^{1}${1}%^{2} and inflicting ^{3}【Stun】^{4} on Enemy Team units HIT for ${2} seconds.	เมื่อร่าย 【Rift Impact】 แปลงร่างเป็นมังกรอิเล็กทรอนิกส์ เพิ่มตัวคูณความเสียหายเป็นเปอร์เซ็นต์โดย ^{1}${1}%^{2}และสร้างความเสียหาย ^{3}【Stun】^{4}บนยูนิตทีมศัตรู โจมตีเพื่อ${2}วินาที
25523	Spend ${1}${2}${3}${4} to Pre-purchase 【${5}】?\nPayment will be deducted in advance. Once the listing period ends,\none buyer will be randomly selected from all purchase Lineups to complete the Trade.	ใช้จ่าย${1}${2}${3}${4}เพื่อซื้อล่วงหน้า 【${5}】?\n การชำระเงินจะถูกหักล่วงหน้าเมื่อระยะเวลาการลงรายการสิ้นสุดลง\n ผู้ซื้อหนึ่งรายจะถูกสุ่มเลือกจากรายการการซื้อทั้งหมดเพื่อทำการซื้อขายให้เสร็จสมบูรณ์
25524	\n● Players with artillery access can deploy cannons to attack\n● Press and hold the Fire button to reduce the shell's impact area (except for Flying Crows)\n● Ammunition is limited, so use it wisely.	\n● ผู้เล่นที่มีปืนใหญ่สามารถวางปืนใหญ่เพื่อโจมตี\n● กดปุ่มไฟค้างไว้เพื่อลดพื้นที่กระทบของกระสุน (ยกเว้นอีกาบิน)\n● กระสุนมีจำนวนจำกัด ดังนั้นใช้อย่างชาญฉลาด
25525	Notes: Look for the Blue circular or Green diamond-shaped Design Below each cargo icon. These are placement points on the bottom of the cargo. Blue circular placement points also appear on the carpet.	หมายเหตุ: มองหาดีไซน์รูปเพชรทรงกลมสีน้ำเงินหรือสีเขียวด้านล่างไอคอนสินค้าแต่ละอันจุดเหล่านี้คือจุดวางที่ด้านล่างของสินค้าจุดวางวงกลมสีน้ำเงินก็ปรากฏบนพรมด้วย
25526	Once Talent Tree ${1} is Activated, you can select class talents.\nDifferent effects provide different Battle experiences.\nSelecting class talents costs nothing, and they can be Replaced at any time.	เมื่อ Talent Tree${1}ถูกเปิดใช้งาน คุณสามารถเลือกคลาส Talent ได้\n เอฟเฟกต์ที่แตกต่างกันมอบประสบการณ์การต่อสู้ที่แตกต่างกัน\n การเลือกพรสวรรค์ในชั้นเรียนไม่มีค่าใช้จ่ายใดๆ และสามารถเปลี่ยนได้ตลอดเวลา
25527	When ^{1}^{2}【Falcon Assault】^{3}^{4} hits an enemy, it deals ${3}%+${4} Neutral Ranged Physical damage to up to ${2} enemies within a ${1}-meter radius of the target. Internal Cooldown: ${5} seconds.	เมื่อ ^{1}^{2}【Falcon Assault】^{3}^{4}โจมตีศัตรู มันจะสร้างความเสียหายให้กับ${3}%+${4}ความเสียหายทางกายภาพระยะไกลสูงสุด${2}ศัตรูภายใน${1}-รัศมีเมตรของเป้าหมายคูลดาวน์ภายใน:${5}วินาที
25528	^{1}^{2}[Sacrifice]^{3}^{4}'s duration increases to ${1} seconds. During ^{5}^{6}[Sacrifice]^{7}^{8}, ^{9}^{10}[Holy Cross]^{11}^{12}'s percentage damage multiplier and fixed Damage Increase by ${2}%.	^{1}^{2}[Sacrifice]^{3}^ ระยะเวลาของ{4}เพิ่มเป็น${1}วินาทีในช่วง ^{5}^{6}[Sacrifice]^{7}^{8}, ^{9}^{10}[Holy Cross]^{11}^ ตัวคูณเปอร์เซ็นต์ความเสียหายของ{12}และความเสียหายคงที่ เพิ่มขึ้น${2}%.
25529	Maya summons ^{1}@{1} sand bogs^{2} in the arena, continuously damaging ^{3}targets that enter them^{4}. The sand bogs also continuously release ^{5}small tornadoes^{6} that damage targets they touch.	Maya เรียก ^{1}@{1}บึงทราย^{2}มาที่สนามประลอง สร้างความเสียหายอย่างต่อเนื่อง ^{3}เป้าหมายที่เข้ามา^{4}บึงทรายยังปล่อย ^{5}พายุทอร์นาโดขนาดเล็กออกมาอย่างต่อเนื่อง^{6}ที่สร้างความเสียหายให้กับเป้าหมายที่พวกมันสัมผัส
25530	^{1}PlayerName^{2}, you're here. Captain Aikuni just sent word that she's swamped with work. From now on, if we need someone to run errands, lend a hand, or venture Into Peril, we're free to send you.	^{1}PlayerName^{2}คุณอยู่ที่นี่ Captain ไอคุนิเพิ่งส่งข้อความมาว่าเธอมีงานล้นมือจากนี้ไป หากเราต้องการใครสักคนมาทำธุระ ให้ความช่วยเหลือ หรือร่วมเสี่ยงภัย เราก็จะส่งคุณไปได้อย่างอิสระ
25531	After using 【Sonic Blow】, there is a ${1}% Chance to deal Neutral melee Physical damage equal to Physical ATK × ${4}% to up to ${3} enemies within a ${2}-meter radius. Built-in Cooldown: ${5} seconds.	หลังจากใช้ [Sonic Blow] จะมีโอกาส${1}% ที่จะสร้างความเสียหายทางกายภาพระยะประชิดที่เป็นกลางเท่ากับ Physical ATK ×${4}% ไปจนถึงศัตรู${3}ภายในรัศมี${2}เมตร คูลดาวน์ในตัว:${5}วินาที
25532	After charging for @{1} seconds, deals A damage to targets in @{5} cone-shaped areas measuring @{2}° by @{3} meters and spaced @{4}° apart. Then turns @{6}° and casts again, for a total of three casts	หลังจากชาร์จ@{1}วินาที จะสร้างความเสียหาย A ให้กับเป้าหมายในพื้นที่รูปทรงกรวย@{5}วัด@{2}° คูณ@{3}เมตร และเว้นระยะห่าง@{4}° ออกจากกัน จากนั้นหมุน@{6}° แล้วร่ายอีกครั้ง รวมเป็นสามครั้ง
25533	Protocol mismatch. Please use the corresponding server version, or update both the client and server to the latest version!\nClient protocol:${1} \nServer protocol:${2}\n\n Click Go to continue playing	โปรโตคอลไม่ตรงกัน โปรดใช้เวอร์ชันเซิร์ฟเวอร์ที่เกี่ยวข้อง หรืออัปเดตทั้งไคลเอนต์และเซิร์ฟเวอร์เป็นเวอร์ชันล่าสุด!\n โปรโตคอลไคลเอนต์:${1} \n โปรโตคอลเซิร์ฟเวอร์:${2}\n\n คลิกไปเพื่อเล่นต่อ
25534	Use cannons, Madogear Pilots, and other siege equipment to defend the gate. If necessary, jump down from the walls to destroy the attackers' battering rams, siege ladders, cannons, and other equipment.	ใช้ปืนใหญ่ Madogear Pilots และอุปกรณ์ปิดล้อมอื่นๆ เพื่อปกป้องประตูหากจำเป็น ให้กระโดดลงมาจากกำแพงเพื่อทำลายเครื่องแกะ บันไดปิดล้อม ปืนใหญ่ และอุปกรณ์อื่นๆ ของผู้โจมตี
25535	Watch the attackers' routes carefully and help the Protector defend the path to prevent the enemy from scoring a Kill.\nEnter the circles around Protectors and Castle Guards to enhance their abilities.	เฝ้าดูเส้นทางของผู้โจมตีอย่างระมัดระวัง และช่วยผู้พิทักษ์ปกป้องเส้นทางเพื่อป้องกันไม่ให้ศัตรูทำคะแนนสังหารได้\n เข้าสู่วงกลมรอบผู้พิทักษ์และผู้พิทักษ์ปราสาทเพื่อเพิ่มความสามารถของพวกเขา
25536	While ^{1}^{2}[Basilica]^{3}^{4} is active, ^{5}^{6}[Holy Light]^{7}^{8} and ^{9}^{10}[Turn Undead]^{11}^{12}'s percentage damage multipliers increase by ${1}% and their fixed damage increases by ${2}.	ในขณะที่ ^{1}^{2}[Basilica]^{3}^{4}ทำงานอยู่ ^{5}^{6}[Holy Light]^{7}^{8}และ ^{9}^{10}[Turn Undead]^{11}^ ตัวคูณเปอร์เซ็นต์ความเสียหายของ{12}เพิ่มขึ้น${1}% และความเสียหายคงที่เพิ่มขึ้น${2}
25537	Once a pet is unlocked, you can activate its entry in the Pet Album. After activation, you gain the pet's unique stat bonuses without deploying it. Its Pet Album stats also increase with its star rank.	เมื่อปลดล็อคสัตว์เลี้ยงแล้ว คุณสามารถเปิดใช้งานรายการสัตว์เลี้ยงได้ในอัลบั้มสัตว์เลี้ยงหลังจากเปิดใช้งาน คุณจะได้รับโบนัสสถิติเฉพาะของสัตว์เลี้ยงโดยไม่ต้องใช้งานสถิติอัลบั้มสัตว์เลี้ยงยังเพิ่มขึ้นตามอันดับดาวอีกด้วย
25538	An ore from the dwarven realm of Wat Alheim, said to have received the Blessing of a legendary dwarven craftsman.\n^{1}Effect: Used to Refine an Accessory. Prevents level loss if Refinement Failed.^{2}	แร่จากอาณาจักรคนแคระแห่งวัดอัลไฮม์ ว่ากันว่าได้รับ Blessing จากช่างฝีมือคนแคระในตำนาน\n^ เอฟเฟกต์{1}: ใช้เพื่อปรับแต่งอุปกรณ์เสริมป้องกันการสูญเสียระดับหากการปรับแต่งล้มเหลว^{2}
25539	A mysterious Metal called Oridecon. It is the hardest known substance and can be used to Enhance Weapons and Accessories.\n^{1} Effect: Can be used to Refine +@{1} to +@{2} Weapons and Accessories ^{2}	โลหะลึกลับที่เรียกว่า Oridecon เป็นสารที่รู้จักกันยากที่สุด และสามารถใช้เพื่อเสริมประสิทธิภาพอาวุธและอุปกรณ์เสริมได้\n^{1}Effect: สามารถใช้เพื่อปรับแต่ง +@{1}ถึง +@{2}Weapon and Accessories ^{2}
25540	Ancient Tree Entanglement pulls up to ${2} enemies within a ${1}-meter radius toward the caster and deals Neutral melee ^{5}adaptive damage^{6} equal to the master's ^{1}Adaptive ATK^{2}*^{3}${3}%^{4}.	Ancient Tree Entanglement ดึงศัตรูได้สูงสุดถึง${2}ภายในรัศมี${1}เมตร เข้าหาผู้ล้อและสร้างความเสียหายระยะประชิดที่เป็นกลาง ^{5}ความเสียหายแบบปรับตัว ^{6}เท่ากับของต้นแบบ ^{1}Adaptive ATK^{2}*^{3}${3}%^{4}.
25541	Alice restores ^{3}Life^{4} equal to the pet's Magic ATK*^{1}${3}%^{2} to herself and up to ${2} allies within ${1} meters, granting all targets ^{5}${4}%^{6} ^{7}damage reduction^{8} for ${5} seconds.	อลิซฟื้นคืน ^{3}Life^{4}เท่ากับพลังโจมตีเวทย์ของสัตว์เลี้ยง*^{1}${3}%^{2}ให้กับตัวเธอเองและพันธมิตร${2}ภายในระยะ${1}เมตร โดยมอบเป้าหมายทั้งหมด ^{5}${4}%^{6}^{7}การลดความเสียหาย^{8}เป็นเวลา${5}วินาที
25542	We don't mean anything by it. You just look like you haven't been sleeping well. You have dark circles under your eyes, and your hands are shaking while you knit. Is something wrong? Maybe we can help.	เราไม่ได้หมายถึงอะไรคุณดูเหมือนคุณไม่ได้นอนหลับสบายคุณมีรอยคล้ำใต้ตา และมือของคุณสั่นขณะถักมีอะไรผิดปกติหรือเปล่า? บางทีเราอาจช่วยได้
25543	Ant Hell? (Suddenly slaps thigh and bursts out laughing) Oh, that time! I was testing whether my new fire oil could roast a whole rabbit head in one go. Think I singed someone's hair too. Was that you?	Ant Hell?(จู่ๆก็ตบต้นขาแล้วหัวเราะออกมา) อ้าว คราวนั้น! ฉันกำลังทดสอบว่าน้ำมันดับเพลิงชนิดใหม่ของฉันสามารถย่างหัวกระต่ายทั้งตัวในคราวเดียวได้หรือไม่คิดว่าฉันร้องเพลงผมของใครบางคนด้วยนั่นคือคุณเหรอ?
25544	After casting ^{3}^{4}【Magic Crasher】^{5}^{6} ^{1}${1}^{2} times, the next @{1} casts of ^{7}^{8}【Magic Crasher】^{9}^{10} gain a ^{11}${2}%^{12} skill damage multiplier and ^{13}${3}^{14} fixed damage.	หลังจากร่าย ^{3}^{4}【Magic Crasher】^{5}^{6}^{1}${1}^{2}ครั้ง,@{1}ร่ายครั้งต่อไปของ ^{7}^{8}【Magic Crasher】^{9}^{10}ได้รับ ^{11}${2}%^ ตัวคูณความเสียหายของทักษะ{12}และ ^{13}${3}^{14}ความเสียหายคงที่
25545	\n● Once the enemy deploys a siege ladder, they can scale the wall.\n● Destroying a siege ladder cuts off the retreat of enemies already on the wall.\n● Cannons are also effective against siege ladders.	\n● เมื่อศัตรูวางบันไดปิดล้อม พวกเขาสามารถไต่กำแพงได้\n● การทำลายบันไดปิดล้อมจะตัดการถอยของศัตรูที่อยู่บนผนังแล้ว\n● Cannons ยังใช้ได้ผลกับบันไดปิดล้อมด้วย
25546	^{1}^{2}【Arrow Shower】^{3}^{4}'s damage radius increases to ${1} meters, the number of targets increases by ${2}, and it has a ${3}% Chance to cast the skill ${4} times. Internal Cooldown: ${5} seconds.	^{1}^{2}【Arrow Shower】^{3}^{4}รัศมีความเสียหายเพิ่มขึ้นเป็น${1}เมตร จำนวนเป้าหมายเพิ่มขึ้น${2}และมีโอกาสร่าย${3}%ทักษะ${4}ครั้งคูลดาวน์ภายใน:${5}วินาที
25547	Use a flamethrower on @{2} designated enemies within @{1} meters, dealing a total of ATK * ^{1}@{7}%^{2} damage over @{6} hits to up to @{5} targets in a @{3}-meter by @{4}-meter rectangular area ahead.	ใช้เครื่องพ่นไฟใส่ศัตรูที่กำหนด@{2}ภายในระยะ@{1}เมตร สร้างความเสียหายรวมเป็น ATK * ^{1}@{7}%^{2}สร้างความเสียหายเหนือ@{6}โจมตีเป้าหมายสูงสุด@{5}ใน@{3}-เมตร โดย@{4}-พื้นที่สี่เหลี่ยมข้างหน้าเมตร
25548	"Oh? A featherbrain, maybe, but at least it won't turn your research into another rescue mission. So you think your ""calculations"" can beat the reliability Peco Pecos have proven over thousands of years?"	"อ้าว? อาจจะเป็นสมองขนนก แต่อย่างน้อยมันก็จะไม่เปลี่ยนงานวิจัยของคุณให้เป็นภารกิจช่วยเหลือครั้งใหม่คุณคิดว่า ""การคำนวณ"" ของคุณสามารถเอาชนะความน่าเชื่อถือที่ Peco Pecos พิสูจน์มานานนับพันปีได้หรือไม่"
25549	It's [Little Bean]! An old classmate of mine in Juno could no longer care for the kitten, so they entrusted [Little Bean] to me. I-If Glenn finds out I lost Little Bean, he'll never speak to me again...	นี่ [Little Bean]! เพื่อนร่วมชั้นเก่าของฉันในจูโนไม่สามารถดูแลลูกแมวได้อีกต่อไป ดังนั้นพวกเขาจึงฝาก [Little Bean] ไว้กับฉันฉัน-ถ้า Glenn รู้ว่าฉันทำ Little Bean หาย เขาจะไม่พูดกับฉันอีกเลย...
25550	Deals Physical ATK * ^{1}${3}% + ${4}^{2} Fire melee Physical DMG to up to ${2} enemies within a ${1} m radius, increases your Fire DMG by ^{3}${5}%^{4}, and changes Normal Attacks to Fire for ${6} sec.	สร้างความเสียหายทางกายภาพ * ^{1}${3}% +${4}^{2}สร้างความเสียหายทางกายภาพระยะประชิดด้วยไฟสูงสุดถึง${2}ศัตรูภายในรัศมี${1}m เพิ่มความเสียหายทางไฟของคุณขึ้น ^{3}${5}%^{4}และเปลี่ยน Normal Attacks เป็นการยิงเป็นเวลา${6}วินาที
25551	Transform into an environmental object, increasing Movement Speed by @{1}% for @{2} sec.\nDealing or taking damage a total of @{3} times immediately ends the Transform. Skill cooldown: ^{1}@{4}^{2} sec.	แปลงร่างเป็นวัตถุสิ่งแวดล้อม เพิ่มความเร็วในการเคลื่อนที่ขึ้น@{1}% เป็นเวลา@{2}วินาที\n การจัดการหรือรับความเสียหายรวมของ@{3}ครั้งจะสิ้นสุดการแปลงทันทีคูลดาวน์ทักษะ: ^{1}@{4}^{2}วินาที
25552	Using 【Shadow Command】, 【Thousand Shadows】, or 【Circling Shadow】 grants 【Shadow Chain】 for @{1} sec, stacking up to @{2} times. While 【Shadow Chain】 is active, damage dealt increases by @{3}% per stack.	การใช้ 【Shadow Command】, 【Thousand Shadows】 หรือ 【Circling Shadow】 จะทำให้ได้รับ 【Shadow Chain】 เป็นเวลา@{1}วินาที โดยซ้อนได้สูงสุด@{2}เท่าขณะที่ 【Shadow Chain】 ทำงานอยู่ ความเสียหายที่เกิดขึ้นจะเพิ่มขึ้น@{3}% ต่อสแต็ค
25553	Unique Effect: Casting a skill or using a Normal Attack grants maximum Floors of the 【Divine Message】 healing buff. Initial limit: @{1} Floors. Duration: @{2} sec. Each Floor increases healing by @{3}%.	เอฟเฟกต์เฉพาะ: การร่ายทักษะหรือใช้ Normal Attack จะทำให้ชั้นสูงสุดของบัฟการรักษา 【Divine Message】ขีดจำกัดเริ่มต้น: พื้น@{1}ระยะเวลา:@{2}วินาทีแต่ละชั้นจะเพิ่มการรักษาโดย@{3}%
25554	After using 【Basic Attack】, there is a ${1}% Chance to deal Neutral melee Physical damage equal to Physical ATK × ${4}% to up to ${3} enemies within a ${2}-meter radius. Built-in Cooldown: ${5} seconds.	หลังจากใช้ 【Basic Attack】 จะมีโอกาส${1}% ที่จะสร้างความเสียหายทางกายภาพระยะประชิดที่เป็นกลางเท่ากับ Physical ATK ×${4}% ไปจนถึงศัตรู${3}ภายในรัศมี${2}เมตร คูลดาวน์ในตัว:${5}วินาที
25555	When ^{1}^{2}【Soul Drain】^{3}^{4} scores a Kill, gain ^{5}${1}^{6} MATK, up to ^{7}${2}^{8}. The amount gained is doubled when you Kill Players. Resets upon death, switching Locations, or going offline.	เมื่อ ^{1}^{2}【Soul Drain】^{3}^{4}แต้มการ Kill ได้รับ ^{5}${1}^{6}MATK สูงสุด ^{7}${2}^{8}. จำนวนเงินที่ได้รับจะเพิ่มเป็นสองเท่าเมื่อคุณสังหารผู้เล่นรีเซ็ตเมื่อตาย สลับตำแหน่ง หรือออฟไลน์
25556	"A crystal infused with magical energy. It powers magic equipment and is used to prepare for the New World.\n <color=#B45C4F>Can be recycled after expiration</color><sprite name=""item_2""> Copper Coins*100"	"A crystal infused with magical energy. It powers magic equipment and is used to prepare for the New World.\n <color=#B45C4F>Can be recycled after expiration</color><sprite name=""item_2""> Copper Coins*100"
25557	\n● Players with firearm permission can deploy cannons to attack.\n● Hold the Fire button to shrink the shell's impact area, except when using the Flying Crow.\n● Ammunition is limited, so use it wisely.	\n● ผู้เล่นที่ได้รับอนุญาตสามารถใช้อาวุธปืนในการโจมตีได้\n● กดปุ่มไฟค้างไว้เพื่อลดพื้นที่ปะทะของกระสุน ยกเว้นเมื่อใช้อีกาบิน\n● กระสุนมีจำนวนจำกัด ดังนั้นควรใช้อย่างชาญฉลาด
25558	@{1}.All item synthesis requires materials, and each item has a different recipe.\n@{2}.When cross-level synthesis is selected, the System automatically includes lower-level materials in the calculation.	@{1}. การสังเคราะห์ไอเท็มทั้งหมดต้องใช้วัสดุ และแต่ละรายการก็มีสูตรที่แตกต่างกัน\n@{2}เมื่อเลือกการสังเคราะห์ข้ามระดับ ระบบจะรวมวัสดุระดับล่างในการคำนวณโดยอัตโนมัติ
25559	Battlefield Rating reflects individual performance during a match and is divided into seven tiers: D, C, B, A, S, SS, and SSS. Actions that benefit your guild and teammates increase your Rating and tier.	Battlefield Rating สะท้อนถึงประสิทธิภาพของแต่ละคนในระหว่างการแข่งขัน และแบ่งออกเป็นเจ็ดระดับ: D, C, B, A, S, SS และ SSS การกระทำที่เป็นประโยชน์ต่อกิลด์และเพื่อนร่วมทีมของคุณจะเพิ่มอันดับและระดับของคุณ
25560	^{1}^{2}【Cart Revolution】^{3}^{4} hits its primary target, triggering 【Money Throw】 @{1} Extra times and dealing PATK * ${1}% + ${2} Neutral melee Physical damage. This effect has a ${3}-second Cooldown.	^{1}^{2}【Cart Revolution】^{3}^{4}บรรลุเป้าหมายหลัก ทำให้เกิด 【Money Throw】@{1}เวลาพิเศษและการซื้อขาย PATK *${1}% +${2}เป็นกลางความเสียหายทางกายภาพระยะประชิดเอฟเฟกต์นี้มีคูลดาวน์วินาทีของ${3}
25561	Maya launches ^{1}silk projectiles at players^{2}. On HIT, they ^{3}link players together^{4}. If linked players ^{5}exceed a certain Distance from one another^{6}, they are ^{7}pulled back together^{8}.	Maya เปิดตัว ^{1}โปรเจกไทล์ไหมที่ผู้เล่น^{2}เมื่อถึง HIT พวกเขา ^{3}เชื่อมโยงผู้เล่นเข้าด้วยกัน^{4}หากผู้เล่นที่เชื่อมโยง ^{5}เกินระยะห่างที่กำหนด^{6}พวกเขาจะถูก ^{7}ดึงกลับมารวมกัน^{8}
25562	Can you feel it? The echoes hidden throughout the world still resonate with the soul... You have solved one of the riddles. Once you have all the answers, you will be able to play the forgotten movement.	รู้สึกได้ไหม? เสียงสะท้อนที่ซ่อนอยู่ทั่วโลกยังคงสะท้อนอยู่ในจิตวิญญาณ... คุณได้ไขปริศนาข้อหนึ่งแล้วเมื่อคุณมีคำตอบทั้งหมดแล้ว คุณจะสามารถเล่นการเคลื่อนไหวที่ถูกลืมได้
25563	Come on, hand me the incubator. This is the latest achievement in monster ecology. Just put an egg inside, adjust the temperature, and you'll soon Hatch a little creature that'll obey your every command.	เอาล่ะ ส่งตู้ฟักให้ฉันหน่อยนี่คือความสำเร็จล่าสุดในระบบนิเวศของสัตว์ประหลาดเพียงแค่ใส่ไข่เข้าไป ปรับอุณหภูมิ แล้วในไม่ช้าคุณก็จะฟักเป็นสิ่งมีชีวิตตัวน้อยที่จะเชื่อฟังทุกคำสั่งของคุณ
25564	The runic structure and residual energy on this Relic are identical to the Nail of Discipline Outside the City of Prontera. That can't be a coincidence. There must be some deeper connection between them.	โครงสร้างรูนและพลังงานที่เหลืออยู่บนโบราณวัตถุนี้เหมือนกับเล็บแห่งวินัยนอกเมืองพรอนเทรานั่นไม่ใช่เรื่องบังเอิญจะต้องมีความเชื่อมโยงที่ลึกซึ้งระหว่างพวกเขา
25565	Dive to a designated location within @{1} meters. Upon impact, inflict ^{1}【Immobilize】^{2} for @{4} seconds and deal damage equal to ATK * ^{3}@{5}%^{4} to up to @{3} enemies within a @{2}-meter radius.	ดำน้ำไปยังตำแหน่งที่กำหนดภายในระยะ@{1}เมตรเมื่อปะทะ สร้างความเสียหาย ^{1}【Immobilize】^{2}เป็นเวลา@{4}วินาทีและสร้างความเสียหายเท่ากับ ATK * ^{3}@{5}%^{4}โจมตีศัตรูสูงสุด@{3}ภายในระยะ@{2}-meter รัศมี
25566	For @{1}s after casting [Radiant Holy Light], Manifestation shatters Orbit. During this time, the next @{2} casts of Highness Heal summon translucent petals, restoring Life to allies within @{3}m of you.	สำหรับ@{1}หลังจากร่าย [Radiant Holy Light] Manifestation จะทำลาย Orbit ในช่วงเวลานี้@{2}ร่าย Highness Heal ครั้งถัดไปจะเรียกกลีบดอกไม้โปร่งแสง ฟื้นพลัง Life ให้กับพันธมิตรที่อยู่ใน@{3}m ของคุณ
25567	Find a weak point in the enemy's defenses, Kill the Protector at the gate, and clear a path to the Glorious Metal.\nKilling Castle Guards and Protectors grants bonus time, extending the attack time limit.	ค้นหาจุดอ่อนในการป้องกันของศัตรู สังหารผู้พิทักษ์ที่ประตู และเคลียร์เส้นทางสู่ Glorious Metal\n การสังหารทหารองครักษ์และผู้ปกป้องปราสาทจะทำให้ได้รับเวลาพิเศษ ซึ่งจะขยายระยะเวลาการโจมตีออกไป
25568	When ^{1}^{2}【Arrow Attack】^{3}^{4} hits an enemy, it deals ${3}%+${4} Neutral Ranged Physical damage to up to ${2} Other enemies within a ${1}-meter radius of the target. Internal Cooldown: ${5} seconds.	เมื่อ ^{1}^{2}【Arrow Attack】^{3}^{4}โจมตีศัตรู มันจะสร้างความเสียหายให้กับ${3}%+${4}ความเสียหายทางกายภาพระยะไกลสูงสุด${2}ศัตรูอื่น ๆ ภายใน${1}-รัศมีเมตรของเป้าหมายคูลดาวน์ภายใน:${5}วินาที
25569	Reduces Attack Speed by ${1}%. Using ^{1}^{2}【Basic Attack】^{3}^{4} triggers Splash damage, dealing Physical ATK*${4}% Neutral melee Physical damage to ${3} other enemies within ${2} meters of the target.	ลดความเร็วในการโจมตีลง${1}%การใช้ ^{1}^{2}【Basic Attack】^{3}^{4}กระตุ้นให้เกิดความเสียหายแบบกระจาย สร้าง ATK กายภาพ*${4}% ความเสียหายทางกายภาพระยะประชิดที่เป็นกลางแก่ศัตรู${3}ศัตรูอื่น ๆ ที่อยู่ภายในระยะ${2}เมตรของเป้าหมาย
25570	A navy plaid suit creates a crisp silhouette, with a Gold academy crest on the lapel.\nThe pleated skirt swings perfectly with every step, paired with knee-high socks and Oxford shoes for a youthful look.	ชุดสูทลายสก๊อตสีกรมท่าสร้างรูปทรงที่เฉียบคม โดยมีตราสัญลักษณ์ Gold Academy บนปกเสื้อ\n กระโปรงจับจีบสวิงได้อย่างลงตัวทุกย่างก้าว สวมคู่กับถุงเท้าสูงถึงเข่าและรองเท้า Oxford ก็ดูอ่อนเยาว์
25571	That day... I was tending the flowers and helping customers, just like always. I kept the ring on my finger, but I never noticed when it disappeared. It was as if it just... vanished without me realizing.	วันนั้น... ผมดูแลดอกไม้และช่วยเหลือลูกค้าเหมือนเคยฉันเก็บแหวนไว้บนนิ้ว แต่ฉันไม่เคยสังเกตเลยว่ามันหายไปเมื่อไรราวกับ... หายไปโดยไม่รู้ตัว
25572	The passages there form a complicated maze, so you'll never Find the entrance on your own. But... a [Pathfinder Ant] can smell Maya's unique pheromones. Follow it, and it'll lead you straight to her lair.	ทางเดินตรงนั้นก่อตัวเป็นเขาวงกตที่ซับซ้อน ดังนั้นคุณจะไม่มีทางหาทางเข้าเจอด้วยตัวเองเลยแต่... [Pathfinder Ant] สามารถได้กลิ่นฟีโรโมนอันเป็นเอกลักษณ์ของ Maya ทำตามมันแล้วมันจะพาคุณตรงไปยังรังของเธอ
25573	Can only be cast while the Falcon is in Follow mode. Use the Falcon to perform Concentration, dealing PATK * ^{1}${2}% + ${3}^{2} Neutral Ranged Physical DMG to the designated ST enemy within ${1} meters.	สามารถร่ายได้เฉพาะในขณะที่เหยี่ยวอยู่ในโหมดติดตามเท่านั้นใช้เหยี่ยวเพื่อทำการรวมสมาธิ สร้าง PATK * ^{1}${2}% +${3}^{2}สร้างความเสียหายทางกายภาพระยะไกลแบบเป็นกลาง ไปยังศัตรู ST ที่กำหนดภายในระยะ${1}เมตร
25574	When attacked, has an @{1}% Chance to gain a shield equal to @{2}% of Max Life for @{3} sec. When the shield breaks, generates another shield equal to @{4}% of Max Life for @{5} sec. (Cooldown: @{6} sec.)	เมื่อถูกโจมตี มีโอกาส@{1}% ที่จะได้รับโล่เท่ากับ@{2}% ของพลัง Life สูงสุดเป็นเวลา@{3}วินาทีเมื่อเกราะแตก จะสร้างเกราะอีกอันเท่ากับ@{4}% ของพลัง Life สูงสุดเป็นเวลา@{5}วินาที(คูลดาวน์:@{6}วินาที)
25575	Shield skill. Deals Neutral Melee Physical DMG equal to PATK * ^{1}${2}%^{2} to the selected ST enemy within ${1} meters. Against Monster targets, the percentage DMG multiplier increases by ^{3}${3}%^{4}.	ทักษะโล่สร้างความเสียหายกายภาพระยะประชิดเป็นกลางเท่ากับ PATK * ^{1}${2}%^{2}ไปยังศัตรู ST ที่เลือกภายในระยะ${1}เมตรเมื่อเทียบกับเป้าหมายที่เป็นมอนสเตอร์ เปอร์เซ็นต์ตัวคูณ DMG จะเพิ่มขึ้น ^{3}${3}%^{4}
25576	After ^{1}^{2}[Cart Revolution]^{3}^{4} hits the primary target, it triggers [Money Throw] an Extra @{1} times, dealing PATK*${1}%+${2} Neutral melee Physical damage. This effect has a ${3-second Cooldown.	หลังจากที่ ^{1}^{2}[Cart Revolution]^{3}^{4}เข้าถึงเป้าหมายหลัก มันจะกระตุ้นให้ [Money Throw] เพิ่ม@{1}ครั้ง สร้าง PATK*${1}%+${2}ความเสียหายทางกายภาพระยะประชิดที่เป็นกลาง เอฟเฟกต์นี้มีคูลดาวน์ ${3 วินาที
25577	When ^{1}^{2}[Smite]^{3}^{4} is cast, it additionally deals PATK*${3}%+${4} Neutral melee Physical damage to a total of ${2} Other enemies within ${1} meters of the target. Internal Cooldown: ${5} seconds.	เมื่อ ^{1}^{2}[Smite]^{3}^{4}ถูกร่าย มันจะสร้างความเสียหายเพิ่มเติมด้วย PATK*${3}%+${4}สร้างความเสียหายทางกายภาพระยะประชิดที่เป็นกลาง รวมเป็น${2}ศัตรูอื่น ๆ ภายใน${1}เมตรจากเป้าหมายคูลดาวน์ภายใน:${5}วินาที
25578	Drake summons multiple ^{1}Water Tornadoes and water blades^{2}. When a water blade touches a Water Tornado, it ^{3}splits into more water blades^{4}. Players must ^{5}quickly reposition to evade them^{6}.	Drake เรียก ^{1}พายุ Water Tornado และใบมีดน้ำ^{2}ออกมาหลายตัวเมื่อใบมีดน้ำสัมผัสกับ Water Tornado ^{3}จะแยกออกเป็นใบมีดน้ำมากขึ้น^{4}ผู้เล่นจะต้อง ^{5}เปลี่ยนตำแหน่งอย่างรวดเร็วเพื่อหลบเลี่ยงพวกเขา^{6}
25579	Ahem... well... great teachers produce great students! This craftsmanship was passed down by a true master! Just look at the workmanship, the attention to detail—it's absolutely Moonlit Challenger caliber!	อะแฮ่ม... ก็... ครูเก่งๆ ผลิตลูกศิษย์เก่งๆ นะ! ฝีมือนี้ถูกส่งต่อโดยปรมาจารย์ที่แท้จริง! เพียงแค่ดูที่ฝีมือการผลิต ความใส่ใจในรายละเอียด มันคือลำกล้อง Moonlit Challenger อย่างแท้จริง!
25580	Bow-exclusive skill. Launch a Charge Arrow at the designated ST enemy within ${1} meters, dealing PATK * ^{1}${2}% + ${3}^{2} Neutral Ranged Physical DMG and inflicting ^{3}【Knockback】^{4} for ${4} meters.	ทักษะพิเศษเฉพาะคันธนูปล่อย Arrow พุ่งไปที่ศัตรู ST ที่กำหนดภายในระยะ${1}เมตร สร้าง PATK * ^{1}${2}% +${3}^{2}สร้างความเสียหายกายภาพระยะไกลแบบเป็นกลางและสร้างความเสียหาย ^{3}【Knockback】^{4}สำหรับ${4}เมตร
25581	Wolf Minions become Rhythmic Wargs, and the Wolf Minion Summon count for the ^{1}【King of the Wargs】^{2} effect increases by @{1}, while the skill's percentage damage multiplier increases by ^{3}${1}%^{4}.	Wolf Minions กลายเป็น Rhythmic Wargs และการอัญเชิญ Wolf Minion นับเป็น ^{1}【King of the Wargs】^ เอฟเฟกต์{2}เพิ่มขึ้น@{1}ในขณะที่ตัวคูณเปอร์เซ็นต์ความเสียหายของทักษะเพิ่มขึ้น ^{3}${1}%^{4}.
25582	Throws a bolt of chain lightning, dealing Wind Ranged Magic damage equal to MATK * ^{1}${4}%^{2} to the designated ST enemy within ${1} meters and up to ${3} Other enemies within ${2} meters of the target.	ขว้างสายฟ้าฟาดโซ่ สร้างความเสียหายเวทย์มนต์ Wind Ranged เท่ากับ MATK * ^{1}${4}%^{2}ไปยังศัตรู ST ที่กำหนดไว้ภายใน${1}เมตร และสูงถึง${3}ศัตรูอื่น ๆ ภายใน${2}เมตรของเป้าหมาย
25583	Harness the power of a Knight to strike an enemy, dealing ^{1}${2}%+${3}^{2} Neutral ranged Physical damage to a designated ST target within ${1} meters and inflicting ${5}%^{3}【Slow】^{4} for ${4} seconds.	ควบคุมพลังของอัศวินในการโจมตีศัตรู สร้าง ^{1}${2}%+${3}^{2}สร้างความเสียหายทางกายภาพในระยะไกลไปยังเป้าหมาย ST ที่กำหนดภายในระยะ${1}เมตร และสร้างความเสียหายให้กับ${5}%^{3}【Slow】^{4}เป็นเวลา${4}วินาที
25584	Deals Water ranged magic damage equal to Magic ATK * ^{1}${3}% + ${4}^{2} to up to ${2} enemies within a ${1}-meter radius, with a ^{3}${5}%^{4} Chance to inflict ^{5}^{6}【Frozen】^{7}^{8} for ${6} seconds.	สร้างความเสียหายเวทย์มนตร์ระยะไกลทางน้ำเท่ากับพลังโจมตีเวทย์ * ^{1}${3}% +${4}^{2}ไปจนถึงศัตรู${2}ภายในรัศมี${1}เมตร โดยมี ^{3}${5}%^{4}โอกาสที่จะสร้าง ^{5}^{6}【Frozen】^{7}^{8}เป็นเวลา${6}วินาที
25585	Your client version is too old to ensure a stable gameplay experience. Please Download the latest version. Select Confirm to open the corresponding store's Download page, or select Cancel to close the game.	เวอร์ชันไคลเอนต์ของคุณเก่าเกินไปที่จะรับประกันประสบการณ์การเล่นเกมที่เสถียรกรุณาดาวน์โหลดเวอร์ชันล่าสุดเลือกยืนยันเพื่อเปิดหน้าดาวน์โหลดของร้านค้าที่เกี่ยวข้อง หรือเลือกยกเลิกเพื่อปิดเกม
25586	Early Release Rules:\nThe release date for all currently frozen Diamonds will be extended to the latest release time.\nRecharge an additional <color=#cc762a>${1}</color> to release the recharge immediately.	Early Release Rules:\nThe release date for all currently frozen Diamonds will be extended to the latest release time.\nRecharge an additional <color=#cc762a>${1}</color> to release the recharge immediately.
25587	@{1}.Each character has @{2} stat allocation presets and can freely switch between them.\n@{3}.You can rename each preset.\n@{4}.Keep your selected recommended stat allocation preset when switching presets.	@{1}. อักขระแต่ละตัวมี @{2} ค่าที่ตั้งไว้ล่วงหน้าของการจัดสรรสถิติและสามารถสลับไปมาได้อย่างอิสระ\n@{3}. คุณสามารถเปลี่ยนชื่อค่าที่ตั้งไว้ล่วงหน้าแต่ละค่าได้\n@{4}. เก็บค่าที่ตั้งไว้ล่วงหน้าของการจัดสรรสถิติที่แนะนำที่คุณเลือกไว้เมื่อเปลี่ยนค่าที่ตั้งไว้ล่วงหน้า
25588	@{1}.Drag skill icons to adjust their casting order during Auto-Battle.\n@{2}.The System prioritizes skills placed earlier in the order.\n@{3}.Tap a skill icon to enable or disable Auto-Cast for that skill.	@{1}. ลากไอคอนทักษะเพื่อปรับลำดับการใช้ในระหว่างการต่อสู้อัตโนมัติ\n@{2} ระบบจะจัดลำดับความสำคัญของทักษะที่อยู่ก่อนหน้าตามลำดับ\n@{3}. แตะไอคอนทักษะเพื่อเปิดหรือปิดการใช้งานการใช้อัตโนมัติสำหรับทักษะนั้น
25589	Ilmata plays a stately melody. Targeted players are trapped within walls of fins while ^{1}fins also swim frequently across the field^{2}. Avoid the fins. ^{3}Players who touch one take moderate damage^{4}.	Ilmata เล่นทำนองอันไพเราะผู้เล่นที่เป็นเป้าหมายจะถูกขังอยู่ในกำแพงครีบ ในขณะที่ ^{1}ครีบก็ว่ายข้ามสนามบ่อยครั้ง^{2}หลีกเลี่ยงครีบ↑{3}ผู้เล่นที่แตะตัวใดตัวหนึ่งจะได้รับความเสียหายปานกลาง^{4}
25590	Hmm, everything is in order. It seems you've built a solid foundation. I'm Alphonse, the Chief Job Advance Mentor. I guide qualified Novices to ^{1}Criatura Academy^{2} for their Job Advance. Are you ready?	อืม ทุกอย่างเรียบร้อยดีดูเหมือนว่าคุณได้สร้างรากฐานที่มั่นคงแล้วฉันชื่อ Alphonse หัวหน้าที่ปรึกษางานล่วงหน้าฉันแนะนำมือใหม่ที่มีคุณสมบัติเหมาะสมให้กับ ^{1}Criatura Academy^{2}สำหรับการเลื่อนงานของพวกเขาคุณพร้อมหรือยัง?
25591	It's a resounding success! It's so docile around you—far beyond my expectations. This proves the bond created by the pheromone is stable and emotionally grounded. I imagine riding it will go smoothly too...	ประสบความสำเร็จอย่างล้นหลาม! มันเชื่องมากเมื่ออยู่กับคุณ—เกินความคาดหมายของฉันมากสิ่งนี้พิสูจน์ว่าสายสัมพันธ์ที่สร้างขึ้นโดยฟีโรโมนนั้นมั่นคงและมีพื้นฐานทางอารมณ์ฉันคิดว่าการขี่มันจะราบรื่นเหมือนกัน...
25592	The ^{1}wooden bridge in Goblin Forest^{2} was once the site of a caravan raid. Amid the chaos, a small pouch of gems rolled away and became lodged in a crack between the planks at the center of the bridge.	สะพานไม้ ^{1}ใน Goblin Forest^{2}ครั้งหนึ่งเคยเป็นสถานที่ที่มีการโจมตีคาราวานท่ามกลางความสับสนวุ่นวาย ถุงอัญมณีเล็กๆ กลิ้งออกไปและติดอยู่ในรอยแตกระหว่างแผ่นไม้ที่อยู่ตรงกลางสะพาน
25593	Break the Holy seal to unleash a surge of holy spirits, increasing Holy damage by ^{1}${1}%^{2} for ${2} seconds. During this time, the Chance to trigger ^{3}^{4}【Duple Light】^{5}^{6} becomes ^{7}${3}%^{8}.	ทำลายผนึกศักดิ์สิทธิ์เพื่อปลดปล่อยวิญญาณศักดิ์สิทธิ์ เพิ่มความเสียหายศักดิ์สิทธิ์ ^{1}${1}%^{2}เป็นเวลา${2}วินาทีในช่วงเวลานี้ โอกาสในการทริกเกอร์ ^{3}^{4}【Duple Light】^{5}^{6}จะกลายเป็น ^{7}${3}%^{8}.
25594	Deals Neutral melee Physical damage equal to the master's ^{1}Adaptive ATK^{2}*^{3}${3}%^{4} to up to ${2} enemies within ${1} meters, with a ${4}% Chance to inflict ^{5}^{6}【Stun】^{7}^{8} for ${5} seconds.	สร้างความเสียหายทางกายภาพระยะประชิดที่เป็นกลางเท่ากับมาสเตอร์ ^{1}Adaptive ATK^{2}*^{3}${3}%^{4}ไปยังศัตรู${2}ภายใน${1}เมตร โดยมี${4}% โอกาสที่จะสร้าง ^{5}^{6}【Stun】^{7}^{8}เป็นเวลา${5}วินาที
25595	After casting ^{1}^{2}[Basic Attack]^{3}^{4}, there is a ${1}% Chance to Deals DMG to the enemy an Extra ${2} times, each dealing PATK * ${3}% + ${4} as Neutral Melee Physical damage. Cooldown: ${5} seconds.	หลังจากร่าย ^{1}^{2}[Basic Attack]^{3}^{4}มี${1}% โอกาสที่จะสร้าง DMG ให้กับศัตรู${2}พิเศษครั้ง โดยแต่ละครั้งจะทำ PATK *${3}% +${4}เป็นความเสียหายกายภาพระยะประชิดเป็นกลาง คูลดาวน์:${5}วินาที
25596	Upgrading the Hatchery increases the Chance of obtaining high-quality results in every room. Limited-time rooms can hatch certain pets. Preview all possible hatching results, then choose your preferred room.	การอัพเกรดโรงฟักไข่ช่วยเพิ่มโอกาสในการได้รับผลลัพธ์คุณภาพสูงในทุกห้องห้องที่มีเวลาจำกัดสามารถฟักสัตว์เลี้ยงบางตัวได้ดูตัวอย่างผลการฟักไข่ที่เป็นไปได้ทั้งหมด จากนั้นเลือกห้องที่คุณต้องการ
25597	At the end of every story, heroes grasp the blades of divine weapons, open the covers of spellbooks, and scoop up the shimmering waters of sacred springs. But never forget what first set you on your journey.	ในตอนท้ายของทุกเรื่องราว ฮีโร่จะคว้าดาบอาวุธศักดิ์สิทธิ์ เปิดปกหนังสือคาถา และตักน้ำที่ส่องประกายของน้ำพุศักดิ์สิทธิ์แต่อย่าลืมสิ่งแรกที่ทำให้คุณออกเดินทาง
25598	Ah, brave adventurer! A moment, please! I couldn't help but notice your keen eye as you surveyed the market—and the tremendous potential within you! Those are not the eyes of someone destined for mediocrity!	อา นักผจญภัยผู้กล้าหาญ! กรุณารอสักครู่! ฉันอดไม่ได้ที่จะสังเกตเห็นสายตาที่แหลมคมของคุณเมื่อคุณสำรวจตลาด—และศักยภาพอันมหาศาลในตัวคุณ! นั่นไม่ใช่ดวงตาของใครบางคนที่ถูกลิขิตให้เป็นคนธรรมดาสามัญ!
25599	So you're with the Professor... Please be extremely careful. It seems Pharaoh, the most vicious Monster of Legend within the Pyramid, has awakened. If you encounter it, your chances of survival will be slim.	คุณอยู่กับ Professor... โปรดใช้ความระมัดระวังเป็นอย่างยิ่งดูเหมือนว่า Pharaoh สัตว์ประหลาดแห่งตำนานที่ชั่วร้ายที่สุดใน Pyramid จะตื่นขึ้นแล้วหากคุณเผชิญหน้า โอกาสรอดของคุณจะน้อย
25600	After using [Rolling Cutter], MSPD increases by ^{1}${1}%^{2} for ${2} seconds. [Rolling Cutter]'s percentage damage multiplier increases by ^{3}${3}%^{4}, and its effect radius increases by ^{5}${4} m. ^{6}	หลังจากใช้ [Rolling Cutter] MSPD จะเพิ่มขึ้น ^{1}${1}%^{2}เป็นเวลา${2}วินาที เปอร์เซ็นต์ตัวคูณความเสียหายของ [Rolling Cutter] เพิ่มขึ้น ^{3}${3}%^{4}และรัศมีเอฟเฟกต์เพิ่มขึ้น ^{5}${4}m ↑{6}
25601	Gain ^{1}Slow Immunity^{2}, increasing the percentage damage multiplier of your ^{3}^{4}【Basic Attack】^{5}^{6} by ^{7}${1}%^{8} and that of ^{9}^{10}【Spiral Pierce】^{11}^{12} by ^{13}${2}%^{14} for ${3} sec.	ได้รับ ^{1}ภูมิคุ้มกัน Slow^{2}เพิ่มเปอร์เซ็นต์ตัวคูณความเสียหายของ ^{3}^{4}【Basic Attack】^{5}^{6}โดย ^{7}${1}%^{8}และของ ^{9}^{10}【Spiral Pierce】^{11}^{12}โดย ^{13}${2}%^{14}สำหรับ${3}วินาที
25602	Unique Effect: Dealing damage has a @{1}% Chance to grant 【Sundering Might】. While 【Sundering Might】 is active, CRIT increases by @{2} and CRIT DMG increased. @{3}%. Duration: @{4} sec. (Cooldown: @{5} sec.)	: การสร้างความเสียหายมีโอกาส@{1}% ที่จะมอบ 【Sundering Might】 ขณะที่ 【Sundering Might】 ทำงานอยู่ CRIT จะเพิ่มขึ้น@{2}และ CRIT DMG เพิ่มขึ้น@{3}% ระยะเวลา:@{4}วินาที (คูลดาวน์:@{5}วินาที)
25603	Unique Effect: Casting a skill or using a Normal Attack grants maximum Floors of the 【Arcane Blade】 magic damage buff. Initial limit: @{1} Floors. Duration: @{2} sec. Each Floor increases Magic ATK by @{3}%.	: การร่ายทักษะหรือใช้ Normal Attack จะทำให้พื้นของบัฟความเสียหายเวทสูงสุดของ 【Arcane Blade】ขีดจำกัดเริ่มต้น: พื้น@{1}ระยะเวลา:@{2}วินาทีแต่ละชั้นจะเพิ่มพลังโจมตีเวทมนตร์ขึ้น@{3}%
25604	@{1}.View all Adventure Card Sets obtained during this match here.\n@{2}.Adventure Card Sets are only active during the current match. They have no effect after leaving this mode or while playing other modes.	@{1}. ดูชุดการ์ดการผจญภัยทั้งหมดที่ได้รับระหว่างการแข่งขันนี้ที่นี่\n@{2}. ชุดการ์ดการผจญภัยจะใช้งานได้เฉพาะระหว่างการแข่งขันปัจจุบันเท่านั้น ซึ่งจะไม่มีผลใดๆ หลังจากออกจากโหมดนี้หรือขณะเล่นโหมดอื่นๆ
25605	The ${1} region you selected currently has high latency (${2}ms), which may cause:\nDelayed character controls\nDelayed skill activation\nLag in multiplayer battles\n\nDo you still want to select this region?	ภูมิภาค${1}ที่คุณเลือกในปัจจุบันมีเวลาแฝงสูง (${2}ms) ซึ่งอาจทำให้เกิด:\n การควบคุมอักขระล่าช้า\n การเปิดใช้งานทักษะล่าช้า\n ความล่าช้าในการต่อสู้แบบผู้เล่นหลายคน\n\n คุณยังต้องการไหมเลือกภูมิภาคนี้?
25606	When casting ^{1}^{2}[Pierce]^{3}^{4}, there is a ${1}% Chance to Deals DMG to the target an Extra @{1} times, dealing a total of PATK * ${2}% + ${3} as Neutral Ranged Physical damage. Cooldown: ${4} seconds.	เมื่อร่าย ^{1}^{2}[Pierce]^{3}^{4}มีโอกาส${1}% ที่จะสร้าง DMG ไปยังเป้าหมาย Extra@{1}เท่า สร้าง PATK ทั้งหมด *${2}% +${3}เป็นความเสียหายทางกายภาพระยะไกลคูลดาวน์:${4}วินาที
25607	Deals ATK * ^{1}@{5}%^{2} damage @{4} times to up to @{3} enemies in a target area with a @{2} m radius within @{1} m and inflicts ^{3}【Pull】^{4} once. Each hit has a @{6}% Chance to inflict ^{5}【Freeze】^{6}.	สร้างความเสียหาย * ^{1}@{5}%^{2}สร้างความเสียหาย@{4}เท่า สูงสุดถึง@{3}ศัตรูในพื้นที่เป้าหมายที่มีรัศมี@{2}m ภายใน@{1}m และทำดาเมจ ^{3}【Pull】^{4}หนึ่งครั้งการโจมตีแต่ละครั้งมีโอกาส@{6}% ที่จะสร้าง ^{5}【Freeze】^{6}
25608	Your Stall time has run out, so your Stall was automatically closed. You earned ${1} Zeny and ${2} Minted Coin from items sold during this Stall session. Check Trade History for a detailed Record. Keep it up!	เวลาแผงลอยของคุณหมดลง แผงลอยของคุณจึงถูกปิดโดยอัตโนมัติคุณได้รับ${1}Zeny และ${2}Minted Coin จากรายการที่ขายในช่วงแผงลอยนี้ตรวจสอบประวัติการค้าเพื่อดูรายละเอียดติดตามมัน!
25609	Tsk... This Tree Bark is badly damaged, isn't it? And these Snake Gallbladders are too small. I think the price we agreed on was a little too high. As for these tickets... I'm afraid you'll have to pay extra.	จุ๊... Tree Bark นี้ได้รับความเสียหายอย่างหนักใช่หรือไม่? และ Snake Gallbladders พวกนี้ก็เล็กเกินไปฉันคิดว่าราคาที่เราตกลงกันนั้นสูงเกินไปเล็กน้อยส่วนตั๋วพวกนี้... เกรงว่าคุณจะต้องจ่ายเพิ่ม
25610	High-density Oridecon formed over many years deep underground. It can refine weapons and accessories with a higher Refine Level.\n^{1}Use: Can be used to refine weapons and accessories from +@{1} to +@{2}^{2}	Oridecon ความหนาแน่นสูงก่อตัวขึ้นลึกใต้ดินเป็นเวลาหลายปีสามารถตีบวกอาวุธและอุปกรณ์เสริมที่มีระดับการตีบวกที่สูงขึ้นได้\n^{1}การใช้งาน: สามารถใช้ปรับแต่งอาวุธและอุปกรณ์เสริมได้ตั้งแต่ +@{1}ถึง +@{2}^{2}
25611	Fabric woven from threads that have bathed in starlight for years, gathering the mysterious power of the stars. It grants greater power to armor.\n^{1}Use: Can be used to Enhance armor from +@{1} to +@{2}^{2}	ผ้าทอจากด้ายที่อาบแสงดาวมานานหลายปี รวบรวมพลังอันลึกลับของดวงดาวมันให้พลังแก่เกราะมากขึ้น\n^{1}การใช้งาน: สามารถใช้เสริมเกราะได้ตั้งแต่ +@{1}ถึง +@{2}^{2}
25612	At the ^{3}northeasternmost corner^{4} of the fields ^{1}outside Prontera West Gate^{2}, an abandoned ^{5}camp Bonfire^{6} sits on a grassy slope. The mix of fresh and old straw nearby warrants a closer look.	ที่ ^{3}มุมตะวันออกเฉียงเหนือ^{4}ของทุ่งนา ^{1}นอก Gate ทิศตะวันตก Prontera^{2}ที่ถูกทิ้งร้าง ^{5}แคมป์ Bonfire^{6}ตั้งอยู่บนเนินหญ้าการผสมผสานระหว่างฟางสดและฟางเก่าในบริเวณใกล้เคียงรับประกันว่าจะต้องมองอย่างใกล้ชิด
25613	Ore from the dwarven realm of Vatar Alheim, said to have been blessed by a legendary dwarven artisan.\n^{1}Effect: Used to Refine Weapons and Accessories. Prevents Refine Level loss upon Refinement Failed^{2}	แร่จากอาณาจักรคนแคระแห่ง Vatar Alheim ว่ากันว่าได้รับพรจากช่างฝีมือคนแคระในตำนาน\n^ เอฟเฟกต์{1}: ใช้เพื่อปรับแต่งอาวุธและอุปกรณ์เสริมป้องกันการสูญเสียระดับการขัดเกลาเมื่อการขัดเกลาล้มเหลว^{2}
25614	Select a single ally within ${3} meters of you. For the next ${1} seconds, you take ^{1}${2}%^{2} of the damage they receive. If the Distance between you exceeds ${4} meters during this time, the effect ends.	เลือกพันธมิตรหนึ่งตัวภายใน${3}เมตรจากคุณในวินาทีถัดไป${1}คุณใช้เวลา ^{1}${2}%^{2}ของความเสียหายที่พวกเขาได้รับหากระยะห่างระหว่างคุณเกิน${4}เมตรในช่วงเวลานี้ เอฟเฟกต์จะสิ้นสุดลง
25615	Miguel attacks, dealing a total of ^{1}${3}%^{2} Neutral melee ^{3}Adaptive Damage^{4} to ${2} designated enemies within ${1} meters and increasing the master's damage dealt by ^{5}${4}%^{6} for ${5} seconds.	Miguel โจมตี สร้างความเสียหายรวม ^{1}${3}%^{2}ระยะประชิดที่เป็นกลาง ^{3}Adaptive Damage^{4}ถึง${2}ศัตรูที่กำหนดภายใน${1}เมตร และเพิ่มความเสียหายของอาจารย์จัดการโดย ^{5}${4}%^{6}สำหรับ${5}วินาที
25616	After casting, grants yourself 【Deadly Poison】 for ${1} sec., increasing your ^{1}${2}^{2} Physical ATK. After you attack, there is a ^{3}${3}%^{4} Chance to deal ^{5}^{6}【Venom】^{7}^{8} damage to the target.	หลังจากร่าย ให้มอบ 【Deadly Poison】 ให้กับตัวเองเป็นเวลา${1}วินาที ซึ่งจะเพิ่ม ^{1}${2}^{2}Physical ATK ของคุณ หลังจากที่คุณโจมตี มี ^{3}${3}%^{4}โอกาสในการสร้าง ^{5}^{6}【Venom】^{7}^{8}สร้างความเสียหายให้กับเป้าหมาย
25617	Unique Effect: Casting a healing skill grants maximum Floors of the 【Nature's Blessing】 healing buff. Initial limit: @{1} Floors. Duration: @{2} sec. Each Floor increases your Magic ATK by @{3}% for @{4} sec.	เอฟเฟกต์เฉพาะ: การร่ายทักษะการรักษาจะทำให้ชั้นสูงสุดของบัฟการรักษา 【Nature's Blessing】 ขีดจำกัดเริ่มต้น: พื้น@{1}ระยะเวลา:@{2}วินาที แต่ละชั้นจะเพิ่มพลังโจมตีเวทย์ของคุณโดย@{3}% เป็นเวลา@{4}วินาที
25618	Alicel uses Launch to send blades outward from herself, dealing Neutral melee ^{5}Adaptive Damage^{6} equal to the master's ^{1}Adaptive ATK^{2}*^{3}${3}%^{4} to up to ${2} enemies within a ${1}-meter radius.	Alicel ใช้การยิงเพื่อส่งดาบออกไปด้านนอก สร้างความเสียหายระยะประชิดที่เป็นกลาง ^{5}Adaptive Damage^{6}เท่ากับของอาจารย์ ^{1}Adaptive ATK^{2}*^{3}${3}%^{4}ขึ้นไปสูงสุด ศัตรู${2}ภายในรัศมี${1}เมตร
25619	Increases Max Life by ^{1}${1}%^{2} and Physical ATK by ^{3}${2}%^{4}. When wielding a two-handed spear, grants an Extra ^{5}${3}%^{6} Physical ATK, but reduces the Max Life increase by ${4}%. Lasts ${5} sec.	เพิ่มพลัง Life สูงสุดโดย ^{1}${1}%^{2}และพลังโจมตีทางกายภาพโดย ^{3}${2}%^{4}เมื่อใช้หอกสองมือ จะได้รับ ^{5}${3}%^{6}พลังโจมตีกายภาพ แต่ลดการเพิ่มพลัง Life สูงสุดลง${4}%คงอยู่${5}วินาที
25620	@{1}.Unlocks after clearing every stage on the previous difficulty.\n@{2}.The Reward Count resets and the next difficulty unlocks every Monday at @{3}:@{4}.\n@{5}.Only one difficulty can be unlocked each week.	@{1}. ปลดล็อคหลังจากเคลียร์ทุกด่านของความยากก่อนหน้า\n@{2}. จำนวนรางวัลจะถูกรีเซ็ตและความยากถัดไปจะปลดล็อคทุกวันจันทร์ที่ @{3}:@{4}.\n@{5}. สามารถปลดล็อคระดับความยากได้เพียงหนึ่งระดับในแต่ละสัปดาห์
25621	You must be the Job Advance candidates recommended by the villages and towns. Welcome, everyone! Keep going and complete the Novice Trial, then you'll be able to enter Prontera for your Job Advance. Good luck!	คุณต้องเป็นผู้สมัครงานล่วงหน้าที่แนะนำโดยหมู่บ้านและเมืองยินดีต้อนรับทุกคน! ทำต่อไปและทำการทดลองระดับเริ่มต้นให้เสร็จสิ้น จากนั้นคุณจะสามารถเข้าสู่ Prontera เพื่อเลื่อนตำแหน่งงานของคุณได้ขอให้โชคดี!
25622	Now that we have the Snake Gallbladders, let's not waste any time. Next, we need to collect some Tree Bark from the Willows in the forest ahead. Those old things are tough, so put some muscle into your swings.	ตอนนี้เรามี Snake Gallbladders แล้ว อย่าเสียเวลาเลยต่อไป เราต้องรวบรวม Tree Bark จากต้นหลิวในป่าข้างหน้าของเก่าๆ พวกนั้นมันยาก ดังนั้นก็ต้องใช้กล้ามเนื้อสักหน่อยในการสวิงของคุณ
25623	Merchant\nIn business, the goods have to match the order. You brought them back way too quickly. There's no way you did a thorough job, so I can't give you the original price for these airship tickets anymore~	Merchant\n ในการประกอบธุรกิจสินค้าจะต้องตรงกับคำสั่งซื้อคุณพาพวกเขากลับมาเร็วเกินไปไม่มีทางที่คุณทำงานได้ละเอียดถี่ถ้วน ดังนั้นฉันจึงไม่สามารถให้ราคาเดิมสำหรับตั๋วเรือเหาะเหล่านี้แก่คุณได้อีกต่อไป~
25624	Has honed their craft and can flexibly apply various abilities to different situations. Unlocks the third Craft Slot and grants access to specialized abilities from the intermediate and advanced ability pools.	ฝึกฝนฝีมือและสามารถนำความสามารถต่างๆ ไปใช้ในสถานการณ์ต่างๆ ได้อย่างยืดหยุ่นปลดล็อคช่องคราฟช่องที่ 3 และให้สิทธิ์ในการเข้าถึงความสามารถพิเศษจากกลุ่มความสามารถระดับกลางและขั้นสูง
25625	Pet the adorable kitten, and it affectionately nuzzles your hand... Suddenly, the ground gives way beneath your feet. It seems a Trap Hunter was set here. Helpless, you fall in and slam hard into the ground...	ลูบไล้ลูกแมวแสนน่ารัก และมันจะลูบมือของคุณอย่างเสน่หา... ทันใดนั้น พื้นดินก็หลีกทางไว้ใต้ฝ่าเท้าของคุณดูเหมือนว่า Trap Hunter จะถูกวางอยู่ที่นี่ทำอะไรไม่ถูก คุณล้มลงไปกระแทกพื้นอย่างแรง...
25626	Artisans skilled at shaping wood into finely crafted forms. They create various semi-finished wooden components for equipment, making this an essential Life Skill linking lumber resources to equipment crafting.	ช่างฝีมือที่มีทักษะในการขึ้นรูปไม้ให้เป็นรูปแบบที่ประดิษฐ์อย่างประณีตพวกเขาสร้างส่วนประกอบไม้กึ่งสำเร็จรูปต่างๆ สำหรับอุปกรณ์ ทำให้นี่เป็นทักษะ Life ที่สำคัญในการเชื่อมโยงทรัพยากรไม้เข้ากับการประดิษฐ์อุปกรณ์
25627	\n● Once a siege ladder is deployed, it can be used to scale the wall.\n● Siege ladders move automatically, but they still need protection.\n● After reaching the wall, prioritize killing the cannons and guards!	\n● เมื่อวางบันไดล้อมแล้ว จะสามารถใช้เพื่อปรับขนาดผนังได้\n● บันไดปิดล้อมจะเคลื่อนที่โดยอัตโนมัติ แต่ก็ยังต้องการการป้องกัน\n● หลังจากถึงกำแพง จัดลำดับความสำคัญในการฆ่าปืนใหญ่และการ์ด!
25628	Total Lineup Attribute InstructionsTotal Lineup Attribute InstructionsTotal Lineup Attribute InstructionsTotal Lineup Attribute InstructionsTotal Lineup Attribute InstructionsTotal Lineup Attribute Instructions	คำแนะนำแอตทริบิวต์รายการทั้งหมด คำแนะนำคุณลักษณะรายการทั้งหมด คำแนะนำคุณลักษณะรายการทั้งหมด คำแนะนำคุณลักษณะรายการทั้งหมด คำแนะนำคุณลักษณะรายการทั้งหมด คำแนะนำคุณลักษณะรายการทั้งหมด
25629	@{1}.Challenge Monster Phantasms of increasing difficulty to earn generous rewards.\n@{2}.Spend Heroic Spirit Coins to increase your Heroic Spirit level. Each Level Increased grants permanent attribute bonuses.	@{1}. ท้าทายเหล่าสัตว์ประหลาดที่เพิ่มความยากขึ้นเพื่อรับรางวัลมากมาย\n@{2}. ใช้เหรียญ Heroic Spirit เพื่อเพิ่มระดับ Heroic Spirit ของคุณ การเพิ่มแต่ละระดับจะมอบโบนัสคุณสมบัติถาวร
25630	Defeating the corresponding monsters on the following maps will count:\n@{1}.【Undersea Tunnel Floor @{2}】\n@{3}.【Undersea Tunnel Floor @{4}】\n@{5}.【Undersea Tunnel Floor @{6}】\n@{7}.【Undersea Tunnel Floor @{8}】	การเอาชนะมอนสเตอร์ที่เกี่ยวข้องบนแผนที่ต่อไปนี้จะถูกนับ:\n@{1}. 【พื้น Undersea Tunnel@{2}】\n@{3}. 【พื้น Undersea Tunnel@{4}】\n@{5}.【พื้น Undersea Tunnel@{6}】\n@{7}.【พื้น Undersea Tunnel@{8}】
25631	Agile, swift, and deadly, Assassins learn the ways of the Dual Blade Technique. Their unrivaled burst damage makes them rulers of one-on-one combat. They can equip the Katar, a weapon with a high critical rate.	นักฆ่าที่ว่องไว ว่องไว และอันตรายถึงชีวิตเรียนรู้วิถีแห่งเทคนิคดาบคู่ ความเสียหายจากการระเบิดที่ไม่มีใครเทียบได้ทำให้พวกเขาเป็นผู้ปกครองการต่อสู้แบบตัวต่อตัว พวกเขาสามารถสวมใส่ Katar ซึ่งเป็นอาวุธที่มีอัตราคริติคอลสูง
25632	Feathers cascade over satin like golden-red flames, while brilliant gold thread traces the radiance of rebirth. With every step comes the low call of a divine bird—regal, magnificent, and blazing with presence.	Feathers ที่ตกลงมาเหนือผ้าซาตินราวกับเปลวไฟสีทอง-แดง ในขณะที่ด้ายสีทองสุกใสร่องรอยของการเกิดใหม่ ทุกก้าวย่างมาพร้อมกับเสียงเรียกของนกศักดิ์สิทธิ์—สง่างาม งดงาม และเปล่งประกายด้วยการปรากฏตัว
25633	...That's prejudice! A conservative attitude toward unknown technology! My giant ant's pheromones have been calibrated, and its stability has been calculated. Your Peco Peco is the one that's... a featherbrain!	... นั่นคืออคติ! ทัศนคติแบบอนุรักษ์นิยมต่อเทคโนโลยีที่ไม่รู้จัก! ฟีโรโมนของมดยักษ์ของฉันได้รับการปรับเทียบ และคำนวณความเสถียรแล้ว Peco Peco ของคุณคืออันที่... สมองขนนก!
25634	According to the records, monster populations rise abnormally before and after the festival. I suspect the festive atmosphere excites them. Take out 10 before You leave, and I'll add that to next year's manual.	ตามบันทึก จำนวนมอนสเตอร์เพิ่มขึ้นอย่างผิดปกติทั้งก่อนและหลังเทศกาล ฉันสงสัยว่าบรรยากาศรื่นเริงทำให้พวกเขาตื่นเต้น นำออกไป 10 เล่มก่อนออกเดินทาง แล้วฉันจะเพิ่มลงในคู่มือปีหน้า
25635	Behind the ^{3}bakery visible on your left^{4} ^{1}outside Prontera South Gate^{2}, some stones at the ^{5}base of the city wall^{6} are loose. They say an indebted sailor hid his last bag of silver coins here.	ด้านหลัง ^{3}ร้านเบเกอรี่ที่มองเห็นได้ทางด้านซ้ายของคุณ^{4}^{1}นอก Gate ทิศใต้ Prontera^{2}มีก้อนหินบางส่วนอยู่ที่ ^{5}ฐานของกำแพงเมือง^{6}หลวมว่ากันว่ากะลาสีผู้มีหนี้ซ่อนถุงเงินใบสุดท้ายไว้ที่นี่
25636	Deals Magic ATK * ^{1}${2}% + ${3}^{2} Holy ranged magic damage to the target ST enemy within ${1} meters, and inflicts ^{7}^{8}【Silence】^{9}^{10} on ^{3}normal monsters^{4} or ^{5}players^{6} for ${4} seconds.	สร้างความเสียหายเวทย์มนตร์ * ^{1}${2}% +${3}^{2}สร้างความเสียหายเวทย์มนตร์ระยะไกลแก่เป้าหมาย ST ศัตรูในระยะ${1}เมตร และสร้างความเสียหาย ^{7}^{8}【Silence】^{9}^{10}บน ^{3}มอนสเตอร์ปกติ^{4}หรือ ^ ผู้เล่น{5}^{6}เป็นเวลา${4}วินาที
25637	The dragon summons drakes in the outer area and drakes carrying energy orbs toward the boss in the inner area. If an inner-area drake reaches its destination, the boss gains a stack of a damage-increasing buff.	มังกรเรียกเป็ดออกมาในพื้นที่ด้านนอก และมังกรก็ถือลูกแก้วพลังงานเข้าหาบอสในพื้นที่ด้านในหากเดรคในพื้นที่ชั้นในไปถึงจุดหมายปลายทาง บอสจะได้รับบัฟเพิ่มความเสียหาย
25638	Eve spins her scythe, dealing a total of Physical ATK*^{1}${3}%^{2} Neutral melee damage to up to ${2} enemies within ${1} meters. Hit enemies' Physical and Magic DEF decrease by ^{3}${4}%^{4} for ${5} seconds.	Eve หมุนเคียวของเธอ สร้างความเสียหายทางกายภาพทั้งหมด*^{1}${3}%^{2}สร้างความเสียหายระยะประชิดที่เป็นกลาง ให้กับศัตรูสูงสุด${2}ในรัศมี${1}เมตร DEF กายภาพและเวทมนตร์ของศัตรูที่โดนลดลง ^{3}${4}%^{4}เป็นเวลา${5}วินาที
25639	Geographer spins rapidly, dealing the master's ^{1}Adaptive ATK^{2}*^{3}${3}%^{4} Neutral melee ^{5}Adaptive Damage^{6} to up to ${2} enemies within ${1} meters of the master and knocking them back ${4} meters.	นักภูมิศาสตร์หมุนอย่างรวดเร็ว จัดการกับปรมาจารย์ ^{1}Adaptive ATK^{2}*^{3}${3}%^{4}ระยะประชิดเป็นกลาง ^{5}Adaptive Damage^{6}ขึ้นไปไปยังศัตรู${2}ภายใน${1}เมตรจากต้นแบบ และกระแทกพวกเขากลับไป เมตร${4}
25640	After casting 【High-Energy Impact】, the next 【Axe Tornado-Enhance】 increases your ATK by ^{1}@{2}%^{2} and Movement Speed by ^{3}@{3}%^{4} for every @{1} enemies hit. Stacks up to @{4} times and lasts @{5} sec.	หลังจากร่าย 【High-Energy Impact】 แล้ว 【Axe Tornado-Enhance】ครั้งถัดไปจะเพิ่ม ATK ของคุณโดย ^{1}@{2}%^{2}และความเร็วในการเคลื่อนที่ ^{3}@{3}%^{4}สำหรับศัตรู@{1}ทุกตัวที่โดน สแต็กสูงสุด@{4}ครั้งและคงอยู่@{5}วินาที
25641	After charging for @{1} seconds, slashes forward, dealing cone-shaped AoE damage in a @{2}-degree, @{3}-meter-radius area. After a one-second delay, turns @{4}° and uses Repeat once, applying 【Stonecoat】 on HIT	หลังจากชาร์จ@{1}วินาที ฟันไปข้างหน้า สร้างความเสียหาย AoE รูปทรงกรวยในพื้นที่@{2}- องศา,@{3}- พื้นที่รัศมีเมตร หลังจากการหน่วงเวลาหนึ่งวินาที ให้หมุน@{4}° และใช้ ทำซ้ำ หนึ่งครั้ง ใช้งาน 【Stonecoat】 บน HIT
25642	The creation hymn of Ilmatar, Goddess of Nature, lies scattered across the world in the form of 【Melody Conches】.\nPluck the strings and resonate with her melody. Gather the lost notes and compose nature's song.	เพลงสวดแห่งการสร้างสรรค์ของ Ilmatar เทพีแห่งธรรมชาติที่กระจัดกระจายไปทั่วโลกในรูปแบบของ 【Melody Conches】\n ดึงสายและสะท้อนกับทำนองของเธอรวบรวมโน้ตที่หายไปและแต่งเพลงของธรรมชาติ
25643	@{1}.Gifts to Friends: Different gifts grant different amounts of Affinity.\n@{2}.Participate in activities with friends to gain Affinity. The amount of Affinity you can gain from activities each day is limited.	@{1}. ของขวัญให้เพื่อน: ของขวัญที่แตกต่างกันจะให้ค่า Affinity ที่แตกต่างกัน\n@{2}. เข้าร่วมในกิจกรรมกับเพื่อน ๆ เพื่อเพิ่ม Affinity จำนวนค่าความสัมพันธ์ที่คุณจะได้รับจากกิจกรรมในแต่ละวันนั้นมีจำกัด
25644	【Self Position】Casts at your feet;\n【Farthest Point Toward Nearest Unit】Casts at maximum range in the direction of the nearest unit;\n【Farthest Point Ahead】Casts at maximum range in the direction you are facing.	【Self Position】เหวี่ยงไปที่เท้าของคุณ\n【Farthest Point Toward Nearest Unit】ร่ายที่ช่วงสูงสุดในทิศทางของยูนิตที่ใกล้ที่สุด\n【Farthest Point Ahead】ร่ายในระยะสูงสุดในทิศทางที่คุณกำลังเผชิญ
25645	Wh... what? It was... her? But how...? She sounded so sincere when she praised my smithing... Could it be... was all that just so she could steal from me? Ugh, this hurts worse than failing a +@{1} refinement...	อะไร... อะไร? มันคือ... เธอเหรอ? แต่ยังไง...? เธอดูจริงใจมากเมื่อเธอชมเชยการตีเหล็กของฉัน... เป็นไปได้ไหม... ที่เธอขโมยไปจากฉันเท่านั้นเองเหรอ? ฮึ มันเจ็บยิ่งกว่าการล้มเหลวในการปรับแต่ง +@{1}...
25646	Kafra Corporation reminds you: There are many roads, but safety comes first. Reckless driving brings tears to your loved ones. Mind your speed while escorting the wagon—the speed limit is @{1} meters per second.	Kafra Corporation เตือนคุณ: มีถนนหลายสาย แต่ความปลอดภัยต้องมาก่อนการขับรถโดยประมาททำให้คนที่คุณรักเสียน้ำตาโปรดคำนึงถึงความเร็วของคุณขณะคุ้มกันเกวียน ความเร็วสูงสุดอยู่ที่@{1}เมตรต่อวินาที
25647	That's two Materials down. The last one will be the hardest—go steal the Snake King's egg for me. The Boas around here are extremely aggressive. The Snake King's nest should be hidden in the grass just up ahead.	วัสดุสองรายการไม่ทำงานอันสุดท้ายจะยากที่สุด—ไปขโมยไข่ของ Snake King ให้ฉันสิพวก Boas แถวๆ นี้มีความก้าวร้าวมากรังของราชางูควรจะซ่อนอยู่ในหญ้าที่อยู่ข้างหน้า
25648	In accordance with the Notification on Preventing Online Gaming Addiction Among Minors issued by the National Press and Publication Administration, paid game services are unavailable to users under the age of 8.	ตามประกาศป้องกันการติดเกมออนไลน์ในหมู่ผู้เยาว์ที่ออกโดยสำนักพิมพ์และสิ่งพิมพ์แห่งชาติ บริการเกมแบบชำระเงินจะไม่สามารถใช้งานได้สำหรับผู้ใช้ที่มีอายุต่ำกว่า 8 ปี
25649	A Tavern gift item obtained by completing daily Tavern quests.\nSelect a player in a Tavern room to send them this gift. The recipient gains ^{1}@{1} Star Power^{2}, while the room gains ^{3}@{2} Popularity^{4}.	รายการของขวัญ Tavern ที่ได้รับจากการทำภารกิจ Tavern ทุกวัน\n เลือกผู้เล่นในห้อง Tavern เพื่อส่งของขวัญนี้ให้พวกเขา ผู้รับจะได้รับ ^{1}@{1}Star Power^{2}ในขณะที่ห้องจะได้รับ ^{3}@{2}Popularity^{4}
25650	In ^{1}Izlude's^{2} bustling ^{3}market^{4}, search the most inconspicuous corner of a fruit stall. The shrewd merchant likes to hide his most valuable earnings in the gaps between a pile of Lemons and potatoes.	ใน ^{1}Izlude's^{2}ที่คึกคัก ^ ตลาด{3}^{4}ค้นหามุมที่ไม่เด่นที่สุดของแผงขายผลไม้พ่อค้าที่ฉลาดชอบซ่อนรายได้ที่มีค่าที่สุดของเขาไว้ในช่องว่างระหว่างกองมะนาวกับมันฝรั่ง
25651	Gain ^{1}${1}%^{2} Magic ATK, ^{3}${2}%^{4} MP Regen, and ^{5}${3}%^{6} Healing Efficiency and Shield Efficiency, plus a shield equal to ^{7}Max Life * ${4}%^{8}. (Refreshes after taking no damage for ${5} sec.)	ได้รับ ^{1}${1}%^{2}พลังโจมตีเวทย์, ^{3}${2}%^{4}อัตราฟื้นฟู MP และ ^{5}${3}%^{6}Healing Efficiency และ Shield Efficiency บวกด้วยโล่เท่ากับ ^{7}Max Life *${4}%^{8}.(รีเฟรชหลังจากไม่ได้รับความเสียหายเป็นเวลา${5}วินาที)
25652	Increases the Attack Speed of up to ${2} allies, including yourself, within a ${1}-meter radius by ^{1}${3}%^{2}. If the target is a Blacksmith class, grants an Extra ^{3}${4}%^{4} Attack Speed for ${5} seconds.	เพิ่มความเร็วในการโจมตีของพันธมิตร${2}รวมถึงตัวคุณเอง ภายในรัศมี${1}เมตร ^{1}${3}%^{2}หากเป้าหมายเป็นคลาส Blacksmith จะได้รับ ^{3}${4}%^{4}Attack Speed ​​เป็นเวลา${5}วินาที
25653	Consumes ^{1}${1}^{2} HP to deal Holy Melee Physical DMG equal to PATK * ^{3}${3}%^{4} + ^{5}${4}^{6} to up to ${5} enemies within a ${2}-meter radius. You have ^{7} ^{8}【Endure】^{9} ^{10} while using the skill.	ใช้ ^{1}${1}^{2}HP เพื่อสร้างความเสียหายกายภาพ Holy Melee เท่ากับ PATK * ^{3}${3}%^{4}+ ^{5}${4}^{6}ไปจนถึง${5}ศัตรูภายในรัศมี${2}เมตรคุณมี ^{7}^{8}【Endure】^{9}^{10}ขณะใช้ทักษะ
25654	Bow-exclusive skill. Fires a dense volley of Arrows, dealing PATK * ^{1}${4}% + ${5}^{2} Neutral Ranged Physical DMG to up to ${3} enemies in a target area with a radius of ${2} meters within ${1} meters of you.	ทักษะพิเศษเฉพาะคันธนูยิงลูกธนูหนาแน่น สร้าง PATK * ^{1}${4}% +${5}^{2}สร้างความเสียหายทางกายภาพระยะไกลสูงสุด${3}ศัตรูในพื้นที่เป้าหมายด้วยรัศมี${2}เมตร ภายใน${1}เมตรคุณ.
25655	Increases the casting Distance of 【Soul Destroyer】 by ${1} meters. After casting, deals Neutral melee Physical damage equal to Physical ATK × ${4}% to up to ${3} enemies within a ${2}-meter radius of the target.	เพิ่มระยะร่ายของ 【Soul Destroyer】 ขึ้น${1}เมตรหลังจากการร่าย จะสร้างความเสียหายทางกายภาพระยะประชิดที่เป็นกลางเท่ากับ ATK กายภาพ ×${4}% ให้กับศัตรูสูงสุด${3}ภายในรัศมี${2}เมตรของเป้าหมาย
25656	@{1}.After mounting the Turret, you can immediately use it to attack.\n@{2}.Adjust the camera to fire the Turret in different directions.\n@{3}.You will automatically dismount the Turret if you die or go offline.	@{1}. หลังจากติดตั้ง Turret แล้ว คุณสามารถใช้มันโจมตีได้ทันที\n@{2}. ปรับกล้องให้ยิง Turret ไปในทิศทางต่างๆ\n@{3}. คุณจะลงจากหลัง Turret โดยอัตโนมัติหากคุณตายหรือออฟไลน์
25657	Baphomet returns to the center of the field, then ^{1}summons illusions around the field that move toward the center^{2}. Players must ^{3}Kill the illusions before they reach the center^{4} or take heavy damage.	Baphomet กลับมาที่จุดศูนย์กลางของสนาม จากนั้น ^{1}เรียกภาพลวงตามารอบๆ สนามที่เคลื่อนไปยังจุดศูนย์กลาง^{2}ผู้เล่นจะต้อง ^{3}Kill ภาพลวงตาก่อนที่จะถึงศูนย์กลาง^{4}หรือได้รับความเสียหายอย่างหนัก
25658	When an Assassin Cross achieves a Breakthrough beyond their limits, they become the dreaded Guillotine Cross. Each ring of violet-black afterimages is a waltz that reaps Life—a devastating display of Ultra speed.	เมื่อ Assassin Cross บรรลุความก้าวหน้าเกินขีดจำกัด พวกมันจะกลายเป็น Guillotine Cross ที่น่าสะพรึงกลัววงแหวนแต่ละวงของภาพติดตาสีม่วง-ดำคือเพลงวอลทซ์ที่เก็บเกี่ยว Life—การแสดงความเร็วระดับอัลตร้าที่ทำลายล้าง
25659	Intensifies gravity in a designated area with a @{2} m radius within @{1} m, dealing ATK * ^{1}@{4}%^{2} damage per wave to up to @{3} enemies. The gravity field lasts @{5} sec. and strikes a total of @{6} waves.	เพิ่มแรงโน้มถ่วงในพื้นที่ที่กำหนดด้วยรัศมี@{2}m ภายใน@{1}m สร้างความเสียหาย ATK * ^{1}@{4}%^{2}สร้างความเสียหายต่อคลื่นสูงสุดศัตรู@{3}สนามแรงโน้มถ่วงคงอยู่@{5}วินาทีและกระทบคลื่น@{6}ทั้งหมด
25660	Shh! The shadow of the Thief has chosen you. Your footsteps are lighter than the wind, and your eyes are sharper than a hawk's. The black market of Morroc... Ahem, I mean the whole wide world awaits your talents!	ชู่ว! เงาของโจรได้เลือกคุณฝีเท้าของคุณเบากว่าลม และดวงตาของคุณก็เฉียบแหลมยิ่งกว่าเหยี่ยวตลาดมืดแห่ง Morroc... อะแฮ่ม ฉันหมายถึงว่าโลกทั้งใบกำลังรอความสามารถของคุณอยู่!
25661	Right, there couldn't possibly be a connection! Are you accusing an innocent little kitten purring in the sun of being a thief? Absurd! This must be the work of some sophisticated spatial magic yet unknown to us!	ใช่แล้ว ไม่สามารถเชื่อมต่อได้! คุณกำลังกล่าวหาลูกแมวตัวน้อยผู้บริสุทธิ์ที่ร้องครางกลางแดดว่าเป็นขโมยหรือไม่? ไร้สาระ! นี่คงจะเป็นผลงานของเวทมนตร์อวกาศที่ซับซ้อนแต่เราไม่รู้จัก!
25662	Oh my, Adventurer, your expression looks even more tense than usual. I'm not short on Materials, but the Foreign Merchant across the street said a while back that he had an ancient Stone that could calm monsters.	โอ้ Adventurer สีหน้าของคุณดูตึงเครียดมากกว่าปกติฉันไม่ได้ขาดวัตถุดิบ แต่พ่อค้าชาวต่างชาติที่อยู่ฝั่งตรงข้ามถนนพูดไว้สักพักหนึ่งว่าเขามี Stone โบราณที่สามารถสงบสัตว์ประหลาดได้
25663	Oh, right. This Butterfly Wing is for you. You must be tired after getting back, so use it to Teleport directly to Prontera. Then Return to Town and report to Captain Aikuni. After that, we'll be ready to depart.	โอ้ใช่แล้ว Butterfly Wing นี้เหมาะสำหรับคุณกลับมาแล้วคงเหนื่อยมาก เลยใช้ Teleport ตรงไปที่ Prontera จากนั้นกลับไปที่เมืองและรายงานต่อ CaptainAikuni หลังจากนั้นเราก็พร้อมที่จะออกเดินทาง
25664	Summons sacred lilies to bloom and shower the area with petals, increasing the ^{7}MATK^{8} and ^{9}PATK^{10} of You and ^{1}^{2}Party Members^{3}^{4} within a ${1}-meter radius by ^{5}${2}%^{6} for ${3} seconds.	เรียกดอกลิลลี่ศักดิ์สิทธิ์มาบานสะพรั่งและโปรยกลีบบริเวณนั้น เพิ่ม ^{7}MATK^{8}และ ^{9}PATK^{10}ของคุณและ ^{1}^{2}Party Members^{3}^{4}ภายใน${1}- รัศมีเมตรคูณ ^{5}${2}%^{6}สำหรับ${3}วินาที
25665	Two-Handed Spear skill. Deals Neutral Melee Physical DMG equal to PATK * ^{1}${3}%^{2} to up to ${5} enemies in a ${2} * ${1}-meter area in front of you. For every @{1}% ASPD, this DMG increases by ^{3}${6}%^{4}.	ทักษะ Spear สองมือสร้างความเสียหายกายภาพระยะประชิดที่เป็นกลางเท่ากับ PATK * ^{1}${3}%^{2}ไปจนถึงศัตรู${5}ในพื้นที่${2}*${1}เมตรด้านหน้าคุณสำหรับทุก@{1}% ASPD DMG นี้จะเพิ่มขึ้น ^{3}${6}%^{4}
25666	Unleashes a powerful attack against the designated ST enemy within @{1} m, dealing Neutral ranged Physical damage equal to Physical ATK * ^{1}@{3}%^{2} to the target and up to @{2} enemies in a line within range.	ปล่อยการโจมตีอันทรงพลังต่อศัตรู ST ที่กำหนดไว้ภายใน@{1}m สร้างความเสียหายทางกายภาพระยะไกลที่เป็นกลางเท่ากับ ATK กายภาพ * ^{1}@{3}%^{2}ไปยังเป้าหมายและศัตรูสูงสุด@{2}ในแนวภายในระยะ
25667	Lava Lizard roars, dealing Neutral melee Physical damage equal to Pet Physical ATK*^{1}${3}%^{2} to up to ${2} enemies within a ${1}-meter radius and reducing their Physical DEF by ^{3}${4}%^{4} for ${5} seconds.	Lava Lizard คำราม สร้างความเสียหายทางกายภาพระยะประชิดที่เป็นกลางเท่ากับ ATK ทางกายภาพของสัตว์เลี้ยง*^{1}${3}%^{2}ให้กับศัตรูสูงสุด${2}ภายในรัศมี${1}เมตร และลด DEF ทางกายภาพของพวกมันลง ^{3}${4}%^{4}สำหรับ${5}วินาที
25668	【Frost Diver】's area of effect increases to ${1}m and triggers @{1} 【Ice Spike】 on every target hit, dealing Water ranged magic damage equal to Magic ATK * ${2}%. Hitting 【Frozen】 enemies does not remove 【Frozen】.	【Frost Diver】 จะเพิ่มขึ้นเป็น${1}m และเรียกใช้@{1}【Ice Spike】 ในทุก ๆ เป้าหมายที่โดน สร้างความเสียหายเวทย์มนตร์ระยะไกลเท่ากับ Magic ATK *${2}%การกดปุ่มศัตรูที่ 【Frozen】 จะไม่ลบ 【Frozen】
25669	"It's okay. Getting the ring back is the best ending I could have hoped for. Thank you for helping me complete this ""mission."" From now on, whenever you buy flowers from me, I'll always give you twenty percent off~"	"ไม่เป็นไรครับ. การได้แหวนคืนถือเป็นตอนจบที่ดีที่สุดที่ฉันหวังไว้ขอบคุณที่ช่วยฉันทำ ""ภารกิจ"" นี้ให้สำเร็จจากนี้ไป เมื่อใดก็ตามที่คุณซื้อดอกไม้จากฉัน ฉันจะมอบส่วนลดให้คุณ 20 เปอร์เซ็นต์เสมอ~"
25670	How absurd! Those church officials guard the Nail of Discipline all day and refuse to let us Approach it, yet they allow Monsters to plunder cargo right under their noses? This is a complete dereliction of duty...	ไร้สาระจริงๆ! เจ้าหน้าที่ของคริสตจักรเหล่านั้นเฝ้า Nail of Discipline ตลอดทั้งวันและปฏิเสธที่จะให้เราเข้าไปใกล้มัน แต่พวกเขายอมให้สัตว์ประหลาดปล้นสินค้าใต้จมูกของพวกเขาเหรอ? ถือเป็นการละทิ้งหน้าที่โดยสมบูรณ์...
25671	Fireworks dance like dreams upon the breeze as the tender night keeps you company.\n^{1}Intimacy +@{1}, recipient's Popularity +@{2}, your Hearts +@{3}\nGiving this gift will trigger an Entire Server announcement!	Fireworks เต้นรำราวกับความฝันท่ามกลางสายลมในค่ำคืนอันอ่อนโยนที่คอยเป็นเพื่อนคุณ\n^{1}ความใกล้ชิด +@{1}ความนิยมของผู้รับ + ​​@{2}, หัวใจของคุณ +@{3}\n การให้ของขวัญนี้จะทำให้เกิดการประกาศทั้งเซิร์ฟเวอร์!
25672	An extremely precious ore from the dwarven realm of Wat Alheim, coveted by every craftsman.\n^{1}Effect: Used to Refine Armor. Increases the Success Rate and prevents level loss or damage if Refinement Failed.^{2}	แร่ล้ำค่าอย่างยิ่งจากอาณาจักรคนแคระแห่งวัดอัลไฮม์ เป็นที่ปรารถนาของช่างฝีมือทุกคน\n^ เอฟเฟกต์{1}: ใช้เพื่อปรับแต่งชุดเกราะเพิ่มอัตราความสำเร็จและป้องกันการสูญเสียระดับหรือความเสียหายหากการปรับแต่งล้มเหลว^{2}
25673	【Reflect Damage】range increases to ^{1}${1}^{2} meters, Damage Reflection's percentage damage coefficient increases by ^{3}${4}%^{4}, and HIT applies ^{5}Slow^{6} by ${2}% to the target, stacking up to ${3} times.	【Reflect Damage】ช่วงเพิ่มขึ้นเป็น ^{1}${1}^{2}เมตร ค่าสัมประสิทธิ์ความเสียหายเป็นเปอร์เซ็นต์ของความเสียหายสะท้อนเพิ่มขึ้น ^{3}${4}%^{4}และ HIT มีผล ^{5}Slow^{6}โดย${2}% ไปยังเป้าหมาย ซ้อนได้สูงสุด${3}เท่า
25674	After using 【Grimtooth】, there is a ${1}% Chance to deal Neutral melee Physical damage equal to Physical ATK × ${4}% to up to ${3} enemies within a ${2}-meter radius of the target. Built-in Cooldown: ${5} seconds.	หลังจากใช้ 【Grimtooth】 จะมีโอกาส${1}% ที่จะสร้างความเสียหายทางกายภาพระยะประชิดที่เป็นกลางเท่ากับ Physical ATK ×${4}% ไปจนถึงศัตรู${3}ภายในรัศมี${2}เมตรของเป้าหมาย คูลดาวน์ในตัว:${5}วินาที
25675	Rogues have diverse skills that allow them to use the speed advantage for guerrilla warfare, and the unfortunate enemy that falling into their hands is like a mouse being caught by a cat. There is no way to escape.	Rogues มีทักษะที่หลากหลายซึ่งช่วยให้พวกเขาใช้ความได้เปรียบด้านความเร็วในการทำสงครามกองโจร และศัตรูที่โชคร้ายที่ตกอยู่ในมือของพวกเขาก็เหมือนกับหนูที่ถูกแมวจับไม่มีทางที่จะหลบหนี
25676	Unfortunately, you did not complete the Dragon Summoning within the time limit. All summoning materials have been returned to you. Please collect them! You may begin the Dragon Summoning ritual again in @{1} hours!	น่าเสียดายที่คุณไม่ได้ทำการอัญเชิญมังกรให้เสร็จสิ้นภายในเวลาที่กำหนดวัสดุการอัญเชิญทั้งหมดถูกส่งกลับไปยังคุณแล้วกรุณารวบรวมพวกเขา! คุณสามารถเริ่มพิธีกรรมอัญเชิญมังกรได้อีกครั้งในชั่วโมง@{1}!
25677	All right, you've been through one danger after another, so you must be exhausted. I'm a VIP member at the Oak Inn in southern Prontera. Go rest there and give them my name. They'll arrange their best room for you.	เอาล่ะ คุณผ่านอันตรายมาครั้งแล้วครั้งเล่า ดังนั้นคุณคงจะเหนื่อยมาก ฉันเป็นสมาชิกวีไอพีที่ Oak Inn ทางตอนใต้ของพรอนเทรา ไปพักที่นั่นแล้วบอกชื่อของเราให้พวกเขา พวกเขาจะจัดห้องที่ดีที่สุดให้กับคุณ
25678	For underage players, Login ROO is available <color=#cc762a>only from 20:00 to 21:00 on Fridays, Saturdays, Sundays, and public holidays</color>. You cannot play outside these hours. Please remember to take breaks.	For underage players, Login ROO is available <color=#cc762a>only from 20:00 to 21:00 on Fridays, Saturdays, Sundays, and public holidays</color>. You cannot play outside these hours. Please remember to take breaks.
25679	Consumes @{1} Coins to cast, but costs nothing below Base Lv. @{2}. Strikes fiercely with money, dealing Physical ATK*^{1}${1}%+${2}^{2} as Neutral melee Physical damage to the selected ST enemy within @{3} meters.	Consumes@{1}Coins to cast, but costs nothing below Base Lv.@{2}. โจมตีอย่างดุเดือดด้วยเงิน สร้าง ATK กายภาพ*^{1}${1}%+${2}^{2}เป็นความเสียหายกายภาพระยะประชิดเป็นกลางแก่ศัตรู ST ที่เลือกภายในระยะ@{3}เมตร
25680	【Melodic Axe Tornado - Enhance】spins more violently, increasing its Total DMG multiplier by ^{1}@{1}%^{2}. The final strike unleashes a massive sound wave with a radius of ^{3}@{2}^{4} meters, dealing heavy damage.	【Melodic Axe Tornado - Enhance】หมุนอย่างรุนแรงยิ่งขึ้น โดยเพิ่มตัวคูณความเสียหายรวมขึ้น ^{1}@{1}%^{2}การโจมตีครั้งสุดท้ายปล่อยคลื่นเสียงขนาดยักษ์ออกมาในรัศมี ^{3}@{2}^{4}เมตร สร้างความเสียหายอย่างหนัก
25681	\n● Leap from the edge of the wall to leave the castle and attack.\n● Use the same method to return to the wall.\n● Destroy the enemy battering ram as soon as possible to prevent the castle gate from being breached.	\n● กระโดดจากขอบกำแพงเพื่อออกจากปราสาทแล้วโจมตี\n● ใช้วิธีการเดียวกันเพื่อกลับเข้าผนัง\n● ทำลายแกะผู้โจมตีของศัตรูโดยเร็วที่สุดเพื่อป้องกันไม่ให้ประตูปราสาทถูกเจาะ
25682	When ^{1}^{2}[Double Attack]^{3}^{4} triggers, it additionally Deals DMG equal to PATK * ${3}% + ${4} as Neutral Melee Physical damage to up to ${2} enemies within a ${1}-meter radius of you. Cooldown: ${5} seconds.	เมื่อ ^{1}^{2}[Double Attack]^{3}^{4}ทริกเกอร์ มันจะสร้างความเสียหายเพิ่มเติมเท่ากับ PATK *${3}% +${4}เป็นความเสียหายทางกายภาพระยะประชิดที่เป็นกลาง สูงสุดถึง${2}ศัตรูที่อยู่ในรัศมี${1}เมตรของคุณคูลดาวน์:${5}วินาที
25683	What a warm light... It's the calling of an Acolyte! Your heart is as soft as a Poring, yet your strength surpasses that of an angel. Remember, your hands, which can heal anything, are more precious than any weapon.	ช่างเป็นแสงที่อบอุ่นจริงๆ... เสียงเรียกของ Acolyte! หัวใจของคุณนุ่มนวลราวกับ Poring แต่ความแข็งแกร่งของคุณก็เหนือกว่านางฟ้าโปรดจำไว้ว่า มือของคุณซึ่งสามารถรักษาทุกสิ่งได้นั้นมีค่ามากกว่าอาวุธใดๆ
25684	Every great innovation comes with risks. Juno's first airship didn't get far on its maiden flight either. I need to adjust the formula's concentration and application method—not abandon the entire field of research.	ทุกนวัตกรรมที่ยิ่งใหญ่ย่อมมาพร้อมกับความเสี่ยงเรือเหาะลำแรกของ Juno ก็ไปได้ไม่ไกลในการบินครั้งแรกเช่นกันฉันจำเป็นต้องปรับความเข้มข้นของสูตรและวิธีการใช้ โดยไม่ละทิ้งการวิจัยทุกแขนง
25685	Uh... What would a Shorty like you know? I have to stay here and guard these two Materials. What if someone steals them? Besides, don't worry. If those snakes surround you, I'll charge in and rescue you immediately!	เอ่อ... Shorty แบบคุณรู้อะไรมาบ้าง? ฉันต้องอยู่ที่นี่และปกป้องวัสดุทั้งสองนี้เกิดอะไรขึ้นถ้ามีคนขโมยพวกเขา? นอกจากนี้ไม่ต้องกังวลหากงูพวกนั้นล้อมรอบคุณ ฉันจะพุ่งเข้าไปช่วยเหลือคุณทันที!
25686	The Supply Transport event has ended. During this event, all Members transported a total of ^{1}${1}^{2}/${2} Military Supplies.\nThe Members who transported the supplies were: \n${3}  ${4} points\n${5}  ${6} points	เหตุการณ์ Supply Transport สิ้นสุดลงแล้วในระหว่างกิจกรรมนี้ สมาชิกทุกคนได้ขนส่ง ^{1}${1}^{2}/${2}ยุทโธปกรณ์ทั้งหมดแล้ว\n สมาชิกที่ขนส่งพัสดุ ได้แก่\n${3}${4}คะแนน\n${5}${6}คะแนน
25687	The target lies ^{1}in front of the statue of Odin in Prontera Plaza^{2}. Follow the direction indicated by the tip of its hoof to Discover the hidden object ^{3}in the gap between the bench and the stone steps^{4}.	เป้าหมายอยู่ ^{1}หน้ารูปปั้นโอดินในพรอนเทราพลาซ่า^{2}ปฏิบัติตามทิศทางที่ระบุโดยปลายกีบเพื่อค้นหาวัตถุที่ซ่อนอยู่ ^{3}ในช่องว่างระหว่างม้านั่งกับบันไดหิน^{4}
25688	Proof of participation in this Ignition Test. Players who receive this invitation will gain Eligibility for the next test and may also invite one Extra player to join them on an adventure before the next test begins	หลักฐานการเข้าร่วมการทดสอบการจุดระเบิดนี้ผู้เล่นที่ได้รับคำเชิญนี้จะได้รับสิทธิ์ในการทดสอบครั้งต่อไปและอาจเชิญผู้เล่นพิเศษหนึ่งคนให้เข้าร่วมในการผจญภัยก่อนที่การทดสอบครั้งต่อไปจะเริ่มขึ้น
25689	Deals Holy Ranged Magic damage equal to MATK * ^{1}${2}% + ${3}^{2} to one designated Enemy within ${1} meters. If the target is a ^{3}Normal Undead Monster^{4}, there is a ^{5}${4}%^{6} Chance to kill it instantly.	สร้างความเสียหายเวทย์มนต์ศักดิ์สิทธิ์เท่ากับ MATK * ^{1}${2}% +${3}^{2}ต่อศัตรูที่กำหนดหนึ่งตัวภายในระยะ${1}เมตรหากเป้าหมายคือ ^{3}Normal Undead Monster^{4}จะมี ^{5}${4}%^{6}มีโอกาสที่จะฆ่ามันทันที
25690	Alice restores ^{5}Life^{6} equal to the master's ^{1}Adaptive ATK^{2}*^{3}${3}%^{4} to herself and up to ${2} allies within ${1} meters, granting all targets ^{7}${4}%^{8} ^{9}damage reduction^{10} for ${5} seconds.	อลิซฟื้นคืน ^{5}Life^{6}เท่ากับปรมาจารย์ ^{1}Adaptive ATK^{2}*^{3}${3}%^{4}ให้กับตัวเธอเองและจนถึงพันธมิตร${2}ภายใน เมตร${1}มอบเป้าหมายทั้งหมด ^{7}${4}%^{8}^{9}ลดความเสียหาย^{10}เป็นเวลา${5}วินาที
25691	Draw on the water element in the air to deal Magic ATK*^{1}${2}%+${3}^{2} Water ranged magic damage to a selected ST enemy within ${1} meters, with a ${4}% Chance to inflict ^{3}^{4}【Frozen】^{5}^{6} for ${5} seconds.	ดึงธาตุน้ำในอากาศเพื่อสร้างพลังโจมตีเวทย์*^{1}${2}%+${3}^{2}สร้างความเสียหายเวทย์จากน้ำไปยังศัตรู ST ที่เลือกภายในระยะ${1}เมตร โดยมีโอกาสสร้าง${4}% %{3}^{4}【Frozen】^{5}^{6}เป็นเวลา${5}วินาที
25692	Unique Effect: Casting a skill or using a Normal Attack grants maximum Floors of the 【Resolve】 Physical damage buff. Initial limit: @{1} Floors. Duration: @{2} sec. Each Floor increases your Physical damage by @{3}%.	เอฟเฟกต์เฉพาะ: การร่ายทักษะหรือการใช้ Normal Attack จะทำให้พื้นของ【Resolve】บัฟความเสียหายกายภาพสูงสุดขีดจำกัดเริ่มต้น: พื้น@{1}ระยะเวลา:@{2}วินาทีแต่ละชั้นจะเพิ่มความเสียหายทางกายภาพของคุณขึ้น@{3}%
25693	When casting ^{1}^{2}[Rapid Smiting]^{3}^{4}, there is a ${1}% Chance to change the Cooldown of your next Shield Boomerang to @{1} seconds. This effect cannot stack and can trigger up to @{2} times every ${2} seconds.	เมื่อร่าย ^{1}^{2}[Rapid Smiting]^{3}^{4}มีโอกาส${1}% ที่จะเปลี่ยนคูลดาวน์ของ Shield Boomerang ถัดไปของคุณเป็น@{1}วินาทีเอฟเฟกต์นี้ไม่สามารถซ้อนกันได้และสามารถทริกเกอร์ได้สูงสุด@{2}ครั้งทุกๆ${2}วินาที
25694	Piloting the Madogear Pilot, they Launch long-range cannon fire to demolish enemy lines, or charge in with a kinetic battle axe to control the field and unleash explosive strikes, leaving opponents no time to breathe.	ขับ Madogear Pilot โดยยิงปืนใหญ่ระยะไกลเพื่อทำลายแนวศัตรู หรือโจมตีด้วยขวานต่อสู้จลน์เพื่อควบคุมสนามและปล่อยการโจมตีด้วยระเบิด ทำให้คู่ต่อสู้ไม่มีเวลาหายใจ
25695	I'll also need a barrel of ^{1}【High-Quality Sticky Mucus】^{2} from Willows to use as damping fluid. The last time I went looking for some, I mistook a regular tree for a Willow and spent half an hour talking to it...	ฉันยังต้องการ ^{1}หนึ่งบาร์เรล 【High-Quality Sticky Mucus】^{2}จาก Willows เพื่อใช้เป็นน้ำยาหน่วงครั้งสุดท้ายที่ฉันไปหามัน ฉันเข้าใจผิดว่าต้นไม้ธรรมดาเป็น Willow และใช้เวลาคุยกับมันนานครึ่งชั่วโมง...
25696	At that moment, the ancestors of the Rune Kingdom's seven royal families rose to the challenge. Aiding them were 6 exceptional Warriors from various jobs. Together, they Defeated the Demon and protected the continent.	ในขณะนั้น บรรพบุรุษของราชวงศ์ทั้งเจ็ดของอาณาจักร Rune ลุกขึ้นมาสู่ความท้าทายการช่วยเหลือพวกเขาคือนักรบที่ยอดเยี่ยม 6 คนจากงานต่างๆพวกเขาร่วมกันเอาชนะปีศาจและปกป้องทวีป
25697	This Member is not on the Adventure Group's server. If they do not transfer to the Adventure Group's server before <color=#EB543A>${1}</color>, <color=#EB543A>they will automatically leave the Adventure Group</color>.	This Member is not on the Adventure Group's server. If they do not transfer to the Adventure Group's server before <color=#EB543A>${1}</color>, <color=#EB543A>they will automatically leave the Adventure Group</color>.
25698	Your Contribution Points are proportional to the number of Crystals you contribute. Claim Activity Chests from the Event Calendar and participate in MVP, Mini, and Guild Caravan events to earn more Contribution Points.	คะแนนการมีส่วนร่วมของคุณจะขึ้นอยู่กับจำนวนคริสตัลที่คุณบริจาครับหีบ Activity จากปฏิทิน Activity และเข้าร่วม Activity MVP, Mini และ Guild Caravan เพื่อรับคะแนนการมีส่วนร่วมมากขึ้น
25699	You have joined the Lineup to purchase this item. In ${1} seconds,\na random player from the Lineup will be selected to 【Confirm Trade】. Please wait…\n\nThis page will close automatically after the result is announced.	คุณได้เข้าร่วมกลุ่มผลิตภัณฑ์เพื่อซื้อรายการนี้ในวินาที${1}\n ผู้เล่นแบบสุ่มจากรายการจะถูกเลือกเพื่อ 【Confirm Trade】กรุณารอสักครู่…\n\n หน้านี้จะปิดโดยอัตโนมัติหลังจากประกาศผล
25700	^{1}^{2}[Sonic Blow]^{3}^{4}'s percentage damage multiplier increases by ${1}%, and its fixed damage increases by ${2}. The upper HP percentage threshold for ^{5}^{6}[Sonic Blow]^{7}^{8}'s DMG Bonus increases by ${3}%.	^{1}^{2}[Sonic Blow]^{3}^ ตัวคูณเปอร์เซ็นต์ความเสียหายของ{4}เพิ่มขึ้น${1}% และความเสียหายคงที่ของมันเพิ่มขึ้น${2}เปอร์เซ็นต์ HP ขั้นต่ำสำหรับ ^{5}^{6}[Sonic Blow]^{7}^ โบนัส DMG ของ{8}เพิ่มขึ้น${3}%
25701	Take this to the first floor of the Culvert and meet Fervor, an investigator with the Knight Order. He's a glutton, but he'll definitely be able to track the scent. Now hurry. All this scolding is giving me a headache.	นำสิ่งนี้ไปที่ชั้นหนึ่งของ Culvert และพบกับ Fervor นักสืบที่มีหน่วยอัศวินเขาเป็นคนตะกละ แต่เขาสามารถติดตามกลิ่นได้อย่างแน่นอนตอนนี้รีบเลยการดุด่าทั้งหมดนี้ทำให้ฉันปวดหัว
25702	Consumes ^{1}${1}^{2} points of ^{3}Life^{4} to increase the caster's and up to ${3} allies' ^{5}AGI by ${4}^{6}, ^{7}Attack Speed by ${5}%^{8}, and ^{9}Move Speed by ${6}%^{10} within a ${2}-meter radius for ${7} sec.	ใช้ ^{1}${1}^{2}คะแนนของ ^{3}Life^{4}เพื่อเพิ่มผู้ร่ายและสูงสุดถึง${3}พันธมิตร ^{5}AGI โดย${4}↑{6}, ^{7}ความเร็วในการโจมตีโดย${5}%^{8}และ ^{9}ความเร็วในการเคลื่อนที่โดย${6}%^{10}ภายในรัศมี${2}-meter สำหรับ${7}วินาที
25703	Miyabi Doll recites an incantation, increasing the Physical and Magic ATK of up to ${2} nearby allies within a ${1}-meter radius by ^{1}${3}%^{2} for ${4} seconds and granting ^{3}^{4}【Endure】^{5}^{6} for ${5} seconds.	Miyabi Doll ท่องคาถา เพิ่ม ATK กายภาพและเวทมนตร์ของพันธมิตรใกล้เคียงสูงสุด${2}ภายในรัศมี${1}เมตร ^{1}${3}%^{2}เป็นเวลา${4}วินาทีและให้ ^{3}^{4}【Endure】^{5}^{6}เป็นเวลา${5}วินาที
25704	^{1}^{2}Elemental Attunement^{3}^{4} will Enhance 【Comet】. After 【Comet】 is cast, it triggers 4 Extra small Meteors that respectively deal Fire, Water, Wind, and Earth Ranged Magic damage equal to MATK * ^{5}${1}%^{6}.	^{1}^{2}การปรับธาตุ^{3}^{4}จะเสริมประสิทธิภาพ 【Comet】หลังจากที่ Comet ถูกร่าย มันจะกระตุ้นอุกกาบาตขนาดเล็กพิเศษ 4 ลูกที่สร้างความเสียหายเวทย์ไฟ น้ำ ลม และเวทย์พิภพพิสัยเท่ากับ MATK * ^{5}${1}%^{6}
25705	Focus your energy and gain the ^{1}^{2}【Endure Lv.@{1}】^{3}^{4} effect for ${1} sec, increasing your HIT by ^{5}${2}^{6} and Physical ATK by ^{7}${3}^{8}, while reducing your Physical DEF by ^{9}${4}^{10} for ${5} sec.	มุ่งความสนใจไปที่พลังงานและรับ ^{1}^{2}【อด Endure Lv.@{1}】^{3}^ เอฟเฟกต์{4}สำหรับ${1}วินาที เพิ่ม HIT ของคุณโดย ^{5}${2}^{6}และการโจมตีทางกายภาพโดย ^{7}${3}^{8}ในขณะที่ลด DEF ทางกายภาพของคุณลง ^{9}${4}^{10}เป็นเวลา${5}วินาที
25706	Summons a holy spirit to attack the designated ST enemy within ${1}m, dealing a total of Magic ATK*^{1}${2}%+${3}^{2} ranged Ghost magic damage. Deals an Extra ^{3}${4}%^{4} ranged Ghost magic damage to Undead enemies.	เรียกวิญญาณศักดิ์สิทธิ์มาโจมตีศัตรู ST ที่กำหนดภายในระยะ${1}เมตร สร้างพลังโจมตีเวทย์ทั้งหมด*^{1}${2}%+${3}^{2}โจมตีด้วยเวทย์มนตร์แบบผีระยะไกลสร้างความเสียหายพิเศษ ^{3}${4}%^{4}สร้างความเสียหายเวทย์มนตร์แบบ Ghost ให้กับศัตรู Undead
25707	Unique Effect: Casting a skill or using a Normal Attack grants maximum Floors of the 【Savage Blade】 Physical damage buff. Initial limit: @{1} Floors. Duration: @{2} sec. Each Floor increases your Physical ATK by @{3}%.	เอฟเฟกต์เฉพาะ: การร่ายทักษะหรือใช้ Normal Attack จะทำให้พื้นสูงสุดของ 【Savage Blade】 บัฟความเสียหายกายภาพ ขีดจำกัดเริ่มต้น: พื้น@{1}ระยะเวลา:@{2}วินาที แต่ละชั้นจะเพิ่ม ATK กายภาพของคุณขึ้น@{3}%
25708	Both sides can use firearms and vehicles in battle. The Guild provides both types of machines, but an officer must grant Guild Members permission to use them. Be sure to coordinate machine permissions before the battle.	ทั้งสองฝ่ายสามารถใช้อาวุธปืนและยานพาหนะในการรบได้ Guild จัดให้มีเครื่องจักรทั้งสองประเภท แต่เจ้าหน้าที่จะต้องอนุญาตให้สมาชิก Guild ใช้งานเครื่องจักรเหล่านั้นได้อย่าลืมประสานงานการอนุญาตของเครื่องก่อนการต่อสู้
25709	^{1}^{2}【Soul Destroyer】^{3}^{4} cast Distance is increased by ${1} meters. After casting, deals Neutral melee Physical damage equal to PATK * ${4}% + ${5} to up to ${3} enemies within a ${2}-meter radius of the target.	^{1}^{2}【Soul Destroyer】^{3}^{4}ร่าย ระยะทางเพิ่มขึ้น${1}เมตรหลังจากการร่าย จะสร้างความเสียหายทางกายภาพระยะประชิดที่เป็นกลางเท่ากับ PATK *${4}% +${5}ให้กับศัตรูสูงสุด${3}ภายในรัศมี${2}เมตรของเป้าหมาย
25710	Same as always. Ant breeding season is almost here, and there have been frequent Adventurer disappearances lately. It's a real headache... But enough about that. You must have something more important to discuss, right?	เหมือนเดิมครับฤดูผสมพันธุ์มดใกล้จะมาถึงแล้ว และช่วงนี้ Adventurer หายตัวไปบ่อยครั้งปวดหัวจริงๆ... แต่พอประมาณนั้นคุณต้องมีเรื่องสำคัญกว่าที่จะพูดคุยใช่ไหม?
25711	Something unusual? Now that you mention it... Heh, there was one thing. Just before closing, a particularly... uh... passionate lady came into the shop. And the way she was dressed... Whew! She was like a blazing flame!	มีอะไรผิดปกติหรือเปล่า? เมื่อกี้พูดถึงมันแล้ว... หึหึ มีเรื่องหนึ่งก่อนร้านปิด มีผู้หญิง... เอ่อ... ผู้หลงใหลเป็นพิเศษเข้ามาในร้านแล้วการแต่งตัวของเธอล่ะ... ว้าว! เธอเป็นเหมือนเปลวไฟที่ลุกโชน!
25712	I happened to have a ham sandwich for my dinner, so I gave it to him. He ate it so elegantly, then gave me a solemn Thank You and said my kindness had brightened his dreary day. Just thinking about it makes me so happy!	บังเอิญฉันมีแซนด์วิชแฮมเป็นมื้อเย็น ฉันก็เลยให้เขาไปเขากินมันอย่างหรูหรา จากนั้นก็ขอบคุณฉันอย่างจริงจัง และบอกว่าความเมตตาของฉันทำให้วันที่น่าเบื่อของเขาสดใสขึ้นแค่คิดก็มีความสุขมากแล้ว!
25713	Wait... Aren't these the Clothes that guy was wearing? What respectable researcher would come down to this stinking drain, strip off all his Clothes and Shoes, and leave them here? He obviously felt guilty and ran away!	เดี๋ยว... นั่นเสื้อผ้าที่ผู้ชายใส่อยู่ไม่ใช่เหรอ? นักวิจัยที่น่านับถือคนไหนที่ลงมาที่ท่อระบายน้ำเหม็นนี้ ถอดเสื้อผ้าและ Shoes ของเขาออกทั้งหมดแล้วปล่อยไว้ที่นี่เห็นได้ชัดว่าเขารู้สึกผิดและวิ่งหนีไป!
25714	Clock turns the dial, dealing Neutral ranged magic damage equal to Magic ATK *^{1}${3}%^{2} to up to ${2} enemies within ${1} meters, with a ${4}% Chance to inflict the^{3} ^{4}【Silence】^{5} ^{6}status for ${5} seconds.	Clock หมุนหน้าปัด สร้างความเสียหายเวทเวทย์ระยะเป็นกลางเท่ากับพลังโจมตีเวทย์ *^{1}${3}%^{2}จนถึงศัตรู${2}ภายใน${1}เมตร โดยมีโอกาส${4}% ที่จะสร้าง ^{3}^{4}【Silence】^{5}^ สถานะ{6}สำหรับ${5}วินาที
25715	Squidgitte restores ^{5}Life^{6} equal to the master's ^{1}Adaptive ATK^{2}*^{3}${3}%^{4} to the master and up to ${2} allies within ${1} meters, and reduces the Water damage they take by ^{7}${4}%^{8} for ${5} seconds.	Squidgitte คืนค่า ^{5}Life^{6}เท่ากับมาสเตอร์ ^{1}Adaptive ATK^{2}*^{3}${3}%^{4}ถึงมาสเตอร์และสูงถึง${2}พันธมิตรภายใน${1}เมตร และลดความเสียหายจากน้ำที่พวกเขาได้รับ ^{7}${4}%^{8}เป็นเวลา${5}วินาที
25716	^{1}^{2}【Fire Bolt】^{3}^{4}, ^{5}^{6}【Cold Bolt】^{7}^{8}, ^{9}^{10}【Lightning Bolt】^{11}^{12}, and ^{13}^{14}【Earth Spike】^{15}^{16} are no longer affected by Cast Speed, and their CT is fixed at ^{17}${1}^{18} seconds.	^{1}^{2}【Fire Bolt】^{3}^{4}, ^{5}^{6}【Cold Bolt】^{7}^{8}, ^{9}^{10}【Lightning Bolt】^{11}^{12}, และ ^{13}^{14}【Earth Spike】^{15}^{16}ไม่ได้รับผลกระทบจากความเร็วในการร่ายอีกต่อไป และ CT ของพวกมันได้รับการแก้ไขที่ ^{17}${1}^{18}วินาที
25717	Unleashes a powerful Holy Light, dealing own ATK * ^{1}@{4}%^{2} damage to up to @{3} enemies in a designated area with a @{2} m radius within @{1} m and inflicting ^{3}【Immobilize】^{4} and ^{5}【Blind】^{6} for @{5} sec.	ปลดปล่อย Holy Light อันทรงพลัง สร้าง ATK ของตัวเอง * ^{1}@{4}%^{2}สร้างความเสียหายให้กับศัตรูสูงสุด@{3}ในพื้นที่ที่กำหนดด้วยรัศมี@{2}m ภายใน@{1}m และทำดาเมจ ^{3}【Immobilize】^{4}และ ^{5}【Blind】^{6}สำหรับ@{5}วินาที
25718	Only by working together can the heroes stand against Fafnir. Those on the high platform must operate the Dragon-Slaying Turrets to suppress the dragon, while those in the Inner Area face Fafnir in a battle to the death.	การทำงานร่วมกันเท่านั้นที่เหล่าฮีโร่จะยืนหยัดต่อสู้กับ Fafnir ได้ผู้ที่อยู่บนพื้นสูงจะต้องควบคุมป้อมสังหารมังกรเพื่อปราบมังกร ในขณะที่ผู้ที่อยู่ในพื้นที่ด้านในเผชิญหน้ากับ Fafnir ในการต่อสู้จนตาย
25719	@{1}.If you are defeated within @{2} minutes, you may choose a new Spawn and Revive once for free.\n@{3}.If you are defeated after @{4} minutes, you will drop an ID Tag. A teammate must retrieve it before you can Revive.	@{1}. หากคุณพ่ายแพ้ภายใน @{2} นาที คุณสามารถเลือกวางไข่ใหม่และชุบชีวิตใหม่ได้ฟรีหนึ่งครั้ง\n@{3}. หากคุณพ่ายแพ้หลังจาก @{4} นาที คุณจะดรอปแท็ก ID เพื่อนร่วมทีมจะต้องดึงมันกลับมาก่อนที่คุณจะสามารถฟื้นคืนชีพได้
25720	After the match, a guild with at least @{1} Guild Points and @{2} participants will receive Auction Rewards and Auction Dividends. Players with at least @{3} Personal Points will receive individual Participation Rewards.	หลังการแข่งขัน Guild ที่มีคะแนน Guild@{1}และผู้เข้าร่วม@{2}อย่างน้อยจะได้รับรางวัลการประมูลและเงินปันผลจากการประมูล ผู้เล่นที่มีคะแนนส่วนตัวอย่างน้อย@{3}จะได้รับรางวัลการเข้าร่วมเป็นรายบุคคล
25721	Defeating the corresponding monsters on the following maps will count:\n@{1}.【Geffen Tower Underground Crypt Floor @{2}】\n@{3}.【Geffen Tower Underground Crypt Floor @{4}】\n@{5}.【Geffen Tower Underground Crypt Floor @{6}】	การเอาชนะมอนสเตอร์ที่เกี่ยวข้องในแผนที่ต่อไปนี้จะถูกนับ:\n@{1}. 【พื้นใต้ดินใต้ดิน Geffen Tower@{2}】\n@{3}. 【พื้นใต้ดินใต้ดิน Geffen Tower@{4}】\n@{5}.【ชั้นใต้ดินใต้ดินของ Geffen Tower@{6}】
25722	Life Skills are divided into 【Produce Professions】 and 【Crafting Professions】. Spend Vigor to gather resources throughout the open world, create advanced Consumables, participate in Trade, and Craft your own career path!	ทักษะ Life แบ่งออกเป็น 【Produce Professions】 และ 【Crafting Professions】ใช้พลังเพื่อรวบรวมทรัพยากรทั่วโลกเปิด สร้างยุทธปัจจัยขั้นสูง เข้าร่วมการค้าขาย และสร้างเส้นทางอาชีพของคุณเอง!
25723	When ^{1}^{2}【Double Strafe】^{3}^{4} hits an enemy, it has a ${1}% Chance to deal ${4}%+${5} Neutral Ranged Physical damage to up to ${3} enemies within a ${2}-meter radius of the target. Internal Cooldown: ${6} seconds.	เมื่อ ^{1}^{2}【Double Strafe】^{3}^{4}โจมตีศัตรู มันมีโอกาส${1}% ที่จะสร้างความเสียหายทางกายภาพ${4}%+${5}ความเสียหายทางกายภาพระยะไกลสูงสุดศัตรู${3}ภายในรัศมี${2}เมตรของเป้าหมายคูลดาวน์ภายใน:${6}วินาที
25724	Golden Thief Bug burrows into the field, creating two holes that are ^{1}connected to each other^{2}. While above one burrow, players can ^{3}tap the Interaction skill^{4} to emerge from ^{5}the corresponding burrow^{6}.	Golden Thief Bug มุดเข้าไปในสนาม ทำให้เกิดรู 2 รูที่ ^{1}เชื่อมต่อถึงกัน^{2}ในขณะที่อยู่เหนือหนึ่งโพรง ผู้เล่นสามารถ ^{3}แตะทักษะการโต้ตอบ^{4}เพื่อออกจาก ^{5}โพรงที่สอดคล้องกัน^{6}
25725	An extremely precious ore from the dwarven realm of Wat Alheim, coveted by every craftsman.\n^{1}Effect: Used to Refine an Accessory. Increases the Success Rate and prevents level loss or damage if Refinement Failed.^{2}	แร่ล้ำค่าจากอาณาจักรคนแคระแห่งวัดอัลไฮม์ เป็นที่ปรารถนาของช่างฝีมือทุกคน\n^ เอฟเฟกต์{1}: ใช้เพื่อปรับแต่งอุปกรณ์เสริมเพิ่มอัตราความสำเร็จและป้องกันการสูญเสียระดับหรือความเสียหายหากการปรับแต่งล้มเหลว^{2}
25726	Spear-exclusive skill. Deals Neutral Ranged Physical damage totaling PATK * ^{3}${3}%+${4}^{4} over ^{1}${2}^{2} hits to the designated ST enemy within ${1} meters and ${6} Other enemies within ${5} meters of the target.	ทักษะเฉพาะ Spear สร้างความเสียหายทางกายภาพระยะไกลที่เป็นกลาง รวม PATK * ^{3}${3}%+${4}^{4}มากกว่า ^{1}${2}^{2}โจมตีศัตรู ST ที่กำหนดภายในระยะ${1}เมตร และ${6}ศัตรูอื่นๆ ภายใน${5}เมตรจากเป้าหมาย
25727	The BOSS randomly creates @{1}/@{2}/@{3} tornadoes in the arena (circular AOEs with a @{4}s warning and a radius of @{5}m), which Launch small tornado projectiles outward in random directions (radius: @{6}m; speed: @{7})	BOSS สุ่มสร้างพายุทอร์นาโด@{1}/@{2}/@{3}ในสนามประลอง (AOE แบบวงกลมพร้อมคำเตือนของ@{4}และรัศมี@{5}m) ซึ่งปล่อยขีปนาวุธทอร์นาโดขนาดเล็กออกไปในทิศทางสุ่ม (รัศมี:ความเร็ว@{6}ม.:@{7})
25728	Artisans specializing in growing and gathering Plant Materials. They obtain materials for silk thread, herbs, seeds, and special Plant by-products, providing essential Materials for weaving and advanced Combine processes.	ช่างฝีมือที่เชี่ยวชาญด้านการปลูกและรวบรวมวัสดุจากพืชพวกเขาได้รับวัสดุสำหรับเส้นไหม สมุนไพร เมล็ดพืช และผลพลอยได้จากพืชพิเศษ ซึ่งเป็นวัสดุที่จำเป็นสำหรับการทอผ้าและกระบวนการผสมผสานขั้นสูง
25729	@{1}.The Pinnacle Top Ten rankings update in real time, displaying the ten strongest adventurers on the current server.\n@{2}.Settlement takes place every Monday at @{3}:@{4}, and Pinnacle Top Ten rewards are distributed.	@{1}. การจัดอันดับ Pinnacle Top Ten จะอัปเดตแบบเรียลไทม์ โดยแสดงนักผจญภัยที่แข็งแกร่งที่สุด 10 คนบนเซิร์ฟเวอร์ปัจจุบัน\n@{2}การตัดสินจะเกิดขึ้นทุกวันจันทร์ที่ @{3}:@{4} และจะมีการแจกรางวัล Pinnacle Top Ten
25730	(No Translation NeededChance of obtaining a complete SP-rank pet: @{1}%\nChance of obtaining a complete S-rank pet: @{2}%\nChance of obtaining a complete A-rank pet: @{3}%\nChance of obtaining a complete B-rank pet: @{4}%	(ไม่จำเป็นต้องแปล) โอกาสในการได้รับสัตว์เลี้ยงระดับ SP ที่สมบูรณ์:@{1}%\n โอกาสในการได้รับสัตว์เลี้ยงระดับ S ที่สมบูรณ์:@{2}%\n โอกาสในการได้รับสัตว์เลี้ยงระดับ A ที่สมบูรณ์:@{3}%\n โอกาสที่จะ ได้รับสัตว์เลี้ยงระดับ B ครบ:@{4}%
25731	Locks on to an enemy within @{1} m and quickly dashes @{2} m toward the target, dealing ATK * ^{1}@{5}%^{2} damage to up to @{4} enemies within a @{3} m radius of the target and ^{3}slowing them by @{6}%^{4} for @{7} sec.	ล็อคศัตรูที่อยู่ในระยะ@{1}m และพุ่ง@{2}m ไปยังเป้าหมายอย่างรวดเร็ว สร้าง ATK * ^{1}@{5}%^{2}สร้างความเสียหายให้กับศัตรูสูงสุด@{4}ภายในรัศมี@{3}m เป้าหมายและ ^{3}ทำให้ช้าลงโดย@{6}%^{4}สำหรับ@{7}วินาที
25732	Spear-exclusive skill. Attacks with a Spear, dealing Neutral Ranged Physical damage equal to PATK * ^{1}${3}%+${4}^{2} to the designated ST enemy within ${1} meters and ${5} Other enemies within ${2} meters of the target.	ทักษะเฉพาะ Spear โจมตีด้วย Spear สร้างความเสียหายทางกายภาพระยะไกลเท่ากับ PATK * ^{1}${3}%+${4}^{2}ไปยังศัตรู ST ที่กำหนดภายใน${1}เมตร และ${5}ศัตรูอื่นๆ ภายใน${2}เมตรของเป้าหมาย
25733	Deals Physical ATK*^{1}${4}%+${5}^{2} ranged Poison Physical damage to up to ${3} enemies within a ${2}-meter radius around a target within ${1} meters of you, and inflicts ^{3}^{4}【Poisoned】^{5}^{6} damage on the target.	สร้างความเสียหายทางกายภาพ*^{1}${4}%+${5}^{2}สร้างความเสียหายทางกายภาพด้วยพิษให้กับศัตรูสูงสุด${3}ภายในรัศมี${2}เมตร รอบเป้าหมายภายใน${1}เมตรจากคุณ และสร้างความเสียหาย ^{3}^{4}【Poisoned】^{5}^{6}สร้างความเสียหายให้กับเป้าหมาย
25734	Unique Effect: Casting a skill or using a Normal Attack grants maximum Floors of the 【Divine Protection】 defensive buff. Initial limit: @{1} Floors. Duration: @{2} sec. Each Floor increases your damage reduction by @{3}%.	เอฟเฟกต์เฉพาะ: การร่ายทักษะหรือใช้ Normal Attack จะทำให้ได้รับชั้นสูงสุดของบัฟการป้องกัน 【Divine Protection】ขีดจำกัดเริ่มต้น: พื้น@{1}ระยะเวลา:@{2}วินาทีแต่ละชั้นจะเพิ่มการลดความเสียหายของคุณโดย@{3}%
25735	When you have a card, you can insert it in any of the following ways:\n@{1}. Select the card in your ^{1}Backpack^{2}.\n@{2}. Select the equipment in the ^{3}Equipment tab^{4}.\n@{3}. Use the ^{5}Card Insertion screen^{6}.	เมื่อคุณมีการ์ด คุณสามารถเสียบด้วยวิธีใดวิธีหนึ่งต่อไปนี้:\n@{1}เลือกการ์ดใน ^{1}Backpack^{2}ของคุณ\n@{2}. เลือกอุปกรณ์ใน ^{3}แท็บอุปกรณ์^{4}\n@{3}. ใช้ ^{5}หน้าจอการใส่การ์ด^{6}
25736	Burst with the power of frost, dealing ATK * ^{1}@{4}%^{2} damage to up to @{3} enemies within a targeted @{2}-meter-radius area located within @{1} meters, with a @{5}% Chance to inflict ^{3}【Freeze】^{4} for @{6} seconds.	ระเบิดพลังแห่งน้ำค้างแข็ง สร้าง ATK * ^{1}@{4}%^{2}สร้างความเสียหายให้กับศัตรูสูงสุด@{3}ภายในเป้าหมาย@{2}- พื้นที่รัศมีเมตร ซึ่งอยู่ภายใน@{1}เมตร โดยมี@{5}% โอกาสที่จะสร้าง ^{3}【Freeze】^{4}เป็นเวลา@{6}วินาที
25737	Bestows an Angel's blessing, increasing Physical DEF and Magic DEF by ^{1}${3}%^{2} for you and up to ${2} allies within a ${1}-meter radius, and increasing their ^{5}healing received^{6} by ^{3}${4}%^{4} for ${5} seconds.	มอบพรจากนางฟ้า เพิ่ม DEF กายภาพและ DEF เวทมนตร์โดย ^{1}${3}%^{2}สำหรับคุณและพันธมิตร${2}ภายในรัศมี${1}เมตร และเพิ่ม ^{5}ที่ได้รับการรักษา^{6}โดย ^{3}${4}%^{4}สำหรับ${5}วินาที
25738	Axe and Mace skill. Throw a flying Axe forward, dealing ${4} hits of Neutral Melee Physical DMG totaling PATK * ^{1}${5}%^{2} to up to ${3} members of the Enemy Team in a ${1} * ${2}-meter rectangular area in front of you.	Axe and Mace skill. ขว้างขวานบินไปข้างหน้า สร้างความเสียหายทางกายภาพระยะประชิดแบบเป็นกลางให้กับ${4}รวม PATK * ^{1}${5}%^{2}ไปจนถึงสมาชิก${3}ของทีมศัตรูในพื้นที่${1}*${2}- พื้นที่สี่เหลี่ยมเมตรใน front of you.
25739	Deals Physical ATK*^{1}${4}%+${5}^{2} Neutral melee Physical damage to the selected ST enemy within ${1} meters and up to ${3} other enemies within ${2} meters of it, and slows them by ^{3}【Slow】^{4}${6}% for ${7} seconds.	สร้างความเสียหายทางกายภาพ*^{1}${4}%+${5}^{2}สร้างความเสียหายทางกายภาพระยะประชิดที่เป็นกลางแก่ศัตรู ST ที่เลือกภายในระยะ${1}เมตร และสูงสุด${3}ศัตรูอื่นๆ ภายใน${2}เมตร และทำให้พวกมัน Slow ลงโดย ^{3}【Slow】^{4}${6}% สำหรับ${7}วินาที
25740	When you take melee damage, reflects the damage to nearby enemies, dealing Neutral melee Physical damage equal to @{3}% of the damage taken to up to @{2} enemies within a @{1}-meter radius. Built-in Cooldown: @{4} seconds.	เมื่อคุณได้รับความเสียหายระยะประชิด สะท้อนความเสียหายไปยังศัตรูที่อยู่ใกล้เคียง สร้างความเสียหายทางกายภาพระยะประชิดที่เป็นกลางเท่ากับ@{3}% ของความเสียหายที่ได้รับสูงสุดกับศัตรู@{2}ภายในรัศมี@{1}เมตรคูลดาวน์ในตัว:@{4}วินาที
25741	After a @{1}-second warning, deals damage in a @{2} by @{3} rectangular area toward the current target and applies 【Stomach Acid Corrosion】. Players with 【Stomach Acid Corrosion】 take x damage every second for @{4} seconds	หลังจากการเตือนครั้งที่สอง@{1}สร้างความเสียหายใน@{2}โดยพื้นที่สี่เหลี่ยม@{3}ไปยังเป้าหมายปัจจุบัน และใช้ 【Stomach Acid Corrosion】 ผู้เล่นที่มี 【Stomach Acid Corrosion】 จะได้รับความเสียหาย x ทุกวินาทีเป็นเวลา@{4}วินาที
25742	@{1}.The search Function supports both fuzzy and exact searches.\n@{2}.Items listed for sale and items in the publication period are kept in separate search pools.\n@{3}.For each search type, Keep up to @{4} search records.	@{1}ฟังก์ชันการค้นหารองรับการค้นหาทั้งแบบคลุมเครือและแบบตรงทั้งหมด\n@{2}. รายการสินค้าที่ขายและรายการในช่วงเวลาที่เผยแพร่จะถูกเก็บไว้ในกลุ่มการค้นหาแยกกัน\n@{3}. สำหรับการค้นหาแต่ละประเภท ให้เก็บบันทึกการค้นหาได้สูงสุด @{4}
25743	After casting ^{1}^{2}[Sonic Blow]^{3}^{4}, there is a ${1}% Chance to Deals DMG equal to PATK * ${4}% + ${5} as Neutral Melee Physical damage to up to ${3} enemies within a ${2}-meter radius of you. Cooldown: ${6} seconds.	หลังจากร่าย ^{1}^{2}[Sonic Blow]^{3}^{4}มี${1}% โอกาสที่จะสร้าง DMG เท่ากับ PATK *${4}% +${5}เป็นความเสียหายทางกายภาพระยะประชิดแบบเป็นกลางสูงสุดถึง ศัตรู${3}ภายในรัศมี${2}เมตรจากคุณ คูลดาวน์:${6}วินาที
25744	Question two. After a long journey, you finally reach a forest, where the fog is as thick as Milk. You're completely lost! Then you come upon three paths, each of which looks... well, interesting. Which one will you follow?	คำถามที่สอง หลังจากการเดินทางอันยาวนาน ในที่สุดคุณก็มาถึงป่าที่มีหมอกหนาทึบราวกับน้ำ Milk คุณหลงทางไปแล้ว! จากนั้นคุณจะพบกับสามเส้นทาง แต่ละเส้นทางดู... น่าสนใจ คุณจะติดตามอันไหน?
25745	He's one of the kingdom's foremost scholars and studied abroad in Juno. He specializes in ancient magic technology and is... a somewhat absentminded genius. He's the key to unraveling the mystery of the 【Nail of World Law】.	เขาเป็นหนึ่งในนักวิชาการชั้นแนวหน้าของราชอาณาจักรและศึกษาต่อต่างประเทศในจูโนเขาเชี่ยวชาญในเทคโนโลยีเวทมนตร์โบราณ และเป็น... อัจฉริยะที่ค่อนข้างเหม่อลอยเขาเป็นกุญแจสำคัญในการไขปริศนาของ 【Nail of World Law】
25746	(Leans in slightly and lowers their voice) The Adventurers' Guild is looking for exceptional people just like you! We're not offering you a mere job, but the ultimate opportunity to rewrite your destiny and rise to the top!	(โน้มตัวเล็กน้อยและลดเสียงลง) GuildAdventurers กำลังมองหาคนพิเศษเช่นคุณ! เราไม่ได้เสนองานให้คุณเพียงอย่างเดียว แต่เป็นโอกาสสูงสุดในการเขียนชะตากรรมของคุณและก้าวไปสู่จุดสูงสุด!
25747	Those dance moves... Did you learn them from a drunken Orc? (Smooths her skirt and offers her hand again) Still... since you're trying so hard. (Winks) How about one more chance? This time, focus and follow my rhythm, okay?	ท่าเต้นพวกนั้น... คุณเรียนรู้มันจากออร์คขี้เมาหรือเปล่า?(เรียบกระโปรงของเธอแล้วยื่นมืออีกครั้ง) แต่... ในเมื่อคุณพยายามอย่างหนัก(ขยิบตา) โอกาสอีกครั้งหนึ่งล่ะ? คราวนี้ ตั้งสติและตามจังหวะฉันบ้าง โอเคไหม?
25748	He spent more than a decade in Juno studying the principles of Magic, filling his head with dangerous, heretical theories. How does that make him any different from a foreigner? Still, I have my orders, so I won't stop you.	เขาใช้เวลากว่าทศวรรษในจูโนเพื่อศึกษาหลักการของเวทมนตร์ และเต็มไปด้วยทฤษฎีนอกรีตที่เป็นอันตรายนั่นทำให้เขาแตกต่างจากชาวต่างชาติอย่างไร? ถึงกระนั้น ฉันมีคำสั่งของฉัน ดังนั้นฉันจะไม่หยุดคุณ
25749	When casting a ^{1}Shield-type^{2} or ^{3}Dispel-type^{4} Primary Battle Skill, gains one 【Vanguard Shield】 equal to Max HP*^{5}${1}%^{6} for each nearby member of the Enemy Team. Lasts ${2} sec and stacks up to ${3} times.	เมื่อร่าย ^{1}Shield-type^{2}หรือ ^{3}Dispel-type^{4}Primary Battle Skill จะได้รับหนึ่ง 【Vanguard Shield】 เท่ากับ Max HP*^{5}${1}%^{6}สำหรับสมาชิกแต่ละคนที่อยู่ใกล้เคียงของทีมศัตรูคงอยู่${2}วินาทีและสแต็กสูงสุด${3}ครั้ง
25750	Bow-only skill. Launches a powerful attack against a designated ST enemy within ${1} meters, dealing ^{1}${3}%^{2} PATK as Neutral Physical damage to the target and up to ${2} enemies in a straight line within Attack Range.	ทักษะเฉพาะธนูเท่านั้นเปิดการโจมตีอันทรงพลังต่อศัตรู ST ที่กำหนดภายในระยะ${1}เมตร สร้าง ^{1}${3}%^{2}PATK เป็นความเสียหายทางกายภาพที่เป็นกลางแก่เป้าหมายและศัตรูสูงสุด${2}เป็นเส้นตรงภายในระยะการโจมตี
25751	Participate in MVP battles, Caravans, and Daily Activity for a chance to obtain Crystals, which can be used to craft reward chests. Craft enough, and the “Chest of the Future” can be unlocked and carried over to the Season!	"เข้าร่วมในการต่อสู้ MVP คาราวาน และ Activity รายวันเพื่อลุ้นรับคริสตัล ซึ่งสามารถใช้สร้างหีบรางวัลได้ประดิษฐ์ให้เพียงพอ จากนั้น ""หีบแห่งอนาคต"" จะสามารถปลดล็อกและส่งต่อไปยังซีซันได้!"
25752	"All right, I get it. Stopping you from doing research is harder than making an ant obey. But Professor, we're setting some ground rules. Before your next experiment, you must submit an ""Extremely Detailed Safety Plan"" to me."	"เอาล่ะฉันเข้าใจแล้ว การหยุดไม่ให้คุณค้นคว้าข้อมูลนั้นยากกว่าการทำให้มดเชื่อฟัง แต่ Professor เรากำลังตั้งกฎพื้นฐานบางอย่าง ก่อนการทดสอบครั้งต่อไป คุณต้องส่ง ""แผนความปลอดภัยที่มีรายละเอียดอย่างยิ่ง"" ให้ฉันก่อน"
25753	Exactly! The Peco Pecos abducted our Party Leader, while the remaining cargo was scattered everywhere and made a complete mess by the Mukas. There's nobody to guard it, and we don't have enough people to handle everything...	Exactly! พวก Peco Pecos ลักพาตัว Party Leader ของเราไป ในขณะที่สินค้าที่เหลือก็กระจัดกระจายไปทุกที่ และทำให้ Mukas ยุ่งวุ่นวายไปหมดไม่มีใครคอยดูแล และเรามีคนไม่เพียงพอที่จะจัดการทุกอย่าง...
25754	A Rare Material used to Advance titles.\nIt can be Combined into a higher-Rarity ^{1}Crest of Moon^{2}, which is used to Advance higher-ranking titles.\nIt can also be Dismantled into a lower-Rarity ^{3}Crest of Conquer^{4}.	วัตถุดิบหายากที่ใช้ในการเลื่อนตำแหน่ง\n สามารถนำมารวมกันเป็นของหายากที่สูงกว่า ^{1}Crest of Moon^{2}ซึ่งใช้ในการเลื่อนตำแหน่งที่สูงขึ้น\n มันสามารถแยกชิ้นส่วนให้เป็นของหายากต่ำกว่าได้ ^{3}Crest of Conquer^{4}
25755	Summons a holy light talisman from the heavens, dealing Holy ranged magic damage equal to Magic ATK*^{1}${2}%^{2} to a designated ST enemy within ${1} meters and increasing your Holy damage by ^{3}${3}%^{4} for ${4} seconds.	เรียกเครื่องรางแสงศักดิ์สิทธิ์จากสวรรค์ สร้างความเสียหายเวทย์มนต์ศักดิ์สิทธิ์ระยะเท่ากับพลังโจมตีเวทย์*^{1}${2}%^{2}ไปยังศัตรู ST ที่กำหนดภายในระยะ${1}เมตร และเพิ่มความเสียหายศักดิ์สิทธิ์ของคุณ ^{3}${3}%^{4}สำหรับ${4}วินาที
25756	Enters the 【Shrink】 state for ${1} sec. While 【Auto Guard】 is active, taking damage from an attacker within ${5} meters has a ^{1}${2}%^{2} Chance to inflict ^{3}^{4}【Stun】^{5} ^{6}on them for ${3} sec. (Cooldown: ${4} sec.)	เข้าสู่สถานะ 【Shrink】 เป็นเวลา${1}วินาทีขณะที่ 【Auto Guard】 ทำงานอยู่ การได้รับความเสียหายจากผู้โจมตีภายในระยะ${5}เมตร จะมี ^{1}${2}%^{2}มีโอกาสสร้างความเสียหาย ^{3}^{4}【Stun】^{5}^{6}เปิดเป็นเวลา${3}วินาที(คูลดาวน์:${4}วินาที)
25757	Miyabi Doll offers a prayer of the soul, granting ^{1}^{2}【Endure】^{3}^{4} for ${3} seconds and ^{5}^{6}【Crowd-Control Immunity】^{7}^{8} for ${4} seconds to up to ${2} allied players within a ${1}-meter radius of the master.	มิยาบิ สวดมนต์ด้วยจิตวิญญาณ ให้ ^{1}^{2}【Endure】^{3}^{4}เป็นเวลา${3}วินาที และ ^{5}^{6}【Crowd-Control Immunity】^{7}^{8}สำหรับ${4}วินาที จนถึง${2}ผู้เล่นพันธมิตรภายในรัศมี${1}เมตรของต้นแบบ
25758	^{1}^{2}【Meteor Storm】^{3}^{4} gains a ^{5}${1}%^{6} skill damage multiplier and ^{7}${2}^{8} fixed damage; ^{9}^{10}【Heaven's Drive】^{11}^{12} gains a ^{13}${3}%^{14} skill damage multiplier and ^{15}${4}^{16} fixed damage.	^{1}^{2}【Meteor Storm】^{3}^{4}ได้รับ ^{5}${1}%^{6}ตัวคูณความเสียหายของทักษะ และ ^{7}${2}^{8}แก้ไขความเสียหาย;^{9}^{10}【Heaven's Drive】^{11}^{12}ได้รับ ^{13}${3}%^ ตัวคูณความเสียหายของทักษะ{14}และ ^{15}${4}^{16}แก้ไขความเสียหาย
25759	Restores ^{5}Life^{6} equal to the master's ^{1}Adaptive ATK^{2} * ^{3}${3}%^{4} for the master and up to ${2} allies within ${1} meters, and increases the Movement Speed of affected allies by ^{7}${4}%^{8} for ${5} seconds.	คืนค่า ^{5}Life^{6}เท่ากับมาสเตอร์ ^{1}Adaptive ATK^{2}* ^{3}${3}%^{4}สำหรับมาสเตอร์และสูงถึง${2}พันธมิตรที่อยู่ในระยะ${1}เมตร และเพิ่มความเร็วในการเคลื่อนที่ของพันธมิตรที่ได้รับผลกระทบ ^{7}${4}%^{8}เป็นเวลา${5}วินาที
25760	Dydre deals Neutral ranged magic damage equal to Magic ATK*^{1}${3}%^{2} to up to ${2} enemies within a ${1}-meter radius, inflicting ^{3}【Slow】^{4} by ${4}% and reducing their damage dealt by ^{5}${5}%^{6} for ${6} seconds.	Dydre สร้างความเสียหายเวทย์มนตร์ระยะไกลเท่ากับพลังโจมตีเวทย์*^{1}${3}%^{2}ไปจนถึงศัตรูสูงสุด${2}ภายในรัศมี${1}-เมตร ทำให้เกิดความเสียหาย ^{3}【Slow】^{4}โดย${4}% และลดความเสียหายที่เกิดขึ้น ^{5}${5}%^{6}เป็นเวลา${6}วินาที
25761	Artisans who specialize in mining all types of ore and possess precise, efficient Mining techniques. This profession provides the Basic foundation for Metal forging. The Rarity of the ore is closely tied to the Miner's level.	ช่างฝีมือที่เชี่ยวชาญใน Mining แร่ทุกประเภทและมีเทคนิค Mining ที่แม่นยำและมีประสิทธิภาพอาชีพนี้เป็นรากฐานพื้นฐานสำหรับการตีโลหะความหายากของแร่นั้นสัมพันธ์กับระดับของนักขุดอย่างใกล้ชิด
25762	When hit by a player's ST magic skill, reflects @{1}% of the damage taken, up to @{2}% of the attacker's Max Life. For every @{3} VIT, reflects an Extra @{4}% of the damage taken, up to @{5}%. Internal Cooldown: @{6} seconds.	เมื่อโดนโจมตีด้วยทักษะเวทย์มนตร์ ST ของผู้เล่น จะสะท้อน@{1}% ของความเสียหายที่ได้รับ สูงสุด@{2}% ของ Max Life ของผู้โจมตีสำหรับทุก ๆ@{3}VIT สะท้อนถึง@{4}% พิเศษของความเสียหายที่ได้รับ สูงสุด@{5}%คูลดาวน์ภายใน:@{6}วินาที
25763	After using a skill, has a @{1}% Chance to reset that skill's Cooldown. Its Cooldown cannot be reset again for a period of time. The internal Cooldown is @{2} times that skill's Cooldown. (Does not reset the global Cooldown.)	หลังจากใช้ทักษะ มีโอกาส@{1}% ที่จะรีเซ็ตคูลดาวน์ของทักษะนั้น คูลดาวน์ของมันไม่สามารถรีเซ็ตได้อีกเป็นระยะเวลาหนึ่ง คูลดาวน์ภายในคือ@{2}คูณคูลดาวน์ของทักษะ (ไม่รีเซ็ตคูลดาวน์โดยรวม)
25764	Immediately after using ^{1}^{2}[Cart Revolution]^{3}^{4}, triggers [Gunpowder Throw] @{1} times, dealing PATK*${3}% Fire melee Physical damage to up to ${2} enemies within ${1} meters. This effect has a ${4}-second Cooldown.	ทันทีหลังจากใช้งาน ^{1}^{2}[Cart Revolution]^{3}^{4}, ทริกเกอร์ [Gunpowder Throw]@{1}ครั้ง สร้าง PATK*${3}% ความเสียหายทางกายภาพระยะประชิดไฟสูงสุดถึงศัตรู${2}ในระยะ${1}เมตรเอฟเฟกต์นี้มีคูลดาวน์วินาทีของ${4}
25765	After casting ^{1}^{2}[Basic Attack]^{3}^{4}, there is a ${1}% Chance to Deals DMG equal to PATK * ${4}% + ${5} as Neutral Melee Physical damage to up to ${3} enemies within a ${2}-meter radius of you. Cooldown: ${6} seconds.	หลังจากร่าย ^{1}^{2}[Basic Attack]^{3}^{4}มี${1}โอกาสที่จะสร้าง DMG เท่ากับ PATK *${4}% +${5}เป็นความเสียหายทางกายภาพระยะประชิดที่เป็นกลางสูงสุดถึง ศัตรู${3}ภายในรัศมี${2}เมตรจากคุณ คูลดาวน์:${6}วินาที
25766	Charge up a spiral of energy, then hurl a Spear toward a locked target within @{1} meters, Charge to the Spear's Nearby location, and Deals DMG once to up to @{3} enemies along the @{2}-meter-wide path equal to ^{1}@{4}%^{2}.	Charge พลังเป็นเกลียว จากนั้นเหวี่ยง Spear ไปยังเป้าหมายที่ถูกล็อกภายในระยะ@{1}เมตร Charge ไปยังตำแหน่งใกล้เคียงของ Spear และสร้างความเสียหายหนึ่งครั้งสูงสุด@{3}ศัตรูตามแนว@{2}- เส้นทางกว้างเมตรเท่ากับ ^{1}@{4}%^{2}.
25767	Sweet pink meets refreshing Blue, while fondant-like pleats build a creamy texture. Chocolate-colored ribbons sparkle with frosting-like sequins, and the skirt spins like a tiered cake, beginning a dreamy parade of sweetness.	สีชมพูหวานมาพบกับสีฟ้าสดชื่น ในขณะที่รอยจีบคล้ายฟองดองทำให้เกิดเนื้อครีมริบบิ้นสีช็อคโกแลตเปล่งประกายด้วยเลื่อมคล้ายฟรอสติ้ง และกระโปรงก็หมุนเหมือนเค้กเป็นชั้น เริ่มขบวนพาเหรดแห่งความหวานชวนฝัน
25768	You earned ^{1}Conqueror Status^{2} in this Season's Territory War Settlement. Please claim your reward! You are also eligible to purchase ^{3}“Conqueror-Exclusive Items”^{4} from the Season Shop next Season. Congratulations!	คุณได้รับ ^{1}สถานะผู้พิชิต^{2}ในข้อตกลงสงครามดินแดนฤดูกาลนี้กรุณารับรางวัลของคุณ! คุณยังมีสิทธิ์ซื้อ ^{3}“ไอเทมพิเศษสำหรับผู้พิชิต”^{4}จากร้านค้าซีซั่นฤดูกาลหน้ายินดีด้วย!
25769	The banner? According to regulations, I handed it over to the Merchants' Guild for delivery 3 days ago. But the caravan leader said they ran into monsters and got stranded along the way. I was just about to head there Myself.	แบนเนอร์เหรอ? ตามข้อบังคับ ฉันส่งมอบมันให้กับ Merchants' Guild เพื่อจัดส่งเมื่อ 3 วันก่อนแต่หัวหน้าคาราวานบอกว่าพวกเขาเจอสัตว์ประหลาดและติดอยู่ตามทางฉันกำลังจะมุ่งหน้าไปที่นั่นด้วยตัวเอง
25770	Looks like you've gotten the hang of changing equipment. Every Adventurer on this continent grows stronger by acquiring equipment through adventures and Battle. Make sure you carefully consider which equipment suits you best.	ดูเหมือนคุณจะคุ้นเคยกับการเปลี่ยนอุปกรณ์แล้ว Adventurer ทุกคนในทวีปนี้จะแข็งแกร่งขึ้นโดยการซื้ออุปกรณ์ผ่านการผจญภัยและการต่อสู้ตรวจสอบให้แน่ใจว่าคุณพิจารณาอย่างรอบคอบว่าอุปกรณ์ใดที่เหมาะกับคุณที่สุด
25771	Once it's in position, we can perform the most critical step. Connect the mechanical flexible arm on top of the machine to the surface of the Stone Pillar. Then it can extract the energy flowing inside the Nail of Discipline.	เมื่ออยู่ในตำแหน่งแล้ว เราสามารถดำเนินการขั้นตอนที่สำคัญที่สุดได้เชื่อมต่อแขนกลแบบยืดหยุ่นที่ด้านบนของตัวเครื่องกับพื้นผิวของ Stone Pillar จากนั้นจะสามารถสกัดพลังงานที่ไหลเวียนอยู่ภายใน Nail of Discipline ได้
25772	Bow-exclusive skill. Unleashes a powerful attack against the designated ST enemy within ${1} meters, dealing PATK * ^{1}${3}%^{2} Neutral Ranged Physical DMG to the target and up to ${2} enemies in a line within Attack Range.	ทักษะพิเศษเฉพาะคันธนูปล่อยการโจมตีที่ทรงพลังต่อศัตรู ST ที่กำหนดภายในระยะ${1}เมตร สร้าง PATK * ^{1}${3}%^{2}สร้างความเสียหายกายภาพระยะไกลแบบเป็นกลางไปยังเป้าหมาย และศัตรูสูงสุด${2}ในแนวภายในระยะการโจมตี
25773	Miguel attacks, dealing Pet Physical ATK*^{1}${3}%^{2} Neutral melee Physical damage to ${2} designated enemies within ${1} meters and ^{3}^{4}[Stunning]^{5}^{6} them for ${4} seconds, while dispelling their [Shield] effects.	Miguel โจมตี สร้างความเสียหายทางกายภาพของสัตว์เลี้ยง*^{1}${3}%^{2}สร้างความเสียหายทางกายภาพระยะประชิดที่เป็นกลางต่อ${2}ศัตรูที่กำหนดในระยะ${1}เมตร และ ^{3}^{4}[Stunning]^{5}^{6}พวกมันเป็นเวลา${4}วินาที ในขณะที่ลบล้างเอฟเฟกต์ [Shield] ของพวกมัน
25774	^{1}^{2}【Storm Gust】^{3}^{4} gains a ^{5}${1}%^{6} skill damage multiplier and ^{7}${2}^{8} fixed damage; ^{9}^{10}【Lord of Vermilion】^{11}^{12} gains a ^{13}${3}%^{14} skill damage multiplier and ^{15}${4}^{16} fixed damage.	^{1}^{2}【Storm Gust】^{3}^{4}ได้รับ ^{5}${1}%^ ตัวคูณความเสียหายของทักษะ{6}และ ^{7}${2}^{8}แก้ไขความเสียหาย;^{9}^{10}【Lord of Vermilion】^{11}^{12}ได้รับ ^{13}${3}%^ ตัวคูณความเสียหายของทักษะ{14}และ ^{15}${4}^{16}แก้ไขความเสียหาย
25775	After Unlocking a Collection Entry, you can activate the Pet in the Collection. Once activated, the Pet grants its unique Collection Stats without needing to Deploy it. The Pet's Collection Stats increase with its star rating.	หลังจากปลดล็อครายการคอลเลกชัน คุณสามารถเปิดใช้งานสัตว์เลี้ยงในคอลเลกชันได้ เมื่อเปิดใช้งาน สัตว์เลี้ยงจะได้รับสถิติการสะสมเฉพาะโดยไม่จำเป็นต้องปรับใช้ สถิติคอลเลกชันของสัตว์เลี้ยงเพิ่มขึ้นตามระดับดาว
25776	1. Rankings are updated in real time.\n2. For some rankings, click a column header to customize the sorting order.\n3. Settlement for the Battle Power Rankings occurs every Monday at 05:00, and ranking rewards are distributed.	1. อันดับจะอัพเดทแบบเรียลไทม์\n2. สำหรับการจัดอันดับบางรายการ ให้คลิกส่วนหัวคอลัมน์เพื่อปรับแต่งลำดับการจัดเรียง\n3. การชำระบัญชีสำหรับการจัดอันดับ Battle Power จะเกิดขึ้นทุกวันจันทร์ เวลา 05:00 น. และจะมีการแจกรางวัลอันดับ
25777	Drastically increase gravity within a targeted @{2}-meter-radius area located within @{1} meters, dealing ATK * ^{1}@{4}%^{2} damage per wave to up to @{3} enemies. The gravity field lasts @{5} seconds and releases @{6} waves.	เพิ่มแรงโน้มถ่วงอย่างมากภายในพื้นที่รัศมีเมตร@{2}เป้าหมายที่ตั้งอยู่ภายใน@{1}เมตร สร้างความเสียหาย ATK * ^{1}@{4}%^{2}สร้างความเสียหายต่อคลื่นสูงสุดศัตรู@{3}สนามแรงโน้มถ่วงคงอยู่@{5}วินาทีและปล่อยคลื่น@{6}
25778	Do you accept ${1} guild's Merge Guild invitation? (If accepted, the Merge Guild process will be completed at five o'clock tomorrow morning. Once complete, the guild that chose to Merge into the other guild will be disbanded.)	คุณยอมรับคำเชิญ Merge Guild ของ Guild${1}หรือไม่?(หากได้รับการยอมรับ กระบวนการผสาน Guild จะเสร็จสิ้นในเวลา 5 โมงเช้าของวันพรุ่งนี้ เมื่อเสร็จสิ้น Guild ที่เลือกรวมเข้ากับ Guild อื่นจะถูกยกเลิก)
25779	"Efficiency is a fundamental quality for any scholar. Arriving late could skew the Data... And stop calling it a ""bull-headed Monster."" That's Baphomet. Its scientific name is ""Minotaur."" Your terminology is terribly imprecise."	"ประสิทธิภาพเป็นคุณสมบัติพื้นฐานสำหรับนักวิชาการทุกคนการมาถึงช้าอาจทำให้ข้อมูลบิดเบือน... และหยุดเรียกมันว่า ""สัตว์ประหลาดหัวกระทิง""นั่นก็คือ Baphomet ชื่อวิทยาศาสตร์ของมันคือ ""มิโนทอร์""คำศัพท์ของคุณไม่แม่นยำอย่างยิ่ง"
25780	The dungeon is not yet complete. Leave the party?\n<color=#B05142>The first Adventurer to leave the party</color> will receive a dungeon matchmaking penalty\nPlease note: Leaving the party will also remove you from the dungeon	The dungeon is not yet complete. Leave the party?\n<color=#B05142>The first Adventurer to leave the party</color> will receive a dungeon matchmaking penalty\nPlease note: Leaving the party will also remove you from the dungeon
25781	Beside the ^{3}wooden table^{4} in the southeastern tea pavilion of ^{1}Payon^{2} lies a gift from an elderly tea lover. He left a memento wrapped tightly in oilcloth behind the table leg for a friend who missed their meeting.	ข้าง ^{3}โต๊ะไม้^{4}ในศาลาน้ำชาตะวันออกเฉียงใต้ของ ^{1}Payon^{2}เป็นของขวัญจากคนรักชาสูงวัยเขาทิ้งของที่ระลึกที่ห่อด้วยผ้าน้ำมันไว้หลังขาโต๊ะให้เพื่อนที่พลาดการประชุม
25782	The Evil Nymph performs a graceful dance, granting her master ^{1}^{2}【Debuff Immunity】^{3}^{4} for ${1} sec and 【Evil Nymph's Shield】 for ${2} sec. 【Evil Nymph's Shield】: A shield equal to the master's Max Life*^{5}${3}%^{6}.	นางไม้ปีศาจแสดงการเต้นรำอย่างสง่างาม โดยมอบอำนาจให้อาจารย์ของเธอ ^{1}^{2}【Debuff Immunity】^{3}^{4}สำหรับ${1}วินาที และ 【Evil Nymph's Shield】 สำหรับ${2}วินาที【Evil Nymph's Shield】: โล่เท่ากับพลัง Life สูงสุดของปรมาจารย์*^{5}${3}%^{6}
25783	After using ^{1}^{2}【Meteor Storm】^{3}^{4}, immediately triggers 【Fire Explosion】 @{1} times, dealing Fire Ranged Magic damage equal to MATK*^{9}${3}%+${4}^{10} to up to ^{7}${2}^{8} enemies within a ^{5}${1}^{6}-meter radius.	หลังจากใช้ ^{1}^{2}【Meteor Storm】^{3}^{4}จะเปิดใช้งาน 【Fire Explosion】@{1}ครั้งทันที สร้างความเสียหายเวทย์ Fire Ranged เท่ากับ MATK*^{9}${3}%+${4}^{10}ถึง ^{7}${2}^{8}ศัตรูภายใน ^{5}${1}^{6}-รัศมีเมตร
25784	I'd never heard anything like that before! My heart was pounding, and my head got all fuzzy. She complimented me a few times, then left with a smile without buying anything. It still makes me happy just thinking about it! Haha!	ฉันไม่เคยได้ยินอะไรแบบนั้นมาก่อน! หัวใจของฉันกำลังเต้นแรง และหัวของฉันก็คลุมเครือไปหมดเธอชมฉันสองสามครั้งแล้วก็จากไปด้วยรอยยิ้มโดยไม่ซื้ออะไรเลยแค่คิดถึงมันก็ยังทำให้ฉันมีความสุข! ฮ่าๆ!
25785	Did you know? Creamy larvae are called Fabres, and when a Fabre forms a cocoon, it becomes a Pupa. Although their forms differ, they're actually the same species of Insect. They can even survive in the desert, or so I've heard.	รู้หรือไม่? ตัวอ่อนที่เป็นครีมเรียกว่า Fabres และเมื่อ Fabre ก่อตัวเป็นรังไหม มันก็จะกลายเป็น Pupa แม้ว่ารูปแบบจะต่างกัน แต่จริงๆ แล้วมันเป็นแมลงสายพันธุ์เดียวกันพวกมันสามารถอยู่รอดได้ในทะเลทราย หรืออย่างที่ฉันได้ยินมา
25786	"I've actually been studying the ""Nails of World Law"" appearing throughout Prontera. I believe they're connected to Juperos's long-lost ""Thought Form"" technology. Take a look at this. It's a sample I collected in the Ant Cavern."	"จริงๆ แล้วฉันกำลังศึกษา ""ตะปูแห่งกฎโลก"" ที่ปรากฏทั่วพรอนเทราฉันเชื่อว่าพวกเขาเชื่อมโยงกับเทคโนโลยี ""รูปแบบความคิด"" ที่หายไปนานของจูเปรอสลองดูที่นี่มันเป็นตัวอย่างที่ฉันรวบรวมไว้ใน Ant Cavern"
25787	Tsk, tsk. Who left these Clothes here? Look at this fabric—there's barely more than a bandage, and it's covered in cat hair... Just how filthy is the owner? Could the device have been stolen by some sexy cat Demon wearing this?	จุ๊ จุ๊ใครทิ้งเสื้อผ้าเหล่านี้ไว้ที่นี่? ดูผ้านี้สิ ไม่มีอะไรมากไปกว่าผ้าพันแผล แถมยังมีขนแมวคลุมด้วย... เจ้าของมันสกปรกขนาดนั้นเลยเหรอ? อุปกรณ์นี้อาจถูกขโมยโดยปีศาจแมวสุดเซ็กซี่ที่สวมชุดนี้หรือเปล่า?
25788	A Rare Material used to Advance titles.\nIt can be Combined into a higher-Rarity ^{1}Crest of Freedom^{2}, which is used to Advance higher-ranking titles.\nIt can also be Dismantled into a lower-Rarity ^{3}Crest of Venture^{4}.	วัตถุดิบหายากที่ใช้ในการเลื่อนตำแหน่ง\n สามารถนำมารวมกันเป็นของหายากที่สูงกว่า ^{1}Crest of Freedom^{2}ซึ่งใช้ในการเลื่อนตำแหน่งที่สูงขึ้น\n มันสามารถแยกชิ้นส่วนให้มีความหายากต่ำกว่าได้ ^{3}Crest of Venture^{4}
25789	A Rare Material used to Advance titles.\nIt can be Combined into a higher-Rarity ^{1}Crest of Conquer^{2}, which is used to Advance higher-ranking titles.\nIt can also be Dismantled into a lower-Rarity ^{3}Crest of Journey^{4}.	วัตถุดิบหายากที่ใช้ในการเลื่อนตำแหน่ง\n สามารถนำมารวมกันเป็นของหายากที่สูงกว่า ^{1}Crest of Conquer^{2}ซึ่งใช้ในการเลื่อนตำแหน่งที่สูงขึ้น\n มันสามารถแยกชิ้นส่วนให้มีความหายากต่ำกว่าได้ ^{3}Crest of Journey^{4}
25790	Can only be cast while the Falcon is in Follow mode. After casting, increases your DEX by ^{1}${1}^{2} and AGI by ^{3}${2}^{4}. The Falcon reveals enemies using ^{5}Hiding^{6} within a ${3}-meter radius of you for ${4} seconds.	สามารถร่ายได้เฉพาะในขณะที่เหยี่ยวอยู่ในโหมดติดตามเท่านั้นหลังจากการร่าย เพิ่ม DEX ของคุณโดย ^{1}${1}^{2}และ AGI โดย ^{3}${2}^{4}เหยี่ยวเปิดเผยศัตรูโดยใช้ ^{5}ซ่อน^{6}ภายในรัศมี${3}เมตรจากคุณเป็นเวลา${4}วินาที
25791	Deals Neutral melee Physical damage equal to Pet Physical ATK*^{1}${4}%^{2} to up to ${3} enemies in a ${1}-meter-by-${2}-meter rectangular area ahead, and increases nearby allies' Crit Chance by ^{3}${5}%^{4} for ${6} seconds.	สร้างความเสียหายทางกายภาพระยะประชิดที่เป็นกลางเท่ากับ ATK ทางกายภาพของสัตว์เลี้ยง*^{1}${4}%^{2}ไปจนถึงศัตรูสูงสุด${3}ใน${1}-เมตรต่อ-${2}-พื้นที่สี่เหลี่ยมเมตรข้างหน้า และเพิ่มโอกาสคริติคอลของพันธมิตรที่อยู่ใกล้เคียงโดย ^{3}${5}%^{4}สำหรับ${6}วินาที
25792	The Level-up version of Cloaking. After casting, you enter the ^{1}^{2}【Enhance Cloaking】^{3}^{4} state for ${1} sec., increasing ^{5}Movement Speed by ${2}%^{6}. The state ends after taking damage ${3} times or dealing damage.	เวอร์ชันอัพเลเวลของ Cloaking หลังจากการแคสต์ คุณจะเข้าสู่สถานะ ^{1}^{2}【Enhance Cloaking】^{3}^{4}state สำหรับ${1}วินาที ซึ่งจะเพิ่ม ^{5}Movement Speed ​​โดย${2}%^{6}สถานะจะสิ้นสุดลงหลังจากได้รับความเสียหาย${3}เท่าหรือสร้างความเสียหาย
25793	Actively participate in <color=#ff993f>guild events</color>. Guilds with the highest total Member Contribution will receive rewards, including <color=#ff993f>Military Supplies that provide an advantage in Territory War.</color>	Actively participate in <color=#ff993f>guild events</color>. Guilds with the highest total Member Contribution will receive rewards, including <color=#ff993f>Military Supplies that provide an advantage in Territory War.</color>
25794	Causes the ground to erupt, dealing a total of Magic ATK*^{1}${4}%+${5}^{2} Earth-property ranged magic damage to up to ${3} enemies in a ${2}-meter-radius area within ${1} meters of you. Can hit hidden enemies and reveal them.	ทำให้พื้นดินปะทุ สร้างความเสียหายเวทย์รวม*^{1}${4}%+${5}^{2}ทรัพย์สินทางโลกสร้างความเสียหายทางเวทย์มนตร์ไปยังศัตรูสูงสุด${3}ในพื้นที่${2}-รัศมีเมตรภายใน${1}เมตรของคุณสามารถโจมตีศัตรูที่ซ่อนอยู่และเปิดเผยพวกมันได้
25795	@{1}.Tree Hollow Chat offers an [Anonymous] mode. \n@{2}.There is a Chance that an Adventurer's true identity will be revealed.\n@{3}.Tree Hollow Chat maintains strict moderation. Adventurers must not post inappropriate content.	@{1}.Tree Hollow Chat มีโหมด [Anonymous] \n@{2}. มีโอกาสที่ตัวตนที่แท้จริงของ Adventurer จะถูกเปิดเผย\n@{3}.Tree Hollow Chat มีการดูแลที่เข้มงวด Adventurer จะต้องไม่โพสต์เนื้อหาที่ไม่เหมาะสม
25796	1. Each player can have up to 50 Cross-server Friends.\n2. After a server merge, Cross-server Friends will automatically be added to My Friends.\n3. Cross-server Friends can team up for certain activities, but cannot send gifts.	1. ผู้เล่นแต่ละคนสามารถมีเพื่อนข้ามเซิร์ฟเวอร์ได้สูงสุด 50 คน\n2. หลังจากรวมเซิร์ฟเวอร์แล้ว เพื่อนข้ามเซิร์ฟเวอร์จะถูกเพิ่มเข้าในเพื่อนของฉันโดยอัตโนมัติ\n3. เพื่อนข้ามเซิร์ฟเวอร์สามารถรวมทีมเพื่อทำกิจกรรมบางอย่างได้ แต่ไม่สามารถส่งของขวัญได้
25797	When hit by a player's ST Physical skill, reflects @{1}% of the damage taken, up to @{2}% of the attacker's Max Life. For every @{3} VIT, reflects an Extra @{4}% of the damage taken, up to @{5}%. Internal Cooldown: @{6} seconds.	เมื่อโดนโจมตีด้วยทักษะกายภาพ ST ของผู้เล่น จะสะท้อน@{1}% ของความเสียหายที่ได้รับ สูงสุด@{2}% ของ Max Life ของผู้โจมตีสำหรับทุก ๆ@{3}VIT สะท้อนถึง@{4}% พิเศษของความเสียหายที่ได้รับ สูงสุด@{5}%คูลดาวน์ภายใน:@{6}วินาที
25798	A solitary Ranger who keeps only a Demonic Wolf for company and has mastered the art of marksmanship. The Ranger can unleash rapid shots at distant targets with the speed of a gale or ride a Demonic Wolf for highly mobile hunts.	เรนเจอร์ผู้โดดเดี่ยวที่เก็บ Wolf ปีศาจไว้เป็นเพื่อนและเชี่ยวชาญศิลปะแห่งนักแม่นปืน เรนเจอร์สามารถปล่อยการยิงที่รวดเร็วไปยังเป้าหมายระยะไกลด้วยความเร็วราวกับพายุ หรือขี่ Demonic Wolf เพื่อการล่าสัตว์ที่คล่องตัวสูง
25799	To Activate its deeper power, you must collect something called Soul Echo. These are the memories and powerful Emotions that living beings leave behind in the world. Each holds a unique frequency, making them exceptionally rare.	เพื่อเปิดใช้งานพลังที่ลึกยิ่งขึ้น คุณต้องรวบรวมสิ่งที่เรียกว่า Soul Echo เหล่านี้คือความทรงจำและอารมณ์อันทรงพลังที่สิ่งมีชีวิตทิ้งไว้เบื้องหลังในโลกแต่ละอันมีความถี่ไม่ซ้ำกัน ทำให้หายากเป็นพิเศษ
25800	Eden Group Leader\nThe ship will fall apart at this rate! Wuller, take some people belowdecks and assess the damage! You're quick on your feet—get to the starboard Turret and launch an Auto Counter! Show them what we're made of!	Leader กลุ่มอีเดน\n เรือจะพังเรทนี้! วูลเลอร์ พาคนไปชั้นล่าง และประเมินความเสียหาย! คุณลุกขึ้นอย่างรวดเร็ว—ไปที่ Turret ทางกราบขวาแล้วเปิด Auto Counter! แสดงให้พวกเขาเห็นว่าเราทำมาจากอะไร!
25801	As night falls, the stars resemble carefully Collected gemstones. Awed by their light rippling like water, people named this stone Sobbing Starlight.\nObtainable through ^{1}Life Skill - Miner^{2}. Used to Craft T@{1} Equipment.	เมื่อตกกลางคืน ดวงดาวจะมีลักษณะคล้ายอัญมณีที่รวบรวมมาอย่างระมัดระวังด้วยความทึ่งกับแสงที่กระเพื่อมเหมือนน้ำ ผู้คนจึงตั้งชื่อหินก้อนนี้ว่า Sobbing Starlight\n หาได้จาก ^{1}Life Skill - Miner^{2}ใช้ในการสร้างอุปกรณ์ T@{1}
25802	A core Member of the Church who has begun taking on more practical duties. The Exorciser Priest excels at Holy magic, dealing heavy damage to Undead monsters and making this build a strong choice for Priest auto-battle leveling.	สมาชิกหลักของศาสนจักรที่เริ่มปฏิบัติหน้าที่ในทางปฏิบัติมากขึ้น Exorciser Priest เป็นเลิศในด้านเวทมนตร์ศักดิ์สิทธิ์ สร้างความเสียหายอย่างหนักให้กับมอนสเตอร์ Undead และทำให้สิ่งนี้เป็นตัวเลือกที่ดีสำหรับการปรับระดับการต่อสู้อัตโนมัติของ Priest
25803	Goat grants the master ^{1}^{2}[Savage Shield]^{3}^{4} within a ${1}-meter radius. The shield equals the master's Max Life*^{5}${2}%^{6} and reduces ranged Physical damage taken by ^{7}${3}%^{8} while active. Lasts ${4} seconds.	Goat มอบต้นแบบ ^{1}^{2}[Savage Shield]^{3}^{4}ภายในรัศมี${1}เมตรโล่จะเท่ากับพลัง Life สูงสุดของมาสเตอร์*^{5}${2}%^{6}และลดความเสียหายทางกายภาพระยะไกลที่ได้รับจาก ^{7}${3}%^{8}ขณะใช้งานคงอยู่${4}วินาที
25804	Thanks to the heroes' valiant efforts, Fafnir, the Dragon of Greed, has finally been defeated. As the roars fade across Dragon Coffin Island, this land once shrouded in Fear will regain the peace and tranquility it knew long ago.	ต้องขอบคุณความพยายามอันกล้าหาญของเหล่าฮีโร่ ในที่สุด Fafnir มังกรแห่งความโลภก็พ่ายแพ้ในที่สุดขณะที่เสียงคำรามจางหายไปทั่วเกาะ Dragon Coffin ดินแดนที่ครั้งหนึ่งเคยถูกปกคลุมไปด้วยความกลัวจะฟื้นคืนความสงบสุขและความเงียบสงบที่รู้จักเมื่อนานมาแล้ว
25805	Once the freeze ends, all frozen Diamonds will be returned to your mailbox.\nIf another violation occurs during the freeze period, the release date for all currently frozen Diamonds will be extended to the latest freeze end time.	เมื่อการแช่แข็งสิ้นสุดลง Diamonds ที่แช่แข็งทั้งหมดจะถูกส่งกลับไปยังกล่องจดหมายของคุณ\n หากมีการละเมิดเกิดขึ้นอีกในช่วงระยะเวลาแช่แข็ง วันที่วางจำหน่ายสำหรับ Diamonds ที่แช่แข็งอยู่ทั้งหมดจะถูกขยายเป็นเวลาสิ้นสุดการแช่แข็งล่าสุด
25806	On the Movement Details screen, drag ^{1}Lost Notes^{2} into the corresponding empty spaces. Completing a measure will unlock its ^{3}Story Quest^{4}.\n Completing ^{5}Story Quests^{6} also increases Movement completion progress.	ในหน้าจอรายละเอียดการเคลื่อนไหว ลาก ^{1}Lost Notes^{2}ลงในพื้นที่ว่างที่สอดคล้องกันเสร็จสิ้นการวัดจะปลดล็อค ^{3}Story Quest^{4}\n การทำสำเร็จ ^{5}ภารกิจเนื้อเรื่อง^{6}ยังเพิ่มความคืบหน้าในการเคลื่อนที่ให้สำเร็จอีกด้วย
25807	After every ${1} casts of ^{1}^{2}【Soul Destroyer】^{3}^{4}, the next ^{5}^{6}【Soul Destroyer】^{7}^{8} becomes 【Advanced Soul Destroyer】, with its percentage damage multiplier increased by ${2}% and fixed damage increased by ${3}.	หลังจากใช้${1}ทุกครั้งของ ^{1}^{2}【Soul Destroyer】^{3}^{4}, ถัดไป ^{5}^{6}【Soul Destroyer】^{7}^{8}กลายเป็น 【Advanced Soul Destroyer】 โดยมีเปอร์เซ็นต์ตัวคูณความเสียหายเพิ่มขึ้น${2}% และความเสียหายคงที่เพิ่มขึ้น${3}
25808	Long-range combat specialist, master of archery, and a mastermind who utilizes traps to lure the enemy into the palm of their hand. They can train a Falcon to support them, and the upper limit to their attack damage is very high.	ผู้เชี่ยวชาญด้านการต่อสู้ระยะไกล ผู้เชี่ยวชาญด้านการยิงธนู และผู้บงการที่ใช้กับดักเพื่อล่อศัตรูมาไว้ในฝ่ามือของพวกเขาพวกเขาสามารถฝึกเหยี่ยวให้สนับสนุนพวกเขาได้ และขีดจำกัดสูงสุดของความเสียหายจากการโจมตีนั้นสูงมาก
25809	I'm compiling an unprecedented Encyclopedia of Monsters. But I don't need a few scraps of fur—I need comprehensive Data. Listen: travel far and wide, hunt monsters, Kill as many as you can, and bring their information back to me.	ฉันกำลังรวบรวมสารานุกรมสัตว์ประหลาดที่ไม่เคยมีมาก่อนแต่ฉันไม่ต้องการขนสัตว์สักสองสามชิ้น—ฉันต้องการข้อมูลที่ครอบคลุมฟัง: เดินทางไกล ล่าสัตว์ประหลาด Kill ให้มากที่สุด และนำข้อมูลของพวกมันกลับมาหาฉัน
25810	An extremely precious ore from the dwarven realm of Wat Alheim, coveted by every craftsman.\n^{1}Effect: Used to Refine a Weapon or Accessory. Increases the Success Rate and prevents level loss or damage if Refinement Failed.^{2}	แร่ล้ำค่าจากอาณาจักรคนแคระแห่งวัดอัลไฮม์ เป็นที่ปรารถนาของช่างฝีมือทุกคน\n^ เอฟเฟกต์{1}: ใช้เพื่อปรับแต่งอาวุธหรือเครื่องประดับเพิ่มอัตราความสำเร็จและป้องกันการสูญเสียระดับหรือความเสียหายหากการปรับแต่งล้มเหลว^{2}
25811	"The Legend of the Ant Hell... ""The Mimic Girl's Obsession."" If the Legend is true, high-purity thought particles born from an intense ""unwillingness to give up"" should remain here. This is the perfect sample for testing my theory."	"ตำนานนรกมด... ""ความหลงใหลของ GirlMimic""หากตำนานมีจริง อนุภาคทางความคิดที่มีความบริสุทธิ์สูงซึ่งเกิดจาก ""ความไม่เต็มใจที่จะยอมแพ้"" อย่างแรงกล้าก็ควรจะยังคงอยู่ที่นี่นี่เป็นตัวอย่างที่สมบูรณ์แบบสำหรับการทดสอบทฤษฎีของฉัน"
25812	Ilmata plays a lively concerto, causing Almakia to tilt sharply as players slide down Almakia's back. ^{1}Use Lope to avoid the obstacles along the way^{2}. ^{3}Hitting an obstacle or failing to slide down safely can be fatal^{4}.	อิลมาตาเล่นคอนแชร์โตที่มีชีวิตชีวา ทำให้อัลมาเกียเอียงอย่างรุนแรงขณะที่ผู้เล่นเลื่อนลงมาที่หลังของอัลมาเกีย^{1}ใช้ Lope เพื่อหลบสิ่งกีดขวางระหว่างทาง^{2}^{3}การชนสิ่งกีดขวางหรือไม่เลื่อนลงมาอย่างปลอดภัยอาจถึงแก่ชีวิตได้^{4}
25813	After Orc Hero releases a ^{1}giant blade^{2}, he begins charging a ^{3}Full-screen attack^{4}. Players must ^{5}pick up the giant blade^{6} and use the skill it grants, ^{7}【Giant Blade Slash】, to interrupt Orc Hero's charge^{8}.	หลังจากที่ Orc Hero ปล่อย ^{1}ดาบยักษ์^{2}เขาเริ่มชาร์จ ^{3}โจมตีแบบเต็มหน้าจอ^{4}ผู้เล่นจะต้อง ^{5}หยิบดาบยักษ์ขึ้นมา^{6}และใช้ทักษะที่ได้รับ ^{7}【Giant Blade Slash】 เพื่อขัดขวางการโจมตีของ Orc Hero^{8}
25814	In any case, you've recovered the forbidden tome and made an invaluable contribution to the stability of the academic community. Please accept my gratitude. From now on, I'll give your research into magical items priority support.	ไม่ว่าในกรณีใด คุณได้กู้คืนหนังสือต้องห้ามและมีส่วนสนับสนุนอันล้ำค่าต่อความมั่นคงของชุมชนวิชาการโปรดยอมรับความกตัญญูของฉันจากนี้ไป ฉันจะให้การสนับสนุนงานวิจัยของคุณเกี่ยวกับไอเทมเวทย์มนตร์เป็นอันดับแรก
25815	Of course! That's already the finest treatment available. Now get going. I'll return to the laboratory and organize the Data, and you should catch up on sleep. Get plenty of rest—who knows what strange things will happen tomorrow?	แน่นอน! นั่นเป็นการรักษาที่ดีที่สุดแล้วตอนนี้ไปได้แล้วฉันจะกลับไปที่ห้องปฏิบัติการและจัดระเบียบข้อมูล และคุณควรจะนอนให้ทันพักผ่อนเยอะๆ ใครจะรู้ว่าพรุ่งนี้จะเกิดเรื่องแปลกๆ อะไรขึ้น?
25816	An extravagant, sparkly balloon that brings happiness to its recipient. Give it to someone special!\n^{1}Intimacy +@{1}, recipient's Popularity +@{2}, your Hearts +@{3}\nGiving this gift will trigger an Entire Server announcement!	ลูกโป่งฟรุ้งฟริ้งที่มอบความสุขให้กับผู้รับมอบให้คนพิเศษ!\n^{1}ความใกล้ชิด +@{1}ความนิยมของผู้รับ + ​​@{2}, หัวใจของคุณ +@{3}\n การให้ของขวัญนี้จะทำให้เกิดการประกาศทั้งเซิร์ฟเวอร์!
25817	Cart-exclusive skill. Ram enemies with your cart, dealing Physical ATK * ^{1}${3}% + ${4}^{2} Neutral melee Physical damage to up to @{2} selected enemies within @{1} meters and up to ${2} other enemies within ${1} meters of them.	ทักษะพิเศษเฉพาะรถเข็นพุ่งชนศัตรูด้วยรถเข็นของคุณ สร้างความเสียหายทางกายภาพ * ^{1}${3}% +${4}^{2}สร้างความเสียหายทางกายภาพระยะประชิดแบบเป็นกลาง สูงสุดถึง@{2}ศัตรูที่เลือกภายในระยะ@{1}เมตร และสูงถึง${2}ศัตรูอื่นๆ ภายใน${1}เมตรของพวกเขา
25818	While the effect lasts, when a targeted bow skill hits, the target has a ^{1}${1}%^{2} Chance to be struck by piercing arrows, taking ${2} hits of Neutral ranged Physical damage totaling Physical ATK*^{3}${3}%^{4}. Lasts ${4} sec.	ในขณะที่เอฟเฟกต์คงอยู่ เมื่อทักษะธนูโจมตีโดน เป้าหมายจะมี ^{1}${1}%^{2}โอกาสที่จะถูกโจมตีด้วยลูกธนูเจาะ รับการโจมตีทางกายภาพของ${2}ในระยะเป็นกลาง รวมพลังโจมตีกายภาพ*^{3}${3}%^{4}. คงอยู่${4}วินาที
25819	Deals Water ranged magic damage equal to Magic ATK * ^{5}${3}% + ${4}^{6} to up to ^{3}${2}^{4} enemies within a ^{1}${1}^{2}-meter radius, with a ^{7}${5}%^{8} Chance to inflict ^{9}^{10}【Freeze】^{11}^{12} for ^{13}${6}^{14} sec.	สร้างความเสียหายเวทย์มนตร์ระยะไกลเท่ากับพลังโจมตีเวทย์ * ^{5}${3}% +${4}^{6}ขึ้นไปถึง ^{3}${2}^{4}ศัตรูภายใน ^{1}${1}^{2}-รัศมีเมตร โดยมี ^{7}${5}%^{8}โอกาสที่จะสร้าง ^{9}^{10}【Freeze】^{11}^{12}สำหรับ ^{13}${6}^{14}วินาที
25820	Weapon—Ballista:\nPlayers operating the Ballista must aim at parts of Almagia's body and Launch it.\nAfter successfully securing the rope, players can approach the Ballista and ^{1}use Interaction to teleport to Almagia's back.^{2}	—Ballista:\n ผู้เล่นที่ควบคุม Ballista จะต้องเล็งไปที่ส่วนต่างๆ ของร่างกายของ Almagia แล้วปล่อยมันออกไป\n หลังจากยึดเชือกได้สำเร็จ ผู้เล่นสามารถเข้าใกล้ Ballista และ ^{1}ใช้ Interaction เพื่อเทเลพอร์ตไปยังด้านหลังของ Almagia^{2}อาวุธ
25821	Strengthen holy power through a prayer of devotion, granting yourself and party Members within a @{1}-meter radius a ^{1}regeneration^{2} effect that restores ^{5}Life^{6} equal to ATK * ^{3}@{2}%^{4} every second for @{3} seconds.	เสริมกำลังพลังศักดิ์สิทธิ์ผ่านการอธิษฐานอุทิศตน มอบตัวคุณเองและสมาชิกปาร์ตี้ภายในรัศมี@{1}-เมตร ^{1}การฟื้นฟู^{2}เอฟเฟกต์ที่ฟื้นฟู ^{5}Life^{6}เท่ากับ ATK * ^{3}@{2}%^{4}ทุกวินาทีเป็นเวลา@{3}วินาที
25822	Speaking of Lain... That boy's a hopeless bookworm. He can't think about anything but his research. If the royal family hadn't personally commissioned the Eden Group to find him, I'd be afraid he'd get himself lost in the desert...	พูดถึงเลน... เด็กคนนั้นเป็นหนอนหนังสือที่สิ้นหวังเขาคิดอะไรไม่ออกนอกจากงานวิจัยของเขาหากราชวงศ์ไม่ได้มอบหมายให้กลุ่ม Eden ตามหาเขาเป็นการส่วนตัว ฉันเกรงว่าเขาจะหลงทางในทะเลทราย...
25823	I have no choice but to rely on you, ^{1}PlayerName^{2}. Of all your Quests, this one is very dangerous, but I can submit a Request to the Rune-Midgarts royal family for a special stipend as your reward. Please bring the part back!	ฉันไม่มีทางเลือกนอกจากต้องพึ่งพาคุณ ^{1}PlayerName^{2}ในบรรดาภารกิจทั้งหมดของคุณ ภารกิจนี้อันตรายมาก แต่ฉันสามารถส่งคำขอไปยังราชวงศ์ Rune-Midgarts เพื่อขอรับค่าตอบแทนพิเศษเป็นรางวัลของคุณได้กรุณานำชิ้นส่วนกลับมาด้วย!
25824	"In ^{1}Izlude^{2}, the ^{5}small tree^{6} ^{3}outside the Blacksmith shop^{4} has listened to the ringing of hammers for years. They say a master craftsman buried one of his precious ""failures"" beneath the root closest to the shop."	"ใน ^{1}Izlude^{2}, ^{5}ต้นไม้เล็ก^{6}^{3}ด้านนอกร้านช่างตีเหล็ก^{4}ฟังเสียงค้อนมานานหลายปีว่ากันว่าปรมาจารย์ช่างฝีมือได้ฝัง ""ความล้มเหลว"" อันมีค่าของเขาไว้ใต้รากที่ใกล้กับร้านมากที่สุด"
25825	Goat grants ^{1}[Barbarian Protection]^{2} to up to ${2} allies within a ${1}-meter radius. The shield equals Goat's Max Life*^{3}${3}%^{4} and reduces ranged Physical damage taken by ^{5}${4}%^{6} while active. Lasts ${5} seconds.	Goat ให้ ^{1}[Barbarian Protection]^{2}แก่พันธมิตร${2}ภายในรัศมี${1}เมตรโล่มีค่าเท่ากับพลัง Life สูงสุดของ Goat*^{3}${3}%^{4}และลดความเสียหายทางกายภาพระยะไกลที่ได้รับจาก ^{5}${4}%^{6}ขณะใช้งานคงอยู่${5}วินาที
25826	For ${1} seconds after casting 【Wind-Pressure Blade】 or 【Dragon Claw Strike】, Enter the ^{1}【Dragon Transformation】^{2} state: 【Cleaving Slash】 transforms into 【Dragon Tail Sweep】, increasing its damage multiplier by ^{3}${2}%^{4}.	สำหรับ${1}วินาทีหลังจากร่าย 【Wind-Pressure Blade】 หรือ 【Dragon Claw Strike】 ให้ป้อน ^{1}【Dragon Transformation】^ สถานะ{2}: 【Cleaving Slash】 แปลงร่างเป็น 【Dragon Tail Sweep】 เพิ่มตัวคูณความเสียหายโดย ^{3}${2}%^{4}.
25827	Spear-exclusive skill. Drives the Spear deep into the target, dealing Neutral Ranged Physical damage equal to PATK * ^{1}${2}%+${3}^{2} to the designated ST enemy within ${1} meters and applying ^{3}【Knockback】^{4} for ${4} meters.	ทักษะเฉพาะ Spear ผลัก Spear ลึกเข้าไปในเป้าหมาย สร้างความเสียหายทางกายภาพระยะเป็นกลางเท่ากับ PATK * ^{1}${2}%+${3}^{2}ไปยังศัตรู ST ที่กำหนดภายในระยะ${1}เมตร และใช้งาน ^{3}【Knockback】^{4}สำหรับ${4}เมตร
25828	Summon fireballs to bombard enemies. Launch fireballs at a designated ST enemy within ${1} meters and up to ${3} other enemies within ${2} meters of the target, dealing Magic ATK*^{1}${4}%+${5}^{2} Fire ranged magic damage to each.	เรียกลูกไฟมาโจมตีศัตรูปล่อยลูกไฟใส่ศัตรู ST ที่กำหนดภายในระยะ${1}เมตร และสูงถึง${3}ศัตรูอื่นๆ ภายใน${2}เมตรของเป้าหมาย สร้างพลังโจมตีเวทย์*^{1}${4}%+${5}^{2}ความเสียหายเวทย์แบบยิงระยะไกลในแต่ละเป้าหมาย
25829	^{1}【Highness Heal】^{2} restores HP to you and the targeted ST ally, while granting both you and the target a damage-absorbing Shield equal to your MATK*${3}% for ${1} seconds. The Shield-granting effect has a ${2}-second Cooldown.	^{1}【Highness Heal】^{2}ฟื้น HP ให้กับคุณและพันธมิตร ST เป้าหมาย ในขณะที่มอบโล่ดูดซับความเสียหายให้กับทั้งคุณและเป้าหมายเท่ากับ MATK*${3}% ของคุณเป็นเวลา${1}วินาทีเอฟเฟกต์การให้โล่มีคูลดาวน์${2}- วินาที
25830	Players operating the Rapid-Fire Cannon can aim at the Hollow Jellyfish in the sky and Launch attacks.\nHollow Jellyfish continuously deal area damage to Almagia's back. Eliminate them quickly to protect the players fighting Ilmata.	ผู้เล่นที่ใช้ Cannon ยิงเร็วสามารถเล็งไปที่ Hollow Jellyfish บนท้องฟ้าและเริ่มการโจมตีได้\nHollow Jellyfish สร้างความเสียหายเป็นพื้นที่อย่างต่อเนื่องที่หลังของ Almagia กำจัดพวกมันอย่างรวดเร็วเพื่อปกป้องผู้เล่นที่ต่อสู้กับอิลมาตา
25831	Party size will change.\nIf this is currently a 5-player Party, the Member limit will increase to a 40-player Raid.\nIf this is currently a 40-player Raid, it will be disbanded into 5-player Parties.\nContinue with Convert to Party?	ขนาดปาร์ตี้จะเปลี่ยนไป\n หากปัจจุบันเป็นปาร์ตี้ที่มีผู้เล่น 5 คน ขีดจำกัดของสมาชิกจะเพิ่มขึ้นเป็นการโจมตีแบบผู้เล่น 40 คน\n หากปัจจุบันเป็นการโจมตีแบบผู้เล่น 40 คน มันจะถูกยกเลิกเป็นปาร์ตี้ที่มีผู้เล่น 5 คน\n ดำเนินการต่อด้วยการแปลงเป็นปาร์ตี้หรือไม่
25832	After casting 【Heaven's Drive】, the next 【Meteor Storm】 cast within ${1} sec. creates an 【Ember Zone】 lasting ${2} sec. Every ${3} sec., it deals Fire ranged magic damage equal to Magic ATK * ${5}% to up to ${4} enemies in the area.	หลังจากร่าย 【Heaven's Drive】 แล้ว 【Meteor Storm】 อันถัดไปจะร่ายภายใน${1}วินาที สร้าง 【Ember Zone】 ยาวนาน${2}วินาที ทุกๆ${3}วินาที มันจะสร้างความเสียหายเวทย์ระยะไฟเท่ากับ Magic ATK *${5}% สูงสุดถึง${4}ศัตรูในพื้นที่
25833	Moonlight Flower shrouds the night sky, plunging players into darkness. ^{1}Randomly moving moonlight spotlights appear on the field^{2}. ^{3}Players exposed to a spotlight^{4} are punished by Moonlight Flower and take heavy damage.	Moonlight Flower ปกคลุมท้องฟ้ายามค่ำคืน ทำให้ผู้เล่นจมดิ่งลงสู่ความมืด↑{1}สปอตไลท์แสงจันทร์ที่เคลื่อนไหวแบบสุ่มปรากฏขึ้นบนสนาม^{2}↑{3}ผู้เล่นที่ถูกสปอตไลท์^{4}ถูกลงโทษโดย Moonlight Flower และได้รับความเสียหายอย่างหนัก
25834	Launches an impact cone at @{2} designated enemies within @{1} m and up to @{4} enemies within @{3} m of them, dealing ATK * ^{1}@{5}%^{2} damage, inflicting @{6} m of ^{3}【Knockback】^{4}, and inflicting ^{5}【Stun】^{6} for @{7} sec.	เปิดตัวกรวยกระแทกที่@{2}ศัตรูที่กำหนดภายใน@{1}m และศัตรูสูงสุด@{4}ภายใน@{3}m สร้างความเสียหาย ATK * ^{1}@{5}%^{2}สร้างความเสียหาย@{6}m ของ ^{3}【Knockback】^{4}และทำให้ ^{5}【Stun】^{6}สำหรับ@{7}วินาที
25835	Bow-exclusive skill. Unleashes a powerful attack against the designated ST enemy within ${1} meters, dealing PATK * ^{1}${3}% + ${4}^{2} Neutral Ranged Physical DMG to the target and up to ${2} enemies in a line within Attack Range.	ทักษะพิเศษเฉพาะคันธนูปล่อยการโจมตีอันทรงพลังต่อศัตรู ST ที่กำหนดภายในระยะ${1}เมตร สร้าง PATK * ^{1}${3}% +${4}^{2}สร้างความเสียหายทางกายภาพระยะไกลแบบเป็นกลางไปยังเป้าหมาย และศัตรูสูงสุด${2}ในแนวภายในระยะการโจมตี
25836	Can only be used while mounted on the Demonic Wolf. Commands the Demonic Wolf to bite the designated ST target within ${1}m, dealing Physical ATK*^{1}${2}%^{2} Neutral melee Physical damage and resetting the Cooldown of 【Warg Hunt】.	สามารถใช้ได้ขณะขี่ Demonic Wolf เท่านั้นสั่งให้ปีศาจ Wolf กัดเป้าหมาย ST ที่กำหนดไว้ภายใน${1}m สร้าง ATK กายภาพ*^{1}${2}%^{2}ความเสียหายทางกายภาพระยะประชิดที่เป็นกลาง และรีเซ็ตคูลดาวน์ของ 【Warg Hunt】
25837	Slash forward rapidly with your weapon, unleashing three massive shockwaves in succession that deal ${4} hits of Neutral ranged Physical damage equal to Physical ATK * ^{1}${5}%^{2} to up to ${3} enemies within a ${1}m × ${2}m area.	ฟาดไปข้างหน้าอย่างรวดเร็วด้วยอาวุธของคุณ ปล่อยคลื่นกระแทกขนาดใหญ่ 3 คลื่นติดต่อกันที่สร้างความเสียหายทางกายภาพให้กับ${4}ในระยะเป็นกลางเท่ากับพลังโจมตีกายภาพ * ^{1}${5}%^{2}ไปยังศัตรูสูงสุด${3}ภายใน${1}ม. ×${2}ม. พื้นที่
25838	Conqueror slots within a guild are automatically allocated based on its Guild Merit Leaderboard rankings;\nOfficers from the top three guilds in the Territory War rankings automatically receive Conqueror Rewards without using a slot.	ช่องผู้พิชิตภายใน Guild จะได้รับการจัดสรรโดยอัตโนมัติตามการจัดอันดับกระดานผู้นำความดีความชอบของ Guild เจ้าหน้าที่\n จาก Guild สามอันดับแรกในการจัดอันดับสงครามอาณาเขตจะได้รับรางวัล Conqueror โดยอัตโนมัติโดยไม่ต้องใช้ช่อง
25839	^{1}^{2}[Turn Undead]^{3}^{4} infuses the ground with holy light upon hitting an enemy, dealing MATK*${3}%+${4} Holy Ranged Magic damage to the enemy and up to ${2} enemies within a ${1}-meter radius. Internal Cooldown: ${5} seconds.	^{1}^{2}[Turn Undead]^{3}^{4}อบอวลพื้นด้วยแสงศักดิ์สิทธิ์เมื่อโจมตีศัตรู สร้างความเสียหาย MATK*${3}%+${4}Holy Ranged Magic สร้างความเสียหายให้กับศัตรูและสูงสุดถึงศัตรู${2}ภายในรัศมี${1}เมตรคูลดาวน์ภายใน:${5}วินาที
25840	Moonlight Flower summons^{1}a Bell at the target's location^{2}. The Bell deals damage around it when it lands and causes other Bells within a certain range to resonate. It deals damage around it again^{3}when the Bell resonates^{4}.	ดอกแสงจันทร์ เรียก^{1}กระดิ่ง มาที่ตำแหน่งของเป้าหมาย^{2}กระดิ่งจะสร้างความเสียหายรอบๆ เมื่อมันตกลงมา และทำให้ระฆังตัวอื่นที่อยู่ในระยะหนึ่งสะท้อนกลับมันสร้างความเสียหายรอบๆ อีกครั้ง^{3}เมื่อกระดิ่งดังก้อง^{4}
25841	High Priests are blessed by the gods. They repeatedly work miracles through sacred power and excel at purifying Undead Monsters. With a wide variety of Support and Healing Magic, they are among the most reliable members of any party.	นักบวชชั้นสูงได้รับพรจากเหล่าทวยเทพพวกเขาสร้างปาฏิหาริย์ซ้ำแล้วซ้ำเล่าผ่านพลังศักดิ์สิทธิ์และเก่งกาจในการชำระล้างมอนสเตอร์อันเดดด้วยเวทมนตร์สนับสนุนและการรักษาที่หลากหลาย พวกเขาจึงเป็นหนึ่งในสมาชิกที่น่าเชื่อถือที่สุดของทุกฝ่าย
25842	Dark roses bloom across jet-black satin, pale lace coiling around the neck like a spiderweb. A metal cross sways from its chain, and the hoop skirt traces a sharp arc of shadow. Every step echoes the low hum of a medieval pipe organ.	ดอกกุหลาบสีเข้มบานสะพรั่งทั่วผ้าซาตินสีดำสนิท ลูกไม้สีซีดขดรอบคอเหมือนใยแมงมุมไม้กางเขนโลหะแกว่งออกจากโซ่ และชายกระโปรงมีร่องรอยของเงาอันแหลมคมทุกย่างก้าวสะท้อนเสียงฮัมต่ำของไปป์ออร์แกนในยุคกลาง
25843	It worked! This is the Pathfinder Ant. When you reach a fork in the road, Release it, and it'll automatically track Maya's pheromones. All you have to do is follow it. Notes: If it crawls into a hole, you'll have to follow it inside.	มันได้ผล! นี่คือ Pathfinder Ant เมื่อคุณไปถึงทางแยกบนถนน ให้ปล่อยมัน แล้วมันจะติดตามฟีโรโมนของ Maya โดยอัตโนมัติสิ่งที่คุณต้องทำคือทำตามมันหมายเหตุ: ถ้ามันคลานเข้าไปในรู คุณจะต้องตามมันเข้าไปข้างใน
25844	Bow-exclusive skill. Rains down Arrows, dealing PATK * ^{1}${4}%^{2} Neutral Ranged Physical DMG to up to ${3} enemies in a target area with a radius of ${2} meters within ${1} meters of you (^{3}^{4}Agility Resonance ${5}%^{5}^{6}).	ทักษะเฉพาะของธนูโปรย Arrows ลงมา สร้าง PATK * ^{1}${4}%^{2}สร้างความเสียหายทางกายภาพระยะไกลสูงสุด${3}ศัตรูในพื้นที่เป้าหมายด้วยรัศมี${2}เมตร ภายใน${1}เมตรจากคุณ (^{3}^{4}เสียงสะท้อนความคล่องตัว${5}%^{5}^{6})
25845	While the control point remains uncaptured, the Glorious Metal will be Invincible, and the enemy's Revive attack point will remain Away from the Glorious Crystal. Rally your Members and stop the enemy from capturing the control point!	ในขณะที่จุดควบคุมยังคงไม่ถูกจับกุม Glorious Metal จะเป็นอมตะ และจุดโจมตี Revive ของศัตรูจะยังคงอยู่ห่างจาก Glorious Crystal รวบรวมสมาชิกของคุณและหยุดศัตรูไม่ให้ยึดจุดควบคุม!
25846	An assassin who always has another trick under their sleeve, and none of their targets ever live to see another day. They're good at using poison and assassin techniques to sabotage the enemy's formation and achieve effective results.	นักฆ่าที่มีกลอุบายอยู่เสมอ และไม่มีเป้าหมายใดมีชีวิตอยู่เพื่อดูวันอื่นพวกเขาเก่งในการใช้เทคนิคพิษและการลอบสังหารเพื่อทำลายขบวนการของศัตรูและบรรลุผลที่มีประสิทธิภาพ
25847	I... I don't know. I checked countless times. It was in my lockbox, and I even confirmed it was there after arriving in Prontera. But before I was ready to leave for Geffen, it vanished. There were no signs of forced entry whatsoever.	ฉัน... ฉันไม่รู้ฉันตรวจสอบนับครั้งไม่ถ้วนมันอยู่ในกล่องล็อคของฉัน และฉันก็ยืนยันด้วยซ้ำว่ามันอยู่ที่นั่นหลังจากมาถึงพรอนเทราแต่ก่อนที่ฉันจะพร้อมที่จะออกเดินทางไป Geffen ทุกอย่างก็หายไปไม่มีร่องรอยของการถูกบังคับเข้าแต่อย่างใด
25848	I'm sorry. My attitude at the City Gate was No good. I take back what I said—you truly are an admirable Adventurer. Thank you for everything. You didn't suffer any internal injuries, did you? That suction looked impossible to survive.	ขอโทษครับทัศนคติของฉันที่ City Gate ไม่ดีฉันขอคืนสิ่งที่ฉันพูด—คุณเป็น Adventurer ที่น่าชื่นชมจริงๆขอบคุณสำหรับทุกสิ่งคุณไม่ได้รับบาดเจ็บภายในใช่ไหม? การดูดนั้นดูเป็นไปไม่ได้เลยที่จะมีชีวิตรอด
25849	Two-Handed Spear skill. Summons a barrage of Spears toward the locked target, dealing ${4} hits of Neutral ranged Physical damage equal to Physical ATK * ^{1}${5}%^{2} to up to ${3} enemies within a ${1}m * ${2}m area in front of you.	ทักษะ Spear สองมือ เรียก Spear โจมตีไปยังเป้าหมายที่ถูกล็อค สร้างความเสียหายทางกายภาพระยะไกล ${4} ครั้ง เท่ากับ ATK กายภาพ * ^{1}${5}%^{2} ให้กับศัตรูสูงสุด ${3} ภายในพื้นที่ ${1}m * ${2}m ที่อยู่ข้างหน้าคุณ
25850	Strengthens holy power through a prayer of devotion, granting ^{1}continuous recovery^{2} to self and party Members within a @{1} m radius. Restores ^{5}Life^{6} equal to own ATK * ^{3}@{2}%^{4} to each target every sec. for @{3} sec.	เสริมสร้างพลังศักดิ์สิทธิ์ผ่านการสวดมนต์ด้วยความจงรักภักดี ให้ ^{1}ฟื้นตัวอย่างต่อเนื่อง^{2}แก่ตนเองและสมาชิกปาร์ตี้ภายในรัศมี@{1}เมตรคืนค่า ^{5}Life^{6}เท่ากับ ATK ของตัวเอง * ^{3}@{2}%^{4}ให้กับแต่ละเป้าหมายทุกๆ วินาทีสำหรับ@{3}วินาที
25851	Fortunately, the core parts are intact, but the Control components are slightly misaligned. Go take care of whatever You need to do. I have to start the Repair and calibration immediately, and it'll take at least three days and nights.	โชคดีที่ชิ้นส่วนหลักไม่เสียหาย แต่ส่วนประกอบการ Control ไม่ตรงแนวเล็กน้อยไปดูแลสิ่งที่คุณต้องทำฉันต้องเริ่มการซ่อมแซมและสอบเทียบทันที และจะใช้เวลาอย่างน้อยสามวันสามคืน
25852	Each HIT with your ^{1}【Highness Heal】^{2} grants one ^{3}^{4}【Rhythm】^{5}^{6} effect lasting ${1} seconds. Upon reaching ${2} Floors, you cast ^{7}^{8}【Resonance】^{9}^{10} on yourself and clear all ^{11}^{12}【Rhythm】^{13}^{14} Floors.	การ HIT แต่ละครั้งด้วย ^{1}【Highness Heal】^{2}จะได้รับหนึ่ง ^{3}^{4}【Rhythm】^{5}^{6}เอฟเฟกต์ยาวนาน${1}วินาทีเมื่อไปถึงชั้น${2}คุณจะร่าย ^{7}^{8}【Resonance】^{9}^{10}กับตัวเองและเคลียร์ทั้งหมด ^{11}^{12}【Rhythm】^{13}^{14}พื้น
25853	When ^{1}^{2}[Holy Cross]^{3}^{4} hits an enemy, it additionally casts [Cross Blast] on them, dealing PATK*${3}%+${4} Neutral melee Physical damage to up to ${2} enemies within ${1} meters of the target. Internal Cooldown: ${5} seconds.	เมื่อ ^{1}^{2}[Holy Cross]^{3}^{4}โจมตีศัตรู มันจะร่าย [Cross Blast] เพิ่มเติมใส่พวกเขา สร้าง PATK*${3}%+${4}โจมตีระยะประชิดทางกายภาพแบบเป็นกลางสูงสุดถึงศัตรู${2}ภายใน${1}เมตรจากเป้าหมายคูลดาวน์ภายใน:${5}วินาที
25854	【Axe Tornado】 and 【Axe Tornado - Enhance】 gain ^{1}@{1}%^{2} DMG Bonus. While casting 【Axe Tornado - Enhance】, periodically pulls up to ^{5}@{3}^{6} Enemy Team targets within a ^{3}@{2}^{4}-meter radius toward the center of the tornado.	【Axe Tornado】 และ 【Axe Tornado - Enhance】 ได้รับ ^{1}@{1}%^ โบนัสความเสียหาย{2}ขณะร่าย 【Axe Tornado - Enhance】 จะดึง ^{5}@{3}^{6}ทีมศัตรูกำหนดเป้าหมายภายใน ^{3}@{2}^{4}-รัศมีเมตร มุ่งหน้าสู่ศูนย์กลางของพายุทอร์นาโด
25855	While in the ^{1}【Dragon Form】^{2} state, each HIT on an enemy with 【Cleaving Slash】 has a Chance to reset 【Sky-Rending Impact】's cooldown. The Chance increases with each skill cast. This can only trigger once per ^{3}【Dragon Form】^{4}.	ขณะที่อยู่ในสถานะ ^{1}【Dragon Form】^{2}การโจมตีแต่ละครั้งใส่ศัตรูด้วย 【Cleaving Slash】 มีโอกาสที่จะรีเซ็ตคูลดาวน์ของ 【Sky-Rending Impact】โอกาสจะเพิ่มขึ้นตามการใช้ทักษะแต่ละครั้งสิ่งนี้สามารถทริกเกอร์ได้เพียงครั้งเดียวต่อ ^{3}【Dragon Form】^{4}
25856	You passed through a lush forest.|You passed through a lush forest.|You passed through a lush forest.|You passed through a lush forest.|You passed through a lush forest.|You passed through a lush forest.|You passed through a lush forest.	คุณผ่านป่าเขียวชอุ่ม|คุณผ่านป่าเขียวชอุ่ม|คุณผ่านป่าเขียวชอุ่ม|คุณผ่านป่าเขียวชอุ่ม|คุณผ่านป่าเขียวชอุ่ม|คุณผ่านป่าเขียวชอุ่ม|คุณผ่านป่าเขียวชอุ่ม
25857	@{1}.The preparation phase lasts @{2} minutes. Once it ends, you can no longer enter this area, so avoid leaving during the preparation phase.\n@{3}.The quiz begins immediately after the preparation phase. Watch for the question details.	@{1}. ระยะการเตรียมการใช้เวลา @{2} นาที เมื่อสิ้นสุด คุณจะไม่สามารถเข้าสู่พื้นที่นี้ได้อีกต่อไป ดังนั้นควรหลีกเลี่ยงการออกไปในระหว่างระยะการเตรียมการ\n@{3}แบบทดสอบจะเริ่มทันทีหลังจากระยะการเตรียมการ ดูรายละเอียดคำถาม
25858	It'll definitely be dangerous in there. It is Maya's lair, after all. But... it'd be such a shame if those ants hurt you, little one. By the way, is your Pet for sale? Name your price! I'll even trade you a newly refined, high-grade Pet!	ข้างในนั้นอันตรายแน่นอนยังไงซะ มันก็เป็นรังของ Maya แต่... น่าเสียดายถ้ามดพวกนั้นทำร้ายคุณ เด็กน้อยว่าแต่ สัตว์เลี้ยงของคุณขายหรือยัง? ตั้งชื่อราคาของคุณ! ฉันจะแลกสัตว์เลี้ยงเกรดสูงที่ได้รับการขัดเกลาใหม่ให้กับคุณด้วย!
25859	"That's what old friends are for. Oh, right, ^{1}PlayerName^{2}. Phines asked me to give you this thing. He called it a ""Pet Incubator,"" but didn't explain how to use it. He just said to return to Prontera and ask a Pet Merchant about it."	"นั่นคือสิ่งที่เพื่อนเก่ามีไว้โอ้ ใช่แล้ว ^{1}PlayerName^{2}ฟีนส์ขอให้ฉันมอบสิ่งนี้ให้กับคุณเขาเรียกมันว่า ""ตู้ฟักสัตว์เลี้ยง"" แต่ไม่ได้อธิบายวิธีใช้เขาเพิ่งบอกว่าให้กลับไปที่ Prontera แล้วถาม Pet Merchant เกี่ยวกับเรื่องนี้"
25860	Charge Up a spiraling mass of energy, then hurl your Spear toward a locked target within @{1} meters. Charge to the Spear's location and Deals DMG equal to ^{1}@{4}%^{2} once to up to @{3} enemies along the @{2}-meter-wide throwing path.	Charge พลังเป็นเกลียว จากนั้นเหวี่ยง Spear ของคุณไปยังเป้าหมายที่ล็อคไว้ภายในระยะ@{1}เมตร Charge ไปยังตำแหน่งของ Spear และสร้าง DMG เท่ากับ ^{1}@{4}%^{2}หนึ่งครั้งจนถึงสูงสุด@{3}ศัตรูตลอดเส้นทางการขว้างของ@{2}ที่มีความกว้างเมตร
25861	Using 【Shadowguard】, 【Thousand Shadows】, or 【Circling Shadow】 will ^{1}reset this skill's cooldown^{2}. Choose a direction to dash as a phantom. Movement: ${1} meters in the chosen direction. Gain ^{3}Endure^{4} while casting this skill.	การใช้ 【Shadowguard】, 【Thousand Shadows】 หรือ 【Circling Shadow】 จะ ^{1}รีเซ็ตคูลดาวน์ของทักษะนี้^{2} เลือกทิศทางที่จะพุ่งเป็นผี การเคลื่อนไหว: ${1} เมตรในทิศทางที่เลือก ได้รับ ^{3}Endure^{4} ขณะร่ายทักษะนี้
25862	Yeah, spicy rabbit head. It's pretty good. Once you've learned Magnum Break, I'll teach you how to roast one. (Hooks the hair band with the sword's scabbard and inspects it) This thing... (Suddenly shoves it into your hands) You take it!	ใช่แล้ว หัวกระต่ายเผ็ดมันค่อนข้างดีเมื่อคุณได้เรียนรู้ Magnum Break แล้ว ฉันจะสอนวิธีย่างมัน(เกี่ยวที่คาดผมด้วยฝักดาบแล้วตรวจดู) สิ่งนี้... (จู่ๆ ก็ยื่นมันเข้าไปในมือของคุณ) คุณรับมันไว้!
25863	When using ^{1}^{2}[Basic Attack]^{3}^{4} with a Mace, unleashes the power of holy light, dealing MATK*${3}%+${4} Neutral Ranged Magic damage to the enemy and up to ${2} enemies within a ${1}-meter radius. Internal Cooldown: ${5} seconds.	เมื่อใช้ ^{1}^{2}[Basic Attack]^{3}^{4}ด้วย Mace ปลดปล่อยพลังแห่งแสงศักดิ์สิทธิ์ สร้าง MATK*${3}%+${4}สร้างความเสียหายเวทย์ระยะเป็นกลางแก่ศัตรูขึ้นไปไปยังศัตรู${2}ภายในรัศมี${1}เมตรคูลดาวน์ภายใน:${5}วินาที
25864	(Spins through the air in fury) I knew that guy was acting suspicious! Forget those stupid sandwiches—he must've stolen something and deliberately used them as bait to throw Fervor off his trail! Fervor, sniff around! Which way did he go?	(หมุนตัวไปในอากาศด้วยความโกรธ) ฉันรู้ว่าผู้ชายคนนั้นทำตัวน่าสงสัย! ลืมแซนด์วิชโง่ๆ พวกนั้นไปได้เลย เขาคงขโมยอะไรบางอย่างไปและจงใจใช้เป็นเหยื่อล่อให้ Fervor หลุดจากเส้นทางของเขา! ความร้อนแรงสูดดม! เขาไปทางไหน?
25865	Calls down an Angel's wrath on the designated ST enemy within ${1} meters, applying ^{1}${2}%^{2} ^{3}[Damage Taken Increase]^{4}. The ^{5}[Damage Taken Increase]^{6} effect lasts ${3} seconds and disappears after the target takes damage.	เรียกความโกรธเกรี้ยวของนางฟ้าต่อศัตรู ST ที่กำหนดภายในระยะ${1}เมตร ส่งผลให้ ^{1}${2}%^{2}^{3}[Damage Taken Increase]^{4}^{5}[Damage Taken Increase]^ เอฟเฟกต์{6}คงอยู่${3}วินาทีและหายไปหลังจากที่เป้าหมายได้รับความเสียหาย
25866	【Spear Formation - Blood Cross】's percentage damage multiplier increases by ^{1}${1}%^{2}. While 【Over Brand】 is active, 【Spear Formation - Blood Cross】 inflicts ^{5}Slow^{6} by ^{3}${3}% for ${2}^{4} seconds on targets hit. Cannot stack.	【Spear Formation - Blood Cross】 ตัวคูณความเสียหายเป็นเปอร์เซ็นต์เพิ่มขึ้น ^{1}${1}%^{2}ในขณะที่ 【Over Brand】 ทำงานอยู่ 【Spear Formation - Blood Cross】 จะสร้างความเสียหาย ^{5}Slow^{6}โดย ^{3}${3}% สำหรับ${2}^{4}วินาทีของเป้าหมายที่โดนไม่สามารถซ้อนได้
25867	When a Basic Attack crits (internal cooldown: ${1}s), your ^{1}${2}^{2} Crit increases for ${3}s, stacking up to ${4} times. Your 【Assassin Normal Attack】 Crit Chance increases by ^{3}${5}%^{4}, but its damage is reduced by ^{5}${6}%^{6}.	เมื่อ Normal Attack ติดคริติคอล (คูลดาวน์ภายใน:${1}s) ^{1}${2}^{2}Crit ของคุณจะเพิ่มขึ้นสำหรับ${3}s โดยซ้อนกันได้สูงสุด${4}เท่า【Assassin Normal Attack】 โอกาสคริติคอลของคุณเพิ่มขึ้น ^{3}${5}%^{4}แต่ความเสียหายลดลง ^{5}${6}%^{6}
25868	Fires a hurricane arrow through a @{1} m * @{2} m area in the designated direction, continuously dealing ATK * ^{1}@{4}%^{2} damage to up to @{3} enemies along its path. Movement Speed increases by ^{3}@{5}%^{4} while the skill is active.	ยิงธนูพายุเฮอริเคนผ่านพื้นที่@{1}m *@{2}m ในทิศทางที่กำหนด สร้าง ATK อย่างต่อเนื่อง * ^{1}@{4}%^ สร้างความเสียหาย{2}ให้กับศัตรู@{3}ตามเส้นทางของมันความเร็วในการเคลื่อนที่เพิ่มขึ้น ^{3}@{5}%^{4}ในขณะที่ทักษะทำงาน
25869	After casting 【Storm Gust】, immediately triggers @{1} 【Frost Explosion】, dealing Water ranged magic damage equal to Magic ATK * ${3}% to up to ${2} enemies within ${1}m, with a ${4}% Chance to inflict ^{1}^{2}【Frozen】^{3}^{4} for ${5} sec.	หลังจากร่าย 【Storm Gust】 จะเรียกใช้@{1}【Frost Explosion】ทันที สร้างความเสียหายเวทย์มนตร์ระยะไกลเท่ากับ Magic ATK *${3}% สูงสุดถึง${2}ศัตรูที่อยู่ในระยะ${1}m โดยมีโอกาส${4}% ที่จะสร้าง ^{1}^{2}【Frozen】^{3}^{4}สำหรับ${5}วินาที
25870	These magic experts own overwhelming magic potential already, but now their magics are at a complete different level: they are capable of wielding the power of Neutral magics, or even utilizing their Psychokinesis power to control gravity.	ผู้เชี่ยวชาญด้านเวทมนตร์เหล่านี้มีศักยภาพด้านเวทมนตร์อย่างท่วมท้นอยู่แล้ว แต่ตอนนี้เวทมนตร์ของพวกเขาอยู่ในระดับที่แตกต่างกันอย่างสิ้นเชิง: พวกเขาสามารถใช้พลังของเวทมนตร์ที่เป็นกลาง หรือแม้แต่ใช้พลังจิตเพื่อควบคุมแรงโน้มถ่วง
25871	The Supply Transport event has ended. During this event, all Members transported a total of ^{1}${1}^{2}/${2} Military Supplies.\nThe top three Members by supplies transported were: \n${3}  ${4} points\n${5}  ${6} points\n${7}  ${8} points	เหตุการณ์ Supply Transport สิ้นสุดลงแล้วในระหว่างกิจกรรมนี้ สมาชิกทุกคนได้ขนส่ง ^{1}${1}^{2}/${2}ยุทโธปกรณ์ทั้งหมดแล้ว\n สมาชิกสามอันดับแรกเรียงตามวัสดุที่ขนส่งได้แก่:\n${3}${4}คะแนน\n${5}${6}คะแนน\n${7}${8}คะแนน
25872	When an ^{1}Offensive-type^{2} or ^{3}Debuff-type^{4} Primary Battle Skill Deals DMG to an enemy, it deals an Extra @{1} hits of Fire Ranged ^{9}Adaptive Damage^{10} totaling the owner's ^{5}Adaptive Attack^{6}*^{7}${1}%^{8} to the target.	เมื่อ ^{1}ประเภทรุก^{2}หรือ ^{3}Debuff-type^{4}ทักษะการต่อสู้หลักสร้างความเสียหายให้กับศัตรู มันจะสร้างความเสียหายพิเศษของการยิงระยะไกล@{1}^{9}Adaptive Damage^{10}รวม ^{5}Adaptive Attack^ ของเจ้าของ ^{6}*^{7}${1}%^{8}ไปยังเป้าหมาย
25873	[King's Grace] increases the percentage of damage shared with allies by ^{1}${1}%^{2} and grants you a Shield equal to Max HP * ^{3}${3}%^{4}. When [King's Grace] ends, restores HP equal to damage taken during its duration * ^{5}${2}%^{6}.	จะเพิ่มเปอร์เซ็นต์ความเสียหายที่แชร์กับพันธมิตรโดย ^{1}${1}%^{2}และมอบโล่ให้คุณเท่ากับ Max HP * ^{3}${3}%^{4}เมื่อ [King's Grace] สิ้นสุดลง ฟื้นฟู HP เท่ากับความเสียหายที่ได้รับในช่วงเวลานั้น * ^{5}${2}%^{6}
25874	Command shadows to stomp down from above, dealing a total of Physical ATK*^{1}${3}%*(@{1}+Attack Speed*@{2}）^{2} as Neutral melee Physical damage to up to ${2} enemies within a ${1}-meter radius. Gain ^{3}Endure^{4} while using this skill.	ออกคำสั่งให้เงากระทืบลงจากด้านบน สร้าง ATK กายภาพทั้งหมด*^{1}${3}%*(@{1}+ความเร็วการโจมตี*@{2})^{2}เป็นความเสียหายทางกายภาพระยะประชิดที่เป็นกลาง สร้างความเสียหายทางกายภาพแก่ศัตรูสูงสุด${2}ภายใน${1}-รัศมีเมตร ได้รับ ^{3}Endure^{4}ขณะใช้ทักษะนี้
25875	After casting, gain an effect that lasts ${1} sec. While active, ^{1}Basic Attack becomes Poison-property^{2}. When your Basic Attack deals damage, there is a ^{3}${2}%^{4} Chance to inflict ^{5}^{6}【Poisoned】^{7}^{8} damage on the target.	หลังจากการร่าย ได้รับเอฟเฟกต์คงอยู่${1}วินาที ในขณะที่ใช้งาน ^{1}Basic Attack จะกลายเป็น Poison-property^{2}เมื่อ Basic Attack ของคุณสร้างความเสียหาย จะมี ^{3}${2}%^{4}มีโอกาสที่จะสร้างความเสียหาย ^{5}^{6}【Poisoned】^{7}^{8}สร้างความเสียหายให้กับเป้าหมาย
25876	Deals Neutral melee Physical damage equal to Physical ATK*^{1}${3}%^{2} to up to ${2} enemies within a ${1}-meter semicircle in front of you and reduces the Cooldown of 【Shield Defense】 by ${4} sec. (can only trigger once every ${5} sec.).	สร้างความเสียหายทางกายภาพระยะประชิดที่เป็นกลางเท่ากับ ATK กายภาพ*^{1}${3}%^{2}สูงสุดถึง${2}ศัตรูภายในระยะ${1}- เมตรครึ่งวงกลมข้างหน้าคุณ และลดคูลดาวน์ของ 【Shield Defense】 โดย${4}วินาที(สามารถทริกเกอร์ได้เพียงครั้งเดียวทุกๆ${5}วินาที)
25877	Your daily Stall Trade activity is factored into your Reputation assessment.\nRaising your Reputation level shortens the item Trade review period.\nPlease follow the game's Trade rules and help maintain a fair, positive trading environment.	กิจกรรมการค้าแผงลอยรายวันของคุณจะถูกนำมาพิจารณาในการประเมินชื่อเสียงของคุณ\n การเพิ่มระดับชื่อเสียงของคุณจะทำให้ระยะเวลาการตรวจสอบการค้าสั้นลง\n โปรดปฏิบัติตามกฎการค้าของเกม และช่วยรักษาสภาพแวดล้อมการซื้อขายที่ยุติธรรมและเป็นบวก
25878	This battle consists of ^{1}seven stages^{2}. See the following tabs for detailed instructions on each stage.\nThe progress display has three states: the current stage is yellow, completed stages are green, and stages Yet to start are gray.	การต่อสู้นี้ประกอบด้วย ^{1}เจ็ดด่าน^{2}ดูแท็บต่อไปนี้สำหรับคำแนะนำโดยละเอียดในแต่ละขั้นตอน\n การแสดงความคืบหน้ามีสามสถานะ: สเตจปัจจุบันเป็นสีเหลือง สเตจที่เสร็จสมบูรณ์จะเป็นสีเขียว และสเตจที่ยังไม่ได้เริ่มจะเป็นสีเทา
25879	Melee Basic Attacks trigger a Splash effect within a @{1}-meter radius. (This Splash does not count as a Normal Attack effect.) Affects up to @{2} Extra targets, with damage reduced to @{3}% of the original. Internal Cooldown: @{4} seconds.	Melee Basic Attacks trigger a Splash effect within a@{1}-meter radius.(สาดนี้ไม่นับเป็นเอฟเฟกต์ Normal Attack) ส่งผลต่อเป้าหมายพิเศษสูงสุด@{2}โดยความเสียหายลดลงเหลือ@{3}% ของเป้าหมายดั้งเดิมคูลดาวน์ภายใน:@{4}วินาที
25880	While ^{1}^{2}[Parry]^{3}^{4} is active, casting ^{5}^{6}[Basic Attack]^{7}^{8} triggers Triple Slash, which Deals DMG to the target over @{1} hits for a total of PATK * ${1}% + ${2} as Neutral Melee Physical damage. Cooldown: ${3} seconds.	ในขณะที่ ^{1}^{2}[Parry]^{3}^{4}ใช้งานอยู่ กำลังร่าย ^{5}^{6}[Basic Attack]^{7}^{8}ทริกเกอร์ Triple ฟันซึ่งสร้างความเสียหายให้กับเป้าหมายมากกว่าการโจมตีของ@{1}รวม PATK *${1}% +${2}เป็นความเสียหายทางกายภาพระยะประชิดแบบเป็นกลางคูลดาวน์:${3}วินาที
25881	That evening, just as I was about to close the shop, a gentleman passed by. His clothes were a little worn, and he looked exhausted, but... he was so handsome! He had this melancholy air, like a noble knight fallen on hard times in a story!	เย็นวันนั้น ขณะที่ฉันกำลังจะปิดร้าน มีสุภาพบุรุษคนหนึ่งเดินผ่านมาเสื้อผ้าของเขาเก่าไปหน่อย และดูเหนื่อยล้า แต่... เขาหล่อมาก! เขามีบรรยากาศเศร้าโศก เหมือนกับอัศวินผู้สูงศักดิ์ที่ตกอยู่ในช่วงเวลาที่ยากลำบากในเรื่องราว!
25882	Bongun claps its hands together to unleash demonic energy, dealing ^{1}${3}%^{2} Neutral melee ^{3}adaptive damage^{4} to up to ${2} enemies within ${1} meters of the master, plus ^{5}${4}%^{6} Poison melee ^{7}adaptive damage^{8} in total.	Bongun ปรบมือพร้อมกันเพื่อปลดปล่อยพลังปีศาจ สร้าง ^{1}${3}%^{2}ระยะประชิดที่เป็นกลาง ^{3}ความเสียหายแบบปรับตัว^{4}โจมตีศัตรูสูงสุด${2}ในระยะ${1}เมตรของมาสเตอร์ บวก ^{5}${4}%^{6}Poison melee ^{7}ความเสียหายแบบปรับตัว^ รวม{8}
25883	Unleashes a rain of arrows at a target area with a ${2}-meter radius within ${1} meters, dealing Neutral ranged Physical damage equal to Physical ATK *^{1}${4}%^{2} to up to ${3} enemies. Damage dealt to monsters increases by ^{3}${5}%^{4}.	ปล่อยฝนลูกธนูไปยังพื้นที่เป้าหมายด้วยรัศมี${2}- เมตร ภายใน${1}เมตร สร้างความเสียหายทางกายภาพในระยะไกลที่เป็นกลางเท่ากับ ATK กายภาพ *^{1}${4}%^{2}ไปจนถึงศัตรูสูงสุด${3}ความเสียหายที่สร้างต่อมอนสเตอร์เพิ่มขึ้น ^{3}${5}%^{4}
25884	Summons countless shadows to attack enemies, dealing a total of Physical ATK*^{1}${3}%*(@{1}+Attack Speed*@{2})^{2} Neutral melee Physical damage to up to ${2} enemies within ${1}m. Grants the caster ^{3}Endure^{4} while casting this skill.	เรียกเงาจำนวนนับไม่ถ้วนมาโจมตีศัตรู สร้างพลังโจมตีกายภาพทั้งหมด*^{1}${3}%*(@{1}+ความเร็วการโจมตี*@{2})^{2}สร้างความเสียหายทางกายภาพระยะประชิดที่เป็นกลางให้กับศัตรูสูงสุด${2}ภายใน${1}ม. มอบให้แก่ผู้ร่าย ^{3}Endure^{4}ขณะร่ายสกิลนี้
25885	Spear-exclusive skill. Throws an Explosive Spear at the target, dealing Neutral Ranged Physical damage equal to PATK * ^{1}${2}%+${3}^{2} to the designated ST enemy within ${1} meters and ${5} Other enemies within ${4} meters of the target.	ทักษะเฉพาะ Spear ขว้าง Spear ระเบิดไปที่เป้าหมาย สร้างความเสียหายทางกายภาพระยะไกลเท่ากับ PATK * ^{1}${2}%+${3}^{2}ไปยังศัตรู ST ที่กำหนดภายในระยะ${1}เมตร และ${5}ศัตรูอื่นๆ ภายใน${4}เมตรของเป้าหมาย
25886	Increases Shadowless Fang's base damage. On HIT, deals Extra AoE damage to up to @{2} enemies within a @{1}-meter radius of the target.\n(Triggers an AoE; its radius and maximum number of targets should be lower than the third job version.)	เพิ่มความเสียหายพื้นฐานของ Shadowless Fang เมื่อโจมตี จะสร้างความเสียหายแบบ AoE พิเศษแก่ศัตรูสูงสุด@{2}ภายในรัศมี@{1}เมตรของเป้าหมาย\n(ทริกเกอร์ AoE รัศมีและจำนวนเป้าหมายสูงสุดควรต่ำกว่าเวอร์ชันงานที่สาม)
25887	When ^{1}^{2}[Hammer Fall]^{3}^{4} is cast, it unleashes [Earth Spike] against ${1} enemies within the area, dealing PATK*${2}%+${3} Neutral melee Physical damage and gaining a ${4}% Chance to inflict ^{5}^{6}[Stun]^{7}^{8} for ${5} seconds.	เมื่อ ^{1}^{2}[Hammer Fall]^{3}^{4}ถูกร่าย มันจะปล่อย [Earth Spike] ต่อสู้กับศัตรู${1}ที่อยู่ในพื้นที่ จัดการ PATK*${2}%+${3}สร้างความเสียหายทางกายภาพระยะประชิดที่เป็นกลาง และได้รับโอกาส${4}% ที่จะสร้าง ^{5}^{6}[Stun]^{7}^{8}เป็นเวลา${5}วินาที
25888	^{1}PlayerName^{2}, she may have been acting all mysterious... but I can't shake the feeling that she's known you for a very long time. Oh well. Let's check on that Party Leader first. As for this compass... You should hold on to it for now.	^{1}PlayerName^{2}เธออาจจะทำตัวลึกลับไปซะหมด... แต่ฉันก็ไม่อาจสั่นคลอนความรู้สึกที่เธอรู้จักคุณมานานมากได้โอ้ดี. ลองตรวจสอบ Party Leader คนนั้นก่อนสำหรับเข็มทิศนี้... คุณควรจับมันไว้ก่อน
25889	An upgraded Camouflage. After casting, enter the ^{1}【Enhanced Camouflage】^{2} state for @{1} seconds, increasing Movement Speed by ^{3}@{2}%^{4}. The ^{5}【Enhanced Camouflage】^{6} state ends after taking damage @{3} times or dealing damage.	ลายพรางที่อัปเกรดแล้วหลังจากร่ายแล้ว ให้เข้าสู่ ^{1}【Enhanced Camouflage】^ สถานะ{2}สำหรับ@{1}วินาที ซึ่งจะเพิ่มความเร็วในการเคลื่อนที่ขึ้น ^{3}@{2}%^{4}^{5}【Enhanced Camouflage】^ สถานะ{6}สิ้นสุดลงหลังจากได้รับความเสียหาย@{3}ครั้งหรือสร้างความเสียหาย
25890	Places a Claymore Trap within ${1}m. When an enemy enters the Trap's ${2}m trigger radius, it explodes, dealing Physical ATK*^{1}${5}%+${6}^{2} Fire ranged Physical damage to up to ${4} enemies within a ${3}m radius. The Trap lasts ${7} sec.	วาง Claymore Trap ภายใน${1}ม. เมื่อศัตรูเข้าไปในรัศมีทริกเกอร์${2}m ของกับดัก มันจะระเบิด สร้างความเสียหายทางกายภาพ*^{1}${5}%+${6}^{2}สร้างความเสียหายทางกายภาพจากการยิง ให้กับศัตรูสูงสุด${4}ภายในรัศมี${3}m กับดักคงอยู่${7}วินาที
25891	After a @{1}-second warning, Launch a Dark Pulse at one player. After hitting the first player, the Dark Pulse launches toward other players until all players have been hit. Each launch damages players on HIT and destroys Horongs in its path	หลังจากการเตือนครั้งที่สองของ@{1}ให้เปิด Dark Pulse ไปที่ผู้เล่นหนึ่งคน หลังจากโจมตีผู้เล่นคนแรก Dark Pulse จะพุ่งเข้าหาผู้เล่นอื่นจนกว่าผู้เล่นจะถูกโจมตีทั้งหมด การยิงแต่ละครั้งจะสร้างความเสียหายให้กับผู้เล่นใน HIT และทำลาย Horongs ที่ขวางทาง
25892	@{1}.When using 【Right Mouse Button (+Shift)】 to Adjust Camera, use Ctrl + Right Mouse Button to adjust the camera Distance.\n@{2}.When using 【Mouse Left Tap (+Shift)】 to Adjust Camera, use Ctrl + Mouse Left Tap to adjust the camera Distance.	@{1}. เมื่อใช้ 【Right Mouse Button (+Shift)】 เพื่อปรับกล้อง ให้ใช้ Ctrl + ปุ่ม Mouse ขวาเพื่อปรับระยะห่างของกล้อง\n@{2}. เมื่อใช้ 【Mouse Left Tap (+Shift)】 เพื่อปรับกล้อง ให้ใช้ Ctrl + แตะซ้ายของ Mouse เพื่อปรับระยะห่างของกล้อง
25893	A mysterious Metal known as Oridecon. Harder than anything else, it was discovered by the Enhance Association to be useful for refining weapons and accessories.\n^{1} Use: Can be used to refine weapons and accessories from +@{1} to +@{2} ^{2}	โลหะลึกลับที่รู้จักกันในชื่อ Oridecon ยากกว่าสิ่งอื่นใด มันถูกค้นพบโดยสมาคมเสริมประสิทธิภาพว่ามีประโยชน์ในการขัดเกลาอาวุธและอุปกรณ์เสริม\n^{1}การใช้งาน: สามารถใช้ปรับแต่งอาวุธและอุปกรณ์เสริมได้ตั้งแต่ +@{1}ถึง +@{2}^{2}
25894	In ^{1}Payon^{2}, head to the ^{3}left side of the open area just inside the courtyard gate^{4}, behind Scholar Biko. A crack in the left boot heel of the ^{5}stone statue^{6} is large enough to conceal a small object. The secret waits there.	ใน ^{1}Payon^{2}มุ่งหน้าไปที่ ^{3}ด้านซ้ายของพื้นที่เปิดด้านในประตูลานบ้าน^{4}ด้านหลัง Scholar Biko รอยแตกที่ส้นรองเท้าด้านซ้ายของ ^ รูปปั้นหิน ^{5}^{6}มีขนาดใหญ่พอที่จะปกปิดวัตถุขนาดเล็กได้ความลับรออยู่ที่นั่น
25895	@{1}.Cards of Purple Quality or higher can be added to the Collection.\n@{2}.Use @{3} cards of the same quality to obtain one random Collection Card of that quality.\n@{4}.Collection Cards feature ornate card art and slightly enhanced effects.	@{1}. การ์ดคุณภาพสีม่วงหรือสูงกว่าสามารถเพิ่มลงในคอลเลกชันได้\n@{2}. ใช้การ์ด @{3} คุณภาพเดียวกันเพื่อรับการ์ดคอลเลกชันแบบสุ่มคุณภาพนั้นหนึ่งใบ\n@{4} การ์ดคอลเลกชันมีรูปศิลป์ของการ์ดที่หรูหราและเอฟเฟกต์ที่ได้รับการปรับปรุงเล็กน้อย
25896	\n● Players with vehicle access can operate a Madogear Pilot at the workshop\n● The Madogear Pilot has a recovery Orbit that restores Life to nearby allies\n● The Madogear Pilot is extremely powerful and can help your side push the front line.	\n● ผู้เล่นที่เข้าถึงยานพาหนะได้สามารถบังคับ Madogear Pilot ได้ที่เวิร์กช็อป\n● Madogear Pilot มีวงโคจรการกู้คืนที่จะฟื้นพลัง Life ให้กับพันธมิตรที่อยู่ใกล้เคียง\n● Madogear Pilot มีพลังอย่างมากและสามารถช่วยให้ฝ่ายของคุณบุกแนวหน้าได้
25897	Launch hurricane arrows into a @{1}-meter by @{2}-meter area in the designated direction, continuously dealing ATK * ^{1}@{4}%^{2} damage to up to @{3} enemies along the path. Movement Speed increases by ^{3}@{5}%^{4} for the skill's duration.	ยิงธนูพายุเฮอริเคนเข้าไปยัง@{1}เมตร โดยพื้นที่@{2}เมตร ในทิศทางที่กำหนด สร้าง ATK อย่างต่อเนื่อง * ^{1}@{4}%^{2}สร้างความเสียหายให้กับศัตรูสูงสุด@{3}ตามเส้นทางความเร็วในการเคลื่อนที่เพิ่มขึ้น ^{3}@{5}%^{4}ในช่วงระยะเวลาของทักษะ
25898	You have successfully used Impeach. Rally ${2} Guild Members to Respond to Impeachment within ${1} hours to secure a Successful Impeachment. Afterward, you will become the Guild Leader, and the former Guild Leader will become a regular Member.	คุณใช้ Impeach สำเร็จแล้วระดมสมาชิก Guild${2}เพื่อตอบสนองต่อการกล่าวโทษภายในชั่วโมง${1}เพื่อให้การกล่าวโทษประสบความสำเร็จหลังจากนั้น คุณจะกลายเป็นหัวหน้า Guild และอดีตหัวหน้า Guild จะกลายเป็นสมาชิกประจำ
25899	A novice practitioner and new Member of the Church, the Praiser Priest Acolyte can use Divine Light on themselves and allies while providing numerous buffs and removing debuffs. They are also highly effective against Undead and Demon monsters.	ผู้ฝึกหัดมือใหม่และสมาชิกใหม่ของคริสตจักร Praiser Priest Acolyte สามารถใช้ Divine Light กับตัวเองและพันธมิตร ในขณะเดียวกันก็มอบบัฟมากมายและลบดีบัฟออกไป พวกมันยังมีประสิทธิภาพสูงในการต่อสู้กับมอนสเตอร์ Undead และ Demon
25900	A highest-ranking cleric who has mastered extremely advanced divine arts for wide-area recovery and AoE buffs. The Praiser Priest Archbishop gains greatly improved survivability and AoE recovery, as well as the ability to grant allies Respawn.	นักบวชระดับสูงที่เชี่ยวชาญศิลปะศักดิ์สิทธิ์ขั้นสูงสุดเพื่อการฟื้นฟูในพื้นที่กว้างและบัฟ AoE Praiser Priest Archbishop ได้รับการปรับปรุงการเอาตัวรอดและการฟื้นฟู AoE ให้ดีขึ้นอย่างมาก เช่นเดียวกับความสามารถในการให้การ Respawn แก่พันธมิตร
25901	Increases the Maximum Number of Targets for ^{1}Debuff-type^{2} or ^{3}Control-type^{4} Primary Battle Skills by ${1} (the number of designated targets for ST skills remains unchanged), but reduces the Skill Damage Multiplier by ^{5}${2}%^{6}.	เพิ่มจำนวนเป้าหมายสูงสุดสำหรับ ^{1}Debuff-type^{2}หรือ ^{3}Control-type^{4}Primary Battle Skills โดย${1}(จำนวนเป้าหมายที่กำหนดสำหรับทักษะ ST ยังคงไม่เปลี่ยนแปลง) แต่ลดตัวคูณความเสียหายของทักษะลง ^{5}${2}%^{6}.
25902	Fox Immortal summons a refreshing breeze in a ${1}-meter-by-${2}-meter rectangular area ahead, dealing Magic ATK*^{1}${4}%^{2} Neutral ranged Magic damage to up to ${3} enemies. Hit enemies deal ^{3}${5}%^{4} less Wind damage for ${6} seconds.	Fox Immortal เรียกสายลมอันสดชื่นมาในพื้นที่สี่เหลี่ยมข้างหน้า${1}ขนาดเมตรต่อเมตร${2}สร้างพลังโจมตีเวทย์มนตร์*^{1}${4}%^{2}สร้างความเสียหายเวทย์แบบเป็นกลางแก่ศัตรูสูงสุด${3}โจมตีศัตรูจัดการ ^{3}${5}%^{4}สร้างความเสียหายจากลมน้อยลงเป็นเวลา${6}วินาที
25903	Increases the Maximum Number of Targets of ^{1}Debuff-type^{2} and ^{3}Control-type^{4} Primary Battle Skills by ^{5}${1}^{6} (the number of designated targets for ST skills remains unchanged), but increases their Cooldown by ^{7}${2}^{8} sec.	เพิ่มจำนวนเป้าหมายสูงสุดของ ^{1}Debuff-type^{2}และ ^{3}Control-type^{4}Primary Battle Skills โดย ^{5}${1}^{6}(จำนวนเป้าหมายที่กำหนดสำหรับทักษะ ST ยังคงไม่เปลี่ยนแปลง) แต่เพิ่มคูลดาวน์ขึ้น ^{7}${2}^{8}วินาที
25904	Strike the target with the power of the soul, dealing ranged Ghost magic damage equal to Magic ATK*^{1}${2}%^{2} to the designated ST enemy within ${1} meters. While in 【Reading】, consume @{1} stacks of 【Pages】 to cast this skill 1 Extra time.	โจมตีเป้าหมายด้วยพลังแห่งวิญญาณ สร้างความเสียหายเวทย์มนตร์ Ghost ระยะไกลเท่ากับ Magic ATK*^{1}${2}%^{2}ไปยังศัตรู ST ที่กำหนดภายในระยะ${1}เมตรในขณะที่อยู่ใน 【Reading】 ให้ใช้สแต็คของ 【Pages】@{1}เพื่อร่ายทักษะนี้ 1 ต่อเวลาพิเศษ
25905	Unique Effect: Casting a skill or using a Normal Attack grants maximum Floors of the 【Magic Mark】 magic damage buff. Initial limit: @{1} Floors. Duration: @{2} sec. While 【Magic Mark】 is active, each Floor increases your Magic damage by @{3}%.	เอฟเฟกต์เฉพาะ: การร่ายทักษะหรือใช้ Normal Attack จะทำให้พื้นของบัฟความเสียหายเวทย์สูงสุด 【Magic Mark】ขีดจำกัดเริ่มต้น: พื้น@{1}ระยะเวลา:@{2}วินาทีขณะที่ 【Magic Mark】 ทำงานอยู่ แต่ละชั้นจะเพิ่มความเสียหายเวทย์ของคุณเป็น@{3}%
25906	The BOSS targets @{1} players and creates a sand tornado at each player's current location with a @{2}-second warning and a radius of @{3}m. It then locks onto the player farthest from the tornado and moves in that direction after @{4} seconds	BOSS กำหนดเป้าหมายไปที่ผู้เล่น@{1}และสร้างพายุทอร์นาโดทรายที่ตำแหน่งปัจจุบันของผู้เล่นแต่ละคน โดยมี@{2}- คำเตือนครั้งที่สองและรัศมี@{3}m จากนั้นจะล็อคเข้ากับผู้เล่นที่อยู่ไกลจากพายุทอร์นาโดมากที่สุด และเคลื่อนที่ไปในทิศทางนั้นหลังจาก@{4}วินาที
25907	@{1}.Each player can have up to @{2} Cross-server Friends.\n@{3}.After a server merge, Cross-server Friends will automatically be added to the My Friends list.\n@{4}.Cross-server Friends can form parties for some content, but cannot send gifts.	@{1} ผู้เล่นแต่ละคนสามารถมีเพื่อนข้ามเซิร์ฟเวอร์ได้มากถึง @{2} คน\n@{3} หลังจากรวมเซิร์ฟเวอร์แล้ว เพื่อนข้ามเซิร์ฟเวอร์จะถูกเพิ่มลงในรายชื่อเพื่อนของฉันโดยอัตโนมัติ\n@{4} เพื่อนข้ามเซิร์ฟเวอร์สามารถสร้างปาร์ตี้สำหรับเนื้อหาบางส่วนได้ แต่ไม่สามารถส่งของขวัญได้
25908	The Fairy Enchantress performs the Dance of Immortal Grace, granting up to ${4} allies within ${1} meters a shield equal to ^{1}${2}%^{2} of her Max Life for ${3} seconds. While the shield is active, they gain ^{3}^{4}【Debuff Immunity】^{5}^{6}.	FairyFairy แสดงการเต้นรำแห่งพระคุณอมตะ โดยมอบโล่ให้กับพันธมิตร${4}ภายใน${1}เมตรป้องกันเท่ากับ ^{1}${2}%^{2}ของพลัง Life สูงสุดของเธอเป็นเวลา${3}วินาทีในขณะที่โล่ทำงาน พวกมันจะได้รับ ^{3}^{4}【Debuff Immunity】^{5}^{6}
25909	^{1}^{2}【High Speed Cart Ram】^{3}^{4} triggers 【Explosive Strike】 an Extra @{1} times when cast, dealing Neutral melee Physical damage equal to PATK * ${3}% + ${4} to up to ${2} enemies within ${1} meters. This effect has a ${5}-second Cooldown.	^{1}^{2}【High Speed Cart Ram】^{3}^{4}กระตุ้นให้เกิด 【Explosive Strike】 เพิ่ม@{1}ครั้งเมื่อร่าย สร้างความเสียหายทางกายภาพระยะประชิดที่เป็นกลางเท่ากับ PATK *${3}% +${4}ไปจนถึง${2}ศัตรูภายในระยะ${1}เมตรเอฟเฟกต์นี้มีคูลดาวน์วินาทีของ${5}
25910	A moonlight-silver satin gown cascades downward, with crystal bead strands flowing across the waist like a river of stars. The mermaid hem blooms into delicate pleats, glowing icy blue with every movement, as though the night sky became a dress.	เสื้อคลุมผ้าซาตินสีเงินแสงจันทร์ลดหลั่นลงมา โดยมีลูกปัดคริสตัลพาดผ่านเอวราวกับแม่น้ำแห่งดวงดาว ชายกระโปรงนางเงือกบานสะพรั่งเป็นจีบอันละเอียดอ่อน สีฟ้าน้ำแข็งเรืองแสงในทุกการเคลื่อนไหว ราวกับว่าท้องฟ้ายามค่ำคืนกลายเป็นชุดเดรส
25911	"Now that you've advanced, there's something I have to teach you—Refine! It's Midgard's greatest form of ""legal gambling."" Come on, hand over your equipment and let's see if we can smash it to pieces... Er, I mean, send it soaring to new heights!"	"ตอนนี้คุณก้าวหน้าแล้ว มีบางอย่างที่ฉันต้องสอนคุณ—ปรับแต่ง! มันเป็น ""การพนันที่ถูกกฎหมาย"" รูปแบบที่ยิ่งใหญ่ที่สุดของมิดการ์ดเอาล่ะ มอบอุปกรณ์ของคุณแล้วมาดูกันว่าเราจะทุบมันเป็นชิ้นๆ ได้ไหม... เอ่อ ฉันหมายถึง ส่งมันทะยานขึ้นไปอีกระดับสิ!"
25912	When the Klein Cube was swallowed by the Eternal Land, the first gears engaged—the void split into golden patterns, only to collapse into darkness in an instant. Yet the music played on, performing the eternal struggle between order and chaos.	เมื่อ Klein Cube ถูกกลืนกินโดย Eternal Land เกียร์แรกทำงาน—ความว่างเปล่าแตกออกเป็นลวดลายสีทอง และพังทลายลงสู่ความมืดในทันทีทว่าดนตรียังบรรเลง แสดงถึงการต่อสู้ชั่วนิรันดร์ระหว่างความสงบเรียบร้อยและความโกลาหล
25913	When casting a ^{1}Recovery-type^{2} or ^{3}Buff-type^{4} Primary Battle Skill, reduces the Physical and Magic ATK of up to ${2} enemies within a ${1}-meter radius of the owner by ^{5}${3}%^{6} and inflicts ^{7}【Sluggish】^{8} ${4}% for ${5} sec.	เมื่อร่าย ^{1}Recovery-type^{2}หรือ ^{3}Buff-type^{4}Primary Battle Skill จะลด ATK ทางกายภาพและเวทมนตร์ของศัตรูสูงสุด${2}ภายในรัศมี${1}เมตรของเจ้าของโดย ^{5}${3}%^{6}และสร้างความเสียหาย ^{7}【Sluggish】^{8}${4}% สำหรับ${5}วินาที
25914	The percentage damage multiplier of all forms of 【Rain of Spears】 is increased by ^{1}${1}%^{2}. The number of 【Precision Thrust】 casts required to gain ^{3}${2}^{4} stacks of 【Rain of Spears】 Charge is reduced from ^{5}${3}^{6} to ^{7}${4}^{8}.	เปอร์เซ็นต์ตัวคูณความเสียหายของ 【Rain of Spears】 ทุกรูปแบบเพิ่มขึ้น ^{1}${1}%^{2}จำนวนการร่าย 【Precision Thrust】 ที่จำเป็นเพื่อให้ได้ ^{3}${2}^{4}สแต็คของ 【Rain of Spears】 Charge ลดลงจาก ^{5}${3}^{6}เป็น ^{7}${4}^{8}.
25915	Cast in a selected direction to perform Movement ${1} meters away from the target and enter the ^{1}^{2}【Hiding】^{3}^{4} state for ${2} seconds.\nDealing or taking damage a total of ^{5}${3}^{6} times immediately ends the ^{7}【Hiding】 state^{8}.	ร่ายไปในทิศทางที่เลือกเพื่อทำการเคลื่อนไหว${1}เมตรห่างจากเป้าหมาย และเข้าสู่สถานะ ^{1}^{2}【Hiding】^{3}^{4}state เป็นเวลา${2}วินาที\n การจัดการหรือรับความเสียหายรวม ^{5}${3}^{6}ครั้งจะสิ้นสุด ^{7}【Hiding】 state^{8}ทันที
25916	Conqueror slots within the guild will be automatically assigned based on the Guild Merit Rankings;\nOfficers of the top three guilds in the Territory War Points Rankings will automatically receive Conqueror rewards without using a Conqueror slot.	ช่องผู้พิชิตภายใน Guild จะถูกกำหนดโดยอัตโนมัติตามอันดับความดีความชอบของ Guild\n เจ้าหน้าที่ของ Guild สามอันดับแรกในการจัดอันดับคะแนนสงครามอาณาเขตจะได้รับรางวัล Conqueror โดยอัตโนมัติโดยไม่ต้องใช้ช่อง Conqueror
25917	While ^{1}^{2}[Parry]^{3}^{4} is active, casting ^{5}^{6}[Basic Attack]^{7}^{8} triggers Sweep, which Deals DMG equal to PATK * ${3}% + ${4} as Neutral Melee Physical damage to up to ${2} enemies within ${1} meters of you. Cooldown: ${5} seconds.	ในขณะที่ ^{1}^{2}[Parry]^{3}^{4}ใช้งานอยู่ กำลังร่าย ^{5}^{6}[Basic Attack]^{7}^{8}ทริกเกอร์ Sweep ซึ่งสร้างความเสียหายเท่ากับ PATK *${3}% +${4}เป็นความเสียหายทางกายภาพระยะประชิดแบบเป็นกลาง สูงสุด${2}ศัตรูที่อยู่ในระยะ${1}เมตรจากคุณคูลดาวน์:${5}วินาที
25918	Golden threads shimmer through nine-hued robes, inspired by Dunhuang's flying apsaras. Its sleeves dance like swirling ribbons, blending the spirit of the Silk Road with Eastern grace. Every detail radiates classical elegance and ethereal beauty.	ด้ายสีทองแวววาวผ่านเสื้อคลุมเก้าสี ซึ่งได้รับแรงบันดาลใจจากอัปสราที่โผบินของตุนหวงแขนเสื้อของมันเต้นราวกับริบบิ้นที่หมุนวน ผสมผสานจิตวิญญาณของเส้นทางสายไหมเข้ากับความสง่างามแบบตะวันออกทุกรายละเอียดเปล่งประกายความสง่างามคลาสสิกและความงามอันไร้ตัวตน
25919	New here? I've got a 【Hardcore Grinder's Secret Elixir】 that'll keep you sharp and alert, even if it burns through your Life. It works like a charm—I use it myself! You look like a good sort, so I'll charge you just 8 tenths of the regular price!	ใหม่ที่นี่? ฉันมี 【Hardcore Grinder's Secret Elixir】 ที่จะทำให้คุณเฉียบแหลมและตื่นตัว แม้ว่ามันจะมอดไหม้ไปตลอด Life ก็ตามมันใช้งานได้อย่างมีเสน่ห์ - ฉันใช้มันเอง! คุณดูเป็นคนนิสัยดี ดังนั้นฉันจะเรียกเก็บเงินคุณเพียง 8 ในสิบของราคาปกติ!
25920	●The dragon is sealed at the center of Dragon Sarcophagus Isle. Monsters will continuously surge toward the center in an attempt to break the seal. Any monster that reaches the seal will damage it, so be sure to defeat them before they get close.	● มังกรถูกผนึกไว้ที่ใจกลางเกาะโลงศพมังกรสัตว์ประหลาดจะพุ่งเข้าหาศูนย์กลางอย่างต่อเนื่องเพื่อพยายามทำลายผนึกมอนสเตอร์ตัวใดก็ตามที่ไปถึงผนึกจะสร้างความเสียหายให้กับมัน ดังนั้นอย่าลืมกำจัดพวกมันก่อนที่พวกมันจะเข้ามาใกล้
25921	Deals ${2}% Neutral melee Physical damage to the selected ST enemy within ${1} meters. Every ${3}% Attack Speed increases this damage by ${4}%. If cast while 【Hiding】, deals ${5}% Extra damage and ^{1}【Slows】^{2} the target by ${6}% for ${7} sec.	สร้างความเสียหายทางกายภาพระยะประชิดทางกายภาพ${2}% ให้กับศัตรู ST ที่เลือกภายในระยะ${1}เมตรทุกความเร็วการโจมตีของ${3}% จะเพิ่มความเสียหายนี้อีก${4}%หากร่ายในขณะที่ 【Hiding】 จะสร้างความเสียหายพิเศษให้กับ${5}% และ ^{1}【Slows】^{2}ใส่เป้าหมายเป็น${6}% เป็นเวลา${7}วินาที
25922	Grants yourself the ^{1}【Reading】^{2} status. While active, the next time you cast 【Comet】, 【Tetra Vortex】, 【Frost Blast】, 【Earth Strain】, 【Crimson Rock】, 【Thunderbolt】, or 【White Imprison】, the corresponding skill effect triggers one Extra time.	ให้สถานะ ^{1}【Reading】^{2}แก่ตนเองในขณะที่ใช้งาน ในครั้งถัดไปที่คุณร่าย 【Comet】, 【Tetra Vortex】, 【Frost Blast】, 【Earth Strain】, 【Crimson Rock】, 【Thunderbolt】 หรือ 【White Imprison】 เอฟเฟกต์ทักษะที่เกี่ยวข้องจะทริกเกอร์การต่อเวลาพิเศษหนึ่งครั้ง
25923	This reality show is presented by the Rekenber Corporation, a conglomerate, and held in the Rune-Midgarts Kingdom in partnership with the Kafra Corporation. Adventurers battle one another, and the final victor will receive the show's Grand Prize.	เรียลลิตี้โชว์นี้นำเสนอโดย Rekenber Corporation ซึ่งเป็นกลุ่มบริษัท และจัดขึ้นใน Rune-Midgarts Kingdom โดยความร่วมมือกับ Kafra CorporationAdventurers ต่อสู้กันเอง และผู้ชนะคนสุดท้ายจะได้รับรางวัลใหญ่ของรายการ
25924	Safe Zone: Other players cannot attack you, but beware—monsters are still hostile.\nConflict Zone: Switch to Guild Mode/Free Mode to attack other players. Stay alert!\nWar Zone: You can freely attack Guild Members and may also switch to Free Mode!	Safe Zone: ผู้เล่นคนอื่นไม่สามารถโจมตีคุณได้ แต่ระวัง—สัตว์ประหลาดยังคงเป็นศัตรู\nConflict Zone: เปลี่ยนเป็นโหมด Guild/โหมดอิสระเพื่อโจมตีผู้เล่นอื่นระวังตัว!\nWar Zone: คุณสามารถโจมตีสมาชิก Guild ได้อย่างอิสระและอาจเปลี่ยนเป็นโหมดอิสระ!
25925	Haha, don't worry! Our leader is handling this personally, and with such a capable new recruit helping us, we'll bring Professor Lain back safe and sound. He's essential to the research on the 【Nail of World Law】. We'll protect him with our lives!	ฮ่าๆ ไม่ต้องห่วง! ผู้นำของเรากำลังจัดการเรื่องนี้เป็นการส่วนตัว และด้วยบุคลากรใหม่ที่มีความสามารถเช่นนี้ จะช่วยเรา เราจะพา Professor เลนกลับมาอย่างปลอดภัยเขามีความสำคัญต่อการวิจัยเรื่อง 【Nail of World Law】เราจะปกป้องเขาด้วยชีวิตของเรา!
25926	Bongun claps both hands together to unleash demonic energy, dealing Pet Physical ATK*^{1}${3}%^{2} Neutral melee Physical damage to up to ${2} enemies within ${1} meters, plus a total of Pet Physical ATK*^{3}${4}%^{4} Poison melee Physical damage.	Bongun ปรบมือทั้งสองข้างพร้อมกันเพื่อปลดปล่อยพลังปีศาจ สร้าง ATK ทางกายภาพของสัตว์เลี้ยง*^{1}${3}%^{2}สร้างความเสียหายทางกายภาพระยะประชิดที่เป็นกลางแก่ศัตรูสูงสุด${2}ภายใน${1}เมตร บวกกับ ATK ทางกายภาพของสัตว์เลี้ยงรวม*^{3}${4}%^{4}พิษระยะประชิด ความเสียหายทางกายภาพ
25927	Every @{1} casts, Highness Heal will Level-up into 【Manifestation】. When cast, it manifests a shattered Orbit and chains once to up to @{3} allies within @{2} meters of the target. If a chained target is a party Member, they receive Extra healing.	ทุกๆ@{1}ร่าย Highness Heal จะเพิ่มระดับเป็น 【Manifestation】เมื่อร่าย มันจะเผยให้เห็นวงโคจรที่พังทลายและโซ่หนึ่งครั้งจนถึงพันธมิตร@{3}ภายใน@{2}เมตรของเป้าหมายหากเป้าหมายที่ถูกล่ามโซ่เป็นสมาชิกปาร์ตี้ พวกเขาจะได้รับการรักษาพิเศษ
25928	Katar-exclusive skill. Quickly spin in place, dealing ^{1}@{3}%^{2} Physical damage to up to @{2} enemies within @{1} meters and adding @{4} blades to Cross Ripper Slasher, up to a maximum of @{5}. ^{3}This skill is treated as a Normal Attack^{4}.	Katar ทักษะพิเศษเฉพาะหมุนเข้าที่อย่างรวดเร็ว สร้างความเสียหาย ^{1}@{3}%^{2}สร้างความเสียหายทางกายภาพให้กับศัตรูสูงสุด@{2}ภายใน@{1}เมตร และเพิ่มใบมีด@{4}ให้กับ Cross Ripper Slasher สูงสุด@{5}^{3}ทักษะนี้ถือเป็น Normal Attack^{4}
25929	When 【Fire Bolt】, 【Cold Bolt】, 【Lightning Bolt】, or 【Earth Spike】 hits, there is a ${1}% Chance to trigger @{1} 【Elemental Pursuit】, dealing Neutral ranged magic damage equal to Magic ATK * ${2}% to the target. This effect has a ${3}-sec. Cooldown.	เมื่อ 【Fire Bolt】, 【Cold Bolt】, 【Lightning Bolt】 หรือ 【Earth Spike】 โดน จะมีโอกาส${1}% ที่จะเรียกใช้@{1}【Elemental Pursuit】 สร้างความเสียหายเวทย์มนต์ระยะเป็นกลางเท่ากับ Magic ATK *${2}% ไปยังเป้าหมายเอฟเฟกต์นี้มี${3}-วินาทีคูลดาวน์
25930	Drake^{1}performs @{1} consecutive Movement thrusts toward the player^{2}, damaging targets along his path and leaving^{3}an afterimage at the starting point of each thrust^{4}. The afterimage will^{5}Repeat Drake's attack once^{6}, then disappear.	Drake^{1}ทำการเคลื่อนไหวต่อเนื่องของ@{1}แทงเข้าหาผู้เล่น^{2}สร้างความเสียหายให้กับเป้าหมายตามเส้นทางของเขาและจากไป^{3}ภาพติดตาที่จุดเริ่มต้นของการแทงแต่ละครั้ง^{4}ภาพติดตาจะ^{5}ทำซ้ำการโจมตีของ Drake หนึ่งครั้ง^{6}แล้วหายไป
25931	Launch a shock cone at @{2} designated enemies within @{1} meters and up to @{4} enemies within @{3} meters of them, dealing ATK * ^{1}@{5}%^{2} damage, inflicting ^{3}【Knockback】^{4} for @{6} meters, and inflicting ^{5}【Stun】^{6} for @{7} seconds.	ยิงกรวยกระแทกที่@{2}ศัตรูที่กำหนดในระยะ@{1}เมตร และศัตรูสูงสุด@{4}ภายใน@{3}เมตร สร้าง ATK * ^{1}@{5}%^{2}สร้างความเสียหาย สร้างความเสียหาย ^{3}【Knockback】^{4}สำหรับ@{6}เมตร และสร้างความเสียหาย ^{5}【Stun】^{6}เป็นเวลา@{7}วินาที
25932	A Plant with three heart-shaped leaves that blooms with White flowers from month @{1} to month @{2}. Four-leaf specimens can sometimes be found. This Plant is called a Lucky Clover, and Legend says it brings good LUK. Can be exchanged for Headwear.	พืชที่มีใบรูปหัวใจสามใบที่บานสะพรั่งด้วยดอก White ตั้งแต่เดือน@{1}ถึงเดือน@{2}บางครั้งอาจพบตัวอย่างสี่ใบได้ โรงงานแห่งนี้เรียกว่า Lucky Clover และตำนานกล่าวว่าต้นไม้นี้นำ LUK ที่ดีมาให้ สามารถเปลี่ยนเป็น Headwear ได้
25933	Bombards a ${1} m * ${2} m area in the designated direction, continuously dealing Physical ATK * ^{1}${4}%^{2} Neutral ranged Physical DMG to up to ${3} enemies along the path and increasing Movement Speed by ^{3}${5}%^{4} for the skill's duration.	โจมตีพื้นที่${1}m *${2}m ในทิศทางที่กำหนด สร้าง ATK ทางกายภาพอย่างต่อเนื่อง * ^{1}${4}%^{2}ทำ DMG ทางกายภาพระยะไกลถึงศัตรู${3}ตามเส้นทางและเพิ่มความเร็วในการเคลื่อนที่ขึ้น ^{3}${5}%^{4}สำหรับระยะเวลาของทักษะ
25934	Deals Neutral melee Physical damage equal to Physical ATK*^{1}${3}%^{2} to up to ${5} enemy targets within a ${1}-meter radius and ^{3}pulls them in^{4}, while granting you ^{5}【Over Brand】^{6} for ${4} seconds. You can move while using this skill.	สร้างความเสียหายทางกายภาพระยะประชิดที่เป็นกลางเท่ากับ ATK กายภาพ*^{1}${3}%^{2}สูงสุดถึง${5}เป้าหมายศัตรูภายในรัศมี${1}-เมตร และ ^{3}ดึงพวกมันเข้ามา^{4}ขณะเดียวกันก็ให้คุณ ^{5}【Over Brand】^{6}เป็นเวลา${4}วินาทีคุณสามารถเคลื่อนไหวได้ในขณะที่ใช้ทักษะนี้
25935	Deals ^{1}${3}%+${4}^{2} Neutral Physical melee damage to up to ${2} enemies within ${1} meters, and increases your Physical DEF by ^{3}${5}^{4} for ${6} seconds. When this skill hits a monster, it greatly increases the monster's hatred toward you.	ทำข้อเสนอ ^{1}${3}%+${4}^{2}สร้างความเสียหายทางกายภาพระยะประชิดทางกายภาพที่เป็นกลางให้กับศัตรูสูงสุด${2}ภายใน${1}เมตร และเพิ่ม DEF ทางกายภาพของคุณโดย ^{3}${5}↑{4}สำหรับ${6}วินาทีเมื่อทักษะนี้โจมตีมอนสเตอร์ มันจะเพิ่มความเกลียดชังของมอนสเตอร์ที่มีต่อคุณอย่างมาก
25936	After using ^{1}^{2}【Cart Revolution】^{3}^{4}, immediately trigger @{1} instances of 【Gunpowder Throw】, dealing Fire melee Physical damage equal to PATK * ${3}% + ${4} to up to ${2} enemies within ${1} meters. This effect has a ${5}-second Cooldown.	หลังจากใช้ ^{1}^{2}【Cart Revolution】^{3}^{4}, ทริกเกอร์@{1}ของ 【Gunpowder Throw】 ทันที สร้างความเสียหายทางกายภาพระยะประชิดไฟเท่ากับ PATK *${3}% +${4}สูงสุดถึง ศัตรู${2}ในระยะ${1}เมตร เอฟเฟกต์นี้มีคูลดาวน์วินาทีของ${5}
25937	Ilmo continuously beats the enchanted drum to charge an ultimate attack. Several areas appear on the ground. Players must ^{1}collect the Musical Notes indicated Above the areas and Enter the areas in order to Activate a damage-immunity barrier^{2}.	Ilmo ตีกลองที่น่าหลงใหลอย่างต่อเนื่องเพื่อชาร์จการโจมตีขั้นสูงสุดมีหลายพื้นที่ปรากฏขึ้นบนพื้นผู้เล่นจะต้อง ^{1}รวบรวม Musical Notes ที่ระบุไว้เหนือพื้นที่และเข้าไปในพื้นที่เพื่อเปิดใช้งานแผงกั้นภูมิคุ้มกันความเสียหาย^{2}
25938	Honestly, I don't remember how it vanished. The shop was packed that day, and I was running all over the place. I left the weapon on that rack, turned away for a moment, and it was gone. Who did it? What did they look like? I don't remember a thing.	จริง ๆ แล้วผมจำไม่ได้ว่ามันหายไปได้ยังไงวันนั้นคนแน่นร้าน และฉันก็วิ่งไปทั่วร้านฉันทิ้งอาวุธไว้บนชั้นวางนั้น หันกลับไปครู่หนึ่ง และมันก็หายไปแล้วใครทำ? พวกเขามีลักษณะอย่างไร? ฉันจำอะไรไม่ได้เลย
25939	Aliot ^{1}pulls in^{2} up to ${2} enemies within ${1} meters and continuously Deals DMG, dealing a total of Aliot's PATK * ^{3}${3}%^{4} Neutral melee Physical DMG and converting the damage coefficient * ^{5}${4}%^{6} into ^{7}Healing^{8} for Aliot.	Aliot ^{1}ดึง^{2}ขึ้นไปถึง${2}ศัตรูภายในระยะ${1}เมตร และสร้างความเสียหายอย่างต่อเนื่อง สร้างความเสียหายทางกายภาพระยะประชิดของ Aliot ทั้งหมด * ^{3}${3}%^{4}สร้างความเสียหายทางกายภาพระยะประชิดที่เป็นกลางและแปลงความเสียหาย ค่าสัมประสิทธิ์ * ^{5}${4}%^{6}เป็น ^{7}Healing^{8}สำหรับ Aliot
25940	High Orc roars, dealing a total of Pet Physical ATK*^{1}${3}%^{2} Neutral melee Physical damage to up to ${2} enemies within ${1} meters and increasing the melee damage dealt by up to ${5} allies within ${4} meters by ^{3}${6}%^{4} for ${7} seconds.	High Orc คำราม สร้างความเสียหายทางกายภาพของสัตว์เลี้ยงรวม*^{1}${3}%^{2}สร้างความเสียหายทางกายภาพระยะประชิดที่เป็นกลางให้กับศัตรูสูงสุด${2}ภายใน${1}เมตร และเพิ่มความเสียหายระยะประชิดที่สร้างโดยพันธมิตร${5}ที่อยู่ภายใน${4}เมตรโดย ^{3}${6}%^{4}สำหรับ${7}วินาที
25941	When an ^{1}Offensive-type^{2} or ^{3}Control-type^{4} Primary Battle Skill Deals DMG, it deals ${1} Extra hits of Fire melee ^{9}Adaptive Damage^{10} equal to the owner's ^{5}Adaptive Attack^{6}*^{7}${2}%^{8} to enemies damaged. Cooldown: ${3} sec.	เมื่อ ^{1}ประเภทรุก^{2}หรือ ^{3}ประเภท Control^{4}ทักษะการต่อสู้หลักสร้างความเสียหาย สร้างความเสียหายให้กับ${1}การโจมตีระยะประชิดไฟพิเศษ ^{9}Adaptive Damage^{10}เท่ากับเจ้าของ ^{5}Adaptive Attack^{6}*^{7}${2}%^{8}ให้กับศัตรูที่เสียหายคูลดาวน์:${3}วินาที
25942	\n● Players with vehicle permission can operate a Madogear Pilot at the workshop.\n● The Madogear Pilot has a recovery Orbit that restores Life to nearby allies.\n● The Madogear Pilot is extremely powerful and can help your side push the battlefront.	\n● ผู้เล่นที่ได้รับอนุญาตจากยานพาหนะสามารถบังคับ Madogear Pilot ได้ที่ศูนย์บริการ\n● Madogear Pilot มีวงโคจรฟื้นฟูที่จะฟื้นพลัง Life ให้กับพันธมิตรที่อยู่ใกล้เคียง\n● Madogear Pilot มีพลังมหาศาลและสามารถช่วยให้ฝ่ายของคุณบุกโจมตีแนวหน้าได้
25943	\nSurvive until the countdown ends to win.\n@{1}. Prevent the castle gate from being destroyed.\n@{2}. Protect the Warden and Gatekeeper.\n@{3}. Hold the control point to keep the Crystal Invincible.\n@{4}. Prevent the Crystal from being destroyed!!!	\n เอาชีวิตรอดจนกว่าการนับถอยหลังจะสิ้นสุดลงเพื่อชนะ\n@{1}. ป้องกันไม่ให้ประตูปราสาทถูกทำลาย\n@{2}. ปกป้องพัศดีและผู้เฝ้าประตู\n@{3}. กดจุดควบคุมเพื่อรักษา Crystal Invincible\n@{4}. ป้องกันไม่ให้คริสตัลถูกทำลาย!!!
25944	A sweet pink, Blue, and yellow puff dress features layers of fondant-like pleats with a creamy texture. Chocolate-colored ribbons sparkle with frosting-like sequins, and as the skirt spins open like a tiered cake, a dreamy parade of sweetness begins.	ชุดเดรสพัฟสีชมพูหวาน ฟ้า และเหลืองโดดเด่นด้วยการจับจีบคล้ายฟองดองหลายชั้นและมีเนื้อครีม ริบบิ้นสีช็อคโกแลตเปล่งประกายด้วยเลื่อมคล้ายฟรอสติ้ง และเมื่อกระโปรงหมุนออกเหมือนเค้กเป็นชั้น ขบวนพาเหรดแห่งความหวานชวนฝันก็เริ่มต้นขึ้น
25945	Unfortunately, you canceled the guild creation process, or the guild could not be created because fewer than ${2} players responded within ${1} hours. The items consumed when creating the guild have been returned to you. Please check the attachments.	ขออภัย คุณได้ยกเลิกกระบวนการสร้างกิลด์ ไม่เช่นนั้นไม่สามารถสร้างกิลด์ได้เนื่องจากมีผู้เล่นน้อยกว่า${2}ตอบกลับภายใน${1}ชั่วโมงไอเทมที่ใช้ไปเมื่อสร้างกิลด์ได้ถูกส่งคืนให้กับคุณแล้วกรุณาตรวจสอบเอกสารแนบ
25946	After charging up, Cat o' Nine-Tail slams the designated ST enemy within ${1} meters, dealing a total of ^{1}${2}%^{2} Neutral melee ^{3}Adaptive Damage^{4}. For ${3} seconds, the master's next ${4} instances of damage deal ^{5}${5}%^{6} more damage.	หลังจากชาร์จเต็มแล้ว Cat o' Nine-Tail จะโจมตีศัตรู ST ที่กำหนดในระยะ${1}เมตร สร้างความเสียหายรวม ^{1}${2}%^{2}ระยะประชิดเป็นกลาง ^{3}Adaptive Damage^{4}เป็นเวลา${3}วินาที อินสแตนซ์ของความเสียหาย${4}ถัดไปของต้นแบบจะสร้างความเสียหาย ^{5}${5}%^{6}ความเสียหายมากขึ้น
25947	After the Royal City auction ends, the successful Guild gains the right to attack the Royal City. If the Royal City has no owner at the start of the Season, the two Guilds that win the auction will be randomly assigned the attacker and defender roles.	หลังจากการประมูล Royal City สิ้นสุดลง Guild ที่ประสบความสำเร็จจะได้รับสิทธิ์ในการโจมตี Royal City หากนครหลวงไม่มีเจ้าของเมื่อเริ่มต้นฤดูกาล ทั้งสอง Guild ที่ชนะการประมูลจะได้รับการสุ่มเลือกบทบาทผู้โจมตีและผู้พิทักษ์
25948	Pets can be unlocked through Hatching or by collecting enough Shards.\nConsume EXP books to Level-up Pets. Respawn Returns all EXP books used for Level-up and resets the Pet to Lv. @{1}.\nA Pet's Base Stats are determined by its Lv. and Growth Rate.\n	สัตว์เลี้ยงสามารถปลดล็อคได้โดยการฟักไข่หรือรวบรวมชิ้นส่วนให้เพียงพอ\n ใช้หนังสือ EXP เพื่ออัพเลเวลสัตว์เลี้ยง Respawn คืนหนังสือ EXP ทั้งหมดที่ใช้ในการเพิ่มเลเวล และรีเซ็ตสัตว์เลี้ยงเป็น Lv@{1}.\n สถิติพื้นฐานของสัตว์เลี้ยงจะถูกกำหนดโดย Lv. และอัตราการเติบโต\n
25949	When casting ^{1}^{2}[Pierce]^{3}^{4}, there is a ${1}% Chance to trigger an Extra Shatter, which Deals DMG equal to PATK * ${4}% + ${5} as Neutral Ranged Physical damage to the target and ${3} Other enemies within ${2} meters. Cooldown: ${6} seconds.	เมื่อร่าย ^{1}^{2}[Pierce]^{3}^{4}มีโอกาส${1}% ที่จะทำให้เกิด Extra Shatter ซึ่งสร้าง DMG เท่ากับ PATK *${4}% +${5}เป็นความเสียหายทางกายภาพระยะไกลแก่เป้าหมายและ${3}ศัตรูอื่น ๆ ที่อยู่ในระยะ${2}เมตรคูลดาวน์:${6}วินาที
25950	Cast in a selected direction to perform Movement @{1} m away from the target and enter the ^{1}【Camouflage】【Hiding】^{2} states for @{2} sec.\nThe ^{3}【Camouflage】【Hiding】^{4} states end immediately after dealing or taking damage a total of @{3} times.	ร่ายไปในทิศทางที่เลือกเพื่อเคลื่อนที่@{1}m ห่างจากเป้าหมายแล้วเข้าสู่ ^{1}【Camouflage】【Hiding】^{2}ระบุเป็น@{2}วินาที\n^{3}【Camouflage】【Hiding】^{4}ระบุว่าสิ้นสุดทันทีหลังจากจัดการหรือรับความเสียหายรวมเป็น@{3}ครั้ง
25951	Summons a Holy Spirit to Discover a single enemy in ^{1}【Hiding】^{2} within a @{1}-meter radius, removes their ^{3}【Hiding】^{4}, and deals damage equal to ATK * ^{5}@{2}%^{6}. The Holy Spirit lasts @{3} seconds and disappears after detecting a target.	อัญเชิญพระวิญญาณบริสุทธิ์เพื่อค้นพบศัตรูเดี่ยวใน ^{1}【Hiding】^{2}ภายในรัศมี@{1}เมตร ลบ ^{3}【Hiding】^{4}และสร้างความเสียหายเท่ากับ ATK * ^{5}@{2}%^{6}. พระวิญญาณบริสุทธิ์คงอยู่@{3}วินาทีและหายไปหลังจากตรวจพบเป้าหมาย
25952	Cat o' Nine-Tail spins continuously, dealing @{1} hits for a total of Pet Physical ATK*^{1}${3}%^{2} Neutral melee Physical damage to up to ${2} enemies within ${1} meters. Dealing damage applies ^{3}^{4}[Curse]^{5}^{6} to the target for ${4} seconds.	Cat o' Nine-Tail หมุนอย่างต่อเนื่อง สร้างการโจมตี@{1}รวมพลังโจมตีทางกายภาพของสัตว์เลี้ยง*^{1}${3}%^{2}สร้างความเสียหายทางกายภาพระยะประชิดที่เป็นกลาง ให้กับศัตรู${2}สูงสุดในระยะ${1}เมตรการสร้างความเสียหายมีผล ^{3}^{4}[Curse]^{5}^{6}ไปยังเป้าหมายเป็นเวลา${4}วินาที
25953	Deals Physical ATK*^{1}${3}%+${4}^{2} Fire-property melee Physical damage to up to ${2} enemies within a ${1}-meter radius, increases your Fire-property damage by ^{3}${5}%^{4}, and changes ^{5}^{6}【Basic Attack】^{7}^{8} to Fire property for ${6} sec.	ทำการโจมตีทางกายภาพ*^{1}${3}%+${4}^{2}โจมตีระยะประชิดทางกายภาพด้วยคุณสมบัติไฟ สร้างความเสียหายทางกายภาพแก่ศัตรูสูงสุด${2}ภายในรัศมี${1}เมตร จะเพิ่มความเสียหายด้านไฟของคุณโดย ^{3}${5}%^{4}และเปลี่ยน ^{5}^{6}【Basic Attack】^{7}^{8}เป็นคุณสมบัติไฟสำหรับ${6}วินาที
25954	For every @{1} LUK, this skill's percentage damage multiplier gains an Extra increase equal to this Resonance's percentage. This effect is Active for up to @{2} LUK; LUK beyond @{3} grants no further Extra increase to the percentage damage multiplier.	สำหรับทุก ๆ@{1}LUK ตัวคูณเปอร์เซ็นต์ความเสียหายของทักษะนี้จะเพิ่มขึ้นพิเศษเท่ากับเปอร์เซ็นต์ของ Resonance นี้เอฟเฟกต์นี้ใช้งานได้สูงสุดถึง@{2}LUK;LUK ที่เกินกว่า@{3}จะไม่เพิ่มตัวคูณเปอร์เซ็นต์ความเสียหายเพิ่มเติมอีกต่อไป
25955	For every @{1} VIT, this skill's percentage damage multiplier gains an Extra increase equal to this Resonance's percentage. This effect is Active for up to @{2} VIT; VIT beyond @{3} grants no further Extra increase to the percentage damage multiplier.	สำหรับทุก ๆ@{1}VIT ตัวคูณเปอร์เซ็นต์ความเสียหายของทักษะนี้จะเพิ่มขึ้นพิเศษเท่ากับเปอร์เซ็นต์ของ Resonance นี้เอฟเฟกต์นี้ใช้งานได้จนถึง@{2}VIT;VIT ที่เกินกว่า@{3}จะไม่เพิ่มตัวคูณความเสียหายเป็นเปอร์เซ็นต์อีกต่อไป
25956	For every @{1} DEX, this skill's percentage damage multiplier gains an Extra increase equal to this Resonance's percentage. This effect is Active for up to @{2} DEX; DEX beyond @{3} grants no further Extra increase to the percentage damage multiplier.	สำหรับทุก ๆ@{1}DEX ตัวคูณเปอร์เซ็นต์ความเสียหายของทักษะนี้จะเพิ่มขึ้นพิเศษเท่ากับเปอร์เซ็นต์ของ Resonance นี้เอฟเฟกต์นี้ใช้งานได้สูงสุดถึง@{2}DEX;DEX ที่เกินกว่า@{3}จะไม่เพิ่มตัวคูณความเสียหายเป็นเปอร์เซ็นต์อีกต่อไป
25957	For every @{1} INT, this skill's percentage damage multiplier gains an Extra increase equal to this Resonance's percentage. This effect is Active for up to @{2} INT; INT beyond @{3} grants no further Extra increase to the percentage damage multiplier.	สำหรับทุก ๆ@{1}INT ตัวคูณเปอร์เซ็นต์ความเสียหายของทักษะนี้จะเพิ่มขึ้นพิเศษเท่ากับเปอร์เซ็นต์ของ Resonance นี้เอฟเฟกต์นี้ใช้งานได้สูงสุดถึง@{2}INT;INT ที่เกินกว่า@{3}จะไม่เพิ่มตัวคูณความเสียหายเป็นเปอร์เซ็นต์อีกต่อไป
25958	For every @{1} AGI, this skill's percentage damage multiplier gains an Extra increase equal to this Resonance's percentage. This effect is Active for up to @{2} AGI; AGI beyond @{3} grants no further Extra increase to the percentage damage multiplier.	สำหรับทุก ๆ@{1}AGI ตัวคูณเปอร์เซ็นต์ความเสียหายของทักษะนี้จะเพิ่มขึ้นพิเศษเท่ากับเปอร์เซ็นต์ของ Resonance นี้เอฟเฟกต์นี้ใช้งานได้จนถึง@{2}AGI;AGI ที่เกินกว่า@{3}จะไม่เพิ่มตัวคูณความเสียหายเป็นเปอร์เซ็นต์อีกต่อไป
25959	For every @{1} STR, this skill's percentage damage multiplier gains an Extra increase equal to this Resonance's percentage. This effect is Active for up to @{2} STR; STR beyond @{3} grants no further Extra increase to the percentage damage multiplier.	สำหรับทุก ๆ@{1}STR ตัวคูณเปอร์เซ็นต์ความเสียหายของทักษะนี้จะเพิ่มขึ้นพิเศษเท่ากับเปอร์เซ็นต์ของ Resonance นี้เอฟเฟกต์นี้ใช้งานได้สูงสุดถึง@{2}STR;STR ที่เกินกว่า@{3}จะไม่เพิ่มตัวคูณความเสียหายเป็นเปอร์เซ็นต์อีกต่อไป
25960	Search the battlefield for supply carts\nClick a guild emblem in the sidebar, then right-click to travel to that guild's Quartermaster\nAttack a supply cart until its HP drops low enough, then pick up the Military Supplies it drops to earn event points	ค้นหาในสนามรบเพื่อหารถเข็นเสบียง\n คลิกที่สัญลักษณ์กิลด์ในแถบด้านข้าง จากนั้นคลิกขวาเพื่อเดินทางไปยังเสบียงของกิลด์นั้น\n โจมตีรถเข็นเสบียงจนกระทั่ง HP ลดลงต่ำเพียงพอ จากนั้นหยิบเสบียงทางการทหารที่ดรอปเพื่อรับคะแนนกิจกรรม
25961	The incomplete movement is too difficult to decipher. Irmata's divine revelation came to you in a dream. Search every corner of ^{1}${1}^{2} City, and you may discover something. If your search proves fruitless, try asking other Adventurers for advice.	การเคลื่อนไหวที่ไม่สมบูรณ์ยากเกินไปที่จะถอดรหัสการเปิดเผยอันศักดิ์สิทธิ์ของ Irmata มาถึงคุณในความฝันค้นหาทุกมุมของ ^{1}${1}^{2}City แล้วคุณอาจค้นพบบางสิ่งบางอย่างหากการค้นหาของคุณไร้ผล ลองขอคำแนะนำจาก Adventurers คนอื่นๆ
25962	A skill exclusive to two-handed spears. Deals ^{1}${2}^{2} hits totaling Physical ATK*^{3}${3}%^{4} as Neutral ranged Physical damage to an ST target within ${1}m. Gain @{2} stack(s) of 【Hundred Spear Pierce】 charge for every @{1} HIT(s) on the target.	ทักษะเฉพาะของ Spear สองมือ ข้อเสนอ ^{1}${2}^{2}โจมตีด้วยพลังโจมตีทางกายภาพทั้งหมด*^{3}${3}%^{4}เป็นความเสียหายทางกายภาพระยะไกลแก่เป้าหมาย ST ภายใน${1}m รับชาร์จ@{2}ของ 【Hundred Spear Pierce】 ทุกๆ ครั้งของ@{1}HIT บนเป้าหมาย
25963	After casting, deals Physical ATK*^{1}${3}%+${4}^{2} Neutral melee Physical damage to up to ${2} enemies within a ${1}-meter radius, with a ^{3}${5}%^{4} Chance to inflict ^{5}^{6}【Stun】^{7}^{8} for ${6} sec. or ^{9}^{10}【Blind】^{11}^{12} for ${7} sec.	หลังจากการร่าย จะสร้างความเสียหายทางกายภาพ*^{1}${3}%+${4}^{2}สร้างความเสียหายกายภาพระยะประชิดที่เป็นกลางให้กับศัตรูสูงสุด${2}ภายในรัศมี${1}เมตร โดยมี ^{3}${5}%^{4}มีโอกาสที่จะทำให้ ^{5}^{6}【Stun】^{7}^{8}เป็นเวลา${6}วินาที หรือ ^{9}^{10}【Blind】^{11}^{12}สำหรับ${7}วินาที
25964	I vaguely remember traveling with my father and a caravan as a child. I think a giant snake attacked us as we passed through here, separating us from the caravan. I was separated from my family, and now I can't even remember what my father looked like.	ฉันจำการเดินทางกับพ่อและคาราวานได้ในวัยเด็กฉันคิดว่างูยักษ์โจมตีเราเมื่อเราเดินผ่านที่นี่ และแยกเราออกจากคาราวานฉันถูกแยกออกจากครอบครัว และตอนนี้ฉันจำไม่ได้ด้วยซ้ำว่าพ่อของฉันหน้าตาเป็นอย่างไร
25965	@{1}.The elements of equipped Soul Echoes can activate Elemental Resonance. Each Elemental Resonance can reach up to Lv. @{2} and requires @{3}, @{4}, and @{5} elements, respectively.\n@{6}.Each level activated grants the corresponding resonance effect.	@{1} องค์ประกอบของ Soul Echoes ที่สวมใส่สามารถเปิดใช้งาน Elemental Resonance ได้ เสียงสะท้อนแต่ละองค์ประกอบสามารถเข้าถึงได้ถึงระดับ @{2} และต้องใช้องค์ประกอบ @{3}, @{4} และ @{5} ตามลำดับ\n@{6} แต่ละระดับที่เปิดใช้งานจะให้เอฟเฟกต์เสียงสะท้อนที่สอดคล้องกัน
25966	The kingdom's mightiest knight, having mastered the power of runes and tamed a demonic dragon. With complete mastery of swords and spears, Rune Knights ride demonic dragons into the fray, unleash elemental breath attacks, and Sweep Attack entire armies.	อัศวินที่แข็งแกร่งที่สุดของอาณาจักร เชี่ยวชาญพลังแห่งรูนและฝึกมังกรปีศาจให้เชื่องด้วยความเชี่ยวชาญด้านดาบและหอกที่สมบูรณ์ Rune Knights ขี่มังกรปีศาจเข้าสู่การต่อสู้ ปล่อยการโจมตีด้วยลมหายใจตามธาตุ และการ Sweep Attack ทั้งกองทัพ
25967	Take these Adventurer Guides. They Record the wisdom gained by the Rune Kingdom's greatest heroes throughout the ages. Whenever you have No idea. where to go or lack the resources to grow stronger, open them up. They'll point you in the right direction.	รับคำแนะนำ Adventurer เหล่านี้พวกเขาบันทึกภูมิปัญญาที่ได้รับจากฮีโร่ที่ยิ่งใหญ่ที่สุดของ Rune Kingdom ตลอดทุกยุคทุกสมัยเมื่อใดก็ตามที่คุณไม่มีความคิดจะไปที่ไหนหรือขาดทรัพยากรที่จะเติบโตแข็งแกร่งขึ้นให้เปิดใจพวกเขาจะชี้ให้คุณไปในทิศทางที่ถูกต้อง
25968	Summons lightning within @{1} m, dealing ^{1}@{4}%^{2} damage per hit to up to @{3} enemies within a circular area with a @{2} m radius. Lasts @{5} sec. and attacks @{6} times per sec. Each hit has a @{7}% Chance to inflict ^{3}【Blind】^{4} for @{8} sec.	เรียกสายฟ้าออกมาในระยะ@{1}m สร้างความเสียหาย ^{1}@{4}%^{2}สร้างความเสียหายต่อการโจมตี สูงสุดถึง@{3}ศัตรูภายในพื้นที่วงกลมที่มีรัศมี@{2}m คงอยู่@{5}วินาทีและโจมตี@{6}ครั้งต่อวินาทีการโจมตีแต่ละครั้งมีโอกาส@{7}% ที่จะสร้าง ^{3}【Blind】^{4}สำหรับ@{8}วินาที
25969	Is summons intertwining, agile serpent shadows, granting self and up to ${2} allies within ${1} meters a shield equal to each target's Max Life*^{1}${3}%^{2} for ${4} seconds. While the shield is active, Physical and Magic DEF increase by ^{3}${5}%^{4}.	เป็นการอัญเชิญเงางูที่ว่องไวเข้ามาประสานกัน ทำให้ตนเองและพันธมิตรสูงสุด${2}ภายใน${1}เมตรโล่เท่ากับพลัง Life สูงสุดของเป้าหมายแต่ละคน*^{1}${3}%^{2}เป็นเวลา${4}วินาทีในขณะที่โล่ทำงาน DEF กายภาพและเวทมนตร์จะเพิ่มขึ้น ^{3}${5}%^{4}
25970	Nightmare stomps the ground, dealing Neutral melee Physical damage equal to Pet Physical ATK*^{1}${3}%^{2} to up to ${2} enemies within a ${1}-meter radius ahead, and inflicts ^{3}^{4}【Immobilize】^{5}^{6} and ^{7}^{8}【Silence】^{9}^{10} for ${4} seconds.	Nightmare กระทืบพื้น สร้างความเสียหายทางกายภาพระยะประชิดที่เป็นกลางเท่ากับ ATK ทางกายภาพของสัตว์เลี้ยง*^{1}${3}%^{2}ไปจนถึงศัตรูสูงสุด${2}ภายในรัศมี${1}เมตรข้างหน้า และสร้างความเสียหาย ^{3}^{4}【Immobilize】^{5}^{6}และ ^{7}^{8}【Silence】^{9}^{10}เป็นเวลา${4}วินาที
25971	Replaces 【Gravitational Impact】 with 【Finale Impact】, increasing the skill multiplier of the first @{1} hits by ^{1}${1}%^{2} and the Finishing Blow multiplier by ^{3}${2}%^{4}. Reduces MSPD. of damaged enemies by ^{7}${4}%^{8} for ^{5}${3}^{6} seconds.	แทนที่ 【Gravitational Impact】 ด้วย 【Finale Impact】 เพิ่มตัวคูณทักษะของการโจมตี@{1}ครั้งแรกเป็น ^{1}${1}%^{2}และตัวคูณ Finishing Blow ด้วย ^{3}${2}%^{4}. ลด MSPD ของศัตรูที่เสียหายโดย ^{7}${4}%^{8}สำหรับ ^{5}${3}^{6}วินาที
25972	Each Hatch grants @{1} Proficiency. When Proficiency reaches the Current Cap, the Hatchery Level Increased automatically. Increasing the Hatchery Lv. reduces the time required for Pet Hatching and increases the Chance of obtaining high-Rarity Pet Shards.	แต่ละ Hatch จะให้ความเชี่ยวชาญ@{1}เมื่อความเชี่ยวชาญถึงขีดจำกัดปัจจุบัน ระดับโรงฟักจะเพิ่มขึ้นโดยอัตโนมัติเพิ่มระดับโรงฟักไข่ลดเวลาที่ใช้ในการฟักไข่สัตว์เลี้ยงและเพิ่มโอกาสในการได้รับชิ้นส่วนสัตว์เลี้ยงหายากสูง
25973	Ilmata plays a surging melody, sending waves forth from the temple throne. ^{1}While the melody is playing, players' skill wheels are replaced with a single Lope button^{2}. Lope to evade the waves. ^{3}Players touched by a wave take moderate damage^{4}.	อิลมาตาเล่นทำนองที่พลุ่งพล่าน ส่งคลื่นออกมาจากบัลลังก์ของวิหาร↑{1}ในขณะที่ทำนองกำลังเล่น วงล้อทักษะของผู้เล่นจะถูกแทนที่ด้วยปุ่ม Lope เพียงปุ่มเดียว^{2}Lope เพื่อหลบคลื่น↑{3}ผู้เล่นที่ถูกคลื่นจะได้รับความเสียหายปานกลาง^{4}
25974	Still, your unconsciousness proved quite valuable. It confirmed my theory once again—you may be the only person in the world capable of activating these things. The Church has already taken the Relic away and placed it in temporary storage at the palace.	ถึงกระนั้น การหมดสติของคุณก็มีคุณค่ามากมันยืนยันทฤษฎีของฉันอีกครั้ง—คุณอาจเป็นคนเดียวในโลกที่สามารถเปิดใช้งานสิ่งเหล่านี้ได้คริสตจักรได้นำโบราณวัตถุออกไปและเก็บไว้ในที่จัดเก็บชั่วคราวที่พระราชวังแล้ว
25975	Weapon-Rapid-Fire Cannon:\nPlayers operating the Rapid-Fire Cannon can aim at the Hollow Jellyfish in the sky and Launch.^{1}^{2}\nHollow Jellyfish continuously deal AoE damage to the rear area. Eliminate them quickly to keep players fighting Ilmata safe.	Weapon-Rapid-Fire Cannon: ผู้เล่น\n ที่ใช้ Cannon ยิงเร็วสามารถเล็งไปที่ Hollow Jellyfish บนท้องฟ้าแล้วปล่อย^{1}^{2}\nHollow Jellyfish สร้างความเสียหาย AoE อย่างต่อเนื่องไปยังพื้นที่ด้านหลัง กำจัดพวกมันอย่างรวดเร็วเพื่อให้ผู้เล่นต่อสู้กับอิลมาตาอย่างปลอดภัย
25976	Deals (@{3}+VIT/@{4})*${1}%+${2} Neutral Physical damage to up to @{2} targets within a @{1}-meter radius and reduces their Movement Speed by @{5}% for @{6} sec. If the target is a monster, it is forced to attack you for @{7} sec. Your Physical DEF +@{8}%	สร้างความเสียหายทางกายภาพที่เป็นกลาง (@{3}+VIT/@{4})*${1}%+${2}สร้างความเสียหายทางกายภาพแบบเป็นกลางให้กับเป้าหมาย@{2}ภายในรัศมี@{1}เมตร และลดความเร็วในการเคลื่อนที่ลง@{5}% สำหรับ@{6}วินาทีหากเป้าหมายเป็นมอนสเตอร์ มันจะถูกบังคับให้โจมตีคุณเป็นเวลา@{7}วินาที DEF ทางกายภาพของคุณ +@{8}%
25977	After casting ^{1}【Warg Bite】^{2}, the next ^{3}【Warg Hunt】^{4} also casts 【Dance Move: Wolf Pack】 on the target, summoning @{1} Rhythmic Wargs to attack the target and deal @{2} hits of Neutral melee Physical damage totaling Physical ATK * ^{5}${1}%^{6}.	หลังจากร่าย ^{1}【Warg Bite】^{2}ตัวต่อไป ^{3}【Warg Hunt】^{4}ก็ร่าย 【Dance Move: Wolf Pack】 ไปที่เป้าหมาย เรียก@{1}Rhythmic Wargs มาโจมตีเป้าหมายและจัดการการโจมตีของ@{2}ความเสียหายทางกายภาพระยะประชิดที่เป็นกลาง รวมพลังโจมตีทางกายภาพ * ^{5}${1}%^{6}
25978	"Tap to go to the <color=#FDAB5B><u> Supply Depot</u></color> and deliver the escort cart\nBasic Supply Cart <sprite name=""territorywars_icon_01""><color=#FDAB5B>${1}</color>\nElite Supply Cart <sprite name=""territorywars_icon_02""><color=#FDAB5B>${2}</color>"	"Tap to go to the <color=#FDAB5B><u> Supply Depot</u></color> and deliver the escort cart\nBasic Supply Cart <sprite name=""territorywars_icon_01""><color=#FDAB5B>${1}</color>\nElite Supply Cart <sprite name=""territorywars_icon_02""><color=#FDAB5B>${2}</color>"
25979	\n@{1}. Break through the castle gate and enter the Inner Area.\n@{2}. Defeat the Gatekeeper to gain additional attack time and open the path.\n@{3}.Capture the control point to secure the frontline Revive point.\n@{4}.Destroy the Crystal to claim victory!	\n@{1}. ทะลุประตูปราสาทและเข้าสู่พื้นที่ด้านใน\n@{2}. เอาชนะ Gatekeeper เพื่อเพิ่มเวลาโจมตีและเปิดเส้นทาง\n@{3}ยึดจุดควบคุมเพื่อยึดจุดฟื้นคืนชีพของแนวหน้า\n@{4}ทำลายคริสตัลเพื่อรับชัยชนะ!
25980	\n● The battering ram deals massive damage to the castle gate, so protect it.\n● When your side has more players inside the circle than the enemy, the battering ram moves forward.\n● Once the battering ram reaches the castle gate, it attacks automatically.	\n● ตัวผู้ทุบตีสร้างความเสียหายอย่างใหญ่หลวงให้กับประตูปราสาท ดังนั้นจงปกป้องมันไว้\n● เมื่อฝ่ายของคุณมีผู้เล่นในวงกลมมากกว่าศัตรู แกะผู้โจมตีจะเคลื่อนที่ไปข้างหน้า\n● เมื่อแกะผู้โจมตีไปถึงประตูปราสาท มันจะโจมตีโดยอัตโนมัติ
25981	After taking lethal skill damage, you may choose whether to Revive. After Revive, Life becomes @{1}. You are Invincible and Cannot move or Cannot use skill for @{2} seconds. After @{3} seconds, Life/MP is restored to @{4}%. Internal Cooldown: @{5} minutes.	หลังจากได้รับความเสียหายจากทักษะที่ทำให้ถึงตายแล้ว คุณสามารถเลือกได้ว่าจะชุบ Life หรือไม่ หลังจากฟื้นคืนชีพ Life จะกลายเป็น@{1}คุณ Invincible และไม่สามารถเคลื่อนที่ได้หรือไม่สามารถใช้ทักษะเป็นเวลา@{2}วินาที หลังจาก@{3}วินาที พลัง Life/MP จะถูกฟื้นฟูเป็น@{4}% คูลดาวน์ภายใน:@{5}นาที
25982	Good eye! The 【White Dove】 belongs to Valkyrie Air, and it symbolizes the cooperation between the Papal State and the Republic. It's officially a cargo ship, but it still has a passenger cabin, making it perfect for a team that needs to keep a low profile.	ตาดี!【White Dove】เป็นของ Valkyrie Air และเป็นสัญลักษณ์ของความร่วมมือระหว่างรัฐสันตะปาปาและสาธารณรัฐแม้ว่าจะเป็นเรือบรรทุกสินค้าอย่างเป็นทางการ แต่ยังคงมีห้องโดยสาร ทำให้เหมาะสำหรับทีมที่ต้องการรักษาระดับไว้ต่ำ
25983	^{1}^{2}【Fire Bolt】^{3}^{4}, ^{5}^{6}【Cold Bolt】^{7}^{8}, ^{9}^{10}【Lightning Bolt】^{11}^{12}, and ^{13}^{14}【Earth Spike】^{15}^{16} have their damage multipliers increased by ^{17}${1}%^{18} and their fixed skill damage increased by ^{19}${2}^{20} points.	^{1}^{2}【Fire Bolt】^{3}^{4}, ^{5}^{6}【Cold Bolt】^{7}^{8}, ^{9}^{10}【Lightning Bolt】^{11}^{12}, และ ^{13}^{14}【Earth Spike】^{15}^{16}มีตัวคูณความเสียหายเพิ่มขึ้น ^{17}${1}%^{18}และความเสียหายของทักษะคงที่เพิ่มขึ้น ^{19}${2}^ คะแนน{20}
25984	1. Activating a mount automatically grants its corresponding Style Points. Each mount grants Style Points only once.\n2. Style Points accumulate as you unlock more mounts. Your total Style Points will never decrease. Battle Mounts do not grant Style Points.	1. การเปิดใช้งานการเมานท์โดยอัตโนมัติจะทำให้ได้รับ Style Points ที่สอดคล้องกัน สัตว์พาหนะแต่ละตัวจะให้ Style Points เพียงครั้งเดียว\n2. คะแนนสไตล์สะสมเมื่อคุณปลดล็อคพาหนะมากขึ้น คะแนนสไตล์รวมของคุณจะไม่ลดลง สัตว์พาหนะการต่อสู้ไม่ให้คะแนนสไตล์
25985	The first victim was Blacksmith Hollgrehenn. He lost a fine sword. The second was Nita, a young woman who lives on the west side of the city. She lost a piece of jewelry. The third was a Mage from Geffen who reportedly had a very important spellbook stolen.	เหยื่อรายแรกคือ Blacksmith Hollgrehenn เขาสูญเสียดาบชั้นดีไปหนึ่งเล่มคนที่สองคือ Nita หญิงสาวที่อาศัยอยู่ทางฝั่งตะวันตกของเมืองเธอสูญเสียเครื่องประดับชิ้นหนึ่งคนที่สามคือนักเวทย์จาก Geffen ซึ่งมีรายงานว่ามีหนังสือคาถาที่สำคัญมากถูกขโมยไป
25986	...It makes no sense! Absolutely none! The protective barrier wasn't triggered, and the seal on the chest is completely intact. How could the book simply vanish? This violates the third, fifth, and seventh of the Twelve Fundamental Laws of Protective Magic!	... มันไม่สมเหตุสมผลเลย! ไม่มีเลย! บาเรียป้องกันไม่ได้ถูกกระตุ้น และผนึกบนหน้าอกก็สมบูรณ์ครบถ้วน หนังสือจะหายไปได้อย่างไร? สิ่งนี้ฝ่าฝืนกฎพื้นฐานแห่งเวทมนตร์ป้องกันข้อที่สาม ห้า และเจ็ด!
25987	Sing a gospel hymn for ${4} sec. While active, increases the Physical Defense and Magic Defense of you and up to ${5} allies within ${1} m by ^{1}${2}^{2}, and reduces the Physical Attack and Magic Attack of up to ${5} enemies within ${1} m by ^{3}${3}^{4}.	ร้องเพลงสรรเสริญพระกิตติคุณเป็นเวลา${4}วินาทีในขณะที่ใช้งาน เพิ่มการป้องกันทางกายภาพและการป้องกันเวทย์มนตร์ของคุณและพันธมิตรสูงสุด${5}ภายใน${1}m ^{1}${2}^{2}และลดการโจมตีทางกายภาพและการโจมตีเวทย์ของศัตรูสูงสุด${5}ภายใน${1}m โดย ^{3}${3}^{4}.
25988	An upgraded Camouflage. Enters the ^{1}【Enhanced Camouflage】^{2} state for @{1} sec. upon use, increasing Movement Speed by ^{3}@{2}%^{4}. ^{5}【Enhanced Camouflage】^{6} ends after taking damage @{3} times or dealing damage. Skill Cooldown: ^{7}@{4}^{8} sec.	ลายพรางที่อัปเกรดแล้วเข้าสู่ ^{1}【Enhanced Camouflage】^ สถานะ{2}สำหรับ@{1}วินาทีเมื่อใช้แล้ว ความเร็วในการเคลื่อนที่จะเพิ่มขึ้น ^{3}@{2}%^{4}^{5}【Enhanced Camouflage】^{6}สิ้นสุดลงหลังจากได้รับความเสียหาย@{3}เท่าหรือสร้างความเสียหายคูลดาวน์ทักษะ: ^{7}@{4}^{8}วินาที
25989	Unleashes psychic power, granting you the ^{1}【Intense Telekinesis】^{2} state for ${1} sec. While active, your Ghost damage increases by ^{3}${2}%^{4}, Soul Burst Cooldown is reduced by ${3}%, and the acquisition rate of Telekinetic Orbs increases by ${4}%.	ปลดปล่อยพลังจิต มอบ ^{1}【Intense Telekinesis】^ สถานะ{2}เป็นเวลา${1}วินาทีในขณะที่ใช้งาน ความเสียหาย Ghost ของคุณจะเพิ่มขึ้น ^{3}${2}%^{4}, Soul Burst Cooldown จะลดลง${3}% และอัตราการได้รับ Telekinetic Orbs เพิ่มขึ้น${4}%
25990	Join forces with other Crusaders on your team. For each Crusader on the team, gain 1 stack of 【Union】: Physical ATK, Physical DEF, and Magic DEF increase by ^{1}${1}^{2}. Stacks up to ${2} times. After learning this skill, the Gryphon mount Can be unlocked.	เข้าร่วมกองกำลังกับครูเซเดอร์คนอื่นๆ ในทีมของคุณสำหรับ Crusader แต่ละคนในทีม ได้รับ 1 สแต็คของ 【Union】: Physical ATK, Physical DEF และ Magic DEF เพิ่มขึ้น ^{1}${1}^{2}ซ้อนได้สูงสุด${2}เท่าหลังจากเรียนรู้ทักษะนี้แล้ว จะสามารถปลดล็อคพาหนะ Gryphon ได้
25991	@{1}.Treasure Chests appear randomly throughout the battlefield and may contain exclusive equipment, skills, Medicine, and other items.\n@{2}.Mix and match skills freely during the match to create countless builds. Choose your favorites and jump into battle!	@{1}. หีบสมบัติจะปรากฏขึ้นแบบสุ่มทั่วทั้งสนามรบ และอาจมีอุปกรณ์ ทักษะ ยา และไอเท็มพิเศษอื่นๆ\n@{2}. ผสมและจับคู่ทักษะได้อย่างอิสระในระหว่างการแข่งขันเพื่อสร้างงานสร้างนับไม่ถ้วน เลือกรายการโปรดของคุณและกระโดดเข้าสู่การต่อสู้!
25992	Ilmata plays a hypnotic tune, drawing all players into an illusion where ^{1}nightmarish monsters relentlessly pursue them from behind^{2}. ^{3}Being stopped by an obstacle or caught by a monster deals fatal damage^{4}. Stay alert until you reach the finish.	Ilmata เล่นเพลงสะกดจิต ดึงดูดผู้เล่นทุกคนเข้าสู่ภาพลวงตาที่ ^{1}สัตว์ประหลาดแห่งฝันร้ายไล่ตามพวกมันจากด้านหลังอย่างไม่ลดละ^{2}↑{3}การถูกหยุดโดยสิ่งกีดขวางหรือโดนสัตว์ประหลาดจับไว้จะสร้างความเสียหายร้ายแรง^{4}ระวังตัวจนกว่าจะถึงเส้นชัย
25993	Phreeoni spits upward, causing multiple masses of Unidentified Digestive Matter to fall around itself and damage players on HIT. Players within the Unidentified Digestive Matter are slowed by @{1}% and gain one stack of 【Stomach Acid Corrosion】 every second.	Phreeoni ถุยน้ำลายขึ้น ส่งผลให้มวลสารย่อยที่ไม่ปรากฏชื่อจำนวนมากตกลงมารอบๆ ตัวมันเอง และสร้างความเสียหายให้กับผู้เล่นในการโจมตีผู้เล่นที่อยู่ใน Undentified Digestive Matter จะถูกทำให้ช้าลง@{1}% และได้รับ 【Stomach Acid Corrosion】 หนึ่งกองทุกๆ วินาที
25994	Two-Handed Sword-exclusive skill. Grants ^{1}【Parry】^{2} for ${1} seconds. While Active, increases your PDEF and MDEF by ^{3}${2}^{4}. When You take melee Physical damage, casts ^{5}^{6}【Auto Counter】^{7}^{8} in front of You. Internal cooldown: ${3} seconds.	ทักษะพิเศษเฉพาะ Two-Handed Sword ให้ ^{1}【Parry】^{2}เป็นเวลา${1}วินาทีขณะที่ Active ให้เพิ่ม PDEF และ MDEF ของคุณขึ้น ^{3}${2}^{4}เมื่อคุณได้รับความเสียหายทางกายภาพระยะประชิด ร่าย ^{5}^{6}【Auto Counter】^{7}^{8}ต่อหน้าคุณคูลดาวน์ภายใน:${3}วินาที
25995	DMG taken from the caster +${1}%. When taking damage from 【Soul Expansion】 or 【Voice of the Soul】, triggers @{1} instances of Ghost Ranged Magic damage equal to MATK * ^{1}${3}%^{2} within a ${2}-meter radius. Can trigger up to @{2} times every ${4} seconds.	DMG ที่ได้รับจากลูกล้อ +${1}%เมื่อได้รับความเสียหายจาก 【Soul Expansion】 หรือ 【Voice of the Soul】 จะทำให้@{1}เกิดความเสียหายจาก Ghost Ranged Magic เท่ากับ MATK * ^{1}${3}%^{2}ภายในรัศมี${2}เมตรสามารถทริกเกอร์@{2}ได้สูงสุดทุกๆ${4}วินาที
25996	^{1}^{2}[High Speed Cart Ram]^{3}^{4}performs @{1} Extra [Cart Clash] attacks against targets below ${1}% HP, dealing PATK*${2}%+${3} Neutral melee Physical damage and inflicting ^{5}^{6}[Stun]^{7}^{8} for @{2} seconds. This effect has a ${4}-second Cooldown.	^{1}^{2}[High Speed Cart Ram]^{3}^{4}ทำการโจมตีพิเศษ [Cart Clash] ของ@{1}ต่อเป้าหมายที่ต่ำกว่า${1}% HP โดยจัดการ PATK*${2}%+${3}ความเสียหายทางกายภาพระยะประชิดที่เป็นกลางและก่อให้เกิด ^{5}^{6}[Stun]^{7}^{8}เป็นเวลา@{2}วินาทีเอฟเฟกต์นี้มีคูลดาวน์วินาทีของ${4}
25997	Become Ultimate Giant for @{1} sec., recovering @{2}% Max Life per sec., increasing Movement Speed by @{3}%, and increasing damage by @{4}%. (Triggers immediately while both Giant and Super Giant are active. Gaining this effect removes Giant and Super Giant.)	กลายเป็นสุดยอดยักษ์เป็นเวลา@{1}วินาที ฟื้นฟู@{2}% พลัง Life สูงสุดต่อวินาที เพิ่มความเร็วในการเคลื่อนที่ขึ้น@{3}% และเพิ่มความเสียหายโดย@{4}%(ทริกเกอร์ทันทีในขณะที่ทั้ง Giant และ Super Giant ทำงานอยู่ การได้รับเอฟเฟกต์นี้จะนำ Giant และ Super Giant ออก)
25998	Ever since the stone platform appeared this morning, the Monsters in the Pyramid area have become extremely agitated for some unknown reason. Several Adventurers have already been injured! Our squad was sent to clear them out, but we can't handle them at all!	นับตั้งแต่แท่นหินปรากฏขึ้นเมื่อเช้านี้ เหล่าสัตว์ประหลาดในพื้นที่ Pyramid ก็ตื่นตระหนกอย่างมากโดยไม่ทราบสาเหตุ Adventurers หลายคนได้รับบาดเจ็บแล้ว! ทีมของเราถูกส่งไปกำจัดพวกมัน แต่เราไม่สามารถจัดการพวกมันได้เลย!
25999	Viciously hammer the ground within a ${1}-meter radius, dealing Neutral melee Physical damage equal to Physical ATK * ^{1}${4}%+${7}^{2} to up to ${3} enemies within a ${2}-meter radius, with a ${5}% Chance to inflict ^{3} ^{4}【Stun】^{5}^{6} for ${6} seconds.	ทุบพื้นอย่างรุนแรงภายในรัศมี${1}เมตร สร้างความเสียหายทางกายภาพระยะประชิดที่เป็นกลางเท่ากับการโจมตีทางกายภาพ * ^{1}${4}%+${7}^{2}ไปจนถึงศัตรูสูงสุด${3}ภายใน${2}-รัศมีเมตร โดยมีโอกาส${5}% ที่จะสร้าง ^{3}^{4}【Stun】^{5}^{6}เป็นเวลา${6}วินาที
26000	When any ^{1}type of^{2} Primary Battle Skill is cast, the owner gains ^{3}^{4}【Esen's Slaughter】^{5}^{6}, granting a ${1}% DMG Bonus for ${2} seconds. Also Deals @{1} instances of Extra DMG to the target equal to the Primary Battle Skill's Total DMG * @{2}%.	เมื่อมีการร่าย ^{1}ประเภท ^{2}Primary Battle Skill เจ้าของจะได้รับ ^{3}^{4}【Esen's Slaughter】^{5}^{6}โดยให้${1}%โบนัส DMG เป็นเวลา${2}วินาทียังสร้างความเสียหายพิเศษ@{1}ไปยังเป้าหมายเท่ากับ DMG รวมของทักษะการต่อสู้หลัก *@{2}%
