Index	English	Thai_Translation
20001	Insufficient cargo loaded. Unable to dispatch the ship.	Insufficient cargo loaded. Unable to dispatch the ship.
20002	The other player has already received a friend request.	The other player has already received a friend request.
20003	You're right. Let's decide what gift to give her first.	You're right. Let's decide what gift to give her first.
20004	Max support applications: <color=${3}>${1}</color>/${2}	Max support applications: <color=${3}>${1}</color>/${2}
20005	You successfully aided ${1}${2} using the Revive Altar.	You successfully aided ${1}${2} using the Revive Altar.
20006	Healing on targets below @{1}% Life increased by @{2}%.	การรักษาเป้าหมายที่ต่ำกว่า@{1}% พลัง Life เพิ่มขึ้น@{2}%
20007	When 【Slashing Strike】 hits a target, gain @{1}% Haste.	เมื่อ 【Slashing Strike】 โดนเป้าหมาย จะได้รับ@{1}% Haste
20008	Duration of control Protector skills +^{1}${1}^{2} sec.	ระยะเวลาของการควบคุม ทักษะการป้องกัน +^{1}${1}^{2}วินาที
20009	Replace Personal Build ${1} with the recommended build?	Replace Personal Build ${1} with the recommended build?
20010	Increases Physical DEF by ${1}% and Magic DEF by ${2}%.	เพิ่ม DEF กายภาพโดย${1}% และ DEF เวทมนตร์โดย${2}%
20011	Determines whether the BOSS is at the center of the map	กำหนดว่า BOSS อยู่ตรงกลางแผนที่หรือไม่
20012	You haven't finished today's journey. End the day early?	You haven't finished today's journey. End the day early?
20013	Every journey has an end, but yours has only just begun.	Every journey has an end, but yours has only just begun.
20014	^{1}Escape to the finish line as quickly as possible^{2}	^{1}หนีเข้าเส้นชัยให้เร็วที่สุด^{2}
20015	[Reserved] Spend a total of @{1} minutes in field combat	[Reserved] ใช้เวลา@{1}นาทีในการต่อสู้ภาคสนาม
20016	Follow the Pathfinder Ant to a mysterious cave entrance.	เดินตาม Pathfinder Ant ไปยังทางเข้าถ้ำลึกลับ
20017	Head to Payon and search for signs of Mushroom monsters.	มุ่งหน้าไปยัง Payon และค้นหาสัญญาณของสัตว์ประหลาด Mushroom
20018	Defeated, Jack fled as fast as his legs could carry him.	พ่ายแพ้ Jack จึงรีบวิ่งหนีให้เร็วที่สุดเท่าที่จะทำได้
20019	Participate in the Guild Gloom over Longguo Island event	เข้าร่วม Guild Gloom เหนือกิจกรรม Longguo Island
20020	Read the notes for a Clue to the professor's whereabouts	อ่านบันทึกเพื่อดูเบาะแสที่อยู่ของศาสตราจารย์
20021	You have selected ${1} cards and cannot select any more.	You have selected ${1} cards and cannot select any more.
20022	Every @{1} LUK grants @{2} CRIT, @{3} FLEE, and @{4} HIT	Every @{1} LUK grants @{2} CRIT, @{3} FLEE, and @{4} HIT
20023	Affects the damage of your ranged Physical Damage Skills	Affects the damage of your ranged Physical Damage Skills
20024	Return to Payon and deliver all the spoils to the client	กลับไปที่ Payon และส่งมอบของที่ริบทั้งหมดให้กับลูกค้า
20025	Not enough required items. Unable to activate the wheel.	Not enough required items. Unable to activate the wheel.
20026	Crafting has a Chance to produce high-quality equipment.	Crafting has a Chance to produce high-quality equipment.
20027	Randomly grants <color=#cc762a>${1}-${2}</color> affixes	Randomly grants <color=#cc762a>${1}-${2}</color> affixes
20028	May fortune smile on you—now hand over the red envelope!	May fortune smile on you—now hand over the red envelope!
20029	Download speed: {@{1}:@{2}0}{1}. Estimated time: {2} sec	Download speed: {@{1}:@{2}0}{1}. Estimated time: {2} sec
20030	Trade canceled. The item has been removed automatically.	Trade canceled. The item has been removed automatically.
20031	The Party Leader role cannot be transferred during Misc.	The Party Leader role cannot be transferred during Misc.
20032	The supply listing price does not meet the requirements.	The supply listing price does not meet the requirements.
20033	Participate in Battle of Dragon Coffin Island ${1} times	Participate in Battle of Dragon Coffin Island ${1} times
20034	This unit's Physical ATK and Magic ATK increase by ${1}.	พลังโจมตีกายภาพและเวทมนตร์ของยูนิตนี้เพิ่มขึ้น${1}
20035	Open Mondays, Wednesdays, and Saturdays from 17:00–18:30	Open Mondays, Wednesdays, and Saturdays from 17:00–18:30
20036	Test version. Does not represent final quality. UID:${1}	Test version. Does not represent final quality. UID:${1}
20037	【Mystical Amplification】 grants an Extra {1} Cast Speed.	【Mystical Amplification】ให้ความเร็วในการร่าย{1}พิเศษ
20038	【Mystical Amplification】 grants an Extra ${1} Magic ATK.	【Mystical Amplification】มอบพลังโจมตีเวทย์พิเศษ${1}
20039	This area is too dangerous to dismount from your Deniro.	This area is too dangerous to dismount from your Deniro.
20040	You can mark up to ${1} monsters. Select one to replace.	You can mark up to ${1} monsters. Select one to replace.
20041	Guild emblem design not unlocked. Please choose another.	Guild emblem design not unlocked. Please choose another.
20042	The following message will be sent to all Guild Members:	The following message will be sent to all Guild Members:
20043	This player has responded to another guild's Guild Rally	This player has responded to another guild's Guild Rally
20044	Connect Quest - Team Up and Auto-Battle for @{1} Minutes	Connect Quest - Team Up and Auto-Battle for @{1} Minutes
20045	No Beginner Hatch attempts remaining. Prize Pool closed.	No Beginner Hatch attempts remaining. Prize Pool closed.
20046	No Speed-Up Tickets remaining. Please obtain more first.	No Speed-Up Tickets remaining. Please obtain more first.
20047	Tap the Mount button and hop onto your dashing new ride!	Tap the Mount button and hop onto your dashing new ride!
20048	Oh! The Pet Tower is unlocked. I'll show you around, bo!	Oh! The Pet Tower is unlocked. I'll show you around, bo!
20049	The weather's lovely today, meow~ What can I do for you?	The weather's lovely today, meow~ What can I do for you?
20050	I've got it! You're actually a robot! Or a magical doll!	I've got it! You're actually a robot! Or a magical doll!
20051	Master~ Have you been secretly dating an invisible girl?	Master~ Have you been secretly dating an invisible girl?
20052	You already have a ticket? Then I'll teleport you there.	You already have a ticket? Then I'll teleport you there.
20053	Oh, you know. We only nearly got eaten by the queen ant.	Oh, you know. We only nearly got eaten by the queen ant.
20054	Did the desert heat give you heatstroke? You look awful.	Did the desert heat give you heatstroke? You look awful.
20055	Since you're here, how about taking care of them for me?	Since you're here, how about taking care of them for me?
20056	You can mix and match different outfits in the Wardrobe~	You can mix and match different outfits in the Wardrobe~
20057	What beautiful weather! It's a perfect day for refining!	What beautiful weather! It's a perfect day for refining!
20058	When you miss your beloved, you have to shout like this!	When you miss your beloved, you have to shout like this!
20059	Humans look so strange. Are they... giant hairless cats?	Humans look so strange. Are they... giant hairless cats?
20060	What are you looking at? I'm furious, so leave me alone!	What are you looking at? I'm furious, so leave me alone!
20061	There's some travel food and an old map in the Backpack~	There's some travel food and an old map in the Backpack~
20062	This costs @{1} Zeny in our village, but it's @{2} here?	This costs @{1} Zeny in our village, but it's @{2} here?
20063	Ahem. It's the taking part that counts. The taking part.	Ahem. It's the taking part that counts. The taking part.
20064	Phew... Thank goodness you woke up in time. We almost...	Phew... Thank goodness you woke up in time. We almost...
20065	Skip the preparation phase and enter battle immediately?	Skip the preparation phase and enter battle immediately?
20066	Lightning will strike beneath players after @{1} seconds	Lightning will strike beneath players after @{1} seconds
20067	^{1}【Notice】^{2}[Central Revive Point] has been captured	^{1}【Notice】^{2}[Central Revive Point] has been captured
20068	Enemy ^{1}${1}^{2} destroyed our ^{3}Madogear Pilot^{4}!	Enemy ^{1}${1}^{2} destroyed our ^{3}Madogear Pilot^{4}!
20069	Use Lope to avoid damage from the ripples on the ground.	Use Lope to avoid damage from the ripples on the ground.
20070	Oh no, the captain looks injured! Let's go check on him!	Oh no, the captain looks injured! Let's go check on him!
20071	You rummage through the bushes and finally find the key.	You rummage through the bushes and finally find the key.
20072	The Royal City Battle has ended. View the battle report?	The Royal City Battle has ended. View the battle report?
20073	The Bonfire reached Lv. ${1} and unlocked a new ability.	The Bonfire reached Lv. ${1} and unlocked a new ability.
20074	A thrilling and fun challenge is about to begin—\n【${1}】	A thrilling and fun challenge is about to begin—\n【${1}】
20075	The Guild has designated ${1} as its main garrison city.	The Guild has designated ${1} as its main garrison city.
20076	Phew! Giving it a good beating made me feel much better!	Phew! Giving it a good beating made me feel much better!
20077	Bobo\n There's a big pit up ahead. I'll go check it out!	Bobo\n There's a big pit up ahead. I'll go check it out!
20078	Moonlight Flower\nTaunt them, then start the game again!	Moonlight Flower\nTaunt them, then start the game again!
20079	Bobo\nWhoa! W-What's happening? This compass is glowing!	Bobo\nWhoa! W-What's happening? This compass is glowing!
20080	Bobo\nLook! Prontera is just beyond that gate! Let's go!	Bobo\nLook! Prontera is just beyond that gate! Let's go!
20081	Bobo\nHurry and Take off the compass so we can check it!	Bobo\nHurry and Take off the compass so we can check it!
20082	All auction items are gone. Thank You for participating!	All auction items are gone. Thank You for participating!
20083	Have the team obtain Orange Quality equipment @{1} times	ให้ทีมงานได้รับอุปกรณ์ Orange Quality@{1}เท่า
20084	First Prize will always be drawn from Baby Desert Wolves	First Prize will always be drawn from Baby Desert Wolves
20085	Activate the Dinner Date Costume Appearance (Permanent).	เปิดใช้งานลักษณะเครื่องแต่งกายของ Dinner Date (ถาวร)
20086	Activate the Silverwing Covenant Appearance (Permanent).	เปิดใช้งานรูปลักษณ์ Silverwing Covenant (ถาวร)
20087	A blue crab used in many dishes. Sometimes used as bait.	ปูม้าใช้ในอาหารได้หลายอย่าง บางครั้งก็ใช้เป็นเหยื่อล่อ
20088	Grants forging blueprints for a Tier @{1} equipment set.	มอบพิมพ์เขียวการปลอมสำหรับชุดอุปกรณ์ระดับ@{1}
20089	Fur skinned from a Brute. Can be exchanged for Headwear.	ขนถลกจากสัตว์เดรัจฉานสามารถเปลี่ยนเป็น Headwear ได้
20090	Use to unlock the guild Frame: Hunting Emblem · Pursuer.	ใช้เพื่อปลดล็อคเฟรมกิลด์: Hunting Emblem · Pursuer
20091	Use to unlock the guild emblem frame: Dark Crystal Ring.	ใช้ปลดล็อคกรอบสัญลักษณ์กิลด์: Dark Crystal Ring
20092	Use to unlock the guild emblem design: Primordial Chaos.	ใช้เพื่อปลดล็อคการออกแบบสัญลักษณ์กิลด์: Primordial Chaos
20093	Toot, toot, toot! Use a Small Horn to shout to everyone.	ตุ๊ด ตุ๊ด ตุ๊ด! ใช้เขาเล็กตะโกนบอกทุกคน
20094	Gloves worn on the hands that make delicate work easier.	Gloves สวมที่มือช่วยให้งานละเอียดอ่อนง่ายขึ้น
20095	A bow that does not deal much damage but is easy to use.	ธนูที่ไม่สร้างความเสียหายมากนักแต่ใช้งานง่าย
20096	A halberd with two sharp projections on its broad blade.	ง้าวที่มีปลายแหลมสองอันบนใบมีดกว้าง
20097	A two-handed sword highly effective at subduing enemies.	ดาบสองมือที่มีประสิทธิภาพสูงในการปราบศัตรู
20098	Used exclusively for Desert Monster Collection Level-up.	ใช้สำหรับการอัพเลเวล Desert Monster Collection โดยเฉพาะ
20099	Used exclusively for Geffen Monster Collection Level-up.	ใช้สำหรับการอัพเลเวล Geffen Monster Collection โดยเฉพาะ
20100	Survivor Battle Misc Net Victory Points (Victory Points)	ผู้รอดชีวิตจากการต่อสู้เบ็ดเตล็ด คะแนนชัยชนะสุทธิ (คะแนนชัยชนะ)
20101	Not enough Treasure Maps. Obtain more from quests first!	Not enough Treasure Maps. Obtain more from quests first!
20102	Reduces Vivify consumed when mining Lv. @{1} ore by @{2}	Reduces Vivify consumed when mining Lv. @{1} ore by @{2}
20103	Third Prize will always be drawn from Baby Desert Wolves	Third Prize will always be drawn from Baby Desert Wolves
20104	Have more than^{1}@{1}^{2}minutes remaining until enrage	Have more than^{1}@{1}^{2}minutes remaining until enrage
20105	This chapter can only be obtained in the scenario [${1}]	This chapter can only be obtained in the scenario [${1}]
20106	A Member is not a friend. Failed to create friend group.	A Member is not a friend. Failed to create friend group.
20107	Invalid request: Pre-purchase order id was not provided.	Invalid request: Pre-purchase order id was not provided.
20108	The team includes someone from another Adventurer Group.	The team includes someone from another Adventurer Group.
20109	You have reached the Adventurer Group application limit.	You have reached the Adventurer Group application limit.
20110	Treasure-digging location is beyond the maximum Distance	Treasure-digging location is beyond the maximum Distance
20111	The Season server you attempted to adjust does not exist	The Season server you attempted to adjust does not exist
20112	Someone did not confirm. Please start matchmaking again.	Someone did not confirm. Please start matchmaking again.
20113	${1} has not been unlocked. Unable to begin matchmaking.	${1} has not been unlocked. Unable to begin matchmaking.
20114	Guild Territory War participation count must reach ${1}.	Guild Territory War participation count must reach ${1}.
20115	This GM command is currently disabled and cannot be used	This GM command is currently disabled and cannot be used
20116	Capacity has reached the maximum and cannot be increased	Capacity has reached the maximum and cannot be increased
20117	Charges a full-screen attack for @{1}s. Deals no damage.	Charges การโจมตีแบบเต็มหน้าจอสำหรับ@{1}ไม่สร้างความเสียหาย
20118	Deals extremely High Damage in a rectangular area ahead.	สร้างความเสียหายสูงมากในพื้นที่สี่เหลี่ยมข้างหน้า
20119	Phreeoni releases acid forward, damaging players on HIT.	Phreeoni ปล่อยกรดไปข้างหน้า สร้างความเสียหายให้กับผู้เล่นใน HIT
20120	Revive requests are on cooldown. Please try again later~	Revive requests are on cooldown. Please try again later~
20121	I am a man who yearns for luck! Bring me good luuuuuuck!	I am a man who yearns for luck! Bring me good luuuuuuck!
20122	Ugh, hah, ha! I'm... fine. I can still... keep... going!	Ugh, hah, ha! I'm... fine. I can still... keep... going!
20123	Party member ${1}'s current status prevents matchmaking.	Party member ${1}'s current status prevents matchmaking.
20124	When a katar-type weapon is equipped, Physical ATK +@{1}	เมื่อติดตั้งอาวุธประเภท Katar พลังโจมตีกายภาพ +@{1}
20125	Entangled in the Pharaoh's burial shroud and Cannot move	ติดอยู่ในผ้าห่อศพของ Pharaoh และขยับไม่ได้
20126	Cast Time increased by @{1}, MP Cost increased by @{2}%.	เวลาร่ายเพิ่มขึ้น@{1}ค่าใช้จ่าย MP เพิ่มขึ้น@{2}%
20127	Detects hidden enemies within @{1} meters of the Ranger.	ตรวจจับศัตรูที่ซ่อนอยู่ภายในระยะ@{1}เมตรของ Ranger
20128	Adventure Group response recruitment posted successfully	Adventure Group response recruitment posted successfully
20129	"Get <sprite name=""${3}"">${4} with help from other players"	"Get <sprite name=""${3}"">${4} with help from other players"
20130	Continue chasing Dracula, and watch out for falling rocks	ไล่ตาม Dracula ต่อไป และระวังหินที่ตกลงมา
20131	Reach a total Refinement Lv. of @{1} across all equipment	ถึงระดับการปรับแต่งทั้งหมดของ@{1}ในทุกอุปกรณ์
20132	Complete the Novice Trial and obtain proof of completion.	ทดลองใช้งานมือใหม่และรับหลักฐานการสำเร็จ
20133	The boy offers to predict your future job. Give it a try.	เด็กชายเสนอที่จะทำนายงานในอนาคตของคุณลองดูสิ
20134	You crash-land in the desert. Ask around for information.	คุณชนเข้ากับทะเลทรายสอบถามข้อมูลได้ทั่วๆไป
20135	The Eden Group has received a request from the Professor.	The Eden Group ได้รับการร้องขอจาก Professor
20136	The Rocker took the bait, much to Grandma Gwen's delight.	The Rocker จับเหยื่อ ทำให้ Grandma เกว็นพอใจมาก
20137	Select the quest to learn about the Phantom Realm dungeon	เลือกภารกิจเพื่อเรียนรู้เกี่ยวกับดันเจี้ยน Phantom Realm
20138	Complete the Job Advance to unlock further Skill Learning	ทำงานล่วงหน้าให้เสร็จสิ้นเพื่อปลดล็อกการเรียนรู้ทักษะเพิ่มเติม
20139	Affects the damage of the character's magic Damage Skills	Affects the damage of the character's magic Damage Skills
20140	<color=#2fd3bb>[Supply Transport]</color> Escort Supplies	<color=#2fd3bb>[Supply Transport]</color> Escort Supplies
20141	Login failed. Please restart the game using the launcher.	Login failed. Please restart the game using the launcher.
20142	Tap the Touch button to touch the Book of Job Advancement	แตะปุ่ม Touch เพื่อแตะ Book of Job Advancement
20143	Follow the markings in the note to the indicated location	เดินตามเครื่องหมายในหมายเหตุไปยังตำแหน่งที่ระบุ
20144	Get permission from the Knight guarding the Nail of Order	ได้รับอนุญาตจากอัศวินผู้พิทักษ์ Nail of Order
20145	Rent a Cart Merchant (available after you Learn Cart Use)	Rent a Cart Merchant (มีให้หลังจากที่คุณเรียนรู้ Cart Use แล้ว)
20146	Reset stat points. All allocated points will be refunded.	Reset stat points. All allocated points will be refunded.
20147	Unable to view. This player has hidden their information.	Unable to view. This player has hidden their information.
20148	The current skill cannot be used without a locked target.	The current skill cannot be used without a locked target.
20149	Blessed Refinement will not decrease the refinement level	Blessed Refinement will not decrease the refinement level
20150	Off-hand equipment does not inherit refinement attributes	Off-hand equipment does not inherit refinement attributes
20151	Your Reputation Score is too low to use the Trade market.	Your Reputation Score is too low to use the Trade market.
20152	Obtain by using a Normal treasure map to Dig (Deprecated)	Obtain by using a Normal treasure map to Dig (Deprecated)
20153	Obtain Special Recipe - Crafting Set Mystery Box (Common)	Obtain Special Recipe - Crafting Set Mystery Box (Common)
20154	Obtain Special Recipe - Crafting Set Mystery Box (Legend)	Obtain Special Recipe - Crafting Set Mystery Box (Legend)
20155	The maximum value cannot be lower than the minimum value!	The maximum value cannot be lower than the minimum value!
20156	Test Limited-Time Pool @{1} - Days @{2}–@{3} After Launch	Test Limited-Time Pool @{1} - Days @{2}–@{3} After Launch
20157	Are you sure you want to delete the current chat history?	Are you sure you want to delete the current chat history?
20158	The Party Leader is in an instance and cannot be followed	The Party Leader is in an instance and cannot be followed
20159	Spend ${1}${2} to place an order with ${3} for ${4} ${5}?	Spend ${1}${2} to place an order with ${3} for ${4} ${5}?
20160	Initial bid cannot be lower than the minimum starting bid	Initial bid cannot be lower than the minimum starting bid
20161	Please wait ${1}s for the quest to complete automatically	Please wait ${1}s for the quest to complete automatically
20162	This activity is unavailable on the day you change guilds	This activity is unavailable on the day you change guilds
20163	Not enough Guild Members from the same guild in the party	Not enough Guild Members from the same guild in the party
20164	Insufficient Kills of monsters at the corresponding level	Insufficient Kills of monsters at the corresponding level
20165	^{1}【Bow】^{2} skill damage multiplier increases by ${1}%.	^{1}【Bow】^ ตัวคูณความเสียหายของทักษะ^{2}เพิ่มขึ้น${1}%
20166	Physical damage dealt to Brute and Insect monsters +${1}%	ความเสียหายทางกายภาพที่ทำกับสัตว์ประหลาดสัตว์เดรัจฉานและแมลง +${1}%
20167	Play Event Closure @{2} after Campfire Phase @{1} begins!	Play Event Closure @{2} after Campfire Phase @{1} begins!
20168	Second Prize will always be drawn from Baby Desert Wolves	Second Prize will always be drawn from Baby Desert Wolves
20169	Cannot socket cards until the Wardrobe System is unlocked	Cannot socket cards until the Wardrobe System is unlocked
20170	Only cards of the same quality can be used for Collection	Only cards of the same quality can be used for Collection
20171	Pharaoh's Pyramid fires ^{1}beams that track targets^{2}.	Pharaoh's Pyramid fires ^{1}beams that track targets^{2}.
20172	Oh no, we're done for... The toughest one just showed up.	Oh no, we're done for... The toughest one just showed up.
20173	That thing's still alive—and it's gotten even stronger...	That thing's still alive—and it's gotten even stronger...
20174	Strouf is furious! Keep your footing and dodge the waves!	Strouf is furious! Keep your footing and dodge the waves!
20175	Auto-battle time has ended. Return to town automatically?	Auto-battle time has ended. Return to town automatically?
20176	AFK time is about to reset. Return to town automatically?	AFK time is about to reset. Return to town automatically?
20177	"In RO, ""@{1}"" is shorthand for a certain Sage-line class."	"In RO, ""@{1}"" is shorthand for a certain Sage-line class."
20178	Please manually switch to Channel ${1} before proceeding.	Please manually switch to Channel ${1} before proceeding.
20179	Capture the control point, then attack the Glorious Metal	Capture the control point, then attack the Glorious Metal
20180	Do not accept invitations from this player for 30 minutes	Do not accept invitations from this player for 30 minutes
20181	Connect Quest - Team Up to Defeat Normal Moonlight Flower	Connect Quest - Team Up to Defeat Normal Moonlight Flower
20182	Connect Quest - Team Up to Defeat Isti in the Final Trial	Connect Quest - Team Up to Defeat Isti in the Final Trial
20183	Actively cast by the pet in modes where pets are deployed	Actively cast by the pet in modes where pets are deployed
20184	Not enough materials. Please obtain more materials first.	Not enough materials. Please obtain more materials first.
20185	Saved! If you accidentally reset it, don't blame me, pop~	Saved! If you accidentally reset it, don't blame me, pop~
20186	You can allocate points to your favorite skills here, bo!	You can allocate points to your favorite skills here, bo!
20187	It finally hatched! Let's see which adorable baby we got!	It finally hatched! Let's see which adorable baby we got!
20188	Shh! Keep it down! I'm concentrating on refining an item.	Shh! Keep it down! I'm concentrating on refining an item.
20189	That man is scary! Mommy! Help me find my mommy! Waaaaah!	That man is scary! Mommy! Help me find my mommy! Waaaaah!
20190	You don't have a sweetheart? Then you can buy one for me!	You don't have a sweetheart? Then you can buy one for me!
20191	(yawning) We agreed to meet here. Why isn't she here yet?	(yawning) We agreed to meet here. Why isn't she here yet?
20192	Someday, I hope they'll hang a portrait of Me here too...	Someday, I hope they'll hang a portrait of Me here too...
20193	You need a full stomach to have the energy for adventure!	You need a full stomach to have the energy for adventure!
20194	Please observe proper etiquette when entering the palace.	Please observe proper etiquette when entering the palace.
20195	*Sigh* The child's all grown up and still such a handful!	*Sigh* The child's all grown up and still such a handful!
20196	I still need to earn a fortune to make my wish come true.	I still need to earn a fortune to make my wish come true.
20197	Don't... Don't kill me! I'll give them to you! Right now!	Don't... Don't kill me! I'll give them to you! Right now!
20198	Trouble? Don't tell me those Peco Pecos carried them off?	Trouble? Don't tell me those Peco Pecos carried them off?
20199	Money and EXP? What a sweet deal! Bobo wants to join too!	Money and EXP? What a sweet deal! Bobo wants to join too!
20200	High-quality items are selected for dismantling. Confirm?	High-quality items are selected for dismantling. Confirm?
20201	Trophy Obtained: I Know You're in a Hurry, but Don't Rush	Trophy Obtained: I Know You're in a Hurry, but Don't Rush
20202	^{1}【URGENT】^{2}[Right Lane City Guard] HP is below @{1}%	^{1}【URGENT】^{2}[Right Lane City Guard] HP is below @{1}%
20203	^{1}【Warning】^{2}Our [Mid-Lane Protector] is under attack	^{1}【Warning】^{2}Our [Mid-Lane Protector] is under attack
20204	Enemy ^{1}${1}^{2} defeated the right-lane ^{3}Guard^{4}!	Enemy ^{1}${1}^{2} defeated the right-lane ^{3}Guard^{4}!
20205	^{1}${2}^{2}'s banner HP is below ^{3}${4}^{4}. Defend it	^{1}${2}^{2}'s banner HP is below ^{3}${4}^{4}. Defend it
20206	The Demonic Dragon and Dragonblood Crystal have appeared!	The Demonic Dragon and Dragonblood Crystal have appeared!
20207	^{1}${2}^{2}'s ^{3}${3}^{4}\nscored the Kill on the Boss!	^{1}${2}^{2}'s ^{3}${3}^{4}\nscored the Kill on the Boss!
20208	Give a big round of applause for our opening act—\n【${1}】	Give a big round of applause for our opening act—\n【${1}】
20209	Bobo\nUgh, I'm filthy! I can barely even spread my wings.	Bobo\nUgh, I'm filthy! I can barely even spread my wings.
20210	Bobo\nHuh? It looks like Fervor stopped someone up ahead!	Bobo\nHuh? It looks like Fervor stopped someone up ahead!
20211	Auto-Bid canceled. Your funds have been refunded by mail.	Auto-Bid canceled. Your funds have been refunded by mail.
20212	(Bidding/Pre-purchases: <color=#cc762a>${1}</color>/${2})	(Bidding/Pre-purchases: <color=#cc762a>${1}</color>/${2})
20213	Use Medicine (HP recovery Medicine) @{1} times in a match	ใช้ยา (ยาฟื้นฟู HP)@{1}ครั้งในการแข่งขัน
20214	Deploy a Divine Arts Totem to increase your Combat Power.	ติดตั้ง Divine Arts Totem เพื่อเพิ่มพลังการต่อสู้ของคุณ
20215	Use to Activate the Path of Adventure Name Card Location.	ใช้เพื่อเปิดใช้งานตำแหน่งบัตรชื่อเส้นทางการผจญภัย
20216	Open to receive a Tier @{1} Orange weapon for your class.	Open เพื่อรับอาวุธสีส้มระดับ@{1}สำหรับคลาสของคุณ
20217	Whoa! A surprise drop—it looks like something incredible!	อ้าว! การลดลงอย่างน่าประหลาดใจ—ดูเหมือนมีบางสิ่งที่เหลือเชื่อ!
20218	Cannot Dig while in <color=#ec543a>Battle Status</color>.	Cannot Dig while in <color=#ec543a>Battle Status</color>.
20219	Not enough times reaching the required Guild League score	Not enough times reaching the required Guild League score
20220	Reward Count exhausted. Unable to obtain dungeon rewards.	Reward Count exhausted. Unable to obtain dungeon rewards.
20221	When Vivify is below @{1}%, gain @{2} Extra main products	When Vivify is below @{1}%, gain @{2} Extra main products
20222	When darkness truly descends, only the best-prepared hero	When darkness truly descends, only the best-prepared hero
20223	Kill ${1} to automatically obtain this reward (${2}/${1})	Kill ${1} to automatically obtain this reward (${2}/${1})
20224	Dance Machine_Remove Transform Buff Remove Transform Buff	Dance Machine_Remove Transform Buff Remove Transform Buff
20225	Earn a total of ${1} Personal Points in the Territory War	Earn a total of ${1} Personal Points in the Territory War
20226	Place in the top ${1} in Kafra Survival Battle ${2} times	Place in the top ${1} in Kafra Survival Battle ${2} times
20227	Earn more than ${1} points in the Guild League ${2} times	Earn more than ${1} points in the Guild League ${2} times
20228	The host has Declined your request to join the mic queue.	The host has Declined your request to join the mic queue.
20229	Defeat the great dragon Fafnir at the center of the arena	Defeat the great dragon Fafnir at the center of the arena
20230	Pet must break through before it can continue to Level-up	Pet must break through before it can continue to Level-up
20231	At least two Members are required for a friend Group Chat	At least two Members are required for a friend Group Chat
20232	Stall items cannot be listed on this server at this time.	Stall items cannot be listed on this server at this time.
20233	No non-top-tier items are available at the current price.	No non-top-tier items are available at the current price.
20234	The item price has changed. Please refresh and try again.	The item price has changed. Please refresh and try again.
20235	You cannot Repeat a Get Help request for the same player.	You cannot Repeat a Get Help request for the same player.
20236	Increases your Physical ATK by ^{1}${1}^{2} for ${2} sec.	เพิ่ม ATK ทางกายภาพของคุณโดย ^{1}${1}^{2}เป็นเวลา${2}วินาที
20237	Trade items cannot currently be purchased on this server.	Trade items cannot currently be purchased on this server.
20238	Due to inactivity, you cannot start matchmaking for ${1}.	Due to inactivity, you cannot start matchmaking for ${1}.
20239	You are outside the barrier and taking continuous damage.	You are outside the barrier and taking continuous damage.
20240	Go on ahead... to the glowing... place... and help out...	Go on ahead... to the glowing... place... and help out...
20241	You cannot discard equipped items while in Battle Status.	You cannot discard equipped items while in Battle Status.
20242	The Guild Auction will begin at ${1}. Please be prepared.	The Guild Auction will begin at ${1}. Please be prepared.
20243	Each skill on this Totem increases your healing by @{1}%.	แต่ละทักษะบน Totem นี้จะเพิ่มการรักษาของคุณโดย@{1}%
20244	Maximum Floors of all your magic buffs increased by @{1}.	ชั้นสูงสุดของบัฟเวทมนตร์ทั้งหมดของคุณเพิ่มขึ้น@{1}
20245	Transform into a Mummy and reduce Movement Speed by @{1}%	แปลงร่างเป็น Mummy และลดความเร็วในการเคลื่อนที่ลง@{1}%
20246	Determine whether it is protected by a shield; hide later	ตรวจสอบว่ามีการป้องกันด้วยโล่หรือไม่ซ่อนในภายหลัง
20247	Reduces Attack Speed by ${1}% and Movement Speed by ${2}%	ลดความเร็วในการโจมตีโดย${1}% และความเร็วในการเคลื่อนที่โดย${2}%
20248	Actions cannot be played in your current state or location	Actions cannot be played in your current state or location
20249	Craft @{1} pieces of equipment of Purple Quality or higher	Craft ชิ้นส่วนอุปกรณ์@{1}คุณภาพสีม่วงหรือสูงกว่า
20250	Prepare to board the airship and search for the professor.	เตรียมขึ้นเรือเหาะและตามหาอาจารย์
20251	Follow the letter's instructions and head to South Morroc.	ทำตามคำแนะนำของจดหมายแล้วมุ่งหน้าไปยัง South Morroc
20252	Reduces the variable CT of the character's skills by ${1}S	Reduces the variable CT of the character's skills by ${1}S
20253	Reduces the variable CT of the character's skills by ${1}%	Reduces the variable CT of the character's skills by ${1}%
20254	Proceed to the designated location to begin the challenge.	Proceed to the designated location to begin the challenge.
20255	Ilmata, God of Nature · Desperate Speedrun Ranking Rewards	Ilmata, God of Nature · Desperate Speedrun Ranking Rewards
20256	Season Preview Event Entire Server Progress Reward Reissue	Season Preview Event Entire Server Progress Reward Reissue
20257	Auto Combat is being revamped and is currently unavailable	Auto Combat is being revamped and is currently unavailable
20258	Talk to the Head Job Advance Mentor about your Job Advance	คุยกับหัวหน้า Mentor เรื่องการเปลี่ยนอาชีพ
20259	Talk to the middle-aged man Nearby to confirm his identity	คุยกับชายวัยกลางคนที่อยู่ใกล้ๆ เพื่อยืนยันตัวตน
20260	Don't lose sight of Fervor. Hurry and Catch up with Jiyang	อย่าละสายตาจากความร้อนแรงรีบตามจีหยางให้ทัน
20261	Rent a Falcon (available after you Learn Falconry Mastery)	Rent a Falcon (มีให้หลังจากคุณเรียนรู้ Falconry Mastery)
20262	You've reached the follow limit and can't follow any more.	You've reached the follow limit and can't follow any more.
20263	You've already made a reservation and cannot make another.	You've already made a reservation and cannot make another.
20264	Too late! The item has already been delisted or purchased.	Too late! The item has already been delisted or purchased.
20265	The item has been delisted or there is insufficient stock.	The item has been delisted or there is insufficient stock.
20266	To the heroic PlayerName who rescued me from the Ant Hell:	To the heroic PlayerName who rescued me from the Ant Hell:
20267	Cannot follow the target player at their current location.	Cannot follow the target player at their current location.
20268	You cannot Request to Join Party while already in a Party.	You cannot Request to Join Party while already in a Party.
20269	Ready check will be automatically declined in ${1} seconds	Ready check will be automatically declined in ${1} seconds
20270	You don't have permission to manage the Guild Black Market	You don't have permission to manage the Guild Black Market
20271	The auction is About to start. You can now enable Auto-Bid	The auction is About to start. You can now enable Auto-Bid
20272	Very Active: <color=#7E7361>Weekly Activity ≥ ${1}</color>	Very Active: <color=#7E7361>Weekly Activity ≥ ${1}</color>
20273	Lowest unit price selected based on the required quantity.	Lowest unit price selected based on the required quantity.
20274	Current guild building level does not meet the requirement	Current guild building level does not meet the requirement
20275	Searching for enemies within range who are ^{1}Hidden^{2}.	ค้นหาศัตรูที่อยู่ในระยะ ^{1}ซ่อนอยู่^{2}.
20276	Agility +${1}, Attack Speed +${2}%, Movement Speed +${3}%.	ความคล่องตัว +${1}, ความเร็วโจมตี +${2}%, ความเร็วในการเคลื่อนที่ +${3}%
20277	^{1}^{2}【Adrenaline Rush】^{3}^{4} ignores Job Restriction.	^{1}^{2}【Adrenaline Rush】^{3}^{4}ละเว้นข้อจำกัดงาน
20278	Movement Speed +@{1}%. Your next attack deals Extra damage	ความเร็วในการเคลื่อนที่ +@{1}%การโจมตีครั้งต่อไปของคุณจะสร้างความเสียหายเพิ่มเติม
20279	Morale is high, granting Increase Attack and DEF by @{1}%.	สูง ทำให้เพิ่มการโจมตีและ DEF ขึ้น@{1}%
20280	Protects nearby allies, continuously restoring their Life.	ปกป้องพันธมิตรที่อยู่ใกล้เคียง ฟื้นฟูพลัง Life อย่างต่อเนื่อง
20281	Learning ^{1}^{2}[Spear Mastery]^{3}^{4} grants ${1} PATK.	การเรียนรู้ ^{1}^{2}[Spear Mastery]^{3}^{4}ให้สิทธิ์${1}PATK
20282	When phase @{1} begins, set the server event phase to @{2}	When phase @{1} begins, set the server event phase to @{2}
20283	Periodically grants Bonfire Rewards when Phase @{1} begins	Periodically grants Bonfire Rewards when Phase @{1} begins
20284	Create Upper-Left @{1} NPC @{2}-@{3} when the event begins	Create Upper-Left @{1} NPC @{2}-@{3} when the event begins
20285	Create Lower-Left @{1} NPC @{2}-@{3} when the event begins	Create Lower-Left @{1} NPC @{2}-@{3} when the event begins
20286	Starfish-shaped headwear that brings you closer to nature!	Starfish-shaped headwear that brings you closer to nature!
20287	Share Auto Mode rewards with party Members on the same map	Share Auto Mode rewards with party Members on the same map
20288	【Create Adventure Group】Party Leader Hangs the Declaration	【Create Adventure Group】Party Leader Hangs the Declaration
20289	Connect Quest - Defeat Moonlight Flower on Hard in a Party	Connect Quest - Defeat Moonlight Flower on Hard in a Party
20290	Connect Quests - Team up to defeat Ilmo in the Final Trial	Connect Quests - Team up to defeat Ilmo in the Final Trial
20291	Passive Skills of pets in Utility slots are always active.	Passive Skills of pets in Utility slots are always active.
20292	Automatically performs a Level-up when Proficiency is full	Automatically performs a Level-up when Proficiency is full
20293	Pet Function unlocked! Let's find the perfect pet for you!	Pet Function unlocked! Let's find the perfect pet for you!
20294	The challenge begins. Don't come crying to me if you lose.	The challenge begins. Don't come crying to me if you lose.
20295	Place your hand on the Crystal ball and see what you feel.	Place your hand on the Crystal ball and see what you feel.
20296	Tap the @{1} key to send them flying with a Normal Attack!	Tap the @{1} key to send them flying with a Normal Attack!
20297	Tap to Rent one for free. It's an exclusive Benefit, bobo~	Tap to Rent one for free. It's an exclusive Benefit, bobo~
20298	Black Market Merchant, I'll come by later to buy a ticket.	Black Market Merchant, I'll come by later to buy a ticket.
20299	Keep at it! The future of Prontera rests on our shoulders!	Keep at it! The future of Prontera rests on our shoulders!
20300	Magic mirror, tell me true: Who's the fairest of them all?	Magic mirror, tell me true: Who's the fairest of them all?
20301	Hey, Adventurer! Good to see you again! How have you been?	Hey, Adventurer! Good to see you again! How have you been?
20302	And that water flask—remember to fill it before you leave~	And that water flask—remember to fill it before you leave~
20303	He's in amazing form today. Just listen to that high note—	He's in amazing form today. Just listen to that high note—
20304	Can you feel it? The energy field here is quite unusual...	Can you feel it? The energy field here is quite unusual...
20305	There's no chance it won't work. I run an honest business.	There's no chance it won't work. I run an honest business.
20306	Do you think someone like Varmundt will ever appear again?	Do you think someone like Varmundt will ever appear again?
20307	Every Adventurer will find the path that's right for them.	Every Adventurer will find the path that's right for them.
20308	You finally found it. We're one step closer to that day...	You finally found it. We're one step closer to that day...
20309	^{1}The enemy^{2} has recaptured the central Revive Point!	^{1}The enemy^{2} has recaptured the central Revive Point!
20310	Our ^{1}${1}^{2} dealt the final blow to the ^{3}Wall^{4}!	Our ^{1}${1}^{2} dealt the final blow to the ^{3}Wall^{4}!
20311	^{1}【Notice】^{2}Our [Right-Lane Protector] is under attack	^{1}【Notice】^{2}Our [Right-Lane Protector] is under attack
20312	Obtain a Red Thread and choose one player to connect with.	Obtain a Red Thread and choose one player to connect with.
20313	Bobo\nThis should be enough. Let's go find that giant ant!	Bobo\nThis should be enough. Let's go find that giant ant!
20314	Louis\nLet's start the game! Guess where my cat will move!	Louis\nLet's start the game! Guess where my cat will move!
20315	Bobo\nUgh, why do these Chonchons keep following us? Shoo!	Bobo\nUgh, why do these Chonchons keep following us? Shoo!
20316	Experience the new version's smooth, seamless storytelling	Experience the new version's smooth, seamless storytelling
20317	"Achieving a ""@{1}-second cast"" requires special equipment."	"Achieving a ""@{1}-second cast"" requires special equipment."
20318	Use to Activate the Spirit Conqueror title for @{1} hours.	ใช้เพื่อเปิดใช้งานฉายา Spirit Conqueror เป็นเวลา@{1}ชั่วโมง
20319	Use to Activate the Ten Great Heroes title for @{1} hours.	ใช้เพื่อเปิดใช้งานชื่อ Ten Great Heroes เป็นเวลา@{1}ชั่วโมง
20320	Use to Activate the Star of Rekenber Portrait (Permanent).	ใช้เพื่อเปิดใช้งาน Star of Rekenber Portrait (ถาวร)
20321	Open the gift box to receive a random Purple Quality card.	Open กล่องของขวัญเพื่อรับการ์ดคุณภาพสีม่วงแบบสุ่ม
20322	A hard shell from a monster. Available from the Collector.	เปลือกแข็งจากสัตว์ประหลาด มีจำหน่ายจากนักสะสม
20323	Fine Tier @{1} Blue Equipment with impressive ATK and DEF.	Fine Tier@{1}Blue Equipment พร้อม ATK และ DEF ที่น่าประทับใจ
20324	A golden crystal that looks as though it contains the sun.	คริสตัลสีทองที่ดูราวกับว่ามีดวงอาทิตย์อยู่
20325	Use to unlock the guild Frame: Hunting Emblem · Conqueror.	ใช้เพื่อปลดล็อคเฟรมกิลด์: Hunting Emblem · Conqueror
20326	Shoes that are easy to put on but offer little protection.	Shoes ที่สวมใส่ง่ายแต่ให้การปกป้องน้อย
20327	An axe that is Easy to use, making it suitable for anyone.	ขวานที่ใช้งานง่ายเหมาะสำหรับทุกคน
20328	Used exclusively for Prontera Monster Collection Level-up.	ใช้สำหรับการอัพเลเวลคอลเลกชัน Prontera Monster โดยเฉพาะ
20329	Reach the top @{1} on the Fashion Rating Ranking to obtain	Reach the top @{1} on the Fashion Rating Ranking to obtain
20330	Your party has fewer than 5 Members. Match with teammates?	Your party has fewer than 5 Members. Match with teammates?
20331	For every @{1} cloth items crafted, gain @{2} Extra copies	For every @{1} cloth items crafted, gain @{2} Extra copies
20332	For every @{1} Metal items crafted, gain @{2} Extra copies	For every @{1} Metal items crafted, gain @{2} Extra copies
20333	Increases the Chance of obtaining Rare byproducts by @{1}%	Increases the Chance of obtaining Rare byproducts by @{1}%
20334	Advanced Rewards obtained for Card [${1}] at [${2} Stars]!	Advanced Rewards obtained for Card [${1}] at [${2} Stars]!
20335	Monday, Wednesday, Friday, and Sunday, @{1}:@{2}~@{3}:@{4}	Monday, Wednesday, Friday, and Sunday, @{1}:@{2}~@{3}:@{4}
20336	Party/Raid Status and Gameplay Mechanic Alert Display Area	Party/Raid Status and Gameplay Mechanic Alert Display Area
20337	The host has Agreed to your request to join the mic queue.	The host has Agreed to your request to join the mic queue.
20338	The other player has not unlocked the Tavern Function yet.	The other player has not unlocked the Tavern Function yet.
20339	Failed to purchase the item. Please refresh and try again.	Failed to purchase the item. Please refresh and try again.
20340	Application submitted. Awaiting Adventurer Group approval.	Application submitted. Awaiting Adventurer Group approval.
20341	Your guild position does not meet this item's requirements	Your guild position does not meet this item's requirements
20342	This guild has reached the limit for responding applicants	This guild has reached the limit for responding applicants
20343	Guild Recruitment can only be sent once every @{1} minutes	Guild Recruitment can only be sent once every @{1} minutes
20344	You have already claimed today's daily Monthly Pass reward	You have already claimed today's daily Monthly Pass reward
20345	Action is not the completion action for the current branch	Action is not the completion action for the current branch
20346	No affixes have been unlocked. Replacement is unavailable.	No affixes have been unlocked. Replacement is unavailable.
20347	The System build linked to this personal build is invalid.	The System build linked to this personal build is invalid.
20348	Backpack weight limit reached. Unable to pick up the item.	Backpack weight limit reached. Unable to pick up the item.
20349	This item is temporarily unavailable on the current server	This item is temporarily unavailable on the current server
20350	Incorrect scene type while scenemgr is creating the scene.	Incorrect scene type while scenemgr is creating the scene.
20351	Cannot switch scenes: Player communication entity is null.	Cannot switch scenes: Player communication entity is null.
20352	The Unseal quest can only be started once every @{1} hours	The Unseal quest can only be started once every @{1} hours
20353	Cannot Replace the Formation during a Spirit Tower Battle.	Cannot Replace the Formation during a Spirit Tower Battle.
20354	This product does not exist. Please refresh and try again.	This product does not exist. Please refresh and try again.
20355	Not enough Skill Points for the limited-time guild Tactic.	Not enough Skill Points for the limited-time guild Tactic.
20356	The limited-time guild Tactic draw limit has been reached.	The limited-time guild Tactic draw limit has been reached.
20357	Party member ${1} is not Online. Cannot start matchmaking.	Party member ${1} is not Online. Cannot start matchmaking.
20358	Not enough Backpack space. Rewards have been sent by mail.	Not enough Backpack space. Rewards have been sent by mail.
20359	The Gala Invitation will begin in @{1} minutes. Get ready!	The Gala Invitation will begin in @{1} minutes. Get ready!
20360	Each skill on this Totem increases your Magic ATK by @{1}.	แต่ละทักษะบนโทเทมนี้จะเพิ่มพลังโจมตีเวทย์ของคุณขึ้น@{1}
20361	Carry the aura of a red note to dissolve the matching note	พกพาออร่าโน้ตสีแดงละลายโน้ตที่เข้ากัน
20362	Damage dealt by the Prismatic Earth Dragon -^{1}${1}%^{2}.	ความเสียหายที่สร้างโดยมังกรดินปริซึม -^{1}${1}%^{2}
20363	Submit this build? It cannot be modified after submission.	Submit this build? It cannot be modified after submission.
20364	Try different skill combinations and learn class synergies	Try different skill combinations and learn class synergies
20365	Reduces Movement Speed by @{1}% and damage dealt by @{2}%.	ลดความเร็วในการเคลื่อนที่ลง@{1}% และความเสียหายที่สร้างโดย@{2}%
20366	Restores a certain amount of SP upon Killing an enemy unit	ฟื้นฟู SP จำนวนหนึ่งเมื่อสังหารยูนิตศัตรู
20367	An indicator circle appears under the clone monster's feet	An indicator circle appears under the clone monster's feet
20368	Pass the Dynamite to the nearest player within @{1} meters	ส่งไดนาไมต์ไปยังผู้เล่นที่ใกล้ที่สุดภายในระยะ@{1}เมตร
20369	You encounter some Chonchons along the way. Drive them off.	คุณเจอ Chonchons บ้างระหว่างทางขับไล่พวกเขาออกไป
20370	The Holy Knights guarding the stone pillar block your path.	อัศวินศักดิ์สิทธิ์ที่เฝ้าเสาหินขวางทางของคุณ
20371	Follow the letter's instructions and head to Eastern Payon.	ทำตามคำแนะนำของจดหมายแล้วมุ่งหน้าไปยัง Eastern Payon
20372	Eddga is incredibly powerful and has defeated Boya and Wule	Eddga ทรงพลังอย่างเหลือเชื่อและเอาชนะ Boya และ Wule ได้
20373	The bespectacled middle-aged man ahead may be the professor	ชายวัยกลางคนสวมแว่นข้างหน้าอาจเป็นศาสตราจารย์
20374	Affects the CRIT chance of Damage Skills and healing skills	Affects the CRIT chance of Damage Skills and healing skills
20375	This item will be removed at the end of the current Season.	This item will be removed at the end of the current Season.
20376	Reset the center of the Auto Mode Range after movement ends	Reset the center of the Auto Mode Range after movement ends
20377	You don't have any Mana Crystals yet. Go collect some more.	You don't have any Mana Crystals yet. Go collect some more.
20378	Tell Captain Aikuni what You think about using the handbook	บอก Captain ไอคุนิว่าคุณคิดอย่างไรเกี่ยวกับการใช้คู่มือนี้
20379	Hawke has found a New Clue about the Professor. Talk to him	Hawke พบเบาะแสใหม่เกี่ยวกับ Professor คุยกับเขา
20380	Continue the Search for the Relic and the Professor's party	ดำเนินการค้นหาโบราณวัตถุและงานเลี้ยงของ Professor ต่อไป
20381	Take part in events and enjoy your adventures in this world	เข้าร่วมกิจกรรมและสนุกไปกับการผจญภัยของคุณในโลกนี้
20382	Rent a Demonic Wolf (available after you Learn Wolf Taming)	Rent a Demonic Wolf (ใช้ได้หลังจากที่คุณเรียนรู้ Wolf Taming)
20383	Automatically Revive after <color=#76c233>${1} sec.</color>	Automatically Revive after <color=#76c233>${1} sec.</color>
20384	Deletion failed. This mail has been deleted or has expired.	Deletion failed. This mail has been deleted or has expired.
20385	Like is only the beginning. My love for you will never end~	Like is only the beginning. My love for you will never end~
20386	Show today's received invitations in a notification window.	Show today's received invitations in a notification window.
20387	Not all members of the five-player party have been summoned	Not all members of the five-player party have been summoned
20388	Impeachment initiated, waiting for other members to respond	Impeachment initiated, waiting for other members to respond
20389	I helped you load ${1} ${2} during the Guild Caravan event.	I helped you load ${1} ${2} during the Guild Caravan event.
20390	Physical DEF and Magic DEF +${1}%, Healing Received +${2}%.	DEF กายภาพและ DEF เวทมนตร์ +${1}%, การรักษาที่ได้รับ + ​​${2}%
20391	Shield mastery reduces damage taken from monsters by @{1}%.	ความเชี่ยวชาญของโล่จะลดความเสียหายที่ได้รับจากมอนสเตอร์ลง@{1}%
20392	Attacks have a @{1}% Chance to recover @{2} HP. No cooldown	มีโอกาส@{1}% ที่จะฟื้นฟู HP ของ@{2}ไม่มีคูลดาวน์
20393	Self-heal, recovering @{1}% Max Life per sec. for @{2} sec.	ฟื้นฟูตัวเอง ฟื้นฟู@{1}% พลัง Life สูงสุดต่อวินาทีสำหรับ@{2}วินาที
20394	Loses HP equal to @{1}% of the applier's Fire Magic Damage.	สูญเสีย HP เท่ากับ@{1}% ของความเสียหายเวทย์ไฟของผู้ใช้งาน
20395	Movement Speed increased by @{1}%. Stacks up to @{2} times.	ความเร็วในการเคลื่อนที่เพิ่มขึ้น@{1}%ซ้อนได้สูงสุด@{2}เท่า
20396	Unique Effect: CRIT +${1}. Each stack grants an Extra ${2}.	เอฟเฟกต์เฉพาะ: CRIT +${1}แต่ละสแต็กให้สิทธิ์ Extra${2}
20397	For every ${1} VIT, increases Max Life by ${2}, up to ${3}.	สำหรับทุก ๆ${1}VIT จะเพิ่ม Max Life ขึ้น${2}สูงสุด${3}
20398	【Meteor Storm】 and 【Heaven's Drive】 deal ${1}% more damage.	【Meteor Storm】 และ 【Heaven's Drive】 สร้างความเสียหายได้มากขึ้น${1}%
20399	【Magic Crasher】 and 【Napalm Vulcan】 deal ${1}% more damage.	【Magic Crasher】 และ 【Napalm Vulcan】 สร้างความเสียหายได้มากขึ้น${1}%
20400	Create Lower-Right @{1} NPC @{2}-@{3} when the event begins	Create Lower-Right @{1} NPC @{2}-@{3} when the event begins
20401	Off-hand cards are inactive while using a two-handed weapon	Off-hand cards are inactive while using a two-handed weapon
20402	s@{1} Large Card Pool - Lv. @{2} (Special Novice Card Pool)	s@{1} Large Card Pool - Lv. @{2} (Special Novice Card Pool)
20403	Damage against ${1} Resonance <color=#50A22B>+${2}%</color>	Damage against ${1} Resonance <color=#50A22B>+${2}%</color>
20404	Damage against ${1} Resonance <color=#B05142>-${2}%</color>	Damage against ${1} Resonance <color=#B05142>-${2}%</color>
20405	You have not joined an expedition and cannot claim rewards.	You have not joined an expedition and cannot claim rewards.
20406	"Two core classes for ""Autocast"" builds are Mage and Wizard."	"Two core classes for ""Autocast"" builds are Mage and Wizard."
20407	Spend materials to incubate and open ${1} Pet Eggs at once?	Spend materials to incubate and open ${1} Pet Eggs at once?
20408	Equipment Refining greatly improves your equipment's stats.	Equipment Refining greatly improves your equipment's stats.
20409	Tap the Mount button to ride your adorable, charming mount!	Tap the Mount button to ride your adorable, charming mount!
20410	Oh no!! Tap Struggle to break free from the Maya's grasp!!!	Oh no!! Tap Struggle to break free from the Maya's grasp!!!
20411	Having trouble? Don't worry—Bobo will show you how to play!	Having trouble? Don't worry—Bobo will show you how to play!
20412	It's time to put your true strength to the test. Follow me~	It's time to put your true strength to the test. Follow me~
20413	The Dummy is in the Training Ground. Enter from here, bobo~	The Dummy is in the Training Ground. Enter from here, bobo~
20414	Welcome to the ${1} guild family! Go say hello to everyone!	Welcome to the ${1} guild family! Go say hello to everyone!
20415	Unfortunately, Guild 【${1}】 declined your purchase request.	Unfortunately, Guild 【${1}】 declined your purchase request.
20416	Congratulations on completing the task! Here's your reward!	Congratulations on completing the task! Here's your reward!
20417	Have you seen our little Jugem bouncing around and playing?	Have you seen our little Jugem bouncing around and playing?
20418	Did you know? The Witherless Rose only grows in the desert.	Did you know? The Witherless Rose only grows in the desert.
20419	Stop staring at the floor. Look up and remember this place.	Stop staring at the floor. Look up and remember this place.
20420	Fresh fruits and vegetables! Come take a look and buy some!	Fresh fruits and vegetables! Come take a look and buy some!
20421	That little girl's bag looks just like our granddaughter's.	That little girl's bag looks just like our granddaughter's.
20422	Hey, rookie! How's it feel? This view is amazing, isn't it?	Hey, rookie! How's it feel? This view is amazing, isn't it?
20423	Hey, ^{1}PlayerName^{2} worked really hard to get all this!	Hey, ^{1}PlayerName^{2} worked really hard to get all this!
20424	Could it belong to the Professor? Hurry, let's take a look.	Could it belong to the Professor? Hurry, let's take a look.
20425	Congratulations! You've learned the secret of Pet Hatching.	Congratulations! You've learned the secret of Pet Hatching.
20426	Guild Challenge: Eternal Land - ${1} difficulty is now open	Guild Challenge: Eternal Land - ${1} difficulty is now open
20427	Continuously gain large amounts of EXP during Blessing Time	Continuously gain large amounts of EXP during Blessing Time
20428	Quick! Load the ice shells and shoot Fafnir out of the sky!	Quick! Load the ice shells and shoot Fafnir out of the sky!
20429	Our ^{1}${1}^{2} destroyed the enemy ^{3}Battering Ram^{4}!	Our ^{1}${1}^{2} destroyed the enemy ^{3}Battering Ram^{4}!
20430	^{1}【Notice】^{2}Our forces are assaulting the control point	^{1}【Notice】^{2}Our forces are assaulting the control point
20431	Hurry to the blue note with your teammates and dispel it!!!	Hurry to the blue note with your teammates and dispel it!!!
20432	Men! Charge! Take this ship, and everything aboard is ours!	Men! Charge! Take this ship, and everything aboard is ours!
20433	^{1}^{2}${2}^{3} terminated ^{4}${4}^{5}'s ${5}-Killstreak!	^{1}^{2}${2}^{3} terminated ^{4}${4}^{5}'s ${5}-Killstreak!
20434	${1} has been appointed to the ${2} position in this guild.	${1} has been appointed to the ${2} position in this guild.
20435	${1} has been removed from the ${2} position in this guild.	${1} has been removed from the ${2} position in this guild.
20436	${1} spent ${2} Guild Supplies to Level-up the ${3} effect.	${1} spent ${2} Guild Supplies to Level-up the ${3} effect.
20437	Bewitched Passerby\n...Ah, I offer this to you, to... what?	Bewitched Passerby\n...Ah, I offer this to you, to... what?
20438	(Wipes away tears) We're saved... Thank you, our saviors...	(Wipes away tears) We're saved... Thank you, our saviors...
20439	There are more crates ahead. Let's check them out together!	There are more crates ahead. Let's check them out together!
20440	Bobo\nWaaaaah! I can't keep my balance... What's happening?	Bobo\nWaaaaah! I can't keep my balance... What's happening?
20441	Bobo\nOh no! The Captain looks hurt! Let's go check on him!	Bobo\nOh no! The Captain looks hurt! Let's go check on him!
20442	Captain\nDamn... Don't tell me they have... reinforcements?	Captain\nDamn... Don't tell me they have... reinforcements?
20443	Tch... No idea what you were acting so smug about at first.	Tch... No idea what you were acting so smug about at first.
20444	There are currently no Event Auctions underway. Stay tuned!	There are currently no Event Auctions underway. Stay tuned!
20445	There are currently no World Auctions underway. Stay tuned!	There are currently no World Auctions underway. Stay tuned!
20446	Activate the Night Judgment Costume Appearance (Permanent).	เปิดใช้งานลักษณะเครื่องแต่งกาย Night Judgement (ถาวร)
20447	Mount · Fish of the Northern Deep can be unlocked upon use.	Mount · ปลาแห่งทะเลลึกตอนเหนือสามารถปลดล็อคได้เมื่อใช้งาน
20448	Mount · Orchid Waterside Pavilion can be unlocked upon use.	Mount · Orchid Waterside Pavilion สามารถปลดล็อคได้เมื่อใช้งาน
20449	Open to receive 1 random item from the following selection.	Open รับไอเทมสุ่ม 1 ชิ้นจากตัวเลือกต่อไปนี้
20450	Open to select and receive one T@{1} Orange equipment item.	Open เลือกรับอุปกรณ์ T@{1}Orange จำนวน 1 ชิ้น
20451	Item used to Level-up a Divine Arts Totem. Grants @{1} EXP.	ไอเทมที่ใช้ในการอัพเลเวล Divine Arts Totem ให้ EXP@{1}
20452	Fine Tier @{1} Green Equipment with impressive ATK and DEF.	Fine Tier@{1}Green Equipment พร้อม ATK และ DEF ที่น่าประทับใจ
20453	A gemstone that glows Green. Can be exchanged for Headwear.	อัญมณีที่เปล่งประกายสีเขียว สามารถเปลี่ยนเป็น Headwear ได้
20454	Use to unlock the Guild Emblem: Proof of the Hunt · Warden.	ใช้เพื่อปลดล็อค Guild Emblem: Proof of the Hunt · Warden
20455	Wearing this on your ear fills you with a mysterious power.	การสวมสิ่งนี้บนหูของคุณจะช่วยเติมเต็มพลังอันลึกลับให้กับคุณ
20456	The Spear used by a Soldier named Longinus to kill a saint.	Spear ที่ Soldier ชื่อ Longinus ใช้เพื่อสังหารนักบุญ
20457	A Spear guaranteed to strike once it locks onto its target.	Spear รับประกันว่าจะโจมตีเมื่อล็อคเข้ากับเป้าหมาย
20458	A highly valuable Crystal infused with concentrated energy.	คริสตัลล้ำค่าที่อัดแน่นไปด้วยพลังงานอันเข้มข้น
20459	Only Divine Art Totems of the same quality can be combined.	Only Divine Art Totems of the same quality can be combined.
20460	Chance to unlock a new slot or replace an existing Enchant.	Chance to unlock a new slot or replace an existing Enchant.
20461	<color=#FDAB5B>${1}</color> led the party to a First Clear!	<color=#FDAB5B>${1}</color> led the party to a First Clear!
20462	Vigor cost for crafting Lv. @{1} recipes is reduced by @{2}	Vigor cost for crafting Lv. @{1} recipes is reduced by @{2}
20463	After gathering successfully, gain @{1} Extra main products	After gathering successfully, gain @{1} Extra main products
20464	Reduces Vivify consumed when logging Lv. @{1} trees by @{2}	Reduces Vivify consumed when logging Lv. @{1} trees by @{2}
20465	Go forth and train, sharpening your edge with every Battle;	Go forth and train, sharpening your edge with every Battle;
20466	Activate the brazier's invisible wall when the event begins	Activate the brazier's invisible wall when the event begins
20467	Destroy the stands, NPCs, and Fireworks when the event ends	Destroy the stands, NPCs, and Fireworks when the event ends
20468	Create Upper-Right @{1} NPC @{2}-@{3} when the event begins	Create Upper-Right @{1} NPC @{2}-@{3} when the event begins
20469	Start Program @{3} @{2} ms after Campfire Phase @{1} begins	Start Program @{3} @{2} ms after Campfire Phase @{1} begins
20470	You can switch modes later under Settings - Basic - PC Mode	You can switch modes later under Settings - Basic - PC Mode
20471	Equipment you cannot equip cannot be placed in Quick Items.	Equipment you cannot equip cannot be placed in Quick Items.
20472	At Season Settlement, have ${1} Season tiers reach Lv. ${2}	At Season Settlement, have ${1} Season tiers reach Lv. ${2}
20473	You already have a tavern. Leave your current tavern, ${1}?	You already have a tavern. Leave your current tavern, ${1}?
20474	You cannot enter because you are on this room's Blocks list	You cannot enter because you are on this room's Blocks list
20475	This item is undergoing Settlement and cannot be Withdrawn.	This item is undergoing Settlement and cannot be Withdrawn.
20476	The item has already been sold. There is nothing to delist.	The item has already been sold. There is nothing to delist.
20477	The Adventurer Guild declaration contains prohibited words.	The Adventurer Guild declaration contains prohibited words.
20478	All materials of Purple Quality or lower have been selected	All materials of Purple Quality or lower have been selected
20479	Life Skill Vigor will overflow. Cannot Continue using this.	Life Skill Vigor will overflow. Cannot Continue using this.
20480	Another player placed a Bid at the same time. Please Retry.	Another player placed a Bid at the same time. Please Retry.
20481	Already qualified in another region. Cannot switch regions.	Already qualified in another region. Cannot switch regions.
20482	All teammates are in good health and do not need to Revive.	All teammates are in good health and do not need to Revive.
20483	Only Soul Echoes from the current scenario can be deployed.	Only Soul Echoes from the current scenario can be deployed.
20484	Wrong Job: The skill's job does not match the player's job.	Wrong Job: The skill's job does not match the player's job.
20485	A Member is in a Dungeon. The party size cannot be changed.	A Member is in a Dungeon. The party size cannot be changed.
20486	Increases the skill multiplier of 【Comet】 by ^{1}${1}%^{2}.	เพิ่มตัวคูณทักษะของ 【Comet】 โดย ^{1}${1}%^{2}
20487	Permanently increases Physical ATK by ${1} and DEX by ${2}.	เพิ่ม ATK ทางกายภาพอย่างถาวรโดย${1}และ DEX โดย${2}
20488	Purchase <color=#fe993f>30</color> days at once to receive:	Purchase <color=#fe993f>30</color> days at once to receive:
20489	Cannot Enter another Dungeon during Placement confirmation.	Cannot Enter another Dungeon during Placement confirmation.
20490	Guild Technology does not meet the Requirement to level up:	Guild Technology does not meet the Requirement to level up:
20491	Gitan died long ago. Gitan has no regrets. Gitan isn't bad.	Gitan died long ago. Gitan has no regrets. Gitan isn't bad.
20492	You are outside the barrier and continuously taking damage.	You are outside the barrier and continuously taking damage.
20493	Maximum Floors of all your healing buffs increased by @{1}.	ชั้นสูงสุดของบัฟการรักษาทั้งหมดของคุณเพิ่มขึ้น@{1}
20494	Magic damage buff: Each Floor increases Magic ATK by @{1}%.	บัฟความเสียหายเวทย์: แต่ละชั้นจะเพิ่ม ATK เวทย์มนตร์@{1}%
20495	Carry the aura of a blue note to dissolve the matching note	พกพาออร่าของโน้ตสีน้ำเงินเพื่อละลายโน้ตที่เข้ากัน
20496	Burrows underground, becoming immune to damage and Debuffs.	โพรงใต้ดิน ต้านทานความเสียหายและดีบัฟ
20497	Select a Divine Arts Totem Preset in the upper-right corner	Select a Divine Arts Totem Preset in the upper-right corner
20498	For every @{1}% Life lost, damage dealt increases by ${1}%.	สำหรับทุก ๆ@{1}% พลัง Life ที่สูญเสียไป ความเสียหายที่เกิดขึ้นจะเพิ่มขึ้น${1}%
20499	Increases the CRIT of offensive pet active skills by ${1}%.	เพิ่ม CRIT ของทักษะการใช้งานสัตว์เลี้ยงที่น่ารังเกียจขึ้น${1}%
20500	Changes armor property to Water. Active only for the caster	เปลี่ยนคุณสมบัติของเกราะเป็นน้ำใช้งานได้เฉพาะผู้ร่ายเท่านั้น
20501	Changes armor property to Earth. Active only for the caster	เปลี่ยนคุณสมบัติของเกราะเป็น Earth ใช้งานได้เฉพาะผู้ร่ายเท่านั้น
20502	A party Member has already joined another Adventurer Group.	A party Member has already joined another Adventurer Group.
20503	You've reached today's limit for receiving gifted Crystals.	You've reached today's limit for receiving gifted Crystals.
20504	The Party Leader selects a sapling and hangs the declaration	Party Leader เลือกต้นอ่อนและแขวนประกาศ
20505	[Reserved] Participate in the Guild Bonfire event @{1} times	[Reserved] เข้าร่วมกิจกรรม BonfireGuild@{1}ครั้ง
20506	Find the Head Job Advance Mentor and begin your Job Advance.	ค้นหาหัวหน้าที่ปรึกษางานล่วงหน้า และเริ่มต้นงานของคุณล่วงหน้า
20507	Choose your desired job and complete your first Job Advance.	เลือกงานที่คุณต้องการและทำ Job Advance ครั้งแรกให้เสร็จสิ้น
20508	Learn about the Eden Group from the Head Job Advance Mentor.	เรียนรู้เกี่ยวกับ Eden Group จาก Head Job Advance Mentor
20509	The Eden Group Chief entrusts you with an important mission.	หัวหน้ากลุ่ม Eden มอบภารกิจสำคัญให้กับคุณ
20510	Make friends. Let's Run Dungeons together—it'll be a breeze!	หาเพื่อนใหม่มาเล่นดันเจี้ยนด้วยกัน—ทุกอย่างจะเป็นเรื่องง่าย!
20511	Affects the damage of the character's Physical Damage Skills	Affects the damage of the character's Physical Damage Skills
20512	Reduces the Chance of the character receiving a critical hit	Reduces the Chance of the character receiving a critical hit
20513	You were removed from the event area for being AFK too long.	You were removed from the event area for being AFK too long.
20514	Your party successfully delivered the supply transport cart.	Your party successfully delivered the supply transport cart.
20515	Continue exploring and follow Fervor into Culvert Floor @{1}	สำรวจต่อและติดตาม Fervor เข้าไปใน Culvert@{1}
20516	Tap to activate when the prerequisite Star reaches Max level	Tap to activate when the prerequisite Star reaches Max level
20517	A high-quality attribute is currently available. Discard it?	A high-quality attribute is currently available. Discard it?
20518	For every @{1} professions that reach Adept, Max Vigor +@{2}	For every @{1} professions that reach Adept, Max Vigor +@{2}
20519	^{1}^{2}^{3}Magic^{4}^{5}^{6}\n^{7}^{8}^{9}ST^{10}^{11}^{12}	^{1}^{2}^{3}Magic^{4}^{5}^{6}\n^{7}^{8}^{9}ST^{10}^{11}^{12}
20520	Test Limited-Time Pool @{1} - Open for @{2} Days from Launch	Test Limited-Time Pool @{1} - Open for @{2} Days from Launch
20521	Active: <color=#7E7361>${1} ≤ Weekly Activity ≤ ${2}</color>	Active: <color=#7E7361>${1} ≤ Weekly Activity ≤ ${2}</color>
20522	Very Inactive: <color=#7E7361>Weekly Activity ＜ ${1}</color>	Very Inactive: <color=#7E7361>Weekly Activity ＜ ${1}</color>
20523	This message will be Sent to all Guild Members. Send it now?	This message will be Sent to all Guild Members. Send it now?
20524	The caravan has departed. It will return after 5:00 Tomorrow	The caravan has departed. It will return after 5:00 Tomorrow
20525	You cannot help load an item you submitted through Get Help.	You cannot help load an item you submitted through Get Help.
20526	Party does not meet the required number of different classes	Party does not meet the required number of different classes
20527	^{1}^{2}【Crazy Uproar】^{3}^{4}Extra VIT +${1} and LUK +${2}.	^{1}^{2}【Crazy Uproar】^{3}^{4}Extra VIT +${1}และ LUK +${2}.
20528	Control effects cannot interrupt casting. Variable CT +@{1}%	เอฟเฟกต์การ Control ไม่สามารถขัดจังหวะการร่ายได้ตัวแปร CT +@{1}%
20529	STR, INT, and DEX each increase by @{1} points for @{2} sec.	STR, INT และ DEX เพิ่มขึ้นแต่ละจุด@{1}สำหรับ@{2}วินาที
20530	While ^{1}^{2}[Increase AGI]^{3}^{4} is active, ASPD +${1}%.	ในขณะที่ ^{1}^{2}[Increase AGI]^{3}^{4}ทำงานอยู่, ASPD +${1}%
20531	For every ${1} INT, increases Magic ATK by ${2}, up to ${3}.	สำหรับทุก ๆ${1}INT จะเพิ่ม Magic ATK ขึ้น${2}สูงสุด${3}
20532	For every ${1} DEX, increases Magic ATK by ${2}, up to ${3}.	สำหรับทุก ๆ${1}DEX จะเพิ่ม Magic ATK ขึ้น${2}สูงสุด${3}
20533	【Storm Gust】 and 【Lord of Vermilion】 deal ${1}% more damage.	【Storm Gust】 และ 【Lord of Vermilion】 สร้างความเสียหายได้มากขึ้น${1}%
20534	Remove the normal brazier when the campfire reaches Lv. @{1}	Remove the normal brazier when the campfire reaches Lv. @{1}
20535	Third-Prize Preview @{2} ms after Campfire Phase @{1} begins	Third-Prize Preview @{2} ms after Campfire Phase @{1} begins
20536	First-Prize Preview @{2} ms after Campfire Phase @{1} begins	First-Prize Preview @{2} ms after Campfire Phase @{1} begins
20537	The current skill point allocation has not been saved. Exit?	The current skill point allocation has not been saved. Exit?
20538	You cannot change your skill point allocation during combat.	You cannot change your skill point allocation during combat.
20539	Strouf has gone completely berserk! Watch out for the waves!	Strouf has gone completely berserk! Watch out for the waves!
20540	A fluffy Fox tail. Will wearing it turn you into a real Fox?	A fluffy Fox tail. Will wearing it turn you into a real Fox?
20541	Your high-rate idle time has run out. Go check your rewards.	Your high-rate idle time has run out. Go check your rewards.
20542	Spiral Pierce is one of the four main Assassin Cross builds.	Spiral Pierce is one of the four main Assassin Cross builds.
20543	${1}x${2} was bought by </color> <color=#63A22B>${3}</color>	${1}x${2} was bought by </color> <color=#63A22B>${3}</color>
20544	Repeat pets will automatically be dismantled into Pet Shards	Repeat pets will automatically be dismantled into Pet Shards
20545	Pick it! Pick it! It's an essential weapon for every Novice!	Pick it! Pick it! It's an essential weapon for every Novice!
20546	Pick whichever slot looks good. No need to overthink it, bo~	Pick whichever slot looks good. No need to overthink it, bo~
20547	All set—I've packed it up for you. Thanks for your business!	All set—I've packed it up for you. Thanks for your business!
20548	If you have no business with me, please get out of my sight!	If you have no business with me, please get out of my sight!
20549	You have not yet reached ${1}. Advance further to view this.	You have not yet reached ${1}. Advance further to view this.
20550	Set yourself a goal, work hard, and come Learn here someday.	Set yourself a goal, work hard, and come Learn here someday.
20551	Are you here on vacation? Is this your first time in Izlude?	Are you here on vacation? Is this your first time in Izlude?
20552	One at a time! No need to rush. There's plenty for everyone.	One at a time! No need to rush. There's plenty for everyone.
20553	And You will be the only one capable of deciding their fate.	And You will be the only one capable of deciding their fate.
20554	^{1}【Warning】^{2}Our [Right-Lane City Guard] is under attack	^{1}【Warning】^{2}Our [Right-Lane City Guard] is under attack
20555	Enemy ^{1}${1}^{2} defeated the left-lane ^{3}Protector^{4}!	Enemy ^{1}${1}^{2} defeated the left-lane ^{3}Protector^{4}!
20556	Ilmatar's Shadow will appear at the edge. Defeat it quickly!	Ilmatar's Shadow will appear at the edge. Defeat it quickly!
20557	It's those damn sky pirates! They just won't leave us alone!	It's those damn sky pirates! They just won't leave us alone!
20558	Heretical dancers who remain in the darkness will face Judex	Heretical dancers who remain in the darkness will face Judex
20559	${1} has officially been founded. From now on, we're family!	${1} has officially been founded. From now on, we're family!
20560	(Panting) Rookie, you shouldn't have come... Cough, cough...	(Panting) Rookie, you shouldn't have come... Cough, cough...
20561	Ah! Why is the sand moving?! No good, I'm being sucked in!!!	Ah! Why is the sand moving?! No good, I'm being sucked in!!!
20562	You're no good at hide-and-seek! Hahaha! Play with me again~	You're no good at hide-and-seek! Hahaha! Play with me again~
20563	Merchant\nF-Fine... You win. You got the better of me today!	Merchant\nF-Fine... You win. You got the better of me today!
20564	Bobo\nWhoa! What's going on?! There are monsters everywhere!	Bobo\nWhoa! What's going on?! There are monsters everywhere!
20565	Permanently unlocks the Grand Peco Hair Accessory appearance	ปลดล็อครูปลักษณ์ Grand Peco Hair Accessory อย่างถาวร
20566	Open the gift box to receive one random Refinement Material.	Open กล่องของขวัญเพื่อรับวัสดุปรับแต่งแบบสุ่มหนึ่งชิ้น
20567	Open to receive a certain number of Unclaimed Soul Crystals.	Open เพื่อรับ Soul Crystals ที่ไม่มีการอ้างสิทธิ์จำนวนหนึ่ง
20568	Contents vary depending on the Season in which it is opened.	จะแตกต่างกันไปขึ้นอยู่กับฤดูกาลที่เปิด
20569	Beginner's Chest--Can be opened upon reaching Base Lv. @{1}.	Beginner's Chest--สามารถเปิดได้เมื่อถึง Base Lv.@{1}.
20570	A roll woven from hemp cloth, used to make simple equipment.	ม้วนทอจากผ้าป่านใช้ทำอุปกรณ์ง่ายๆ
20571	A reward obtained by helping with Guild Caravan submissions.	รางวัลที่ได้รับจากการช่วยส่งคาราวาน Guild
20572	A gemstone that glows Purple. Can be exchanged for Headwear.	อัญมณีที่เปล่งประกายสีม่วง สามารถเปลี่ยนเป็น Headwear ได้
20573	A gemstone that glows Yellow. Can be exchanged for Headwear.	อัญมณีที่เปล่งประกายสีเหลือง สามารถเปลี่ยนเป็น Headwear ได้
20574	A Plant's long, slender stem. Can be exchanged for Headwear.	ลำต้นเรียวยาวของพืช สามารถเปลี่ยนเป็น Headwear ได้
20575	Once the energy is full, you can make a Wish to the Goddess.	Once the energy is full, you can make a Wish to the Goddess.
20576	Use to unlock the guild Frame: Hunting Emblem · Executioner.	ใช้เพื่อปลดล็อคเฟรมกิลด์: Hunting Emblem · Executioner
20577	Use to unlock the Guild Emblem: Proof of the Hunt · Pursuer.	ใช้เพื่อปลดล็อค Guild Emblem: Proof of the Hunt · Pursuer
20578	A hard, lustrous crystal. Can be used for Equipment Forging.	คริสตัลที่แข็งและเป็นมันเงา สามารถใช้สำหรับการตีอุปกรณ์ได้
20579	A ticket that increases the maximum number of storage slots.	ตั๋วที่เพิ่มจำนวนช่องเก็บของสูงสุด
20580	Activated Soul Echo Resonance does not meet the requirements	Activated Soul Echo Resonance does not meet the requirements
20581	Challenge unlocks at World Level <color=#dd563f>${1}</color>	Challenge unlocks at World Level <color=#dd563f>${1}</color>
20582	After gathering successfully, gain @{1}% Extra gathering EXP	After gathering successfully, gain @{1}% Extra gathering EXP
20583	Tuesday, Thursday, Saturday, and Sunday, @{1}:@{2}~@{3}:@{4}	Tuesday, Thursday, Saturday, and Sunday, @{1}:@{2}~@{3}:@{4}
20584	Are you sure you want to remove this player from the tavern?	Are you sure you want to remove this player from the tavern?
20585	Today's active time in the Tavern is less than ${1} seconds.	Today's active time in the Tavern is less than ${1} seconds.
20586	The Tavern has been reported. You cannot speak at this time.	The Tavern has been reported. You cannot speak at this time.
20587	Only items in the public notice period can be Pre-purchased.	Only items in the public notice period can be Pre-purchased.
20588	The item was Traded or delisted. Failed to change the price.	The item was Traded or delisted. Failed to change the price.
20589	The other guild is under impeachment and cannot Merge Guild.	The other guild is under impeachment and cannot Merge Guild.
20590	This player is not a Guild Member and cannot be set as Elite	This player is not a Guild Member and cannot be set as Elite
20591	The Guild Store level does not meet this item's requirements	The Guild Store level does not meet this item's requirements
20592	Insufficient attribute value. Unable to perform this action.	Insufficient attribute value. Unable to perform this action.
20593	Stronghold War Auction - Bid is below the Increase Bid range	Stronghold War Auction - Bid is below the Increase Bid range
20594	The scene is pending deletion while scenemgr is creating it.	The scene is pending deletion while scenemgr is creating it.
20595	Drops a meteor at the locations of the @{1} farthest players	ปล่อยดาวตกไปยังตำแหน่งของผู้เล่น@{1}ที่อยู่ไกลที่สุด
20596	Cannot perform this action while impeachment is in progress.	Cannot perform this action while impeachment is in progress.
20597	There's only one thing I need! A four-leaf Lucky Cloverrrrr!	There's only one thing I need! A four-leaf Lucky Cloverrrrr!
20598	When a dagger is equipped, Attack Speed +@{1} and AGI +@{2}.	เมื่อติดตั้งกริช ความเร็วโจมตี +@{1}และ AGI +@{2}
20599	Carry the aura of a green note to dissolve the matching note	พกพาออร่าของโน้ตสีเขียวเพื่อละลายโน้ตที่เข้ากัน
20600	Increases Increased Damage to Medium Monsters by ${1}%~${2}%	เพิ่มความเสียหายให้กับมอนสเตอร์ขนาดกลางโดย${1}%~${2}%
20601	Distance to the Treasure: <color=#FF993F>${1}</color> meters	Distance to the Treasure: <color=#FF993F>${1}</color> meters
20602	The Distance between you is too great to perform a Duo Action	The Distance between you is too great to perform a Duo Action
20603	The other player is currently busy and cannot use Interaction	The other player is currently busy and cannot use Interaction
20604	Your favorite actions have not been saved. Close this screen?	Your favorite actions have not been saved. Close this screen?
20605	Complete the current node to preview areas in other chapters.	Complete the current node to preview areas in other chapters.
20606	The woman says some baffling things and gives you a necklace.	ผู้หญิงคนนั้นพูดเรื่องน่างงงวยและมอบสร้อยคอให้คุณ
20607	The man turns out to be the Professor. Ask him what happened.	ชายคนนั้นกลายเป็น Professor ถามเขาว่าเกิดอะไรขึ้น
20608	The Elder Lady gives you a Flying mount so you won't get lost	The Elder Lady มอบพาหนะบินให้คุณเพื่อที่คุณจะได้ไม่หลงทาง
20609	Take your first step into exploring the continent of Midgard.	ก้าวแรกสู่การสำรวจทวีป Midgard
20610	Boya and Wule are talking to someone. Go see what's happening	Boya และ Wule กำลังคุยกับใครบางคนไปดูสิ่งที่เกิดขึ้น
20611	Ask Hawk, the camp manager, about the professor's whereabouts	ถามฮอว์ก ผู้จัดการค่าย เกี่ยวกับที่อยู่ของศาสตราจารย์
20612	Adds an Extra attack that ignores DEF when calculating damage	Adds an Extra attack that ignores DEF when calculating damage
20613	Increases the effects of Shield Skills applied to you by ${1}	Increases the effects of Shield Skills applied to you by ${1}
20614	Increases the Shield effect of Shield skills you cast by ${1}	Increases the Shield effect of Shield skills you cast by ${1}
20615	"Unlocked after using the item ""Netherworld - Shattered Tower"""	"Unlocked after using the item ""Netherworld - Shattered Tower"""
20616	The professor is probably at the location marked in the notes	อาจารย์น่าจะอยู่ที่ตำแหน่งที่ทำเครื่องหมายไว้ในบันทึก
20617	Go to the port and help the Caravan Members arrange the cargo	ไปที่ท่าเรือและช่วย Caravan Members ในการจัดเตรียมสินค้า
20618	Refine attributes take effect once the equipment is equipped.	Refine attributes take effect once the equipment is equipped.
20619	Trade failed. All Currency has been refunded to your mailbox.	Trade failed. All Currency has been refunded to your mailbox.
20620	Complete missions during the event to earn even more rewards!	Complete missions during the event to earn even more rewards!
20621	Engraving is a reward for players who own premium appearances	Engraving is a reward for players who own premium appearances
20622	For every @{1} professions that reach Expert, Max Vigor +@{2}	For every @{1} professions that reach Expert, Max Vigor +@{2}
20623	^{1}^{2}^{3}Magic^{4}^{5}^{6}\n^{7}^{8}^{9}AoE^{10}^{11}^{12}	^{1}^{2}^{3}Magic^{4}^{5}^{6}\n^{7}^{8}^{9}AoE^{10}^{11}^{12}
20624	After purchasing a paid item, please claim it from your mail.	After purchasing a paid item, please claim it from your mail.
20625	This is already the same Party type. No conversion is needed.	This is already the same Party type. No conversion is needed.
20626	Former Guild Names: ${1}; ${2}; ${3}; ${4}; ${5} (Deprecated)	Former Guild Names: ${1}; ${2}; ${3}; ${4}; ${5} (Deprecated)
20627	You can only Get Help for this item 1 time every ${1} minutes	You can only Get Help for this item 1 time every ${1} minutes
20628	^{1}^{2}[Maximize Power]^{3}^{4} Increases your PATK by ${1}.	^{1}^{2}[Maximize Power]^{3}^{4}เพิ่ม PATK ของคุณโดย${1}
20629	Control effects cannot interrupt casting. Variable CT +@{1}%.	เอฟเฟกต์การ Control ไม่สามารถขัดจังหวะการร่ายได้ CT ตัวแปร +@{1}%
20630	When hit, Deals Physical damage. Nearby enemies are affected.	เมื่อถูกโจมตี สร้างความเสียหายทางกายภาพศัตรูที่อยู่ใกล้เคียงจะได้รับผลกระทบ
20631	Increases your and your allies' Movement Speed and HP recover	เพิ่มความเร็วในการเคลื่อนที่ของคุณและพันธมิตรและการฟื้นฟู HP
20632	Reduces damage taken by @{1}% after entering a relay station.	ลดความเสียหายที่ได้รับโดย@{1}% หลังจากเข้าสู่สถานีรีเลย์
20633	Immune to damage for up to @{1} sec. Ends upon using a skill.	ภูมิคุ้มกันต่อความเสียหายสูงสุด@{1}วินาทีสิ้นสุดเมื่อใช้ทักษะ
20634	To enter the game, check the box to agree to the terms below.	To enter the game, check the box to agree to the terms below.
20635	When ^{1}^{2}[Assumptio]^{3}^{4} reaches Lv. ${1}, VIT +${2}.	เมื่อ ^{1}^{2}[Assumptio]^{3}^{4}ถึง Lv.${1}, VIT +${2}.
20636	^{1}^{2}[Adrenaline Rush]^{3}^{4} grants an Extra ${1}% ASPD.	^{1}^{2}[Adrenaline Rush]^{3}^{4}ให้${1}% ASPD พิเศษ
20637	Create an Advanced Brazier when the Campfire reaches Lv. @{1}	Create an Advanced Brazier when the Campfire reaches Lv. @{1}
20638	Second-Prize Preview @{2} ms after Campfire Phase @{1} begins	Second-Prize Preview @{2} ms after Campfire Phase @{1} begins
20639	Program @{3} Preview @{2} ms after Campfire Phase @{1} begins	Program @{3} Preview @{2} ms after Campfire Phase @{1} begins
20640	Pharaoh summons ^{1}illusions^{2} that damage nearby enemies.	Pharaoh summons ^{1}illusions^{2} that damage nearby enemies.
20641	After charging, Drake damages^{1}a fan-shaped area ahead^{2}.	After charging, Drake damages^{1}a fan-shaped area ahead^{2}.
20642	Your changes have not been saved. Exit skill allocation mode?	Your changes have not been saved. Exit skill allocation mode?
20643	Are you sure you want to remove this player from the channel?	Are you sure you want to remove this player from the channel?
20644	Another Stall is nearby. Please move to a different location.	Another Stall is nearby. Please move to a different location.
20645	Everyone is welcome to join! Enjoy plenty of Guild Benefits!!	Everyone is welcome to join! Enjoy plenty of Guild Benefits!!
20646	Automatically Ride the Fox Mount After the Balloon Is Removed	Automatically Ride the Fox Mount After the Balloon Is Removed
20647	Guild Activities - (Auction Eligibility) Regional Capital War	Guild Activities - (Auction Eligibility) Regional Capital War
20648	Pick this one. The rewards are better... Believe me or don't.	Pick this one. The rewards are better... Believe me or don't.
20649	Confirm deployment. This demon's tactics are never wrong. Bo~	Confirm deployment. This demon's tactics are never wrong. Bo~
20650	Unlocked! Next, I'll show you how to deploy me. Tap here, bo!	Unlocked! Next, I'll show you how to deploy me. Tap here, bo!
20651	Soul Echo is unlocked! It's incredibly powerful. Follow me!	Soul Echo is unlocked! It's incredibly powerful. Follow me!
20652	Come check out this new feature, bo! You're going to love it!	Come check out this new feature, bo! You're going to love it!
20653	The compass in your hand can do far more than foresee danger.	The compass in your hand can do far more than foresee danger.
20654	You successfully delisted the item. Please claim it promptly!	You successfully delisted the item. Please claim it promptly!
20655	Please claim your unclaimed Season Settlement Trophy rewards.	Please claim your unclaimed Season Settlement Trophy rewards.
20656	Congratulations! Guild 【${1}】 approved your purchase request.	Congratulations! Guild 【${1}】 approved your purchase request.
20657	Come on, child. Let's go home. You need a good night's sleep.	Come on, child. Let's go home. You need a good night's sleep.
20658	Are you sure you want to teleport to ${1}? It will cost ${2}!	Are you sure you want to teleport to ${1}? It will cost ${2}!
20659	I'm so bored. Hmm... Times like these call for a song. Hmm...	I'm so bored. Hmm... Times like these call for a song. Hmm...
20660	Quit dawdling! We're going to pull off a big score this time!	Quit dawdling! We're going to pull off a big score this time!
20661	^{1}PlayerName^{2}, you're finally awake! I was worried sick!	^{1}PlayerName^{2}, you're finally awake! I was worried sick!
20662	Enemy ^{1}${1}^{2} defeated the right-lane ^{3}Protector^{4}!	Enemy ^{1}${1}^{2} defeated the right-lane ^{3}Protector^{4}!
20663	Use the shield to block the giant blade launched by Orc Hero!	Use the shield to block the giant blade launched by Orc Hero!
20664	The battle for @{1} State Capital will begin in @{2} minutes.	The battle for @{1} State Capital will begin in @{2} minutes.
20665	The battle for @{1} State Capital has begun. Participate Now?	The battle for @{1} State Capital has begun. Participate Now?
20666	Congratulations! You're a lucky star! Enter before @{1}:@{2}!	Congratulations! You're a lucky star! Enter before @{1}:@{2}!
20667	Good fortune is still brewing!\nPlayers in 【${1}】, get ready!	Good fortune is still brewing!\nPlayers in 【${1}】, get ready!
20668	This is humiliating... We actually let a rookie protect us...	This is humiliating... We actually let a rookie protect us...
20669	Bobo\nMaster, watch out! Stay out of Baphomet's attack range!	Bobo\nMaster, watch out! Stay out of Baphomet's attack range!
20670	Professor\nI knew it! You really can activate it! Hahahahaha!	Professor\nI knew it! You really can activate it! Hahahahaha!
20671	Bobo\n(Sniff, sniff) Something's not right. I smell monsters!	Bobo\n(Sniff, sniff) Something's not right. I smell monsters!
20672	You already have the highest bid. No need to outbid yourself!	You already have the highest bid. No need to outbid yourself!
20673	Bring your friends and join a thrilling and fun free-for-all!	Bring your friends and join a thrilling and fun free-for-all!
20674	Activate the Afternoon Stroll Costume Appearance (Permanent).	เปิดใช้งานลักษณะเครื่องแต่งกาย Afternoon Stroll Costume (ถาวร)
20675	Permanently unlock the Formal Set - Face Accessory appearance	ปลดล็อคชุดทางการอย่างถาวร - รูปลักษณ์เครื่องประดับใบหน้า
20676	Permanently unlocks the Crazy Bunny Family Balloon appearance	ปลดล็อครูปลักษณ์ Crazy Bunny Family Balloon อย่างถาวร
20677	Open this gift box to randomly obtain one Card of any Rarity.	Open กล่องของขวัญนี้เพื่อสุ่มรับการ์ดระดับความหายากใดก็ได้หนึ่งใบ
20678	Tap to activate when all prerequisite Talents reach Max level	Tap to activate when all prerequisite Talents reach Max level
20679	A ticket that increases the maximum number of Backpack slots.	ตั๋วที่เพิ่มจำนวนช่องกระเป๋าเป้สะพายหลังสูงสุด
20680	Part of what appears to be a map. It radiates a magical aura.	ส่วนหนึ่งของสิ่งที่ดูเหมือนจะเป็นแผนที่ มันเปล่งออร่าเวทย์มนตร์
20681	Cannot perform this action while deployed or in Battle Status	Cannot perform this action while deployed or in Battle Status
20682	A Spear with a curved blade that can slash as well as thrust.	Spear ที่มีใบมีดโค้งที่สามารถฟันและแทงได้
20683	Used exclusively for Mt. Mjolnir Monster Collection Level-up.	ใช้สำหรับการอัพเลเวล Mt. Mjolnir Monster Collection เท่านั้น
20684	Dropped from Standard Reward Chests in the Commendation Vault	Dropped from Standard Reward Chests in the Commendation Vault
20685	Dungeon ${1} completion count has not yet met the requirement	Dungeon ${1} completion count has not yet met the requirement
20686	Not enough Equipment Forging completions of the required rank	Not enough Equipment Forging completions of the required rank
20687	Not enough members from the same Adventurer Group on the team	Not enough members from the same Adventurer Group on the team
20688	Reward Count exhausted. Unable to participate in the auction.	Reward Count exhausted. Unable to participate in the auction.
20689	Cannot send a party recruitment message during a boss battle.	Cannot send a party recruitment message during a boss battle.
20690	The auction will begin in <color=#FDAB5B>${1}</color> seconds	The auction will begin in <color=#FDAB5B>${1}</color> seconds
20691	For every @{1} engraved items crafted, gain @{2} Extra copies	For every @{1} engraved items crafted, gain @{2} Extra copies
20692	For players who prefer mobile layouts and play on an emulator	For players who prefer mobile layouts and play on an emulator
20693	Guild summon teleportation is not allowed in the current area	Guild summon teleportation is not allowed in the current area
20694	Soul Echo Resonance only activates for classes ${1} and above	Soul Echo Resonance only activates for classes ${1} and above
20695	Escort acceptance failed: A party Member has an invalid guild	Escort acceptance failed: A party Member has an invalid guild
20696	This action cannot be performed during the Hunting Challenge.	This action cannot be performed during the Hunting Challenge.
20697	Cannot join matchmaking while a party Member is in a Dungeon.	Cannot join matchmaking while a party Member is in a Dungeon.
20698	Your entry contains inappropriate language. Please try again.	Your entry contains inappropriate language. Please try again.
20699	Cannot change your Stall Skill Build while operating a Stall.	Cannot change your Stall Skill Build while operating a Stall.
20700	The party recruitment message does not meet the requirements.	The party recruitment message does not meet the requirements.
20701	Cannot be placed outside the Safe Zone. Please reposition it.	Cannot be placed outside the Safe Zone. Please reposition it.
20702	Prioritize avoiding the charged Bells! They'll explode sooner	Prioritize avoiding the charged Bells! They'll explode sooner
20703	Maximum Floors of all your defensive buffs increased by @{1}.	ชั้นสูงสุดของบัฟการป้องกันทั้งหมดของคุณเพิ่มขึ้น@{1}
20704	When a dagger is equipped, Attack Speed +@{1}% and AGI +@{2}.	เมื่อติดตั้งกริช ความเร็วโจมตี +@{1}% และ AGI +@{2}
20705	Carry the aura of a yellow note to dissolve the matching note	พกพาออร่าของโน้ตสีเหลืองละลายโน้ตที่เข้ากัน
20706	Only the Party Leader can invite the party to Party Training.	Only the Party Leader can invite the party to Party Training.
20707	Inflicted by Baphomet Jr. Reduces this unit's Movement Speed.	สร้างความเสียหายโดย Baphomet Jr. ลดความเร็วในการเคลื่อนที่ของยูนิตนี้
20708	Increases Ghost damage dealt by @{1}% and Cast Speed by @{2}.	เพิ่มความเสียหายของ Ghost ที่สร้างโดย@{1}% และความเร็วในการร่ายโดย@{2}
20709	You Discover hidden enemy targets within a ${1}-meter radius.	คุณค้นพบเป้าหมายศัตรูที่ซ่อนอยู่ภายในรัศมี${1}เมตร
20710	Launch water blades in the direction of the giant waterspout.	ปล่อยใบพัดน้ำไปในทิศทางของรางน้ำขนาดยักษ์
20711	Complete the current node to preview rewards from other nodes.	Complete the current node to preview rewards from other nodes.
20712	^{1}Now's your chance! Reach Almakia's back and explore it^{2}	^{1}โอกาสของคุณมาถึงแล้ว! ไปถึงด้านหลังของอัลมาเกียแล้วสำรวจมัน^{2}
20713	The Professor is your client this time. Ask him what happened.	Professor เป็นลูกค้าของคุณในครั้งนี้ถามเขาว่าเกิดอะไรขึ้น
20714	Head to the Novice Academy and ask Mentor Alphonse about Baya.	มุ่งหน้าไปที่ Novice Academy และถาม Mentor Alphonse เกี่ยวกับ Baya
20715	Continue the divide-and-conquer plan by targeting Grandpa Bob.	สานต่อแผนแบ่งแยกและพิชิตโดยกำหนดเป้าหมายไปที่ GrandpaBob
20716	The Stone Pillar has been activated, and Ji has appeared again	Stone Pillar ถูกเปิดใช้งานแล้ว และจีก็ปรากฏตัวอีกครั้ง
20717	Reduces the global Cooldown of the character's skills by ${1}%	Reduces the global Cooldown of the character's skills by ${1}%
20718	Reduces damage you take from the target's Magic Skills by ${1}	Reduces damage you take from the target's Magic Skills by ${1}
20719	A ferocious Demonic Wolf that will Fight Alongside the Ranger!	A ferocious Demonic Wolf that will Fight Alongside the Ranger!
20720	Maximum Backpack capacity reached. No more slots can be added.	Maximum Backpack capacity reached. No more slots can be added.
20721	Please complete Activity Misc first to obtain Arcane Crystals.	Please complete Activity Misc first to obtain Arcane Crystals.
20722	Fervor found another suspicious cardboard box. Investigate it*	Fervor พบกล่องกระดาษแข็งที่น่าสงสัยอีกกล่องตรวจสอบมัน*
20723	Astral Level and Constellation data will reset between Seasons	Astral Level and Constellation data will reset between Seasons
20724	Chance to obtain from daily Participation Rewards (Deprecated)	Chance to obtain from daily Participation Rewards (Deprecated)
20725	Chance for all 【Crafting Chance Tag】 skills increases by @{1}%	Chance for all 【Crafting Chance Tag】 skills increases by @{1}%
20726	Test Always Display Pool @{1} - Open for @{2} Days from Launch	Test Always Display Pool @{1} - Open for @{2} Days from Launch
20727	You have not unlocked this content and cannot join this Party.	You have not unlocked this content and cannot join this Party.
20728	Make a total of @{1} draws from the permanent pool this Season	Make a total of @{1} draws from the permanent pool this Season
20729	${1}\nTotal Fatigue recovery time: <color=#FF993F>${2}</color>	${1}\nTotal Fatigue recovery time: <color=#FF993F>${2}</color>
20730	Your bid cannot be lower than ${1} of the minimum starting bid	Your bid cannot be lower than ${1} of the minimum starting bid
20731	Request All has a ${1}-minute cooldown. Please try again later	Request All has a ${1}-minute cooldown. Please try again later
20732	You must transfer guild leadership before you can Leave Guild.	You must transfer guild leadership before you can Leave Guild.
20733	[Guild Recruitment]【${1}】 is recruiting: ${2}【Request to Join】	[Guild Recruitment]【${1}】 is recruiting: ${2}【Request to Join】
20734	Loading more goods grants more Additional rewards. Depart now?	Loading more goods grants more Additional rewards. Depart now?
20735	You've already placed a bet on a Lucky Star. Don't get greedy!	You've already placed a bet on a Lucky Star. Don't get greedy!
20736	This shield absorbs Physical damage equal to Magic ATK *${1}%.	โล่นี้ดูดซับความเสียหายทางกายภาพเท่ากับ Magic ATK *${1}%
20737	^{1}^{2}【Cart Boost】^{3}^{4} duration is extended by ${1} sec.	^{1}^{2}【Cart Boost】^{3}^{4}ระยะเวลาถูกขยายโดย${1}วินาที
20738	Skills @{1}–@{2} have already been used. Don't use them again.	@{1}–@{2}ได้ถูกใช้งานแล้ว อย่าใช้มันอีก
20739	Kill Dragon monsters to restore @{1} MP. No internal Cooldown.	Kill มอนสเตอร์มังกรเพื่อฟื้นฟู MP ของ@{1}ไม่มีคูลดาวน์ภายใน
20740	Become immune to all debuffs and control effects for @{1} sec.	ต้านทานดีบัฟและเอฟเฟกต์การควบคุมทั้งหมดเป็นเวลา@{1}วินาที
20741	Hide-and-Seek status. Revealed after taking damage @{1} times.	สถานะ Hide-and-Seek เผยตัวหลังจากได้รับความเสียหาย@{1}แล้ว
20742	Each stack increases damage taken by @{1}%, up to @{2} stacks.	แต่ละสแต็กจะเพิ่มความเสียหายที่ได้รับโดย@{1}% สูงสุดถึง@{2}สแต็ค
20743	Being hit by an allied Holy Bullet continuously restores Life.	การถูกโจมตีด้วย Holy Bullet ของพันธมิตรจะฟื้นฟูพลัง Life อย่างต่อเนื่อง
20744	You are not connected to Wi-Fi. Download the resources anyway?	You are not connected to Wi-Fi. Download the resources anyway?
20745	You can enter the game once the resource download is complete.	You can enter the game once the resource download is complete.
20746	Dance Machine_Remove Transform Buff[Consecutive Transform Fix]	Dance Machine_Remove Transform Buff[Consecutive Transform Fix]
20747	^{1}^{2}[Magnus Exorcismus]^{3}^{4} Variable CT -${1} seconds.	^{1}^{2}[Magnus Exorcismus]^{3}^{4}CT ตัวแปร -${1}วินาที
20748	When HP is above ${1}%, increases healing efficiency by ${2}%.	เมื่อ HP มากกว่า${1}% จะเพิ่มประสิทธิภาพการรักษาขึ้น${2}%
20749	Wind/Earth/Water/Fire/Neutral/Ghost damage increases by ${1}%.	ความเสียหายจากลม/ดิน/น้ำ/ไฟ/เป็นกลาง/ผี เพิ่มขึ้น${1}%
20750	The whirlpool's coming! Group up and watch out for pufferfish!	The whirlpool's coming! Group up and watch out for pufferfish!
20751	Congratulations on reaching the top floor of the Spirit Tower!	Congratulations on reaching the top floor of the Spirit Tower!
20752	Shuka Bain's Black Cat Ears. Exquisitely crafted and adorable.	Shuka Bain's Black Cat Ears. Exquisitely crafted and adorable.
20753	"In RO, the ""Vending"" Stall Function is exclusive to Merchants."	"In RO, the ""Vending"" Stall Function is exclusive to Merchants."
20754	Are you sure you want to spend ${1} to purchase ${2}×${3}${4}?	Are you sure you want to spend ${1} to purchase ${2}×${3}${4}?
20755	Select an item from the Backpack list on the right to list it.	Select an item from the Backpack list on the right to list it.
20756	There are no items left in the display, so it can't be shared~	There are no items left in the display, so it can't be shared~
20757	Head to Redrock Fortress in the Center of Dragon Coffin Island	Head to Redrock Fortress in the Center of Dragon Coffin Island
20758	Automatically Ride the Lion Mount After the Balloon Is Removed	Automatically Ride the Lion Mount After the Balloon Is Removed
20759	Guild Activities - (Auction Eligibility) Ilmata, God of Nature	Guild Activities - (Auction Eligibility) Ilmata, God of Nature
20760	Insufficient items. Please obtain more Speed-Up Tickets first.	Insufficient items. Please obtain more Speed-Up Tickets first.
20761	Tap here! Just between us, stat points are really important...	Tap here! Just between us, stat points are really important...
20762	Press the Interaction key to gather some luminescent material.	Press the Interaction key to gather some luminescent material.
20763	Hatching takes time, but I can't wait any longer. Speed it up!	Hatching takes time, but I can't wait any longer. Speed it up!
20764	Select the talent page unlocked after your second Job Advance.	Select the talent page unlocked after your second Job Advance.
20765	Some players must enter the Inner Area and prepare for battle.	Some players must enter the Inner Area and prepare for battle.
20766	Go ahead, Master! Bobo thinks it'll become super—powerful, bo~	Go ahead, Master! Bobo thinks it'll become super—powerful, bo~
20767	Your guild has Purchased a Guild Gift Pack. Please collect it!	Your guild has Purchased a Guild Gift Pack. Please collect it!
20768	The Effect will be spectacular! There's just one tiny problem—	The Effect will be spectacular! There's just one tiny problem—
20769	Uh... Hello, adventurer. I'm so exhausted I can't even move...	Uh... Hello, adventurer. I'm so exhausted I can't even move...
20770	Once you've made your decision, touch the Book of Job Advance.	Once you've made your decision, touch the Book of Job Advance.
20771	Please, can you help us? We really don't have any time left...	Please, can you help us? We really don't have any time left...
20772	Enemy ^{1}${1}^{2} defeated the center-lane ^{3}Protector^{4}!	Enemy ^{1}${1}^{2} defeated the center-lane ^{3}Protector^{4}!
20773	A swarm of Bee Infantry is approaching. Watch your positioning	A swarm of Bee Infantry is approaching. Watch your positioning
20774	Wonderful... Finally, someone who can keep up with my steps...	Wonderful... Finally, someone who can keep up with my steps...
20775	Explosive barrels blast a cross-shaped area. Be sure to dodge!	Explosive barrels blast a cross-shaped area. Be sure to dodge!
20776	Bobo\nCould that be the egg we're looking for in those bushes?	Bobo\nCould that be the egg we're looking for in those bushes?
20777	Bobo\nHey, look at these claw marks... Baphomet may be Nearby.	Bobo\nHey, look at these claw marks... Baphomet may be Nearby.
20778	Struggling Soldier\nThank goodness... Thank you for your help!	Struggling Soldier\nThank goodness... Thank you for your help!
20779	You will obtain a Personal Skill and a Command Skill in @{1}s!	You will obtain a Personal Skill and a Command Skill in @{1}s!
20780	Permanently unlocks the Playful Lace Kitty Headband appearance	ปลดล็อครูปลักษณ์ที่คาดผม Playful Lace Kitty อย่างถาวร
20781	Randomly obtain one piece of Blue, Purple, or Orange Headwear.	สุ่มรับอุปกรณ์สวมศีรษะสีน้ำเงิน ม่วง หรือส้มหนึ่งชิ้น
20782	A very revealing vest. No idea who Discarded it on the ground.	เสื้อกล้ามเปิดเผยมาก ไม่รู้ว่าใครทิ้งมันลงบนพื้น
20783	Use to unlock the Guild Emblem: Proof of the Hunt · Conqueror.	ใช้เพื่อปลดล็อค Guild Emblem: Proof of the Hunt · Conqueror
20784	A sturdy yet beautiful stone used to add sockets to equipment.	หินที่แข็งแกร่งแต่สวยงาม ใช้สำหรับเพิ่มช่องให้กับอุปกรณ์
20785	An Easy-to-make, easy-to-use round shield that is widely used.	ชิลด์ทรงกลม ทำง่าย ใช้งานสะดวก ซึ่งใช้กันอย่างแพร่หลาย
20786	Only Divine Art Totems of the same class tier can be combined.	Only Divine Art Totems of the same class tier can be combined.
20787	Reduces Vivify consumed when gathering Lv. @{1} plants by @{2}	Reduces Vivify consumed when gathering Lv. @{1} plants by @{2}
20788	Pushed from the Garden of Time by Ji, you fall into the abyss.	Pushed from the Garden of Time by Ji, you fall into the abyss.
20789	Phase 1 Goddess Energy Orb Charge + Burst + Idle Infinite Loop	Phase 1 Goddess Energy Orb Charge + Burst + Idle Infinite Loop
20790	Display area for Auto-Potion, Bow switching, and other actions	Display area for Auto-Potion, Bow switching, and other actions
20791	This Adventurer Group has reached the responding Member limit.	This Adventurer Group has reached the responding Member limit.
20792	This Account holder is already linked. Please unlink it first.	This Account holder is already linked. Please unlink it first.
20793	A party member is in an instance. Unable to start matchmaking.	A party member is in an instance. Unable to start matchmaking.
20794	[Battle Royale] Check Whether the ID Tag Belongs to a Teammate	[Battle Royale] Check Whether the ID Tag Belongs to a Teammate
20795	Nicknames cannot contain special characters. Please try again.	Nicknames cannot contain special characters. Please try again.
20796	After use, increases DMG Reduction by @{1}% and grants Endure.	หลังการใช้งาน เพิ่มการลด DMG ขึ้น@{1}% และมอบ Endure
20797	New evil spirit possession—pretend there's a cross behind you.	วิญญาณชั่วร้ายครอบครองใหม่—แกล้งทำเป็นว่ามีไม้กางเขนอยู่ข้างหลังคุณ
20798	Deals ${1}% Neutral Physical damage to the specified ST target	สร้างความเสียหายทางกายภาพที่เป็นกลาง${1}% ไปยังเป้าหมาย ST ที่ระบุ
20799	The item has been refreshed. Refresh the screen and try again.	The item has been refreshed. Refresh the screen and try again.
20800	${1} failed to ready up and cannot start matchmaking for ${2}.	${1} failed to ready up and cannot start matchmaking for ${2}.
20801	<color=#594E3D>Points:</color>${1}<color=#594E3D>/${2}</color>	<color=#594E3D>Points:</color>${1}<color=#594E3D>/${2}</color>
20802	Are you sure you want to remove ${1} from the Adventure Group?	Are you sure you want to remove ${1} from the Adventure Group?
20803	A teammate is trapped inside a Bell! Hurry and smash the Bell!	A teammate is trapped inside a Bell! Hurry and smash the Bell!
20804	While above @{1}% Life, healing efficiency increased by @{2}%.	ในขณะที่มากกว่า@{1}% พลัง Life ประสิทธิภาพการรักษาเพิ่มขึ้นอีก@{2}%
20805	Increases the Physical ATK granted by 【Deadly Poison】 by ${1}.	เพิ่ม ATK ทางกายภาพที่ได้รับจาก 【Deadly Poison】 โดย${1}
20806	Shield: Absorbs total damage equal to ${1}% of your Magic ATK.	: ดูดซับความเสียหายทั้งหมดเท่ากับ${1}% ของพลังโจมตีเวทย์มนตร์ของคุณ
20807	Granted by Angel Popo. Increases this unit's healing received.	ได้รับจาก Angel Popo เพิ่มการรักษาที่ได้รับของยูนิตนี้
20808	Increases damage reduction from Medium Monsters by ${1}%~${2}%	เพิ่มการลดความเสียหายจากมอนสเตอร์ขนาดกลางโดย${1}%~${2}%
20809	After a @{1}-second warning, Launch a Dark Pulse at one player	หลังจากการเตือนครั้งที่สองของ@{1}ให้เปิด Dark Pulse ไปที่ผู้เล่นหนึ่งคน
20810	Only the prospective Adventurer Group's creator can create it.	Only the prospective Adventurer Group's creator can create it.
20811	You are currently editing. Tap an action on another tab to save	You are currently editing. Tap an action on another tab to save
20812	Complete Season Trophies to earn exclusive Season collectibles.	Complete Season Trophies to earn exclusive Season collectibles.
20813	Ask around the Adventurer Camp for the Professor's whereabouts.	สอบถามที่อยู่รอบค่าย Adventurer ว่า Professor อยู่ที่ไหน
20814	Exchange them for a Bunny Hair Band with the Headgear Merchant.	แลกเปลี่ยนเป็น Bunny Hair Band กับพ่อค้าหมวก
20815	The Job Advance Mentor gave you materials for forging equipment	Job Advance Mentor ได้มอบวัสดุสำหรับการตีอุปกรณ์ให้กับคุณ
20816	Reduces damage you take from the target's Magic Skills by ${1}%	Reduces damage you take from the target's Magic Skills by ${1}%
20817	Drag the notes to the matching positions to compose the melody.	Drag the notes to the matching positions to compose the melody.
20818	Find the Head Job Mentor and learn about Trans. 2nd Job Advance	ค้นหาหัวหน้าที่ปรึกษางานและเรียนรู้เกี่ยวกับ Trans งานที่ 2 ล่วงหน้า
20819	High Attack Speed, dealing Physical damage with Normal Attacks.	High Attack Speed, dealing Physical damage with Normal Attacks.
20820	Perform rapid combos with poison skills, with some AoE options.	Perform rapid combos with poison skills, with some AoE options.
20821	You haven't learned the required skill, so you can't rent this.	You haven't learned the required skill, so you can't rent this.
20822	^{1}^{2}^{3}Physical^{4}^{5}^{6}\n^{7}^{8}^{9}ST^{10}^{11}^{12}	^{1}^{2}^{3}Physical^{4}^{5}^{6}\n^{7}^{8}^{9}ST^{10}^{11}^{12}
20823	Fight the captured Monsters and show off your guild's strength!	Fight the captured Monsters and show off your guild's strength!
20824	You do not meet this Party's Power requirement and cannot join.	You do not meet this Party's Power requirement and cannot join.
20825	You're summoning too quickly! Your party members can't keep up!	You're summoning too quickly! Your party members can't keep up!
20826	Cannot switch Factions while the Faction switch is on cooldown.	Cannot switch Factions while the Faction switch is on cooldown.
20827	Go to the designated area in ${1} and use the ${2} Emote/Action	Go to the designated area in ${1} and use the ${2} Emote/Action
20828	You must Join a guild at least ${1} days before you can Impeach	You must Join a guild at least ${1} days before you can Impeach
20829	The Impeachment of Guild Leader ${1} was automatically canceled	The Impeachment of Guild Leader ${1} was automatically canceled
20830	Every @{1} HIT increases Physical damage by @{2}%, up to @{3}%.	ทุกๆ ครั้งของ@{1}HIT จะเพิ่มความเสียหายทางกายภาพขึ้น@{2}% สูงสุดถึง@{3}%
20831	@{1}~@{2} Do Not Use—buff used to implement the card's Function	@{1}~@{2}Do Not Use—บัฟใช้เพื่อใช้งานฟังก์ชันของการ์ด
20832	Increases your and your allies' Movement Speed and Attack Speed	เพิ่มความเร็วในการเคลื่อนที่และความเร็วในการโจมตีของคุณและเพื่อนของคุณ
20833	Reveals enemies in ^{1}【Hiding】^{2} within a @{1}-meter radius.	เผยศัตรูใน ^{1}【Hiding】^{2}ภายในรัศมี@{1}เมตร
20834	Carrying a cannonball that can be loaded into a repaired Turret	บรรทุกลูกกระสุนปืนใหญ่ที่สามารถบรรจุลงใน Turret ที่ซ่อมแซมแล้ว
20835	A new version is available. Please update the game to continue.	A new version is available. Please update the game to continue.
20836	Earn ${1} Extra Battle Merit Points to advance to the next rank	Earn ${1} Extra Battle Merit Points to advance to the next rank
20837	For every @{1} additional Stunt on all equipped gear, VIT +${1}	สำหรับการแสดงความสามารถเพิ่มเติมของ@{1}ในทุกอุปกรณ์ที่ติดตั้ง VIT +${1}
20838	Every ${1} HIT increases Physical damage by ${2}%, up to ${3}%.	ทุกๆ ครั้งของ${1}HIT จะเพิ่มความเสียหายทางกายภาพขึ้น${2}% สูงสุดถึง${3}%
20839	Unique Effect: CRIT RES +${1}. Each stack grants an Extra ${2}.	เอฟเฟกต์พิเศษ: CRIT RES +${1}แต่ละสแต็กให้สิทธิ์ Extra${2}
20840	For every ${1} STR, increases Physical ATK by ${2}, up to ${3}.	สำหรับทุก ๆ${1}STR จะเพิ่ม ATK กายภาพขึ้น${2}สูงสุด${3}
20841	For every ${1} AGI, increases Physical ATK by ${2}, up to ${3}.	สำหรับทุก ๆ${1}AGI จะเพิ่ม ATK กายภาพขึ้น${2}สูงสุด${3}
20842	For every ${1} LUK, increases Physical ATK by ${2}, up to ${3}.	สำหรับทุก ๆ${1}LUK จะเพิ่ม ATK กายภาพขึ้น${2}สูงสุด${3}
20843	For every ${1} DEX, increases Physical ATK by ${2}, up to ${3}.	สำหรับทุก ๆ${1}DEX จะเพิ่ม ATK ทางกายภาพขึ้น${2}สูงสุด${3}
20844	Destroy any existing small Porings when drawing prize tier @{1}	Destroy any existing small Porings when drawing prize tier @{1}
20845	In Auto mode, skills are cast automatically in the order shown.	In Auto mode, skills are cast automatically in the order shown.
20846	You're sending messages too frequently. Please try again later.	You're sending messages too frequently. Please try again later.
20847	We're almost at the capital. We can't afford any trouble now...	We're almost at the capital. We can't afford any trouble now...
20848	A rather fashionable Hat adorned above with a valuable feather.	A rather fashionable Hat adorned above with a valuable feather.
20849	Poring (PORING) picks up items that players drop on the ground.	Poring (PORING) picks up items that players drop on the ground.
20850	Protect the control point to keep the Glorious Metal Invincible	Protect the control point to keep the Glorious Metal Invincible
20851	Participate in Guild Battlefield events to earn Guild Prestige.	Participate in Guild Battlefield events to earn Guild Prestige.
20852	Automatically Ride the Hyena Mount After the Balloon Is Removed	Automatically Ride the Hyena Mount After the Balloon Is Removed
20853	Passive Skills gain ranks when the pet's star rating increases.	Passive Skills gain ranks when the pet's star rating increases.
20854	Insufficient proficiency. Please obtain more proficiency first.	Insufficient proficiency. Please obtain more proficiency first.
20855	Here you can assign stat points to the stats that suit you, bo~	Here you can assign stat points to the stats that suit you, bo~
20856	You can choose one of the following three professions to Learn.	You can choose one of the following three professions to Learn.
20857	Hurry and Rent it! Once you've rented it, remember to Tap Ride!	Hurry and Rent it! Once you've rented it, remember to Tap Ride!
20858	You've already completed this quest, so claim the reward first.	You've already completed this quest, so claim the reward first.
20859	Once I make some money, I'm gonna freaking eat, eat, eat, meow~	Once I make some money, I'm gonna freaking eat, eat, eat, meow~
20860	You can grow quickly by taking on requests from the Eden Group.	You can grow quickly by taking on requests from the Eden Group.
20861	Have a pleasant journey. May the winds grant you clear passage.	Have a pleasant journey. May the winds grant you clear passage.
20862	You have been outbid in the Stronghold War. Please take action!	You have been outbid in the Stronghold War. Please take action!
20863	You can use an incubator to hatch an adorable pet. Want to try?	You can use an incubator to hatch an adorable pet. Want to try?
20864	When I call him, of course he has to come~ Darling, I love you!	When I call him, of course he has to come~ Darling, I love you!
20865	I'm worried that if this continues, my only son will go astray.	I'm worried that if this continues, my only son will go astray.
20866	Phew~ It's so hot again today. Why does it have to be this hot?	Phew~ It's so hot again today. Why does it have to be this hot?
20867	That's enough for today. We're low on Material, so be sensible.	That's enough for today. We're low on Material, so be sensible.
20868	If you're ever in trouble, come see me. I know a lot of people.	If you're ever in trouble, come see me. I know a lot of people.
20869	All right. Please gather your belongings and board immediately.	All right. Please gather your belongings and board immediately.
20870	Come. With your new job, You will face even greater Challenges.	Come. With your new job, You will face even greater Challenges.
20871	We've got the bow tie! You can keep that useless piece of junk!	We've got the bow tie! You can keep that useless piece of junk!
20872	Tap the Spectate Button on the right to Enter a teammate's view	Tap the Spectate Button on the right to Enter a teammate's view
20873	^{1}^{2}【Warning】^{3}^{4}The enemy's [Left Ladder] is in place.	^{1}^{2}【Warning】^{3}^{4}The enemy's [Left Ladder] is in place.
20874	Quickly head to the red note with your allies and destroy it!!!	Quickly head to the red note with your allies and destroy it!!!
20875	Use the skill granted by the giant blade while facing Orc Hero!	Use the skill granted by the giant blade while facing Orc Hero!
20876	Ilmata has summoned Nebula Jellyfish! Hurry into the Safe Zone!	Ilmata has summoned Nebula Jellyfish! Hurry into the Safe Zone!
20877	The Battle of the Producers event has ended. See you next time.	The Battle of the Producers event has ended. See you next time.
20878	The main enemy force is highly likely to attack from the south!	The main enemy force is highly likely to attack from the south!
20879	Bobo\nAah! What do we do? We really can't hold out much longer!	Bobo\nAah! What do we do? We really can't hold out much longer!
20880	^{1}Every great legend begins in a time of quiet obscurity.^{2}	^{1}Every great legend begins in a time of quiet obscurity.^{2}
20881	Use to Activate the Victory of the Covenant Bubble (Permanent).	ใช้กระตุ้นชัยชนะของ Covenant Bubble (ถาวร)
20882	A test gift pack. Open it to receive a large number of potions.	ชุดของขวัญทดสอบ Open มันเพื่อรับยาจำนวนมาก
20883	A fingernail taken from the dead. Available from the Collector.	เล็บที่หยิบมาจากคนตาย มีจำหน่ายจากนักสะสม
20884	A gemstone that glows turquoise. Can be exchanged for Headwear.	อัญมณีที่เรืองแสงสีเขียวขุ่น สามารถเปลี่ยนเป็น Headwear ได้
20885	${1} completes Overture IV, performing an incomparable movement	${1} completes Overture IV, performing an incomparable movement
20886	An old Treasure Map that may just be someone's idle scribbling.	แผนที่ขุมทรัพย์เก่าที่อาจเป็นเพียงการเขียนลวก ๆ ของใครบางคน
20887	Boots crafted by Goibne for a wager with his bitter rival, Dov.	Boots สร้างสรรค์โดย Goibne เพื่อเดิมพันกับ Dov คู่แข่งอันขมขื่นของเขา
20888	<color=#C26B47>This stat has reached its maximum value.</color>	<color=#C26B47>This stat has reached its maximum value.</color>
20889	You're sending requests too frequently. Please try again later.	You're sending requests too frequently. Please try again later.
20890	Crafted equipment count for the corresponding Rarity is too low	Crafted equipment count for the corresponding Rarity is too low
20891	The other player is in another instance and cannot be summoned.	The other player is in another instance and cannot be summoned.
20892	Reward Count resets every Monday at <color=#CC762A>5</color> AM	Reward Count resets every Monday at <color=#CC762A>5</color> AM
20893	Someone is currently making a purchase. Please try again later.	Someone is currently making a purchase. Please try again later.
20894	Failed to spawn the boss. This attempt is considered a failure.	Failed to spawn the boss. This attempt is considered a failure.
20895	Stronghold War Auction - Already qualified; no auction required	Stronghold War Auction - Already qualified; no auction required
20896	The maximum number of Siege Camps in this area has been reached	The maximum number of Siege Camps in this area has been reached
20897	After use, increases the selected Guild Battlefield Boss's DEF.	หลังการใช้งาน เพิ่ม DEF ของ Guild Battlefield Boss ที่เลือก
20898	Summons up to @{1} guild members on the same map to the caster.	เรียกสมาชิกกิลด์@{1}สูงสุดบนแผนที่เดียวกันให้ผู้ร่าย
20899	【Shield Block】's DEF and MDEF bonuses increase by ^{1}${1}%^{2}	【Shield Block】 โบนัส DEF และ MDEF เพิ่มขึ้น ^{1}${1}%^{2}
20900	Can be used after leaving Battle Status to slowly restore Life.	สามารถใช้ได้หลังจากออกจากสถานะการต่อสู้เพื่อฟื้นฟูพลัง Life อย่างช้าๆ
20901	Reapplying the Monthly Pass will extend it by 30 days. Reapply?	Reapplying the Monthly Pass will extend it by 30 days. Reapply?
20902	Max Adventure Guild applications: <color=${3}>${1}</color>/${2}	Max Adventure Guild applications: <color=${3}>${1}</color>/${2}
20903	Healing buff: Each Floor increases healing efficiency by @{1}%.	: แต่ละชั้นจะเพิ่มประสิทธิภาพการรักษาขึ้น@{1}%
20904	Each CRIT with 【Advanced Katar Mastery】 now grants ${1} Floors.	แต่ละ CRIT ที่มี 【Advanced Katar Mastery】 จะได้รับพื้น${1}แล้ว
20905	${1} is currently used in a build. Use it for synthesis anyway?	${1} is currently used in a build. Use it for synthesis anyway?
20906	The requester deleted their Get Help request. Unable to submit.	The requester deleted their Get Help request. Unable to submit.
20907	Reduces Ranged Physical damage taken by ${2}% for ${3} seconds.	ลดความเสียหายทางกายภาพระยะไกลที่ได้รับโดย${2}% เป็นเวลา${3}วินาที
20908	Each stack grants ^{1}${1}^{2} MATK, up to ^{3}${2}^{4} stacks.	แต่ละสแต็กให้ ^{1}${1}^{2}MATK สูงสุด ^{3}${2}^ สแต็ก^{4}
20909	Are you sure you want to Apply to Support this Adventure Guild?	Are you sure you want to Apply to Support this Adventure Guild?
20910	You're performing actions too frequently. Please try again later	You're performing actions too frequently. Please try again later
20911	[Rift Crisis] Special Commendation has reached This Week's Limit	[Rift Crisis] Special Commendation has reached This Week's Limit
20912	Continue pursuing Dracula. Watch out for Dynamite on the ground.	ไล่ตาม Dracula ต่อไประวังไดนาไมต์บนพื้น
20913	Follow the Pathfinder Ant to search for traces of the Professor.	เดินตาม Pathfinder Ant เพื่อค้นหาร่องรอยของ Professor
20914	After overhearing some passersby, Allen gets an idea for a gift.	หลังจากได้ยินคนที่เดินผ่านไปมา Allen ก็เกิดไอเดียว่าจะซื้อของขวัญ
20915	Affects the chance of receiving critical hits from Damage Skills	Affects the chance of receiving critical hits from Damage Skills
20916	Successfully Complete the Commission, then report your findings.	ดำเนินการค่าคอมมิชชั่นสำเร็จแล้ว จากนั้นรายงานสิ่งที่คุณพบ
20917	The Professor and the captain seem to have something to tell You	ดูเหมือนว่า Professor และกัปตันจะมีเรื่องจะบอกคุณ
20918	Fervor refuses to move. Defeat the poisonous Mushrooms it hates*	ความร้อนแรงปฏิเสธที่จะเคลื่อนไหวกำจัด Mushrooms พิษที่มันเกลียด*
20919	You already have a Battlefield Skill and cannot Pick up another.	You already have a Battlefield Skill and cannot Pick up another.
20920	Download speed: {@{1}:@{2}0}{1}. Estimated time: {2} min {3} sec	Download speed: {@{1}:@{2}0}{1}. Estimated time: {2} min {3} sec
20921	Activate the <color=#fdab5b>${1}</color> effect to Respawn here?	Activate the <color=#fdab5b>${1}</color> effect to Respawn here?
20922	The price has reached the limit and cannot be increased further.	The price has reached the limit and cannot be increased further.
20923	Too many of this item are currently for sale. Unable to consign.	Too many of this item are currently for sale. Unable to consign.
20924	^{1}^{2}^{3}Physical^{4}^{5}^{6}\n^{7}^{8}^{9}AoE^{10}^{11}^{12}	^{1}^{2}^{3}Physical^{4}^{5}^{6}\n^{7}^{8}^{9}AoE^{10}^{11}^{12}
20925	If unclaimed after ${1} hr. ${2} min., the cost will be refunded	If unclaimed after ${1} hr. ${2} min., the cost will be refunded
20926	Currently trying on <color=#cc762a>${1}</color> Appearance items	Currently trying on <color=#cc762a>${1}</color> Appearance items
20927	Responses to the Impeachment must be completed within ${1} hours	Responses to the Impeachment must be completed within ${1} hours
20928	Are you sure you want to remove the selected ${1} Guild Members?	Are you sure you want to remove the selected ${1} Guild Members?
20929	Leave this screen?\nLeaving will automatically cancel your edits	Leave this screen?\nLeaving will automatically cancel your edits
20930	[Caravan Help] ${1} posted a request for ${2}X${3} [Tap to Help]	[Caravan Help] ${1} posted a request for ${2}X${3} [Tap to Help]
20931	^{1}^{2}【Cart Revolution】^{3}^{4}CRIT Chance increases by ${1}%.	^{1}^{2}【Cart Revolution】^{3}^{4}โอกาส CRIT เพิ่มขึ้น${1}%
20932	Check whether this is needed; currently, it doesn't appear to be	ตรวจสอบว่าจำเป็นหรือไม่ปัจจุบันดูเหมือนจะไม่เป็นเช่นนั้น
20933	Continually weakens, causing damage taken to increase over time.	อ่อนกำลังลงอย่างต่อเนื่อง ทำให้ความเสียหายที่ได้รับเพิ่มขึ้นเมื่อเวลาผ่านไป
20934	Failed to enter the area. You have been transported to Prontera.	Failed to enter the area. You have been transported to Prontera.
20935	When ^{1}^{2}[Mace Mastery]^{3}^{4} reaches Lv. ${1}, STR +${2}.	เมื่อ ^{1}^{2}[Mace Mastery]^{3}^{4}ถึง Lv.${1}, STR +${2}.
20936	Maya ^{1}slashes in front of and behind herself^{2} in sequence.	Maya ^{1}slashes in front of and behind herself^{2} in sequence.
20937	Based on an analysis of the strange fluctuations in the Ant Hell	Based on an analysis of the strange fluctuations in the Ant Hell
20938	Gospel Resonance is unaffected by Counters and other Resonances.	Gospel Resonance is unaffected by Counters and other Resonances.
20939	Not enough Wishing Coins. Challenge Heroic Spirits to earn more.	Not enough Wishing Coins. Challenge Heroic Spirits to earn more.
20940	"In Ragnarok Online, ""Payon Cave"" refers to the dungeon in Payon."	"In Ragnarok Online, ""Payon Cave"" refers to the dungeon in Payon."
20941	Poporing (Fat Poring) is best known for being incredibly fast.	Poporing (Fat Poring) is best known for being incredibly fast.
20942	No Stall spaces are currently available. Please try again later.	No Stall spaces are currently available. Please try again later.
20943	Your reputation score is too low to purchase items from a Stall.	Your reputation score is too low to purchase items from a Stall.
20944	Automatically Ride the Alpaca Mount After the Balloon Is Removed	Automatically Ride the Alpaca Mount After the Balloon Is Removed
20945	Connect Quest - Form a Party and Defeat Nasha in the Final Trial	Connect Quest - Form a Party and Defeat Nasha in the Final Trial
20946	Select the type of monster you want to target during auto-battle	Select the type of monster you want to target during auto-battle
20947	【Soul Echo】 is unlocked. It's incredibly powerful, so follow me!	【Soul Echo】 is unlocked. It's incredibly powerful, so follow me!
20948	Now open AFK Rewards to see all the rewards you've earned today!	Now open AFK Rewards to see all the rewards you've earned today!
20949	Have you heard the Story of the Curse on the @{1} types of gems?	Have you heard the Story of the Curse on the @{1} types of gems?
20950	Complaining won't solve anything, Boya. We have no Other choice.	Complaining won't solve anything, Boya. We have no Other choice.
20951	Remember—falling is not the end. It is simply another beginning.	Remember—falling is not the end. It is simply another beginning.
20952	This difficulty has not been unlocked yet. Unlock it to view it.	This difficulty has not been unlocked yet. Unlock it to view it.
20953	The Seal Defense is complete. You may proceed to the next stage.	The Seal Defense is complete. You may proceed to the next stage.
20954	Almachia is attacking! Don't get pushed to the edge of the area!	Almachia is attacking! Don't get pushed to the edge of the area!
20955	${1} approved ${2}'s application to Join a guild. Welcome, ${2}!	${1} approved ${2}'s application to Join a guild. Welcome, ${2}!
20956	Supply Transport Begins\n${1} Guild has begun escorting supplies	Supply Transport Begins\n${1} Guild has begun escorting supplies
20957	${1}'s City Defense has fallen below ${2}! Bolster the defenses!	${1}'s City Defense has fallen below ${2}! Bolster the defenses!
20958	Professor Ryan\n(Checks inside his coat) Good, it's not damaged.	Professor Ryan\n(Checks inside his coat) Good, it's not damaged.
20959	Bobo\nLook! Fervor stopped someone. Could that guy be the thief?	Bobo\nLook! Fervor stopped someone. Could that guy be the thief?
20960	Bobo\nWhew, it's finally over~ Thank goodness we're still alive!	Bobo\nWhew, it's finally over~ Thank goodness we're still alive!
20961	^{1}Listen—the bard's newest song now has a verse about you.^{2}	^{1}Listen—the bard's newest song now has a verse about you.^{2}
20962	【Create Adventure Group】Everyone Makes the Adventure Declaration	【Create Adventure Group】Everyone Makes the Adventure Declaration
20963	Salamander has been a classic RO pet since the very beginning.	Salamander has been a classic RO pet since the very beginning.
20964	Use to Activate the Genesis Canticle Portrait Frame (Permanent).	ใช้เพื่อเปิดใช้งานกรอบแนวตั้งของ Genesis Canticle (ถาวร)
20965	Grants a chance to obtain Tier @{1} Equipment of varying Rarity.	ให้โอกาสได้รับอุปกรณ์ระดับ@{1}ที่หายากต่างกัน
20966	Use to unlock the Guild Emblem: Proof of the Hunt · Executioner.	ใช้เพื่อปลดล็อค Guild Emblem: Proof of the Hunt · Executioner
20967	The result of a cooking failure. Eating it may bring misfortune.	ผลลัพธ์ของความล้มเหลวในการทำอาหารการกินเข้าไปอาจนำโชคร้ายมาให้
20968	A pure cotton garment that is exceptionally comfortable to wear.	เสื้อผ้าฝ้ายแท้ที่สวมใส่สบายเป็นพิเศษ
20969	A bow made from animal horns, offering high damage and accuracy.	ธนูที่ทำจากเขาสัตว์ สร้างความเสียหายและแม่นยำสูง
20970	An axe finished entirely in red, giving it a refined appearance.	ขวานตกแต่งด้วยสีแดงทั้งหมด ทำให้มีรูปลักษณ์ที่ประณีต
20971	A two-handed sword equally effective for slashing and thrusting.	ดาบสองมือมีประสิทธิภาพเท่าเทียมกันในการฟันและแทง
20972	${1}-Star or higher Enchant Scrolls have a Chance to unlock this	${1}-Star or higher Enchant Scrolls have a Chance to unlock this
20973	You've reached today's request limit. Please try again tomorrow.	You've reached today's request limit. Please try again tomorrow.
20974	Not enough Equipment Forging completions of the required quality	Not enough Equipment Forging completions of the required quality
20975	Z, awaiting your arrival in shadows beyond the moonlight's reach	Z, awaiting your arrival in shadows beyond the moonlight's reach
20976	Event Period: Sundays on odd-numbered weeks, @{1}:@{2}~@{3}:@{4}	Event Period: Sundays on odd-numbered weeks, @{1}:@{2}~@{3}:@{4}
20977	Quick equipment swapping is on cooldown. Please try again later.	Quick equipment swapping is on cooldown. Please try again later.
20978	Head to the center of the arena and Pick up Dragonblood Crystals	Head to the center of the arena and Pick up Dragonblood Crystals
20979	Member already exists in the friend group. Failed to add Member.	Member already exists in the friend group. Failed to add Member.
20980	This player is muted. Unmute them before performing this action.	This player is muted. Unmute them before performing this action.
20981	The item was purchased by another player. Purchase unsuccessful.	The item was purchased by another player. Purchase unsuccessful.
20982	The Merge Guild invitation does not exist. Unable to Merge into.	The Merge Guild invitation does not exist. Unable to Merge into.
20983	A party Member does not meet the Hidden Vault Unlock Requirement	A party Member does not meet the Hidden Vault Unlock Requirement
20984	Matchmaking failed because a party member has an invalid status.	Matchmaking failed because a party member has an invalid status.
20985	Check the number of Revives remaining after clearing the dungeon	Check the number of Revives remaining after clearing the dungeon
20986	Name contains inappropriate language. Please enter another name.	Name contains inappropriate language. Please enter another name.
20987	Cannot Cancel Rental while there are items in the Cart Merchant.	Cannot Cancel Rental while there are items in the Cart Merchant.
20988	After use, increases CRIT Chance by @{1}% and CRIT DMG by @{2}%.	หลังการใช้งาน เพิ่มโอกาส CRIT ขึ้น@{1}% และ CRIT DMG ขึ้น@{2}%
20989	You can only send once every @{1} hours. Please try again later.	You can only send once every @{1} hours. Please try again later.
20990	Clear any Phantom Realm dungeon with ^{1}@{1} Guild Members^{2}.	Clear any Phantom Realm dungeon with ^{1}@{1} Guild Members^{2}.
20991	Welcome~ Oh, a new face! Looking for a gift for your girlfriend?	Welcome~ Oh, a new face! Looking for a gift for your girlfriend?
20992	Your Backpack is overweight. You cannot carry any more supplies.	Your Backpack is overweight. You cannot carry any more supplies.
20993	Star Shift will strike in ${1} seconds! Keep moving to dodge it!	Star Shift will strike in ${1} seconds! Keep moving to dodge it!
20994	Increases your Crit by @{1} for @{2} seconds, up to @{3} stacks.	เพิ่ม Crit ของคุณขึ้น@{1}เป็นเวลา@{2}วินาที สูงสุดถึง@{3}stacks
20995	Each floor grants a ^{1}【Shield】^{2} equal to @{1}% of Max Life.	แต่ละชั้นจะได้รับ ^{1}【Shield】^{2}เท่ากับ@{1}% ของพลัง Life สูงสุด
20996	Your guild is not yet ranked, so there are no rewards available!	Your guild is not yet ranked, so there are no rewards available!
20997	After a brief cast, strikes players within the current grid area	หลังจากร่ายช่วงสั้นๆ จะโจมตีผู้เล่นที่อยู่ในพื้นที่ตารางปัจจุบัน
20998	[Rift Crisis] Commendation Gift Box has reached This Week's Limit	[Rift Crisis] Commendation Gift Box has reached This Week's Limit
20999	Go to the Grand Lecture Hall and find the Head Job Advance Mentor	ไปที่ Grand Lecture Hall และค้นหา Head Job Advance Mentor
21000	The compass you're carrying suddenly starts glowing. Very strange	เข็มทิศที่คุณถืออยู่เริ่มเรืองแสงขึ้นมาแปลกมาก
