Index	English	Thai_Translation
21001	Follow the pathfinder ant to the entrance of the queen ant's nest	เดินตามมดผู้บุกเบิกไปยังทางเข้ารังมดราชินี
21002	Ji explains that multiple parallel timelines exist in this world.	Ji อธิบายว่าโลกนี้มีไทม์ไลน์คู่ขนานหลายเส้น
21003	Obtain a wealth of resources and provide Guild Coins to the guild	รับทรัพยากรมากมายและมอบเหรียญ Guild ให้กับ Guild
21004	Tap to Follow a party member participating in the Caravan Escort.	Tap to Follow a party member participating in the Caravan Escort.
21005	The current gameplay experience does not represent final quality.	The current gameplay experience does not represent final quality.
21006	Tap to select items to sell. Press and hold to view item details.	Tap to select items to sell. Press and hold to view item details.
21007	Resetting will remove all smelting attributes from the equipment.	Resetting will remove all smelting attributes from the equipment.
21008	Entry requirements not met. Unable to reach the destination area.	Entry requirements not met. Unable to reach the destination area.
21009	The Professor has something important to tell You. Go talk to him	Professor มีเรื่องสำคัญจะบอกคุณไปคุยกับเขาสิ
21010	A client configuration update was detected. You must Restart Now.	A client configuration update was detected. You must Restart Now.
21011	Guild Members gain ^{1}@{1}%^{2} combat power during City Defense	Guild Members gain ^{1}@{1}%^{2} combat power during City Defense
21012	^{1}^{2}^{3}Physical^{4}^{5}^{6}\n^{7}^{8}^{9}Buff^{10}^{11}^{12}	^{1}^{2}^{3}Physical^{4}^{5}^{6}\n^{7}^{8}^{9}Buff^{10}^{11}^{12}
21013	An exhilarating @{1} VS @{2} showdown! Come join the Competition!	An exhilarating @{1} VS @{2} showdown! Come join the Competition!
21014	Invitations received during this login will be saved to the list.	Invitations received during this login will be saved to the list.
21015	Stronghold-holding guilds can purchase supplies from other guilds	Stronghold-holding guilds can purchase supplies from other guilds
21016	No grounds for impeachment. The Guild Master cannot be impeached.	No grounds for impeachment. The Guild Master cannot be impeached.
21017	${1}noticed your Get Help request and helped you submit the item.	${1}noticed your Get Help request and helped you submit the item.
21018	The maximum number of players who can Place Bet has been reached.	The maximum number of players who can Place Bet has been reached.
21019	Damage against all Orcs +@{1}% (excluding Orc Lord and Orc Hero).	สร้างความเสียหายต่อ Orc ทั้งหมด +@{1}% (ไม่รวม Orc Lord และ Orc Hero)
21020	Transform: Poring, reducing Movement Speed and preventing attacks	Transform: เจาะ ลดความเร็วในการเคลื่อนที่ และป้องกันการโจมตี
21021	Continuously restores a large amount of Life and increases damage	ฟื้นฟูพลัง Life จำนวนมากอย่างต่อเนื่องและเพิ่มความเสียหาย
21022	Damage Increase: ${1}% while fighting alongside ^{1}【Falcon】^{2}.	เพิ่มความเสียหาย:${1}% ขณะต่อสู้เคียงข้าง ^{1}【Falcon】^{2}
21023	<color=#63A22B>Download Speed: ${1}</color>  File Size: ${2}/${3}	<color=#63A22B>Download Speed: ${1}</color>  File Size: ${2}/${3}
21024	^{1}^{2}[Shield Boomerang]^{3}^{4} ricochets an Extra ${1} times.	^{1}^{2}[Shield Boomerang]^{3}^{4}เด้งกลับพิเศษ${1}ครั้ง
21025	Converts @{1}% of the sum of Physical ATK and Magic ATK into Life	แปลง@{1}% ของผลรวมของ ATK กายภาพและ ATK เวทย์เป็น Life
21026	Increases Max HP by ${1}% of the total PATK and MATK, up to ${2}.	เพิ่ม Max HP โดย${1}% ของ PATK และ MATK ทั้งหมด สูงสุด${2}
21027	Unique Effect: CRIT DMG +${1}%. Each stack grants an Extra ${2}%.	เอฟเฟกต์เฉพาะ: CRIT DMG +${1}% แต่ละสแต็กให้${2}% พิเศษ
21028	Third-Prize Announcement @{2} ms after Campfire Phase @{1} begins	Third-Prize Announcement @{2} ms after Campfire Phase @{1} begins
21029	First-Prize Announcement @{2} ms after Campfire Phase @{1} begins	First-Prize Announcement @{2} ms after Campfire Phase @{1} begins
21030	A decorative eggshell worn on the head. It's surprisingly sturdy.	A decorative eggshell worn on the head. It's surprisingly sturdy.
21031	A radiant, sacred unicorn that looks enchanting from every angle.	A radiant, sacred unicorn that looks enchanting from every angle.
21032	Flames bloom wherever you tread, each step writing a poem in ash.	Flames bloom wherever you tread, each step writing a poem in ash.
21033	Emergency Call is an exclusive skill for the Vice Guild Master.	Emergency Call is an exclusive skill for the Vice Guild Master.
21034	"Consuming a ""Yggdrasil Berry"" instantly restores @{1}% HP and SP."	"Consuming a ""Yggdrasil Berry"" instantly restores @{1}% HP and SP."
21035	Guild Management Members cannot be removed with Banish from Guild	Guild Management Members cannot be removed with Banish from Guild
21036	Automatically Ride the Ostrich Mount After the Balloon Is Removed	Automatically Ride the Ostrich Mount After the Balloon Is Removed
21037	Not enough materials. Please obtain the required materials first.	Not enough materials. Please obtain the required materials first.
21038	Limited-Time Hatchery time remaining: <color=#ff993f>${1}</color>	Limited-Time Hatchery time remaining: <color=#ff993f>${1}</color>
21039	Complete your second Job Advance to unlock a more powerful class.	Complete your second Job Advance to unlock a more powerful class.
21040	Activate all Resonance effects for any @{1} Elements in Soul Echo	Activate all Resonance effects for any @{1} Elements in Soul Echo
21041	Confirm deployment. Feel that power surging through you! Hee-hee~	Confirm deployment. Feel that power surging through you! Hee-hee~
21042	Try Save Preset first. You can make further changes after saving.	Try Save Preset first. You can make further changes after saving.
21043	How can a Merchant go without their own Cart Merchant? Follow me!	How can a Merchant go without their own Cart Merchant? Follow me!
21044	Wow! It's so beautiful here! Much comfier than Master's Backpack~	Wow! It's so beautiful here! Much comfier than Master's Backpack~
21045	Please claim your unclaimed Rank Reward from the previous Season.	Please claim your unclaimed Rank Reward from the previous Season.
21046	You ranked No. ${1} in this event. Please claim the prizes below!	You ranked No. ${1} in this event. Please claim the prizes below!
21047	Don't worry, we've got this! We'll go pick the flowers right now!	Don't worry, we've got this! We'll go pick the flowers right now!
21048	Sir! Don't squeeze that. If you damage it, you'll have to buy it!	Sir! Don't squeeze that. If you damage it, you'll have to buy it!
21049	You'll have to meet my requirements before you can Trade with me.	You'll have to meet my requirements before you can Trade with me.
21050	Well done. You've grasped your new skills faster than I expected.	Well done. You've grasped your new skills faster than I expected.
21051	Oh? So you're the rookie she Suggested? You certainly look eager.	Oh? So you're the rookie she Suggested? You certainly look eager.
21052	All right, All right! Another errand, just as expected. Let's go!	All right, All right! Another errand, just as expected. Let's go!
21053	"What does she mean by ""run errands""? She's gone a little too far."	"What does she mean by ""run errands""? She's gone a little too far."
21054	Huh? The guy vanished and left his Clothes here? What's going on?	Huh? The guy vanished and left his Clothes here? What's going on?
21055	It's back? Oh my gosh... You really brought it back in one piece!	It's back? Oh my gosh... You really brought it back in one piece!
21056	The Dungeon is not open yet. Contact Guild Management to open it.	The Dungeon is not open yet. Contact Guild Management to open it.
21057	Deviling\nThe entrance to the Pirate's Hidden Treasure has closed	Deviling\nThe entrance to the Pirate's Hidden Treasure has closed
21058	Tap above a wormhole to enter it and emerge from another wormhole	Tap above a wormhole to enter it and emerge from another wormhole
21059	^{1}[${1}]^{2} added an accelerant, replacing [${2}] with [${3}].	^{1}[${1}]^{2} added an accelerant, replacing [${2}] with [${3}].
21060	An exciting moment is approaching!\nPlayers in 【${1}】, get ready!	An exciting moment is approaching!\nPlayers in 【${1}】, get ready!
21061	Bobo\nSomething's wrong with these flames! Don't stand too close!	Bobo\nSomething's wrong with these flames! Don't stand too close!
21062	We can't go on like this. If only someone nearby could help us...	We can't go on like this. If only someone nearby could help us...
21063	Bobo\nThat's the professor's voice! Let's hurry and get him down!	Bobo\nThat's the professor's voice! Let's hurry and get him down!
21064	Bobo\nThat must be the Relic up ahead! Whew, we finally found it!	Bobo\nThat must be the Relic up ahead! Whew, we finally found it!
21065	Church Knight\nYou couldn't have come at a worse time. Watch out!	Church Knight\nYou couldn't have come at a worse time. Watch out!
21066	Currently equipped appearance: <color=#cc762a><u>${1}</u></color>	Currently equipped appearance: <color=#cc762a><u>${1}</u></color>
21067	Participate in the Guild Event: Ilmatar, God of Nature @{1} times	เข้าร่วมกิจกรรม Guild: อิลมาทาร์ เทพเจ้าแห่งธรรมชาติ@{1}ครั้ง
21068	Permanently unlock the Mechanical Set - Body Accessory appearance	ปลดล็อค Mechanical Set อย่างถาวร - รูปลักษณ์ของ Body Accessory
21069	Activate the Sweetheart Tea Party Costume Appearance (Permanent).	เปิดใช้งานรูปลักษณ์เครื่องแต่งกายของ Sweetheart Tea Party (ถาวร)
21070	Open this gift box to obtain a large number of progression items.	Open กล่องของขวัญนี้เพื่อรับไอเทมความก้าวหน้าจำนวนมาก
21071	A premium, colorful, and delicious sea bream used in many dishes.	ปลาทะเลคุณภาพเยี่ยม สีสันสวยงาม และอร่อยที่ใช้ประกอบอาหารได้หลากหลาย
21072	Common silk thread used to sew clothing or light cloth equipment.	ด้ายไหมทั่วไปใช้เย็บเสื้อผ้าหรืออุปกรณ์ผ้าบาง
21073	Similar to a Large Jellopy, but with a brighter crystalline glow.	คล้ายกับเยลลี่ขนาดใหญ่ แต่มีแสงคริสตัลที่สว่างกว่า
21074	A gemstone that emits a Blue glow. Can be exchanged for Headwear.	อัญมณีที่เปล่งแสงสีน้ำเงิน สามารถเปลี่ยนเป็น Headwear ได้
21075	A gemstone that emits a pink glow. Can be exchanged for Headwear.	อัญมณีที่เปล่งประกายสีชมพู สามารถเปลี่ยนเป็น Headwear ได้
21076	${1} successfully performs the beautiful movement of Overture III	${1} successfully performs the beautiful movement of Overture III
21077	An axe designed to overcome the slow attack speed common to axes.	ขวานที่ออกแบบมาเพื่อเอาชนะความเร็วการโจมตีที่ช้าซึ่งเหมือนกับขวานทั่วไป
21078	First prize must be drawn from players using the Poring Transform	First prize must be drawn from players using the Poring Transform
21079	Third prize must be drawn from players using the Poring Transform	Third prize must be drawn from players using the Poring Transform
21080	Event Period: Sundays on even-numbered weeks, @{1}:@{2}~@{3}:@{4}	Event Period: Sundays on even-numbered weeks, @{1}:@{2}~@{3}:@{4}
21081	You already have an unclaimed gift containing the same appearance	You already have an unclaimed gift containing the same appearance
21082	Auto-battle time was too short. No earnings summary is available.	Auto-battle time was too short. No earnings summary is available.
21083	This guild is on Merge Guild cooldown and cannot Merge Guild yet.	This guild is on Merge Guild cooldown and cannot Merge Guild yet.
21084	You have already joined a guild. Failed to cancel the application	You have already joined a guild. Failed to cancel the application
21085	The attribute selected by the client does not exist on the server	The attribute selected by the client does not exist on the server
21086	Response failed. You cannot respond to your own Get Help request.	Response failed. You cannot respond to your own Get Help request.
21087	Too many requests. Please wait before starting matchmaking again.	Too many requests. Please wait before starting matchmaking again.
21088	Nickname does not meet the length requirements. Please try again.	Nickname does not meet the length requirements. Please try again.
21089	Uses a Burst of speed to move ${1} m in the designated direction.	ใช้ความเร็วต่อเนื่องเพื่อเคลื่อน${1}m ไปในทิศทางที่กำหนด
21090	You can participate in this event the day after you Join a guild.	You can participate in this event the day after you Join a guild.
21091	Let's split up and meet back here once we've gathered everything!	Let's split up and meet back here once we've gathered everything!
21092	For every @{1} skills on this Totem, gain @{2}% damage reduction.	สำหรับทุกทักษะของ@{1}บนโทเทมนี้ ได้รับการลดความเสียหายของ@{2}%
21093	Magic damage against targets below @{1}% Life increased by @{2}%.	ความเสียหายเวทย์มนตร์ต่อเป้าหมายที่ต่ำกว่า@{1}% พลัง Life เพิ่มขึ้น@{2}%
21094	Movement Speed +@{1}%. Touch a red bubble to gain a damage bonus.	ความเร็วในการเคลื่อนที่ +@{1}%แตะฟองสีแดงเพื่อรับโบนัสความเสียหาย
21095	Reduces damage taken from players' Normal Attack skills by ${1}%.	ลดความเสียหายที่ได้รับจากทักษะ Normal Attack ของผู้เล่นลง${1}%
21096	Traps one player inside a Bell, then attacks the Bell with an AOE	จับผู้เล่นหนึ่งคนไว้ในกระดิ่ง แล้วโจมตีระฆังด้วย AOE
21097	Target three players and drop cross-shaped cannon blasts on them.	กำหนดเป้าหมายผู้เล่นสามคนแล้วปล่อยปืนใหญ่รูปกากบาทใส่พวกเขา
21098	Assistance request sent to the <color=#F4F2E9>${1}</color> Channel	Assistance request sent to the <color=#F4F2E9>${1}</color> Channel
21099	You haven't cleared this round yet. Are you sure you want to quit?	You haven't cleared this round yet. Are you sure you want to quit?
21100	Fight in the Territory War and earn bountiful rewards for victory.	Fight in the Territory War and earn bountiful rewards for victory.
21101	^{1}Attack Almakia with the Heavy Cannon until it becomes Weak^{2}	^{1}โจมตีอัลมาเกียด้วย Cannon หนักจนกระทั่งมัน Weak^{2}
21102	There's an Adventurer camp nearby. Go there to gather information.	มีแคมป์ Adventurer อยู่ใกล้ๆไปที่นั่นเพื่อรวบรวมข้อมูล
21103	Touch the memory entity prototype and fall into another dimension.	สัมผัสต้นแบบเอนทิตีหน่วยความจำแล้วตกไปสู่อีกมิติหนึ่ง
21104	【Challenge】 Defeat an MVP with any Member of your Adventure Party.	【Challenge】 เอาชนะ MVP ด้วยสมาชิกปาร์ตี้ผจญภัยของคุณ
21105	This player is masked. You cannot view their personal information.	This player is masked. You cannot view their personal information.
21106	Randomly grants <color=#cc762a>${1}-${2}</color> Unseal Card Slots	Randomly grants <color=#cc762a>${1}-${2}</color> Unseal Card Slots
21107	"Spend <sprite name=""${1}""> <color=#cc762a>x${2}</color> to Revive?"	"Spend <sprite name=""${1}""> <color=#cc762a>x${2}</color> to Revive?"
21108	Enhancement attributes take effect once the equipment is equipped.	Enhancement attributes take effect once the equipment is equipped.
21109	The displayed review time varies based on the player's Reputation.	The displayed review time varies based on the player's Reputation.
21110	For every @{1} professions that reach Grandmaster, Max Vigor +@{2}	For every @{1} professions that reach Grandmaster, Max Vigor +@{2}
21111	Automatically use when HP falls below <color=#cc762a>${1}%</color>	Automatically use when HP falls below <color=#cc762a>${1}%</color>
21112	Automatically use when SP falls below <color=#cc762a>${1}%</color>	Automatically use when SP falls below <color=#cc762a>${1}%</color>
21113	This player is in an instance and cannot accept Party invitations.	This player is in an instance and cannot accept Party invitations.
21114	Invitations are being sent too frequently. Please try again later.	Invitations are being sent too frequently. Please try again later.
21115	Targets are being switched too frequently. Please try again later.	Targets are being switched too frequently. Please try again later.
21116	Please enter a recruitment message of no more than ${1} characters	Please enter a recruitment message of no more than ${1} characters
21117	Load <color=#a6e26c>6/7/8</color> items to earn Additional rewards	Load <color=#a6e26c>6/7/8</color> items to earn Additional rewards
21118	The entry period has ended. You can no longer enter the Gala Quiz.	The entry period has ended. You can no longer enter the Gala Quiz.
21119	Damage taken by this unit from the next hit is increased by ${1}%.	ความเสียหายที่ได้รับจากยูนิตนี้จากการโจมตีครั้งต่อไปจะเพิ่มขึ้น${1}%
21120	I have read and agree to the Service Agreement and Privacy Policy.	I have read and agree to the Service Agreement and Privacy Policy.
21121	A new game version is available. Please launch the game to update.	A new game version is available. Please launch the game to update.
21122	When ^{1}^{2}[Basilica]^{3}^{4} reaches Lv. ${1}, MDEF/PDEF +${2}.	เมื่อ ^{1}^{2}[Basilica]^{3}^{4}ถึง Lv.${1}, MDEF/PDEF +${2}.
21123	Learning ^{1}^{2}[Spear Mastery]^{3}^{4} grants ${1}% Holy Damage.	การเรียนรู้ ^{1}^{2}[Spear Mastery]^{3}^{4}ให้${1}% ความเสียหายศักดิ์สิทธิ์
21124	PATK +@{1}, and ^{1}^{2}[Sacrifice]^{3}^{4} no longer consumes HP.	PATK +@{1}และ ^{1}^{2}[Sacrifice]^{3}^{4}ไม่สิ้นเปลือง HP อีกต่อไป
21125	^{1}^{2}[Brandish Spear]^{3}^{4} gains an Extra ${1}% Crit Chance.	^{1}^{2}[Brandish Spear]^{3}^{4}ได้รับโอกาสคริติคอลพิเศษ${1}%
21126	Second-Prize Announcement @{2} ms after Campfire Phase @{1} begins	Second-Prize Announcement @{2} ms after Campfire Phase @{1} begins
21127	A theatrical prop Helmet that frightens others when worn normally.	A theatrical prop Helmet that frightens others when worn normally.
21128	A mustache that gives you a sincere and dependable look when worn.	A mustache that gives you a sincere and dependable look when worn.
21129	Expedition Duration <#c2ff7a><size=36>${1}</size></color>/${2} min	Expedition Duration <#c2ff7a><size=36>${1}</size></color>/${2} min
21130	Guild Activities - (Auction Eligibility) Guild League - Semifinals	Guild Activities - (Auction Eligibility) Guild League - Semifinals
21131	Deploy 3 pets from the same Faction to activate the Faction bonus.	Deploy 3 pets from the same Faction to activate the Faction bonus.
21132	This pet is currently in a Utility Slot. Change it to a Main Slot?	This pet is currently in a Utility Slot. Change it to a Main Slot?
21133	This pet is currently in a Main Slot. Change it to a Utility Slot?	This pet is currently in a Main Slot. Change it to a Utility Slot?
21134	Next, let's Learn how to equip a Potion to a quick slot. Tap here.	Next, let's Learn how to equip a Potion to a quick slot. Tap here.
21135	Now, drag the Potion into the empty slot like this. Give it a try!	Now, drag the Potion into the empty slot like this. Give it a try!
21136	Talents can quickly make you stronger. Come take a look with Bobo!	Talents can quickly make you stronger. Come take a look with Bobo!
21137	Huh? Is something still not ready? Bobo can't wait any longer, bo!	Huh? Is something still not ready? Bobo can't wait any longer, bo!
21138	A gift from ${1}. Here is what ${1} would like to say to you: ${2}	A gift from ${1}. Here is what ${1} would like to say to you: ${2}
21139	I'm a professional gem appraiser, and I only sell the finest gems!	I'm a professional gem appraiser, and I only sell the finest gems!
21140	I really enjoy volunteering. Helping others gives my Life meaning.	I really enjoy volunteering. Helping others gives my Life meaning.
21141	Worn-out soles can be replaced, and a wrong turn can be corrected~	Worn-out soles can be replaced, and a wrong turn can be corrected~
21142	...Wait. This contradicts what was written in the previous volume.	...Wait. This contradicts what was written in the previous volume.
21143	Quests complete. Hawke, Thank You for the intelligence and backup.	Quests complete. Hawke, Thank You for the intelligence and backup.
21144	Come, Kill some Nearby monsters and show me your current strength.	Come, Kill some Nearby monsters and show me your current strength.
21145	Waiting for the administrator to begin or for the countdown to end	Waiting for the administrator to begin or for the countdown to end
21146	Bee Cavalry will target players and charge. Watch your positioning	Bee Cavalry will target players and charge. Watch your positioning
21147	${1} voluntarily left the battlefield. Their ID Tag is now invalid	${1} voluntarily left the battlefield. Their ID Tag is now invalid
21148	The party's Third Prize will be drawn in @{1} seconds. Stay tuned!	The party's Third Prize will be drawn in @{1} seconds. Stay tuned!
21149	The party's First Prize will be drawn in @{1} seconds. Stay tuned!	The party's First Prize will be drawn in @{1} seconds. Stay tuned!
21150	Attention!\nA group of little monsters carrying treasure is ready!	Attention!\nA group of little monsters carrying treasure is ready!
21151	Bobo\nIt's too narrow here for the ant. Should we squeeze through?	Bobo\nIt's too narrow here for the ant. Should we squeeze through?
21152	Martha\nDarn it! We almost won. Louie, let's challenge them again!	Martha\nDarn it! We almost won. Louie, let's challenge them again!
21153	Cockroach Researcher\nUgh, stupid dog! Go away! Stay away from me!	Cockroach Researcher\nUgh, stupid dog! Go away! Stay away from me!
21154	Activate the Dinner Date matching Facewear Appearance (Permanent).	เปิดใช้งาน Dinner Date ที่ตรงกับลักษณะที่ปรากฏของใบหน้า (ถาวร)
21155	A lavish gift awarded to active participants in the Territory War.	ของขวัญฟุ่มเฟือยที่มอบให้แก่ผู้เข้าร่วมที่แข็งขันในสงครามอาณาเขต
21156	A toenail clipped from a wolf's paw. Available from the Collector.	เล็บเท้าถูกตัดออกจากอุ้งเท้าของหมาป่า มีจำหน่ายจากนักสะสม
21157	A feline favorite used to draw items in Mine Planet Treasure Hunt.	แมวตัวโปรดที่ใช้ในการวาดไอเท็มในเกม Mine Planet Treasure Hunt
21158	A gemstone that emits a White glow. Can be exchanged for Headwear.	อัญมณีที่เปล่งแสง White ออกมา สามารถเปลี่ยนเป็น Headwear ได้
21159	Fur from a Flying monster or Brute. Can be exchanged for Headwear.	ขนจากสัตว์ประหลาดที่บินได้หรือสัตว์เดรัจฉานสามารถเปลี่ยนเป็น Headwear ได้
21160	Overture I rings out as ${1} successfully contributes music energy	Overture I rings out as ${1} successfully contributes music energy
21161	Pet must reach the maximum star rating before it can be dismantled	Pet must reach the maximum star rating before it can be dismantled
21162	Points obtained by defeating monsters in the ^{1}Payon^{2} region.	คะแนนที่ได้รับจากการเอาชนะมอนสเตอร์ในภูมิภาค ^{1}Payon^{2}
21163	Used to offset Net Victory Points deducted in Survivor Battle Misc	ใช้เพื่อชดเชยคะแนนชัยชนะสุทธิที่หักใน Survivor Battle Misc
21164	Third prize must be drawn from players using the Lunatic Transform	Third prize must be drawn from players using the Lunatic Transform
21165	Second prize must be drawn from players using the Poring Transform	Second prize must be drawn from players using the Poring Transform
21166	Activate Lower-Left @{1} Invisible Wall @{2} when the event begins	Activate Lower-Left @{1} Invisible Wall @{2} when the event begins
21167	Activate Upper-Left @{1} Invisible Wall @{2} when the event begins	Activate Upper-Left @{1} Invisible Wall @{2} when the event begins
21168	The player has another action in progress. Please try again later.	The player has another action in progress. Please try again later.
21169	Joining an Adventurer Group is on cooldown (time remaining: ${1}).	Joining an Adventurer Group is on cooldown (time remaining: ${1}).
21170	Please water a sapling displaying an Adventurer Group declaration.	Please water a sapling displaying an Adventurer Group declaration.
21171	This guild's activity rating was too low last week to Merge Guild.	This guild's activity rating was too low last week to Merge Guild.
21172	You have reached the limit for guild responses to your application	You have reached the limit for guild responses to your application
21173	Failed to create NPC. Invalid reason -- internal server error code	Failed to create NPC. Invalid reason -- internal server error code
21174	You have reached today's request limit. Please try again Tomorrow.	You have reached today's request limit. Please try again Tomorrow.
21175	This Member is currently using a war machine. Revoke their access?	This Member is currently using a war machine. Revoke their access?
21176	This item is in the public listing period and cannot be purchased.	This item is in the public listing period and cannot be purchased.
21177	(Puts hands on hips) Young man! True love must be put to the test!	(Puts hands on hips) Young man! True love must be put to the test!
21178	Oh, it's you. Would you like to review the second-job class paths?	Oh, it's you. Would you like to review the second-job class paths?
21179	We're here to investigate the Relic! Don't worry about our safety.	We're here to investigate the Relic! Don't worry about our safety.
21180	Come see me again... tomorrow. Perhaps it's time you learned more.	Come see me again... tomorrow. Perhaps it's time you learned more.
21181	Normal Attack, Talent Skills, and Derived Skills cannot be edited.	Normal Attack, Talent Skills, and Derived Skills cannot be edited.
21182	Epic Battle ${1} difficulty is now available!\nAnswer the summons?	Epic Battle ${1} difficulty is now available!\nAnswer the summons?
21183	Learn 【Advanced Katar Mastery】 to gain an Extra ${1} Physical ATK.	เรียนรู้ 【Advanced Katar Mastery】 เพื่อรับพลังโจมตีกายภาพพิเศษ${1}
21184	Movement Speed +@{1}%. Touch a blue bubble to gain a damage bonus.	ความเร็วในการเคลื่อนที่ +@{1}%แตะฟองสีน้ำเงินเพื่อรับโบนัสความเสียหาย
21185	Items you no longer own were automatically removed from the build.	Items you no longer own were automatically removed from the build.
21186	Granted by the Fox Fairy. Increases damage dealt by ^{1}${1}%^{2}.	ได้รับจาก Fox Fairy เพิ่มความเสียหายที่สร้างโดย ^{1}${1}%^{2}
21187	Increases damage reduction from Demi-Human monsters by ${1}%~${2}%	เพิ่มการลดความเสียหายจากมอนสเตอร์กึ่งมนุษย์โดย${1}%~${2}%
21188	^{1}Use Lope to dodge attacks and slide all the way to the end!^{2}	^{1}ใช้ Lope เพื่อหลบการโจมตีและเลื่อนไปจนสุดทาง!^{2}
21189	The Professor mentions a strange young girl nearby. Go take a look.	Professor กล่าวถึงเด็กสาวแปลกหน้าที่อยู่ใกล้ๆไปดูสิ.
21190	With the rat problem solved, Grandpa Bob decided to join your side.	เมื่อปัญหาหนูได้รับการแก้ไข GrandpaBob จึงตัดสินใจเข้าร่วมเคียงข้างคุณ
21191	In the letter, the Job Advance Mentor asks you to meet in Prontera.	ในจดหมาย Job Advance Mentor ขอให้คุณไปพบที่ Prontera
21192	Give the materials to the Adventurer so he can create a tracker ant	มอบวัสดุให้กับ Adventurer เพื่อสร้างมดติดตาม
21193	Increases the Shield effect by ${1} when affected by a Shield skill	Increases the Shield effect by ${1} when affected by a Shield skill
21194	Some players must repair the Dragon-Hunting Turrets on the platform	Some players must repair the Dragon-Hunting Turrets on the platform
21195	Head to the outskirts of the arena and Pick up Dragonblood Crystals	Head to the outskirts of the arena and Pick up Dragonblood Crystals
21196	Switch stat builds. This version currently supports only one build.	Switch stat builds. This version currently supports only one build.
21197	Please confirm the item information and quantity before purchasing.	Please confirm the item information and quantity before purchasing.
21198	This exceeds the maximum quantity per listing. Please select again.	This exceeds the maximum quantity per listing. Please select again.
21199	Gift sent successfully. Please wait for the recipient to accept it.	Gift sent successfully. Please wait for the recipient to accept it.
21200	Maximum bid cannot be less than ${1} times the minimum starting bid	Maximum bid cannot be less than ${1} times the minimum starting bid
21201	Leave this screen?\nYour selections will be cleared when you leave.	Leave this screen?\nYour selections will be cleared when you leave.
21202	Spend ${1} Guild Funds to Level-up the ${2} building to level ${3}?	Spend ${1} Guild Funds to Level-up the ${2} building to level ${3}?
21203	You are already on the Map Appeared for this MVP. Find it yourself!	You are already on the Map Appeared for this MVP. Find it yourself!
21204	When a one-handed or two-handed staff is equipped, Magic ATK +${1}.	เมื่อติดตั้งไม้พลองมือเดียวหรือสองมือ Magic ATK +${1}
21205	When ^{1}^{2}[Arcane Mastery]^{3}^{4} reaches Lv. ${1}, MATK +${2}.	เมื่อ ^{1}^{2}[Arcane Mastery]^{3}^{4}ถึง Lv.${1}, MATK +${2}.
21206	Hidden Realm Boss skills are the same as those of the General Boss.	Hidden Realm Boss skills are the same as those of the General Boss.
21207	"The ""Ice Wall"" (Wall of Ice) skill can be broken by certain skills."	"The ""Ice Wall"" (Wall of Ice) skill can be broken by certain skills."
21208	In RO, the Apple Headgear is the most iconic look for Mage classes.	In RO, the Apple Headgear is the most iconic look for Mage classes.
21209	In RO, the more slots a piece of equipment has, the higher its DEF.	In RO, the more slots a piece of equipment has, the higher its DEF.
21210	Soul Echoes that have undergone Level-up are unavailable for Trade.	Soul Echoes that have undergone Level-up are unavailable for Trade.
21211	All Heroes, Enter the Inner Area for the Final Showdown with Fafnir	All Heroes, Enter the Inner Area for the Final Showdown with Fafnir
21212	Automatically Ride the Wild Boar Mount After the Balloon Is Removed	Automatically Ride the Wild Boar Mount After the Balloon Is Removed
21213	Pet must be unlocked and complete a Level-up before it can Respawn.	Pet must be unlocked and complete a Level-up before it can Respawn.
21214	Activates the Main Battle Skill of the pet in the Main Battle slot.	Activates the Main Battle Skill of the pet in the Main Battle slot.
21215	Outnumber the enemy inside the circle to capture the control point.	Outnumber the enemy inside the circle to capture the control point.
21216	When a great crisis approaches, it will guide you. Use it wisely...	When a great crisis approaches, it will guide you. Use it wisely...
21217	Don't worry! When the time comes, you can hide behind Bobo, Master!	Don't worry! When the time comes, you can hide behind Bobo, Master!
21218	Tell me which day you drink~\nAnd I'll tell you which day I drink~.	Tell me which day you drink~\nAnd I'll tell you which day I drink~.
21219	And now my friends and I have so much less to talk about. Honestly~	And now my friends and I have so much less to talk about. Honestly~
21220	I'm not bragging. It's true! Go ask one of the veteran Adventurers.	I'm not bragging. It's true! Go ask one of the veteran Adventurers.
21221	They've defiled the freedom of flight. Someday, they'll pay for it.	They've defiled the freedom of flight. Someday, they'll pay for it.
21222	Exactly! You need to take care of yourself, or who'll protect me...	Exactly! You need to take care of yourself, or who'll protect me...
21223	Affixes? That sounds so technical... Come on! Let's check them out!	Affixes? That sounds so technical... Come on! Let's check them out!
21224	You've already seen the vision the compass showed you, haven't you?	You've already seen the vision the compass showed you, haven't you?
21225	You can reenter from the event screen after exiting. Exit the area?	You can reenter from the event screen after exiting. Exit the area?
21226	The Bonfire's blessing has faded. Please exit in an orderly fashion	The Bonfire's blessing has faded. Please exit in an orderly fashion
21227	The movement is complete! Dodge in the order shown by the warnings!	The movement is complete! Dodge in the order shown by the warnings!
21228	Step onto the staff of rhythm. One wrong move means eternal silence	Step onto the staff of rhythm. One wrong move means eternal silence
21229	The party's Second Prize will be drawn in @{1} seconds. Stay tuned!	The party's Second Prize will be drawn in @{1} seconds. Stay tuned!
21230	Gain the Shrink effect and choose You or an Other player to Shrink.	Gain the Shrink effect and choose You or an Other player to Shrink.
21231	The ${1} Guild's Elite Treasure Cart has been completely destroyed!	The ${1} Guild's Elite Treasure Cart has been completely destroyed!
21232	Bobo\nWhew, we're finally back! I'm going to get some beauty sleep!	Bobo\nWhew, we're finally back! I'm going to get some beauty sleep!
21233	Bobo\nMaster, look at these claw marks... Baphomet might be nearby.	Bobo\nMaster, look at these claw marks... Baphomet might be nearby.
21234	Rhine\nAdventurers here for the Novice Trial, please come this way!	Rhine\nAdventurers here for the Novice Trial, please come this way!
21235	Bobo\nWhoa! There are so many people up ahead. What are they doing?	Bobo\nWhoa! There are so many people up ahead. What are they doing?
21236	Bobo\nHuh? He stopped. Is he scared of that swarm of bats up ahead?	Bobo\nHuh? He stopped. Is he scared of that swarm of bats up ahead?
21237	Your bid on ${1} has been surpassed. Your Funds have been Refunded.	Your bid on ${1} has been surpassed. Your Funds have been Refunded.
21238	You are no longer in the guild holding this auction and cannot bid.	You are no longer in the guild holding this auction and cannot bid.
21239	The auction has not officially started yet. Please try again later.	The auction has not officially started yet. Please try again later.
21240	Pet Shards can be used to unlock and star up the corresponding Pet.	สามารถใช้เพื่อปลดล็อคและติดดาวสัตว์เลี้ยงที่เกี่ยวข้องได้
21241	A detailed Equipment Crafting Blueprint used for Equipment Forging.	พิมพ์เขียวการสร้างอุปกรณ์โดยละเอียดที่ใช้สำหรับการตีอุปกรณ์
21242	A mysterious potion that cures nearly every negative status effect.	ยาลึกลับที่รักษาเอฟเฟกต์ด้านลบได้เกือบทุกแบบ
21243	Points obtained by defeating monsters in the ^{1}Geffen^{2} region.	คะแนนที่ได้รับจากการเอาชนะมอนสเตอร์ในภูมิภาค ^{1}Geffen^{2}
21244	Points obtained by defeating monsters in the ^{1}Morroc^{2} region.	คะแนนที่ได้รับจากการเอาชนะมอนสเตอร์ในภูมิภาค ^{1}Morroc^{2}
21245	Second prize must be drawn from players using the Lunatic Transform	Second prize must be drawn from players using the Lunatic Transform
21246	Activate Upper-Right @{1} Invisible Wall @{2} when the event begins	Activate Upper-Right @{1} Invisible Wall @{2} when the event begins
21247	Activate Lower-Right @{1} Invisible Wall @{2} when the event begins	Activate Lower-Right @{1} Invisible Wall @{2} when the event begins
21248	Member does not exist in the friend group. Failed to remove Member.	Member does not exist in the friend group. Failed to remove Member.
21249	Room ownership cannot be transferred to a player on the Blocks list	Room ownership cannot be transferred to a player on the Blocks list
21250	This Adventurer Group has reached the application acceptance limit.	This Adventurer Group has reached the application acceptance limit.
21251	This recruitment listing has expired. Please refresh and try again.	This recruitment listing has expired. Please refresh and try again.
21252	The Inviting Party was not in a guild when the invite was confirmed	The Inviting Party was not in a guild when the invite was confirmed
21253	Are you sure you want to consume upgraded Soul Echoes for Level-up?	Are you sure you want to consume upgraded Soul Echoes for Level-up?
21254	Your party includes an Offline player. Unable to start matchmaking.	Your party includes an Offline player. Unable to start matchmaking.
21255	A radiant magic orb. Use to permanently increase Magic ATK by @{1}.	ลูกแก้ววิเศษที่เปล่งประกาย ใช้เพื่อเพิ่ม Magic ATK อย่างถาวรโดย@{1}
21256	After a brief cast, summons several Thief Bugs to follow and attack	หลังจากร่ายช่วงสั้นๆ เรียก Thief Bugs หลายตัวมาติดตามและโจมตี
21257	...You know, it's rude to stare at someone like that for no reason.	...You know, it's rude to stare at someone like that for no reason.
21258	(Suddenly blushes) E-Even though it singed off a lock of my hair...	(Suddenly blushes) E-Even though it singed off a lock of my hair...
21259	The world you see is but one of countless leaves on the World Tree.	The world you see is but one of countless leaves on the World Tree.
21260	The Dancer loved your tip and granted you 15 seconds of bonus time.	The Dancer loved your tip and granted you 15 seconds of bonus time.
21261	Maximum Floors of all your Physical damage buffs increased by @{1}.	ชั้นสูงสุดของบัฟความเสียหายกายภาพทั้งหมดของคุณเพิ่มขึ้น@{1}
21262	【Meteor Assault】's 【Stun】 and 【Darkness】 Chance increased by ${1}%.	【Meteor Assault】 ของ 【Stun】 และ 【Darkness】 โอกาสเพิ่มขึ้น${1}%
21263	Increases the 【Venom】 damage triggered by 【Deadly Poison】 by ${1}%.	เพิ่มความเสียหายของ 【Venom】 ที่เกิดจาก 【Deadly Poison】 เป็น${1}%
21264	Grants a shield equal to @{1}% of damage taken during King's Grace.	ได้รับโล่เท่ากับ@{1}% ของความเสียหายที่ได้รับระหว่าง King's Grace
21265	Movement Speed +@{1}%. Touch a green bubble to gain a damage bonus.	ความเร็วในการเคลื่อนที่ +@{1}%แตะฟองสีเขียวเพื่อรับโบนัสความเสียหาย
21266	Uses the higher of Physical ATK and Magic ATK when calculating ATK.	ใช้ ATK กายภาพและ ATK ที่สูงกว่าเมื่อคำนวณ ATK
21267	Increases the target's Physical DEF and Magic DEF by ^{1}${1}%^{2}.	เพิ่ม DEF กายภาพและ DEF เวทมนตร์ของเป้าหมายโดย ^{1}${1}%^{2}
21268	Granted by Alio. This unit's attacks gain the Surgical Mark effect.	ได้รับจาก Alio การโจมตีของยูนิตนี้จะได้รับเอฟเฟกต์ Surgical Mark
21269	The Boss was defeated, and the treasure was taken by other players.	The Boss was defeated, and the treasure was taken by other players.
21270	Enjoy the Bonfire EXP blessing while waiting for the raffle to begin	Enjoy the Bonfire EXP blessing while waiting for the raffle to begin
21271	Adventurers whose <color=#987f53>${1}</color> attribute is below 50%	Adventurers whose <color=#987f53>${1}</color> attribute is below 50%
21272	Talk to the younger sister and enter the Adventure Group declaration	คุยกับน้องสาวแล้วเข้าประกาศ Adventure Group
21273	The Professor has been captured by Maya. Return to camp for Utility.	Professor โดน Maya จับตัวไปกลับไปที่ค่ายเพื่อยูทิลิตี้
21274	Search for the Relic using the information provided by the Soldiers.	ค้นหาโบราณวัตถุโดยใช้ข้อมูลที่ Soldiers ให้ไว้
21275	A Pharaoh suddenly leaps out of the Relic. Find a way to defeat him.	ทันใดนั้น Pharaoh ก็กระโดดออกจากโบราณวัตถุ หาวิธีที่จะเอาชนะเขา
21276	Ask Hawk about his new Clue and continue searching for the professor	ถาม Hawk เกี่ยวกับเบาะแสใหม่ของเขาและค้นหาศาสตราจารย์ต่อไป
21277	Maya suddenly abducts the Professor, leaving you all frozen in shock	จู่ๆ Maya ก็ลักพาตัว Professor ไป ทำให้คุณทุกคนตกตะลึงด้วยความตกใจ
21278	It's the man from earlier. Ask if he knows how to find the professor	ผู้ชายจากเมื่อก่อนครับถามว่าเขารู้วิธีหาอาจารย์หรือไม่
21279	The professor is overflowing with gratitude. Hear what he has to say	อาจารย์เปี่ยมล้นด้วยความกตัญญูฟังสิ่งที่เขาพูด
21280	You've made a major leap in power and can now advance to Trans. 2nd.	คุณได้ก้าวกระโดดครั้งใหญ่ในด้านอำนาจ และตอนนี้สามารถก้าวไปสู่ ​​Trans ได้แล้ว2.
21281	The professor's cargo went missing at the North Gate. Go investigate	สินค้าของศาสตราจารย์หายไปที่ Gate ทิศเหนือไปสอบสวน
21282	Affects the chance of being hit by Normal Attacks and certain skills	Affects the chance of being hit by Normal Attacks and certain skills
21283	Increases damage dealt when your attack element is at a disadvantage	Increases damage dealt when your attack element is at a disadvantage
21284	Chance to trigger an Extra critical hit after landing a critical hit	Chance to trigger an Extra critical hit after landing a critical hit
21285	You've grown much stronger. You're ready for your second job change.	คุณแข็งแกร่งขึ้นมากคุณพร้อมสำหรับการเปลี่ยนงานครั้งที่สองแล้ว
21286	Your party has begun escorting supplies. ${1} is the current leader.	Your party has begun escorting supplies. ${1} is the current leader.
21287	Head to the entrance to Culvert Floor @{1} and meet the investigator	มุ่งหน้าไปยังทางเข้า Culvert Floor@{1}และพบกับผู้ตรวจสอบ
21288	You were not selected. Tap below to reclaim your Pre-purchase funds.	You were not selected. Tap below to reclaim your Pre-purchase funds.
21289	For unsolved note puzzles, tap the puzzle to select a note manually.	For unsolved note puzzles, tap the puzzle to select a note manually.
21290	This exceeds the maximum quantity per purchase. Please select again.	This exceeds the maximum quantity per purchase. Please select again.
21291	After renting, tap Ride in the lower-left corner of the main screen.	After renting, tap Ride in the lower-left corner of the main screen.
21292	This player is on your Blocks list, so you cannot send them messages	This player is on your Blocks list, so you cannot send them messages
21293	You haven't made the rankings yet, so there are no rewards to claim.	You haven't made the rankings yet, so there are no rewards to claim.
21294	At least ${1} Guild Members from the same guild must be in the party	At least ${1} Guild Members from the same guild must be in the party
21295	You cannot respond to Follow or Rally requests in the quiz Location.	You cannot respond to Follow or Rally requests in the quiz Location.
21296	All MVPs share the same Reward Count\nReward Count resets daily at 5	All MVPs share the same Reward Count\nReward Count resets daily at 5
21297	Party does not meet the required number of Members of the same class	Party does not meet the required number of Members of the same class
21298	^{1}^{2}Adrenaline Rush^{3}^{4} Lv. ${1} increases your STR by ${1}.	^{1}^{2}อะดรีนาลีนรัช^{3}^{4}Lv.${1}เพิ่ม STR ของคุณโดย${1}
21299	When ^{1}^{2}[Impositio Manus]^{3}^{4} reaches Lv. ${1}, MATK +${2}.	เมื่อ ^{1}^{2}[Impositio Manus]^{3}^{4}ถึง Lv.${1}, MATK +${2}.
21300	When HP is above ${1}%, increases Magic ATK by 【Character Lv.*${2}】.	เมื่อ HP มากกว่า${1}% จะเพิ่ม Magic ATK เป็น 【Character Lv.*${2}】
21301	Is everyone okay? It looks like the airship crashed in the Reef Sea.	Is everyone okay? It looks like the airship crashed in the Reef Sea.
21302	A magnificent headpiece made from the wing feathers of a Grand Peco.	A magnificent headpiece made from the wing feathers of a Grand Peco.
21303	In the Renewal version of Ragnarok Online, the maximum ASPD is @{1}.	In the Renewal version of Ragnarok Online, the maximum ASPD is @{1}.
21304	The guild name contains prohibited words. Please enter another name.	The guild name contains prohibited words. Please enter another name.
21305	Guild Activities - (Auction Eligibility) Guild League - Eliminations	Guild Activities - (Auction Eligibility) Guild League - Eliminations
21306	Guild Activities - (Auction Eligibility) Guild League - Grand Finals	Guild Activities - (Auction Eligibility) Guild League - Grand Finals
21307	Insufficient Required Materials. Please obtain more materials first.	Insufficient Required Materials. Please obtain more materials first.
21308	Obtain any @{1} pieces of Headwear, Facewear, Mouthwear, or Backwear	Obtain any @{1} pieces of Headwear, Facewear, Mouthwear, or Backwear
21309	Tap here with all your might! If it fails, don't blame this demon...	Tap here with all your might! If it fails, don't blame this demon...
21310	Here~ This is where you accept quests. A brand-new adventure awaits!	Here~ This is where you accept quests. A brand-new adventure awaits!
21311	This old compass is yours. It will warn you before disaster strikes.	This old compass is yours. It will warn you before disaster strikes.
21312	Investigator! You're back! That look on your face... Could it be...?	Investigator! You're back! That look on your face... Could it be...?
21313	Some say they have their own language and culture, just like humans.	Some say they have their own language and culture, just like humans.
21314	Which day is best for drinking?\nWhy do I only get to drink one day?	Which day is best for drinking?\nWhy do I only get to drink one day?
21315	Um... I was sent here... to work on... the reconstruction of Morroc.	Um... I was sent here... to work on... the reconstruction of Morroc.
21316	(Whispering) I sell some secret equipment here. Want to take a look?	(Whispering) I sell some secret equipment here. Want to take a look?
21317	I saw a commission flyer a few days ago. The reward was pretty good.	I saw a commission flyer a few days ago. The reward was pretty good.
21318	Equip your new Weapon, and you can begin your commission. Stay safe.	Equip your new Weapon, and you can begin your commission. Stay safe.
21319	We meet again. It seems you've found the second piece of the puzzle.	We meet again. It seems you've found the second piece of the puzzle.
21320	A room! Put it on that stinky old Professor Rhein's tab! He sent us.	A room! Put it on that stinky old Professor Rhein's tab! He sent us.
21321	Come. Now I'll teach you how to unlock the Commendation Vault event.	Come. Now I'll teach you how to unlock the Commendation Vault event.
21322	^{1}The flag-bearing Boss has appeared! Defeat it to claim the flag!	^{1}The flag-bearing Boss has appeared! Defeat it to claim the flag!
21323	The battle for @{1} State Capital has ended. View the battle report?	The battle for @{1} State Capital has ended. View the battle report?
21324	The leader of ^{1}${1} Adventure Party^{2} has been changed to ${2}.	The leader of ^{1}${1} Adventure Party^{2} has been changed to ${2}.
21325	The Bonfire Party has come to a successful close. See you next time!	The Bonfire Party has come to a successful close. See you next time!
21326	A huge wave of treasure-laden Porings is being drawn to the Bonfire!	A huge wave of treasure-laden Porings is being drawn to the Bonfire!
21327	Supply Transport Ends\n${1} Guild has finished transporting supplies	Supply Transport Ends\n${1} Guild has finished transporting supplies
21328	Bobo\nDid you hear something? It sounded like it came from up ahead.	Bobo\nDid you hear something? It sounded like it came from up ahead.
21329	Gruff Voice\nSo you're the ones who ruined my plans, huh? Take this!	Gruff Voice\nSo you're the ones who ruined my plans, huh? Take this!
21330	You are a guild elite. We recommend heading to the Main Battlefield.	You are a guild elite. We recommend heading to the Main Battlefield.
21331	Once you Join a guild, you can participate in its scheduled matches.	Once you Join a guild, you can participate in its scheduled matches.
21332	Activate the Dunhuang Theme Nine-Tone Mantra Appearance (Permanent).	เปิดใช้งานรูปลักษณ์ Nine-Tone Mantra ธีมตุนหวง (ถาวร)
21333	Use to Activate the Land of Lilies of the Valley Name Card Location.	ใช้เพื่อเปิดใช้งานตำแหน่งนามบัตร Land of Lily of the Valley
21334	A device used to Hatch Eggs, but you have no idea how to use it yet.	อุปกรณ์ที่ใช้ในการฟักไข่ แต่คุณไม่รู้ว่าจะใช้มันอย่างไร
21335	A special Magic item that can predict and reveal the distant future.	ไอเทมเวทมนตร์พิเศษที่สามารถทำนายและเปิดเผยอนาคตอันไกลโพ้นได้
21336	Liquid oozing from damaged Tree Bark. Can be exchanged for Headwear.	ของเหลวไหลออกมาจาก Tree Bark ที่เสียหาย สามารถเปลี่ยนเป็น Headwear ได้
21337	Use to unlock the guild emblem design: Order of Ten Thousand Cities.	ใช้เพื่อปลดล็อคการออกแบบสัญลักษณ์กิลด์: Order of Ten Thousand Cities
21338	The top 3 players in each class receive a limited-time title reward.	The top 3 players in each class receive a limited-time title reward.
21339	You are already Queuing for other content. Cancel the current queue?	You are already Queuing for other content. Cancel the current queue?
21340	When your title is Moonlit Challenger, gain @{1} Extra main products	When your title is Moonlit Challenger, gain @{1} Extra main products
21341	Lead your Pet in a Challenge of the Spirit Tower and push the limits	Lead your Pet in a Challenge of the Spirit Tower and push the limits
21342	Monitor Arm Cannon Mode Removal of Season Vulcan Arm Explosion Boost	Monitor Arm Cannon Mode Removal of Season Vulcan Arm Explosion Boost
21343	Display area for expanded skills such as the Skill Bar and Pet Skill	Display area for expanded skills such as the Skill Bar and Pet Skill
21344	Everyone can currently speak. Speaking privileges cannot be revoked.	Everyone can currently speak. Speaking privileges cannot be revoked.
21345	Oh, come on! I purified them. They're nothing like they were before.	Oh, come on! I purified them. They're nothing like they were before.
21346	Head to the center of the arena and Kill Boss to earn lots of points	Head to the center of the arena and Kill Boss to earn lots of points
21347	The recruitment text contains sensitive words. Please enter it again	The recruitment text contains sensitive words. Please enter it again
21348	You have reached today's receiving limit. Please try again Tomorrow.	You have reached today's receiving limit. Please try again Tomorrow.
21349	The display case limit has been reached. Deselect another one first.	The display case limit has been reached. Deselect another one first.
21350	Can be borrowed when Affection reaches ${1}. Current Affection: ${2}	Can be borrowed when Affection reaches ${1}. Current Affection: ${2}
21351	Solo Mode matchmaking is underway. You cannot open the Party Finder.	Solo Mode matchmaking is underway. You cannot open the Party Finder.
21352	Teammate ${1} left the battlefield. Their ID Tag is no longer valid.	Teammate ${1} left the battlefield. Their ID Tag is no longer valid.
21353	A participant did not confirm. Matchmaking has been Initiated again.	A participant did not confirm. Matchmaking has been Initiated again.
21354	Physical damage against targets below @{1}% Life increased by @{2}%.	ความเสียหายทางกายภาพต่อเป้าหมายที่ต่ำกว่า@{1}% พลัง Life เพิ่มขึ้น@{2}%
21355	For every @{1} skills on this Totem, Physical ATK increases by @{2}.	สำหรับทุกทักษะของ@{1}บน Totem นี้ พลังโจมตีทางกายภาพจะเพิ่มขึ้น@{2}
21356	Using skills or Normal Attacks deals Extra damage to nearby enemies.	การใช้ทักษะหรือ Normal Attacks จะสร้างความเสียหายเพิ่มเติมให้กับศัตรูที่อยู่ใกล้เคียง
21357	Surrounded by Psalms, granting a universal damage absorption shield.	ล้อมรอบด้วยบทสดุดี ให้เกราะดูดซับความเสียหายสากล
21358	Movement Speed +@{1}%. Touch a yellow bubble to gain a damage bonus.	ความเร็วในการเคลื่อนที่ +@{1}%แตะฟองสีเหลืองเพื่อรับโบนัสความเสียหาย
21359	You need at least three party Members to create an Adventurer Group.	You need at least three party Members to create an Adventurer Group.
21360	There are no matching points available, so placement is not possible.	There are no matching points available, so placement is not possible.
21361	Discover a Research Notebook that appears to belong to the Professor.	ค้นหา Research Notebook ที่ดูเหมือนจะเป็นของ Professor
21362	Stroll through Prontera and listen to the nearby vendors calling out.	เดินเล่นในพรอนเทราและฟังพ่อค้าขายของในบริเวณใกล้เคียงตะโกนเรียก
21363	Reduces damage taken when your defensive element is at a disadvantage	Reduces damage taken when your defensive element is at a disadvantage
21364	Pulled into a mysterious space by a giant hand that suddenly appeared	Pulled into a mysterious space by a giant hand that suddenly appeared
21365	You still have daily commissions left to complete. Go accept one now?	You still have daily commissions left to complete. Go accept one now?
21366	You cannot accept any more requests today. Please come back Tomorrow.	You cannot accept any more requests today. Please come back Tomorrow.
21367	This well-trained Peco Peco is the exclusive combat mount for knights	This well-trained Peco Peco is the exclusive combat mount for knights
21368	Try to Pick up scattered battlefield supplies to gain powerful skills	Try to Pick up scattered battlefield supplies to gain powerful skills
21369	Network connection failed. Check your network settings and reconnect.	Network connection failed. Check your network settings and reconnect.
21370	Client Repair complete. The game will close. Please restart the game.	Client Repair complete. The game will close. Please restart the game.
21371	Clear the client's local Data? The client will restart automatically.	Clear the client's local Data? The client will restart automatically.
21372	The recommended price has been updated. Please note the price change.	The recommended price has been updated. Please note the price change.
21373	Trade has been reset, and all items have been automatically delisted.	Trade has been reset, and all items have been automatically delisted.
21374	Item-based healing is temporarily disabled. Use potions with caution.	Item-based healing is temporarily disabled. Use potions with caution.
21375	Active in Guild Stronghold Battles, Escort Battles, and Siege Battles	Active in Guild Stronghold Battles, Escort Battles, and Siege Battles
21376	Party requests are being sent too frequently. Please try again later.	Party requests are being sent too frequently. Please try again later.
21377	Linked to the Guild Shop. Determines item unlocks and purchase limits	Linked to the Guild Shop. Determines item unlocks and purchase limits
21378	Neutral damage taken -@{1}%. Damage taken from other elements +@{2}%.	ได้รับความเสียหายเป็นกลาง -@{1}%ความเสียหายที่ได้รับจากองค์ประกอบอื่น +@{2}%
21379	Become Giant for @{1} sec., recovering @{3}% Max Life every @{2} sec.	กลายเป็นยักษ์เป็นเวลา@{1}วินาที ฟื้นฟู@{3}% พลัง Life สูงสุดทุกๆ@{2}วินาที
21380	Damage Increase: @{1}%. Damage taken increases by @{2}% every second.	เพิ่มความเสียหาย:@{1}%ความเสียหายที่ได้รับเพิ่มขึ้น@{2}% ทุกๆ วินาที
21381	^{1}^{2}[Bowling Bash]^{3}^{4}'s Cooldown is changed to ${1} seconds.	^{1}^{2}[Bowling Bash]^{3}^ คูลดาวน์ของ{4}ถูกเปลี่ยนเป็น${1}วินาที
21382	For every @{1} refine levels on the Current Equipment slot, INT +${1}	สำหรับทุกระดับการปรับแต่ง@{1}บนสล็อตอุปกรณ์ปัจจุบัน INT +${1}
21383	When equipped with a katar, Crit Modifier increases by ^{1}${4}%^{2}.	เมื่อสวมใส่ Katar ตัวปรับค่าคริติคอลจะเพิ่มขึ้น ^{1}${4}%^{2}
21384	Excels at healing allies and specializes in defensive and buff magic.	Excels at healing allies and specializes in defensive and buff magic.
21385	We have the worst luck... We actually crashed in Obeaune territory...	We have the worst luck... We actually crashed in Obeaune territory...
21386	A Nurse Cap worn by nurses who care for patients in place of doctors.	A Nurse Cap worn by nurses who care for patients in place of doctors.
21387	Metal Poring strikes fear into players with its extremely high ATK.	Metal Poring strikes fear into players with its extremely high ATK.
21388	"The EXP boost buff granted by the ""Dumby"" NPC lasts for @{1} minutes."	"The EXP boost buff granted by the ""Dumby"" NPC lasts for @{1} minutes."
21389	The item being purchased has changed. Refresh the page and try again.	The item being purchased has changed. Refresh the page and try again.
21390	The Utility Pet's Passive Skill effects are granted to the Adventurer	The Utility Pet's Passive Skill effects are granted to the Adventurer
21391	There's something good in your Backpack. Open it and take a look, bo!	There's something good in your Backpack. Open it and take a look, bo!
21392	For step @{1}, tap this item to place it on the board. Give it a try!	For step @{1}, tap this item to place it on the board. Give it a try!
21393	Mm-hmm, just leave it there... Wait, aren't you here to deliver food?	Mm-hmm, just leave it there... Wait, aren't you here to deliver food?
21394	You've just received the following items. Please claim them promptly!	You've just received the following items. Please claim them promptly!
21395	The road of adventure is long, so fill your belly before you set out!	The road of adventure is long, so fill your belly before you set out!
21396	So this is the Midgard Continent? It looks a little like my homeland.	So this is the Midgard Continent? It looks a little like my homeland.
21397	Someone from Juno? Isn't the Professor a scholar of the Rune Kingdom?	Someone from Juno? Isn't the Professor a scholar of the Rune Kingdom?
21398	Our ^{1}${1}^{2} dealt the final blow to the left-lane ^{3}Guard^{4}!	Our ^{1}${1}^{2} dealt the final blow to the left-lane ^{3}Guard^{4}!
21399	^{1}${2}^{2}'s banner HP is below ^{3}${4}^{4}. Seize the opportunity	^{1}${2}^{2}'s banner HP is below ^{3}${4}^{4}. Seize the opportunity
21400	“Whoa... W-we’re so high up! The houses below look like tiny dots...”	“Whoa... W-we’re so high up! The houses below look like tiny dots...”
21401	The portal to the Pirate's Hidden Treasure will close in ${1} seconds	The portal to the Pirate's Hidden Treasure will close in ${1} seconds
21402	Collect Live Coals and add them to the Bonfire\nPrepare for the party	Collect Live Coals and add them to the Bonfire\nPrepare for the party
21403	Gain the Enlarge effect and choose You or an Other player to Enlarge.	Gain the Enlarge effect and choose You or an Other player to Enlarge.
21404	Supply Transport will begin in @{1} minutes. Every Member, get ready!	Supply Transport will begin in @{1} minutes. Every Member, get ready!
21405	Guild Supply Transport has begun. Tap to go to the corresponding map.	Guild Supply Transport has begun. Tap to go to the corresponding map.
21406	Captain\nIt's those damn air pirates! They just won't leave us alone!	Captain\nIt's those damn air pirates! They just won't leave us alone!
21407	Moonlight Flower\nI didn't know you were so good! I had a great time~	Moonlight Flower\nI didn't know you were so good! I had a great time~
21408	Bobo\nCome on, hurry! Let's get on the airship already. I can't wait!	Bobo\nCome on, hurry! Let's get on the airship already. I can't wait!
21409	Bobo\nAaargh! There are more?! Adventurer, you have to hang in there!	Bobo\nAaargh! There are more?! Adventurer, you have to hang in there!
21410	Reach @{1} progress toward collecting all Morroc Monster Hunt rewards	เข้าถึงความคืบหน้าของ@{1}เพื่อรับรางวัล Morroc Monster Hunt ทั้งหมด
21411	Activate the Academy Diary matching Mouthwear Appearance (Permanent).	เปิดใช้งาน Academy Diary ที่ตรงกับรูปลักษณ์ของชุดปาก (ถาวร)
21412	Activate the Night Judgment matching Facewear Appearance (Permanent).	เปิดใช้งาน Night Judgement ที่ตรงกับรูปลักษณ์ของ Facewear (ถาวร)
21413	Permanently unlocks the Costume - World-Scorching Feathers appearance	ปลดล็อกเครื่องแต่งกายอย่างถาวร - รูปลักษณ์ Feathers ที่แผดเผาโลก
21414	Open to select and receive 1 piece of T@{1} Red upper-body equipment.	Open เลือกรับอุปกรณ์ตัวบนสีแดง T@{1}จำนวน 1 ชิ้น
21415	Armor plating forged from ordinary Metal, providing basic protection.	การชุบเกราะที่สร้างจากโลหะธรรมดา ให้การปกป้องขั้นพื้นฐาน
21416	A viscous liquid with a glaring color. It really stands out at night.	ของเหลวหนืดที่มีสีเด่นชัด มันโดดเด่นจริงๆในตอนกลางคืน
21417	A gemstone that emits a deep Red glow. Can be exchanged for Headwear.	อัญมณีที่เปล่งแสงสีแดงเข้ม สามารถเปลี่ยนเป็น Headwear ได้
21418	A magical necklace that fills your entire body with Vivify when worn.	สร้อยคอวิเศษที่จะเติมเต็มร่างกายของคุณด้วย Viviify เมื่อสวมใส่
21419	A club that makes each blow feel like several clubs striking at once.	ไม้กอล์ฟที่ทำให้การตีแต่ละครั้งรู้สึกเหมือนไม้กอล์ฟหลายอันตีพร้อมกัน
21420	Points obtained by defeating monsters in the ^{1}Prontera^{2} region.	คะแนนที่ได้รับจากการเอาชนะมอนสเตอร์ในภูมิภาค ^{1}Prontera^{2}
21421	This skill is already in the Divine Arts Totem. Save your Skill Book.	This skill is already in the Divine Arts Totem. Save your Skill Book.
21422	The boss battle has begun. You cannot Enter Battlefield at this time.	The boss battle has begun. You cannot Enter Battlefield at this time.
21423	After successfully mining Lv. @{1} ore, gain @{2} Extra main products	After successfully mining Lv. @{1} ore, gain @{2} Extra main products
21424	We've received your feedback and will address it as soon as possible.	We've received your feedback and will address it as soon as possible.
21425	The Adventurer Group has not selected a sapling yet (regular Member).	The Adventurer Group has not selected a sapling yet (regular Member).
21426	The guild name contains invalid characters. Please enter another name	The guild name contains invalid characters. Please enter another name
21427	There are no cards left to draw in this Adventure. Skipping the draw.	There are no cards left to draw in this Adventure. Skipping the draw.
21428	During the event, each player can Collect Live Coal up to @{1} times.	During the event, each player can Collect Live Coal up to @{1} times.
21429	Your guild already occupies this Stronghold. Bidding is Not Required.	Your guild already occupies this Stronghold. Bidding is Not Required.
21430	You have not joined a guild yet, so you cannot select a guild Faction	You have not joined a guild yet, so you cannot select a guild Faction
21431	Unable to respond because the requester deleted the Get Help request.	Unable to respond because the requester deleted the Get Help request.
21432	Your Backpack has reached its weight limit. Unable to purchase items.	Your Backpack has reached its weight limit. Unable to purchase items.
21433	Cannot equip this Job item until the prerequisite quest is completed.	Cannot equip this Job item until the prerequisite quest is completed.
21434	Randomly transform into one of @{1} Porings, with @{2} possible forms	สุ่มแปลงเป็นหนึ่งใน Poring@{1}โดยมีรูปแบบที่เป็นไปได้@{2}ช่วง
21435	You have reached the follow limit and cannot follow any more targets.	You have reached the follow limit and cannot follow any more targets.
21436	The merchant brings out a Bunny Hair Band, a School Hat, and Antlers.	The merchant brings out a Bunny Hair Band, a School Hat, and Antlers.
21437	He doesn't look fine at all... Oh well, let's go see what's up ahead.	He doesn't look fine at all... Oh well, let's go see what's up ahead.
21438	You did not confirm your participation. This match has been canceled.	You did not confirm your participation. This match has been canceled.
21439	This preset is invalid and cannot be viewed. We recommend deleting it	This preset is invalid and cannot be viewed. We recommend deleting it
21440	Your favorite actions have not been saved. Save and close this screen?	Your favorite actions have not been saved. Save and close this screen?
21441	Check an action to add it to your favorites. Press and hold to preview	Check an action to add it to your favorites. Press and hold to preview
21442	This chapter's journey is complete. Chapter ${1} unlocks at ${2}05:00.	This chapter's journey is complete. Chapter ${1} unlocks at ${2}05:00.
21443	The Novice Swordsman invites you to travel to the Eden Group together.	The Novice Swordsman ขอเชิญคุณเดินทางสู่ Eden Group ด้วยกัน
21444	You awaken from the darkness and find yourself back in the real world.	คุณตื่นจากความมืดมิดและพบว่าตัวเองกลับมาอยู่ในโลกแห่งความเป็นจริง
21445	This well-trained Falcon is the exclusive combat companion for hunters	This well-trained Falcon is the exclusive combat companion for hunters
21446	<color=#FA983A>${1} Function</color> is not available yet. Stay tuned!	<color=#FA983A>${1} Function</color> is not available yet. Stay tuned!
21447	Guild rewards can only be claimed once Personal Activity reaches ${1}.	Guild rewards can only be claimed once Personal Activity reaches ${1}.
21448	When attacking, has a @{1}% Chance to restore @{2} HP with no cooldown	When attacking, has a @{1}% Chance to restore @{2} HP with no cooldown
21449	Your mailbox is full and cannot receive new mail. Clear out some mail.	Your mailbox is full and cannot receive new mail. Clear out some mail.
21450	Skill guaranteed when this Divine Art Totem is obtained or synthesized	Skill guaranteed when this Divine Art Totem is obtained or synthesized
21451	Mechanics information becomes available after the dungeon is unlocked.	Mechanics information becomes available after the dungeon is unlocked.
21452	The target you're watching no longer exists. Please refresh and retry.	The target you're watching no longer exists. Please refresh and retry.
21453	Invalid bid. Please check the starting price and your available funds.	Invalid bid. Please check the starting price and your available funds.
21454	Your current maximum bid is below the qualifying bid. Please adjust it	Your current maximum bid is below the qualifying bid. Please adjust it
21455	Applications have been sent to all eligible guilds on the current list	Applications have been sent to all eligible guilds on the current list
21456	No Impeachment is currently underway. You may Impeach the Guild Leader	No Impeachment is currently underway. You may Impeach the Guild Leader
21457	You are currently in combat. Are you sure you want to leave this area?	You are currently in combat. Are you sure you want to leave this area?
21458	Gain Falcon's Eye, revealing hidden targets within a @{1}-meter radius	ได้รับ Falcon's Eye เผยให้เห็นเป้าหมายที่ซ่อนอยู่ภายในรัศมี@{1}เมตร
21459	For every ${1} additional skills on this Divine Arts Totem, Life +${2}	สำหรับทุกทักษะเพิ่มเติมของ${1}บน Divine Arts Totem, Life +${2}
21460	For every ${1} Stunts on equipped gear, CRIT +${2} (up to ${3} Stunts)	สำหรับ${1}Stunts ทุกอันบนอุปกรณ์ที่ติดตั้ง, CRIT +${2}(สูงสุด${3}Stunts)
21461	You are switching Skill Builds too frequently. Please try again later.	You are switching Skill Builds too frequently. Please try again later.
21462	A Helmet topped with goat horns and steeped in religious significance.	A Helmet topped with goat horns and steeped in religious significance.
21463	You can only claim rewards after exploring for more than ${1} minutes.	You can only claim rewards after exploring for more than ${1} minutes.
21464	Your reputation score is too low. Go to the Trade Exchange to view it.	Your reputation score is too low. Go to the Trade Exchange to view it.
21465	Activated stat skills gain ranks when the pet's star rating increases.	Activated stat skills gain ranks when the pet's star rating increases.
21466	When a gold-quality pet is obtained, it accounts for 50% of the Chance	When a gold-quality pet is obtained, it accounts for 50% of the Chance
21467	Stat Bonus Overview provided to the Adventurer by current Support Pets	Stat Bonus Overview provided to the Adventurer by current Support Pets
21468	You can tap here whenever you want to open the Growth Badge again, bo~	You can tap here whenever you want to open the Growth Badge again, bo~
21469	Drag each note onto the matching pattern in the measure to fill it in.	Drag each note onto the matching pattern in the measure to fill it in.
21470	Hey, I'm really curious. Do you give these same tasks to every Novice?	Hey, I'm really curious. Do you give these same tasks to every Novice?
21471	^{1}PlayerName^{2}! Your Job Advance is imminent. We must act at once.	^{1}PlayerName^{2}! Your Job Advance is imminent. We must act at once.
21472	Captain! We got the gyroscope, and ^{1}PlayerName^{2} did a great job!	Captain! We got the gyroscope, and ^{1}PlayerName^{2} did a great job!
21473	It's not equipment! It's alive! There's something alive in that crate!	It's not equipment! It's alive! There's something alive in that crate!
21474	Almost there. I'll sell a little longer, then Close Stall for the day.	Almost there. I'll sell a little longer, then Close Stall for the day.
21475	Which direction is the Relic? Could you mark it on our map? Thank You!	Which direction is the Relic? Could you mark it on our map? Thank You!
21476	Stat bonuses will <color=#C26B47>reset when the Season changes</color>	Stat bonuses will <color=#C26B47>reset when the Season changes</color>
21477	^{1}【Warning】^{2}The enemy has finished setting up the [Right Ladder].	^{1}【Warning】^{2}The enemy has finished setting up the [Right Ladder].
21478	Our ^{1}${1}^{2} dealt the final blow to the right-lane ^{3}Guard^{4}!	Our ^{1}${1}^{2} dealt the final blow to the right-lane ^{3}Guard^{4}!
21479	Baphomet will continuously unleash scythes. Keep moving to dodge them!	Baphomet will continuously unleash scythes. Keep moving to dodge them!
21480	^{1}${2}^{2} has reached ^{3}${3}^{4} points! Victory is within reach!	^{1}${2}^{2} has reached ^{3}${3}^{4} points! Victory is within reach!
21481	${1} spent ${2} Guild Supplies to activate the ${4} strategy for ${3}.	${1} spent ${2} Guild Supplies to activate the ${4} strategy for ${3}.
21482	^{1}${1}^{2} used Enlarge on ^{3}${2}^{4}, making them big and mighty!	^{1}${1}^{2} used Enlarge on ^{3}${2}^{4}, making them big and mighty!
21483	Bobo\nUgh, I don't understand any of this. Let's go ask the Professor.	Bobo\nUgh, I don't understand any of this. Let's go ask the Professor.
21484	Bobo\nUgh, I don't understand any of this. Let's go ask the Professor!	Bobo\nUgh, I don't understand any of this. Let's go ask the Professor!
21485	Bobo\nWaaaah! It's a huge Sandstorm! We can't dodge it! I'll help You!	Bobo\nWaaaah! It's a huge Sandstorm! We can't dodge it! I'll help You!
21486	You actually lost that? You're not even smart enough to be a lackey...	You actually lost that? You're not even smart enough to be a lackey...
21487	The next season's tier is determined by the previous season's results.	The next season's tier is determined by the previous season's results.
21488	Season points and rankings can be viewed after the Locate Matches end.	Season points and rankings can be viewed after the Locate Matches end.
21489	You cannot make purchases because your identity has not been verified.	You cannot make purchases because your identity has not been verified.
21490	Magnificent Purple Equipment, clearly crafted by a Moonlit Challenger.	Purple Equipment อันงดงาม สร้างขึ้นโดยผู้ท้าชิงแสงจันทร์อย่างชัดเจน
21491	"An extremely intricate component stamped ""ジュノー製"" on the bottom."	"An extremely intricate component stamped ""ジュノー製"" on the bottom."
21492	A beautiful melody rings out as ${1} successfully performs Overture II	A beautiful melody rings out as ${1} successfully performs Overture II
21493	Equip it to a Constellation in Astral Level to gain attribute bonuses.	ติดตั้งมันให้กับ Constellation ในระดับดาวเพื่อรับโบนัสคุณสมบัติ
21494	They say this is an extremely expensive medicinal ingredient in Payon.	ว่ากันว่านี่เป็นส่วนผสมยาที่มีราคาแพงมากใน Payon
21495	Its accurate shots and high damage make it a favorite among its users.	การยิงที่แม่นยำและความเสียหายสูงทำให้เป็นที่ชื่นชอบในหมู่ผู้ใช้
21496	Rewards for completing Guild Quests, used for guild building Level-up.	สำหรับการทำภารกิจ Guild สำเร็จ ใช้สำหรับการสร้างเลเวลอัพ Guild
21497	All equipment Enchant attributes will be removed when the Season ends.	All equipment Enchant attributes will be removed when the Season ends.
21498	First prize must be drawn from players using the Savage Babe Transform	First prize must be drawn from players using the Savage Babe Transform
21499	Third prize must be drawn from players using the Savage Babe Transform	Third prize must be drawn from players using the Savage Babe Transform
21500	Complete the Commission Quests Post by Daidai to earn tons of rewards.	Complete the Commission Quests Post by Daidai to earn tons of rewards.
21501	The host has disabled microphones. You cannot turn on your microphone.	The host has disabled microphones. You cannot turn on your microphone.
21502	Insufficient stock (not enough stock at the specified purchase price).	Insufficient stock (not enough stock at the specified purchase price).
21503	The other guild is on Merge Guild cooldown and cannot Merge Guild yet.	The other guild is on Merge Guild cooldown and cannot Merge Guild yet.
21504	This item's healing effect is currently ineffective. Use with caution.	This item's healing effect is currently ineffective. Use with caution.
21505	You cannot travel there from the current Dungeon. Leave and try again.	You cannot travel there from the current Dungeon. Leave and try again.
21506	Throw the supply cart forward, inflicting Stun on enemies in its path.	โยนรถเข็นเสบียงไปข้างหน้า ทำให้ศัตรูที่ขวางทางมึนงง
21507	Delivers a heavy blow to the currently targeted player within the grid	มอบการโจมตีอย่างหนักให้กับผู้เล่นที่เป็นเป้าหมายในปัจจุบันภายในกริด
21508	Maya Launches a cross-shaped blade wave forward, damaging players hit.	Maya ปล่อยคลื่นดาบรูปกากบาทไปข้างหน้าสร้างความเสียหายแก่ผู้เล่นที่โดน
21509	Pick up the giant blade dropped by Orc Lord and launch a counterattack	หยิบดาบยักษ์ที่ Orc Lord ทิ้งไว้แล้วโจมตีโต้กลับ
21510	Your character is temporarily unable to list items. Unseal time: ${1}.	Your character is temporarily unable to list items. Unseal time: ${1}.
21511	Failed to retrieve item information before adding it to the watchlist.	Failed to retrieve item information before adding it to the watchlist.
21512	What could possibly bring anyone to someone living such a lonely Life?	What could possibly bring anyone to someone living such a lonely Life?
21513	${1} quality is currently selected. You cannot select a lower quality.	${1} quality is currently selected. You cannot select a lower quality.
21514	Boya? (Strokes beard) Haha! It seems that young lady is quite popular.	Boya? (Strokes beard) Haha! It seems that young lady is quite popular.
21515	Kiddo, what brings you all alone to a remote place like Payon Village?	Kiddo, what brings you all alone to a remote place like Payon Village?
21516	Can I help you? Unauthorized personnel are not allowed near this area.	Can I help you? Unauthorized personnel are not allowed near this area.
21517	Increases Movement Speed by @{1}% and 【Dragon Breath】 damage by @{2}%.	เพิ่มความเร็วในการเคลื่อนที่โดย@{1}% และความเสียหายจาก 【Dragon Breath】 โดย@{2}%
21518	You picked up the Orc's prized blade. Face the boss and use the skill.	คุณหยิบดาบอันล้ำค่าของออร์คขึ้นมาเผชิญหน้ากับบอสและใช้ทักษะ
21519	This preset has expired and cannot be viewed. We recommend deleting it	This preset has expired and cannot be viewed. We recommend deleting it
21520	Ranking rewards will be issued during Settlement after the event ends.	Ranking rewards will be issued during Settlement after the event ends.
21521	Can be purchased after activating the corresponding Kafra Support Perk.	Can be purchased after activating the corresponding Kafra Support Perk.
21522	You've grown much stronger. Now go take on some Eden Group commissions.	คุณแข็งแกร่งขึ้นมากตอนนี้ไปรับค่าคอมมิชชั่นของกลุ่ม Eden
21523	Affects the chance for Normal Attacks and certain skills to HIT targets	Affects the chance for Normal Attacks and certain skills to HIT targets
21524	Increases damage dealt by your Physical Skills or Basic Attacks by ${1}	Increases damage dealt by your Physical Skills or Basic Attacks by ${1}
21525	A Crusader's mount that combines a Lion and an eagle. Pretty cool, too!	A Crusader's mount that combines a Lion and an eagle. Pretty cool, too!
21526	After reaching Refinement +${1}, failure will not reduce it below +${2}	After reaching Refinement +${1}, failure will not reduce it below +${2}
21527	Purchasing certain items also consumes an equal amount of Credit Points	Purchasing certain items also consumes an equal amount of Credit Points
21528	You have already placed a Pre-purchase order and cannot purchase again.	You have already placed a Pre-purchase order and cannot purchase again.
21529	Select an unlocked appearance in the Wardrobe to equip or switch to it.	Select an unlocked appearance in the Wardrobe to equip or switch to it.
21530	Adventurers can use the active skills of pets assigned to active slots.	Adventurers can use the active skills of pets assigned to active slots.
21531	Move more than ${1} Distance away to automatically relinquish ownership	Move more than ${1} Distance away to automatically relinquish ownership
21532	Moderately Active: <color=#7E7361>${1} ≤ Weekly Activity ≤ ${2}</color>	Moderately Active: <color=#7E7361>${1} ≤ Weekly Activity ≤ ${2}</color>
21533	Already protected by the Sacred Tree Spirit. Cannot be triggered again.	ได้รับการปกป้องโดย Sacred Tree Spirit แล้วไม่สามารถถูกกระตุ้นได้อีก
21534	^{1}^{2}【Maximize Power】^{3}^{4} increases nearby allies' PATK by ${1}.	^{1}^{2}【Maximize Power】^{3}^{4}เพิ่ม PATK ของพันธมิตรที่อยู่ใกล้เคียงโดย${1}
21535	^{1}^{2}【Maximum Over Thrust】^{3}^{4}grants an Extra ${1}% Crit Chance.	^{1}^{2}【Maximum Over Thrust】^{3}^{4}ให้โอกาสพิเศษ${1}% Crit
21536	Raises the quality of all players' currently equipped gear by one tier.	เพิ่มคุณภาพของอุปกรณ์ที่ติดตั้งในปัจจุบันของผู้เล่นทุกคนขึ้นหนึ่งระดับ
21537	Extremely high Physical Defense, but highly vulnerable to Magic attacks	การป้องกันกายภาพสูงมาก แต่เสี่ยงต่อการโจมตีด้วยเวทย์มนตร์สูง
21538	Extremely high Magic Defense, but highly vulnerable to Physical attacks	พลังป้องกันเวทย์มนตร์สูงมาก แต่เสี่ยงต่อการโจมตีทางกายภาพสูง
21539	Skill@{1}_Summon Circle@{2}+Transform+Circle-Stepping Interaction Skill	Skill@{1}_Summon Circle@{2}+Transform+Circle-Stepping Interaction Skill
21540	Allies within ^{1}^{2}[Sanctuary]^{3}^{4}'s area gain PDEF/MDEF +${1}%.	พันธมิตรภายใน ^{1}^{2}[Sanctuary]^{3}^ พื้นที่ของ{4}ได้รับ PDEF/MDEF +${1}%
21541	When HP is above ${1}%, increases Physical ATK by 【Character Lv.*${2}】.	เมื่อ HP มากกว่า${1}% จะเพิ่ม Physical ATK ขึ้นตาม 【Character Lv.*${2}】
21542	Increases the maximum Floors of the Defense buff on this Totem by ${1}.	เพิ่มชั้นสูงสุดของบัฟ Defense บน Totem นี้ขึ้น${1}
21543	Increases the maximum Floors of the Healing buff on this Totem by ${1}.	เพิ่มชั้นสูงสุดของบัฟการรักษาบน Totem นี้ขึ้น${1}
21544	Each Soul Echo element^{1} grants ${1} Extra ATK (up to ${2} elements).	แต่ละองค์ประกอบ Soul Echo^{1}ให้พลังโจมตีพิเศษแก่${1}(สูงสุด${2}องค์ประกอบ)
21545	Each Soul Echo element^{1} grants ${1} Extra DEF (up to ${2} elements).	แต่ละองค์ประกอบ Soul Echo^{1}ให้${1}Extra DEF (สูงสุด${2}องค์ประกอบ)
21546	Second prize must be drawn from players using the Savage Babe Transform	Second prize must be drawn from players using the Savage Babe Transform
21547	After resetting, the card's rank will return to 0. \nEnter “YES” below.	After resetting, the card's rank will return to 0. \nEnter “YES” below.
21548	High-rate idle mode offers generous rewards. Tap here to view them now.	High-rate idle mode offers generous rewards. Tap here to view them now.
21549	I've created a new guild, 【${1}】! Adventurers, come show your support!!	I've created a new guild, 【${1}】! Adventurers, come show your support!!
21550	The Guild Institute determines the unlock progress of Guild Technology.	The Guild Institute determines the unlock progress of Guild Technology.
21551	Hold the left mouse button and drag to adjust the incubator temperature	Hold the left mouse button and drag to adjust the incubator temperature
21552	"Hmph~ It's the ""Equipment Enhancement"" button. Don't tap the wrong one."	"Hmph~ It's the ""Equipment Enhancement"" button. Don't tap the wrong one."
21553	Let Bobo help you! First, choose my favorite slot and deploy the totem.	Let Bobo help you! First, choose my favorite slot and deploy the totem.
21554	Once unlocked, you can rent it for free. It's an exclusive Benefit, bo~	Once unlocked, you can rent it for free. It's an exclusive Benefit, bo~
21555	Wow, now you can craft even stronger equipment! Come learn how with me!	Wow, now you can craft even stronger equipment! Come learn how with me!
21556	You're a quick thinker, young man. All right, I'll trust you this once.	You're a quick thinker, young man. All right, I'll trust you this once.
21557	This is my house. See if you can lure them into the woods to the south.	This is my house. See if you can lure them into the woods to the south.
21558	Can you feel it? Something incredible and unpredictable is happening...	Can you feel it? Something incredible and unpredictable is happening...
21559	I hear the bronze statue in that fountain was sculpted in his likeness.	I hear the bronze statue in that fountain was sculpted in his likeness.
21560	When's a good time for a drink~?\nOn the days of earth, sun, and moon~?	When's a good time for a drink~?\nOn the days of earth, sun, and moon~?
21561	Sold out or not, I'll Close Stall when it's time. No need to overdo it.	Sold out or not, I'll Close Stall when it's time. No need to overdo it.
21562	If you meet like-minded Adventurers, form an Adventurer Guild together!	If you meet like-minded Adventurers, form an Adventurer Guild together!
21563	Why is the Knight Guild holding a ball? Fighting would be way more fun.	Why is the Knight Guild holding a ball? Fighting would be way more fun.
21564	What are you staring at me for? Hurry up and get this dog away from me!	What are you staring at me for? Hurry up and get this dog away from me!
21565	Whoa... We're Flying s-so high! The houses below look like tiny dots...	Whoa... We're Flying s-so high! The houses below look like tiny dots...
21566	Understood. Take Me there immediately so I can provide Utility support.	Understood. Take Me there immediately so I can provide Utility support.
21567	Uh-oh. Teaching someone to gamble is asking to get struck by lightning~	Uh-oh. Teaching someone to gamble is asking to get struck by lightning~
21568	Our ^{1}${1}^{2} dealt the final blow to the center-lane ^{3}Guard^{4}!	Our ^{1}${1}^{2} dealt the final blow to the center-lane ^{3}Guard^{4}!
21569	The Demonic Dragon and Dragonblood Crystal will appear in ${1} seconds!	The Demonic Dragon and Dragonblood Crystal will appear in ${1} seconds!
21570	${1} has transferred leadership of ^{1}${2} Adventure Party^{2} to you.	${1} has transferred leadership of ^{1}${2} Adventure Party^{2} to you.
21571	Everyone successfully repelled the BOSS!\n[${1}] landed the final blow!	Everyone successfully repelled the BOSS!\n[${1}] landed the final blow!
21572	Everyone, use Water skills if you can! They're effective against Eddga!	Everyone, use Water skills if you can! They're effective against Eddga!
21573	Bobo\nMaster~ That hunk of junk is glowing again... This can't be good!	Bobo\nMaster~ That hunk of junk is glowing again... This can't be good!
21574	A 5-player party dungeon you can challenge weekly to obtain Rare items.	A 5-player party dungeon you can challenge weekly to obtain Rare items.
21575	Activate the Afternoon Stroll matching Headwear Appearance (Permanent).	เปิดใช้งานลักษณะหมวกที่เข้าคู่กับ Afternoon Stroll (ถาวร)
21576	Use to Activate the Victory of the Covenant Portrait Frame (Permanent).	ใช้เพื่อเปิดใช้งานกรอบรูปแห่ง Victory of the Covenant (ถาวร)
21577	Open the Card album to receive @{1} random Green or Blue Quality Cards.	Open อัลบั้มการ์ดเพื่อรับการ์ดคุณภาพสีเขียวหรือสีน้ำเงินแบบสุ่ม@{1}
21578	Open this gift box to randomly obtain one of the following Soul Echoes.	Open กล่องของขวัญนี้เพื่อสุ่มรับหนึ่งใน Soul Echoes ต่อไปนี้
21579	Open this Pack to obtain @{1} Star Diamond I and @{2} Starlight Silk I.	Open แพ็กนี้เพื่อรับ@{1}Star Diamond I และ@{2}Starlight Silk I
21580	The guild spent ${1} Guild Funds to Level-up building ${2} to Lv. ${3}.	The guild spent ${1} Guild Funds to Level-up building ${2} to Lv. ${3}.
21581	A Normal Tier @{1} Green Weapon capable of handling Low-grade monsters.	อาวุธสีเขียวระดับปกติ@{1}ที่สามารถจัดการมอนสเตอร์ระดับต่ำได้
21582	A filthy uniform and pair of shoes. Who knows who left them lying here?	เครื่องแบบสกปรกและรองเท้าคู่หนึ่ง ใครจะรู้ว่าใครปล่อยให้พวกเขานอนอยู่ที่นี่?
21583	A large, beautiful, and extremely Rare Feather from a Peco Peco's wing.	Feather ขนาดใหญ่ สวยงาม และหายากอย่างยิ่งจากปีกของ Peco Peco
21584	Used to purchase items from the shop during the Novice Challenge event.	ใช้ซื้อสินค้าจากร้านค้าในช่วงงาน Novice Challenge
21585	A sword with a long, slender blade designed specifically for thrusting.	ดาบที่มีใบมีดเรียวยาวซึ่งออกแบบมาเพื่อแทงโดยเฉพาะ
21586	Use powerful soul energy to control and damage enemies in a small area.	Use powerful soul energy to control and damage enemies in a small area.
21587	<color=#63A22B>(Unlocks after the Current Server's First Clear)</color>	<color=#63A22B>(Unlocks after the Current Server's First Clear)</color>
21588	First prize must be drawn from players using the Baphomet Jr. Transform	First prize must be drawn from players using the Baphomet Jr. Transform
21589	Third prize must be drawn from players using the Baphomet Jr. Transform	Third prize must be drawn from players using the Baphomet Jr. Transform
21590	Consume Vigor to gather open-world resources and craft Tradeable items.	Consume Vigor to gather open-world resources and craft Tradeable items.
21591	Event Period: During the Ignition Test, Sunday from @{1}:@{2}~@{3}:@{4}	Event Period: During the Ignition Test, Sunday from @{1}:@{2}~@{3}:@{4}
21592	Event Period: During the Ignition Test, Friday from @{1}:@{2}~@{3}:@{4}	Event Period: During the Ignition Test, Friday from @{1}:@{2}~@{3}:@{4}
21593	Maximum number of tabs reached. Unable to create a new Tavern chat tab.	Maximum number of tabs reached. Unable to create a new Tavern chat tab.
21594	You or a teammate must use disguise items ${1} times in Kafra Survival.	You or a teammate must use disguise items ${1} times in Kafra Survival.
21595	The Share Function is on cooldown. Please do not use it too frequently.	The Share Function is on cooldown. Please do not use it too frequently.
21596	The other guild's activity rating was too low last week to Merge Guild.	The other guild's activity rating was too low last week to Merge Guild.
21597	The recruitment text contains invalid characters. Please enter it again	The recruitment text contains invalid characters. Please enter it again
21598	This player is under a matchmaking penalty and cannot join matchmaking.	This player is under a matchmaking penalty and cannot join matchmaking.
21599	After use, causes the selected Guild Battlefield Boss to Enter Berserk.	หลังการใช้งาน จะทำให้บอส Guild Battlefield ที่เลือกเข้าสู่ Berserk
21600	Use First Aid on yourself, restoring a fixed ^{1}${1}^{2} ^{3}Life^{4}.	ใช้ First Aid กับตัวคุณเอง คืนค่าค่าคงที่ ^{1}${1}^{2}^{3}Life^{4}
21601	Immediately receive the following <color=#fbcd7e>powerful perks</color>	Immediately receive the following <color=#fbcd7e>powerful perks</color>
21602	Hello, everyone! I'm Miss Smile. Is there anything I can help you with?	Hello, everyone! I'm Miss Smile. Is there anything I can help you with?
21603	(Ruffles Allen's hair) Enough with this nonsense. Get back to training!	(Ruffles Allen's hair) Enough with this nonsense. Get back to training!
21604	The boss's shield, used to block the flying blades launched by the boss	โล่ของบอส ใช้สำหรับป้องกันใบมีดบินที่บอสยิง
21605	Reduces Movement Speed by @{1}% and continuously damages nearby enemies	ลดความเร็วในการเคลื่อนที่ลง@{1}% และสร้างความเสียหายให้กับศัตรูใกล้เคียงอย่างต่อเนื่อง
21606	This Season has ended. Time until matchmaking begins for the new Season:	This Season has ended. Time until matchmaking begins for the new Season:
21607	You meet Sprakki again and discover that she's the Academy receptionist.	คุณพบกับ Sprakki อีกครั้งและพบว่าเธอเป็นพนักงานต้อนรับของ Academy
21608	Allen has gathered the materials too. Meet him at the Headgear Merchant.	Allen ได้รวบรวมวัตถุดิบด้วย พบเขาที่พ่อค้าหมวก
21609	Decide to take down the scalpers from within, starting with Granny Gwen.	ตัดสินใจกำจัดพวกถลกหนังจากภายใน โดยเริ่มจาก Granny Gwen
21610	The professor's important instrument is missing, and they need your help	อุปกรณ์สำคัญของศาสตราจารย์หายไป และพวกเขาต้องการความช่วยเหลือจากคุณ
21611	Ji'ang refuses to go any farther. Defeat the terrifying monsters for him	Ji'ang ปฏิเสธที่จะไปไกลกว่านี้กำจัดสัตว์ประหลาดที่น่ากลัวเพื่อเขา
21612	Increases damage dealt by your Physical Skills or Basic Attacks by ${1}%	Increases damage dealt by your Physical Skills or Basic Attacks by ${1}%
21613	Attack supply transport carts to seize Military Supplies for your guild.	Attack supply transport carts to seize Military Supplies for your guild.
21614	This well-trained Grand Peco is the exclusive combat mount for Crusader.	This well-trained Grand Peco is the exclusive combat mount for Crusader.
21615	This equipment cannot be used by your current class. Appraise it anyway?	This equipment cannot be used by your current class. Appraise it anyway?
21616	Incomplete client cache files were detected. Please Download them again.	Incomplete client cache files were detected. Please Download them again.
21617	This item has been delisted. Your Pre-purchase funds have been refunded.	This item has been delisted. Your Pre-purchase funds have been refunded.
21618	Resetting is free. After a reset, all allocated points will be refunded.	Resetting is free. After a reset, all allocated points will be refunded.
21619	When Vigor drops to @{1}, there is a @{2}% Chance to restore @{3}% Vigor	When Vigor drops to @{1}, there is a @{2}% Chance to restore @{3}% Vigor
21620	Messages can only be Sent once every ${1} hours. Please try again later.	Messages can only be Sent once every ${1} hours. Please try again later.
21621	Revives remaining after clearing the dungeon do not meet the requirement	Revives remaining after clearing the dungeon do not meet the requirement
21622	Gain @{1} chances to become immune to movement-impairing status effects.	ได้รับโอกาส@{1}ที่จะมีภูมิคุ้มกันต่อเอฟเฟกต์สถานะที่ทำให้การเคลื่อนไหวบกพร่อง
21623	^{1}^{2}[Weaponry Research]^{3}^{4} At Lv. @{1}, increases PATK by ${1}.	^{1}^{2}[Weaponry Research]^{3}^{4}ที่ระดับ@{1}เพิ่ม PATK ขึ้น${1}
21624	While ^{1}^{2}【True Sight】^{3}^{4} is Active, Physical DMG Bonus +${1}%.	ในขณะที่ ^{1}^{2}【True Sight】^{3}^{4}ทำงานอยู่ โบนัส DMG กายภาพ +${1}%
21625	Card slot successfully unsealed. Insert a card to enhance the equipment.	Card slot successfully unsealed. Insert a card to enhance the equipment.
21626	Only one card with the same name can be socketed. Already socketed: ${1}	Only one card with the same name can be socketed. Already socketed: ${1}
21627	Pharaoh's Pyramid fires ^{1}beams^{2} that damage enemies in their path.	Pharaoh's Pyramid fires ^{1}beams^{2} that damage enemies in their path.
21628	"Owned: <sprite name=""valhalla_img_item_01""> x<color=#cc762a>${1}</color>"	"Owned: <sprite name=""valhalla_img_item_01""> x<color=#cc762a>${1}</color>"
21629	Automatically return to the main city when Bonus AFK Points are depleted	Automatically return to the main city when Bonus AFK Points are depleted
21630	After you Kill an MVP, a treasure chest remains at the spot as a marker.	After you Kill an MVP, a treasure chest remains at the spot as a marker.
21631	The Boss Radar displays the locations of Respawned MVPs on the Mini Map.	The Boss Radar displays the locations of Respawned MVPs on the Mini Map.
21632	You cannot Job Advance while your Stall is open. Close your Stall first.	You cannot Job Advance while your Stall is open. Close your Stall first.
21633	Obtain any Headwear, Facewear, Mouthwear, or Backwear for the first time	Obtain any Headwear, Facewear, Mouthwear, or Backwear for the first time
21634	Click to activate the AFK System. You'll earn tons of rewards while AFK!	Click to activate the AFK System. You'll earn tons of rewards while AFK!
21635	Wow, it's a VIT +@{1} affix! Equipment affixes provide additional stats.	Wow, it's a VIT +@{1} affix! Equipment affixes provide additional stats.
21636	Tell you what—give me @{1} Crystal, and I'll reveal which job suits you!	Tell you what—give me @{1} Crystal, and I'll reveal which job suits you!
21637	Let's go. The airship wreckage recovery team should have arrived by now.	Let's go. The airship wreckage recovery team should have arrived by now.
21638	Ahh... It's hard to find work these days. I'm sure you know that, right?	Ahh... It's hard to find work these days. I'm sure you know that, right?
21639	(flipping back) It does contradict it... Did the author not even notice?	(flipping back) It does contradict it... Did the author not even notice?
21640	My master says fighting Ant Eggs is the best way to train at this stage.	My master says fighting Ant Eggs is the best way to train at this stage.
21641	I'll work hard and defeat all 9,999 of them. I won't let my master down.	I'll work hard and defeat all 9,999 of them. I won't let my master down.
21642	Well? Got it memorized? If you're worried about getting lost, buy a map.	Well? Got it memorized? If you're worried about getting lost, buy a map.
21643	Every Adventurer is part of the reason the continent of Midgard endures.	Every Adventurer is part of the reason the continent of Midgard endures.
21644	At my age, I never thought I'd be made a fool of by a White Mouse. Sigh.	At my age, I never thought I'd be made a fool of by a White Mouse. Sigh.
21645	Come on, ^{1}PlayerName^{2}. It's time for the two of us to shine again.	Come on, ^{1}PlayerName^{2}. It's time for the two of us to shine again.
21646	You lunatic! Are you even listening? I already told you I'm not his Pet!	You lunatic! Are you even listening? I already told you I'm not his Pet!
21647	Let's form a pact. Then, whenever danger strikes, we can fight together.	Let's form a pact. Then, whenever danger strikes, we can fight together.
21648	Do we have to? Why not just beat them until they lose their memories...?	Do we have to? Why not just beat them until they lose their memories...?
21649	Curse you, Baphomet! If I were only stronger, I'd skin that beast alive!	Curse you, Baphomet! If I were only stronger, I'd skin that beast alive!
21650	You cannot join a battle already in progress. Please wait until it ends.	You cannot join a battle already in progress. Please wait until it ends.
21651	Fafnir has entered Battle Status. The portal will close in @{1} seconds.	Fafnir has entered Battle Status. The portal will close in @{1} seconds.
21652	Fafnir has left Battle Status. The encounter will reset in @{1} seconds.	Fafnir has left Battle Status. The encounter will reset in @{1} seconds.
21653	Enemy ^{1}${1}^{2} has defeated the ^{3}City Guard^{4} in the left lane!	Enemy ^{1}${1}^{2} has defeated the ^{3}City Guard^{4} in the left lane!
21654	Tap the Start Battle Button and Start Battle once all Members are Ready.	Tap the Start Battle Button and Start Battle once all Members are Ready.
21655	Mistress is Angry! Infantry and cavalry will appear together. Watch out!	Mistress is Angry! Infantry and cavalry will appear together. Watch out!
21656	Pharaoh is unleashing Cleansing Light! Quickly, hide behind the Pyramid!	Pharaoh is unleashing Cleansing Light! Quickly, hide behind the Pyramid!
21657	Enter the circles in order to compose the melody. ${1} seconds remaining	Enter the circles in order to compose the melody. ${1} seconds remaining
21658	Congratulations and best wishes for prosperity! ${1} won the ${2} Prize!	Congratulations and best wishes for prosperity! ${1} won the ${2} Prize!
21659	Warning! A high-level rift has appeared in ${1}. Destroy it immediately!	Warning! A high-level rift has appeared in ${1}. Destroy it immediately!
21660	Boya\nHa! When we work together, those air pirates don't stand a chance!	Boya\nHa! When we work together, those air pirates don't stand a chance!
21661	Bobo\nThere's someone over there! Could he be looking for the goods too?	Bobo\nThere's someone over there! Could he be looking for the goods too?
21662	A crystal obtained from certain monsters. Can be exchanged for Headwear.	คริสตัลที่ได้รับจากมอนสเตอร์บางชนิด สามารถเปลี่ยนเป็น Headwear ได้
21663	${1} completes Overture I, increasing music energy for the Entire Server	${1} completes Overture I, increasing music energy for the Entire Server
21664	Magical Stickers that can be used to decorate your Profile once obtained	สติกเกอร์วิเศษที่สามารถใช้เพื่อตกแต่งโปรไฟล์ของคุณเมื่อได้รับแล้ว
21665	Points obtained by defeating monsters in the ^{1}Mt. Mjolnir^{2} region.	คะแนนที่ได้รับจากการเอาชนะมอนสเตอร์ในภูมิภาค ^{1}Mt. Mjolnir^{2}
21666	Points obtained by defeating monsters in the ^{1}Sunken Ship^{2} region.	คะแนนที่ได้รับจากการเอาชนะมอนสเตอร์ในภูมิภาค ^{1}Sunken Ship^{2}
21667	Points obtained by defeating monsters in the ^{1}Orc Village^{2} region.	คะแนนที่ได้รับจากการเอาชนะมอนสเตอร์ใน ^{1}Orc Village^ ภูมิภาค{2}
21668	Refining will <color=#C26B47>randomly increase or decrease stats</color>	Refining will <color=#C26B47>randomly increase or decrease stats</color>
21669	The current scroll's star rating is too low to unlock a new Enchant slot	The current scroll's star rating is too low to unlock a new Enchant slot
21670	Current Equipment already has an Enchant with the same name. Replace it?	Current Equipment already has an Enchant with the same name. Replace it?
21671	After successfully logging Lv. @{1} trees, gain @{2} Extra main products	After successfully logging Lv. @{1} trees, gain @{2} Extra main products
21672	Until fate reveals itself once more, you must never stop moving Forward.	Until fate reveals itself once more, you must never stop moving Forward.
21673	Second prize must be drawn from players using the Baphomet Jr. Transform	Second prize must be drawn from players using the Baphomet Jr. Transform
21674	You didn't expect that? So you really didn't consider our safety at all!	You didn't expect that? So you really didn't consider our safety at all!
21675	This item is not currently being auctioned. Fixed price purchase failed.	This item is not currently being auctioned. Fixed price purchase failed.
21676	Items at Stalls are temporarily unavailable for purchase on this server.	Items at Stalls are temporarily unavailable for purchase on this server.
21677	Your character is temporarily unable to open a Stall. Unseal time: ${1}.	Your character is temporarily unable to open a Stall. Unseal time: ${1}.
21678	The Adventurer Group quest does not exist or has already been completed.	The Adventurer Group quest does not exist or has already been completed.
21679	The text of the Announcement of Merging does not meet the specifications	The text of the Announcement of Merging does not meet the specifications
21680	AFK timeout: Extended inactivity is not allowed during the Escort phase.	AFK timeout: Extended inactivity is not allowed during the Escort phase.
21681	You can switch after going ${1} seconds without attacking another player	You can switch after going ${1} seconds without attacking another player
21682	Matchmaking was canceled because a party Member entered another Dungeon.	Matchmaking was canceled because a party Member entered another Dungeon.
21683	A heavy bronze shield. Use to permanently increase Physical DEF by @{1}.	โล่ทองสัมฤทธิ์หนัก ใช้เพื่อเพิ่ม Physical DEF อย่างถาวรโดย@{1}
21684	Your party must include at least ${1} Guild Members from the same guild.	Your party must include at least ${1} Guild Members from the same guild.
21685	Change your Pushcart's appearance by choosing a special design you like.	เปลี่ยนรูปลักษณ์รถเข็นของคุณโดยเลือกดีไซน์พิเศษที่คุณชอบ
21686	Provides the player and the Supply Cart with an exceptional speed boost.	มอบความเร็วที่เหนือชั้นให้กับผู้เล่นและรถเข็นเสบียง
21687	Pick up the shield dropped by the Orc Lord to withstand the next attack.	หยิบโล่ที่ Orc Lord ทิ้งไว้เพื่อต้านทานการโจมตีครั้งต่อไป
21688	Next, I'll show you the truth... Whether you can accept it is up to you.	Next, I'll show you the truth... Whether you can accept it is up to you.
21689	He studied in Juno for over a decade. He might as well be a foreigner...	He studied in Juno for over a decade. He might as well be a foreigner...
21690	Your teammates are still fighting and need your encouragement. Continue?	Your teammates are still fighting and need your encouragement. Continue?
21691	Learning 【Katar Mastery】 and 【Dual-Wield Mastery】 grants ${1} Extra AGI.	การเรียนรู้ 【Katar Mastery】 และ 【Dual-Wield Mastery】 มอบ${1}Extra AGI
21692	When hit by a melee Physical Attack, unleash a spectacular Auto Counter!	เมื่อถูกโจมตีทางกายภาพระยะประชิด ปล่อยตัวนับอัตโนมัติอันน่าทึ่ง!
21693	Movement Speed increased by @{1}% and Slow Resistance increased by @{2}.	ความเร็วในการเคลื่อนที่เพิ่มขึ้น@{1}% และความต้านทานการสโลว์เพิ่มขึ้น@{2}
21694	Marked by Harmony. Triggers healing when the source casts Highness Heal.	ทำเครื่องหมายโดย Harmony เรียกใช้การรักษาเมื่อแหล่งที่มาร่ายการรักษา Highness
21695	When you Kill an enemy, cast [Curse of Malice] at the target's location.	เมื่อคุณสังหารศัตรู ร่าย [Curse of Malice] ไปยังตำแหน่งของเป้าหมาย
21696	For @{1}s, hitting a marked enemy grants @{2} stacks of increased damage	สำหรับ@{1}s การโจมตีศัตรูที่ถูกทำเครื่องหมายจะทำให้@{2}ได้รับความเสียหายเพิ่มขึ้น
21697	^{1}^{2}【Mystical Amplification】^{3}^{4} grants ^{5}${1}^{6} Extra MATK.	^{1}^{2}【Mystical Amplification】^{3}^{4}ให้สิทธิ์ ^{5}${1}^{6}Extra MATK
21698	After successfully rescuing the Professor, you earn the Captain's praise.	หลังจากช่วยเหลือ Professor ได้สำเร็จ คุณจะได้รับการยกย่องจาก Captain
21699	With your Job Advance path decided, go touch the Book of Job Advancement.	เมื่อตัดสินใจเส้นทาง Job Advance แล้ว ให้แตะ Book of Job Advancement
21700	The server is under maintenance. Please check the official announcements.	The server is under maintenance. Please check the official announcements.
21701	Meet the Professor at the Nail of Order in the northwest part of the city	พบกับ Professor ที่ Nail of Order ทางตะวันตกเฉียงเหนือของเมือง
21702	Place the instrument beside the Nail of Order and get Ready to operate it	วางเครื่องมือไว้ข้าง Nail of Order และเตรียมพร้อมในการใช้งาน
21703	This Trade violated the System's Trade rules. A penalty has been applied.	This Trade violated the System's Trade rules. A penalty has been applied.
21704	For every @{1} professions that reach Moonlit Challenger, Max Vigor +@{2}	For every @{1} professions that reach Moonlit Challenger, Max Vigor +@{2}
21705	Linked to Guild Skills. Determines the Skill Level limit for Guild Skills	Linked to Guild Skills. Determines the Skill Level limit for Guild Skills
21706	Awakens the power of dragonblood, becoming immune to targeting and damage	ปลุกพลังเลือดมังกร ต้านทานการกำหนดเป้าหมายและความเสียหาย
21707	This conflicts with the shortcut for Function ${1}. Swap their shortcuts?	This conflicts with the shortcut for Function ${1}. Swap their shortcuts?
21708	Gain ${1} PATK for each learned level of ^{1}^{2}[Spear Mastery]^{3}^{4}.	ได้รับ${1}PATK สำหรับแต่ละระดับการเรียนรู้ของ ^{1}^{2}[Spear Mastery]^{3}^{4}
21709	The PATK granted by ^{1}^{2}【Deadly Poison】^{3}^{4} is increased by ${1}.	PATK ที่ได้รับจาก ^{1}^{2}【Deadly Poison】^{3}^{4}เพิ่มขึ้น${1}
21710	No skills have been assigned to the current Skill Build. Set them up now?	No skills have been assigned to the current Skill Build. Set them up now?
21711	In Ragnarok Online, reaching @{1} DEX allows skills to be cast instantly.	In Ragnarok Online, reaching @{1} DEX allows skills to be cast instantly.
21712	"In RO, players often use ""Chat Rooms"" to view the Entire Server rankings."	"In RO, players often use ""Chat Rooms"" to view the Entire Server rankings."
21713	"In RO, ""UB"" is short for a Ghostring Suit (Ghostring Card + Formal Suit)."	"In RO, ""UB"" is short for a Ghostring Suit (Ghostring Card + Formal Suit)."
21714	The Stall name contains restricted words. Please change it and try again.	The Stall name contains restricted words. Please change it and try again.
21715	The guild announcement contains prohibited words. Please enter a new one.	The guild announcement contains prohibited words. Please enter a new one.
21716	You've used all Group Mail attempts for today. Please try again Tomorrow.	You've used all Group Mail attempts for today. Please try again Tomorrow.
21717	Stat Bonus Overview provided to the Adventurer by currently Deployed Pets	Stat Bonus Overview provided to the Adventurer by currently Deployed Pets
21718	Tap here to start the Challenge! I can't wait! I'll take on ten at once!!	Tap here to start the Challenge! I can't wait! I'll take on ten at once!!
21719	Why is it raining? Because thinking of you has me sweating buckets, meow!	Why is it raining? Because thinking of you has me sweating buckets, meow!
21720	Where the stars converge, the Starshatter Dragon shall descend once more.	Where the stars converge, the Starshatter Dragon shall descend once more.
21721	Once you pass the trial, you can head To Prontera for your Job Advance...	Once you pass the trial, you can head To Prontera for your Job Advance...
21722	Keeping your equipment up to date will be a great help in future battles.	Keeping your equipment up to date will be a great help in future battles.
21723	Uh... Adventurer? Thank You for helping me, but may I ask who you are...?	Uh... Adventurer? Thank You for helping me, but may I ask who you are...?
21724	Oh, you're here... Thank You for rescuing me. You were a tremendous help.	Oh, you're here... Thank You for rescuing me. You were a tremendous help.
21725	There was once a time when people here struggled just to eat and survive.	There was once a time when people here struggled just to eat and survive.
21726	There's a bird's nest in that tree. Could you walk a little more quietly?	There's a bird's nest in that tree. Could you walk a little more quietly?
21727	Now, complete your first Stat Distribution based on your job's strengths.	Now, complete your first Stat Distribution based on your job's strengths.
21728	Excellent work, rookie. Thanks to your help, we can take off immediately.	Excellent work, rookie. Thanks to your help, we can take off immediately.
21729	The next time we meet... I hope you'll bring Me a more interesting Story.	The next time we meet... I hope you'll bring Me a more interesting Story.
21730	Hahaha! That's my enlightened, motivated, and courageous Chief assistant!	Hahaha! That's my enlightened, motivated, and courageous Chief assistant!
21731	Please wait for the Guild Master or Vice Guild Master to start the event.	Please wait for the Guild Master or Vice Guild Master to start the event.
21732	Our ^{1}${1}^{2} dealt the final blow to the left-lane ^{3}Protector^{4}!	Our ^{1}${1}^{2} dealt the final blow to the left-lane ^{3}Protector^{4}!
21733	Your teammate ${1} is trapped in a coffin! Break it open and rescue them!	Your teammate ${1} is trapped in a coffin! Break it open and rescue them!
21734	Talking to Themselves\n...Is that streetlamp singing? Am I seeing things?	Talking to Themselves\n...Is that streetlamp singing? Am I seeing things?
21735	Bobo\nThe sand is moving... No good, I'm being sucked in! Quick, save Me!	Bobo\nThe sand is moving... No good, I'm being sucked in! Quick, save Me!
21736	Bobo\n(Cries echo from nearby) Waaah! ^{1}PlayerName^{2}, are you there?!	Bobo\n(Cries echo from nearby) Waaah! ^{1}PlayerName^{2}, are you there?!
21737	Captain\nIf the wind blows you off the airship, don't blame me! Hahahaha!	Captain\nIf the wind blows you off the airship, don't blame me! Hahahaha!
21738	"Eden Group Leader\nCould it be the Desert Eagles? Aren't we just ""lucky""?"	"Eden Group Leader\nCould it be the Desert Eagles? Aren't we just ""lucky""?"
21739	Bobo\nWhy did he stop again? I hope it's not because of food this time...	Bobo\nWhy did he stop again? I hope it's not because of food this time...
21740	An essential Season progression System that greatly increases your Power.	An essential Season progression System that greatly increases your Power.
21741	Enhance the Bonfire Blessing to gain an Extra @{2} EXP every @{1} seconds	Enhance the Bonfire Blessing to gain an Extra @{2} EXP every @{1} seconds
21742	Fine Blue Equipment with impressive offensive and defensive capabilities.	Fine Blue Equipment พร้อมความสามารถในการรุกและการป้องกันที่น่าประทับใจ
21743	A common Arrow that can be found anywhere. Can be exchanged for Headwear.	Arrow ทั่วไปที่สามารถพบได้ทุกที่ สามารถเปลี่ยนเป็น Headwear ได้
21744	Restores Character HP. Instantly restores @{1} HP. Cooldown: @{2} seconds	ฟื้นฟู HP ตัวละครฟื้นฟู@{1}HP ทันทีคูลดาวน์:@{2}วินาที
21745	A somewhat rugged-looking shield with its entire front covered in spikes.	โล่ที่ดูค่อนข้างแข็งแกร่งและมีหนามแหลมปกคลุมด้านหน้าทั้งหมด
21746	A katar designed for assassination that seeks out an enemy's weak points.	กาตาร์ที่ออกแบบมาเพื่อลอบสังหารโดยค้นหาจุดอ่อนของศัตรู
21747	A katar crafted using ancient secret arts. Its blades constantly vibrate.	กาตาร์ที่สร้างขึ้นโดยใช้ศิลปะลับโบราณ ใบมีดของมันสั่นสะเทือนตลอดเวลา
21748	A staff made from a mistletoe branch and imbued with the power of nature.	ไม้เท้าที่ทำจากกิ่งมิสเซิลโทและเปี่ยมด้วยพลังแห่งธรรมชาติ
21749	Once used as a two-handed Spear, it was redesigned as a one-handed Spear.	เมื่อใช้เป็น Spear สองมือแล้ว ก็ได้รับการออกแบบใหม่ให้เป็น Spear มือเดียว
21750	A terrifying two-handed sword that has beheaded many condemned prisoners.	ดาบสองมือที่น่าสะพรึงกลัวซึ่งตัดหัวนักโทษที่ถูกประณามมากมาย
21751	Progress rewards based on the number of digs during Treasure Hunt events.	รางวัลความคืบหน้าขึ้นอยู่กับจำนวนการขุดระหว่างกิจกรรม Treasure Hunt
21752	Event Period: During the Ignition Test, Thursday from @{1}:@{2}~@{3}:@{4}	Event Period: During the Ignition Test, Thursday from @{1}:@{2}~@{3}:@{4}
21753	The report Description is too short. Please enter at least 10 characters.	The report Description is too short. Please enter at least 10 characters.
21754	You're my only hope, my adventuring buddy~ Don't worry! The pay is great.	You're my only hope, my adventuring buddy~ Don't worry! The pay is great.
21755	Be careful not to touch it with your fingers. It doesn't look very clean.	Be careful not to touch it with your fingers. It doesn't look very clean.
21756	Day ${2} After the Entire Server's First Clear of the 10-Player Raid ${1}	Day ${2} After the Entire Server's First Clear of the 10-Player Raid ${1}
21757	Siege War - Battle for the Royal Capital: About to start! Head there now!	Siege War - Battle for the Royal Capital: About to start! Head there now!
21758	Reach Lv. ${1} to immediately receive <color=#ff993f>${2}</color> rewards	Reach Lv. ${1} to immediately receive <color=#ff993f>${2}</color> rewards
21759	For every @{1} skills on this Totem, your Physical ATK increases by @{2}.	สำหรับทุกทักษะของ@{1}บน Totem นี้ พลังโจมตีทางกายภาพของคุณจะเพิ่มขึ้น@{2}
21760	Increases the Chance of triggering 【Venom】 with 【Deadly Poison】 by ${1}%.	เพิ่มโอกาสในการกระตุ้น 【Venom】 ด้วย 【Deadly Poison】 เป็น${1}%
21761	Takes damage every @{1} seconds. Each stack reduces damage dealt by @{2}%	รับความเสียหายทุกๆ@{1}วินาทีแต่ละสแต็คจะลดความเสียหายที่เกิดขึ้นโดย@{2}%
21762	Job Advance requirements not met. Base Lv. ${1} and Job Lv. ${2} required.	Job Advance requirements not met. Base Lv. ${1} and Job Lv. ${2} required.
21763	Rewards for all completed Trophies can be claimed after Season Settlement.	Rewards for all completed Trophies can be claimed after Season Settlement.
21764	You encounter the mysterious woman again, and she asks you to look around.	คุณพบกับผู้หญิงลึกลับอีกครั้ง และเธอขอให้คุณมองไปรอบๆ
21765	After the Relic appeared, the monsters in the area began growing restless.	หลังจากที่ Relic ปรากฏตัว มอนสเตอร์ในพื้นที่ก็เริ่มกระสับกระส่าย
21766	Ki explains that multiple parallel space-times exist within this universe.	Ki อธิบายว่ากาล-อวกาศคู่ขนานมีอยู่หลายครั้งในจักรวาลนี้
21767	Find a supply cart on the battlefield and attack it to seize its supplies!	Find a supply cart on the battlefield and attack it to seize its supplies!
21768	Backpack full. Please organize your Backpack before opening the gift pack.	Backpack full. Please organize your Backpack before opening the gift pack.
21769	Purchase Successful! Your item has been sent by mail. Be sure to claim it.	Purchase Successful! Your item has been sent by mail. Be sure to claim it.
21770	Develop Echoes during the event and complete Event Quests to earn rewards!	Develop Echoes during the event and complete Event Quests to earn rewards!
21771	Weapon damaged. All Main/Off-Hand Weapon stats and Affixes are not Active.	อาวุธเสียหายสถิติและส่วนเสริมอาวุธหลัก/รองทั้งหมดจะไม่ทำงาน
21772	Kill Fish and Shellfish monsters to restore @{1} MP. No internal Cooldown.	Kill มอนสเตอร์ประเภทปลาและหอยเพื่อฟื้นฟู MP ของ@{1}ไม่มีคูลดาวน์ภายใน
21773	You feel fatigued, impairing your ability to explore. (Broadcast required)	คุณรู้สึกเหนื่อยล้า ทำให้ความสามารถในการสำรวจลดลง(จำเป็นต้องออกอากาศ)
21774	Your position in the queue is <color=#fdab5b><size=50>${1}</size></color>.	Your position in the queue is <color=#fdab5b><size=50>${1}</size></color>.
21775	^{1}^{2}[Heal]^{3}^{4} and ^{5}^{6}[Sanctuary]^{7}^{8} Variable CT -${1}%.	^{1}^{2}[Heal]^{3}^{4}และ ^{5}^{6}[Sanctuary]^{7}^{8}ตัวแปร CT -${1}%.
21776	While ^{1}^{2}[Auto Guard]^{3}^{4} is active, PATK +${1} and Max HP +${2}.	ขณะที่ ^{1}^{2}[Auto Guard]^{3}^{4}ทำงานอยู่ PATK +${1}และ Max HP +${2}
21777	While ^{1}^{2}[Parry]^{3}^{4} is active, gain an Extra ${1} PDEF and MDEF.	ขณะที่ ^{1}^{2}[Parry]^{3}^{4}ทำงานอยู่ จะได้รับ${1}PDEF และ MDEF พิเศษ
21778	For every ${1} Stunts on equipped gear, Max Life +${2} (up to ${3} Stunts)	สำหรับทุก${1}Stunts บนอุปกรณ์ที่ติดตั้ง Max Life +${2}(สูงสุด${3}Stunts)
21779	Learn ^{1}^{2}【Advanced Katar Mastery】^{3}^{4} to gain an Extra ${1} PATK.	เรียนรู้ ^{1}^{2}【Advanced Katar Mastery】^{3}^{4}เพื่อรับ${1}PATK พิเศษ
21780	Osiris lashes^{1}@{1} areas ahead with bandages^{2}, damaging targets hit.	Osiris lashes^{1}@{1} areas ahead with bandages^{2}, damaging targets hit.
21781	A pair of small red-accented hair ribbons that make girls look even cuter.	A pair of small red-accented hair ribbons that make girls look even cuter.
21782	The Growth Badge will guide your progress. Open it up and take a look, bo!	The Growth Badge will guide your progress. Open it up and take a look, bo!
21783	Fill them all in to unlock a story quest. Don't forget to complete it, bo!	Fill them all in to unlock a story quest. Don't forget to complete it, bo!
21784	Eliminate the source of the strange odor in the Culvert: Golden Thief Bug.	Eliminate the source of the strange odor in the Culvert: Golden Thief Bug.
21785	It's okay! Master just got scared by some ants earlier, that's all~ Right?	It's okay! Master just got scared by some ants earlier, that's all~ Right?
21786	Everything's just about ready. Now let's see if the Rockers take the bait.	Everything's just about ready. Now let's see if the Rockers take the bait.
21787	We have the finest flowers in Prontera! Adventurer, why not buy a bouquet?	We have the finest flowers in Prontera! Adventurer, why not buy a bouquet?
21788	Now that I'm in Izlude, I've got a good feeling about this. Heh... Appear!	Now that I'm in Izlude, I've got a good feeling about this. Heh... Appear!
21789	Don't get the wrong idea. Not everyone in Payon is as talkative as she is.	Don't get the wrong idea. Not everyone in Payon is as talkative as she is.
21790	I really have No idea what kind of people the Eden Group is looking for...	I really have No idea what kind of people the Eden Group is looking for...
21791	I never had the chance to study when I was young, but now I have the time.	I never had the chance to study when I was young, but now I have the time.
21792	What could possibly matter more than family? I just don't understand Hawk.	What could possibly matter more than family? I just don't understand Hawk.
21793	Fine, fine, we'll do it your way. Rookie, I'll meet you in Southern Payon!	Fine, fine, we'll do it your way. Rookie, I'll meet you in Southern Payon!
21794	I see. You must be the new recruit who helped them get the tickets, right?	I see. You must be the new recruit who helped them get the tickets, right?
21795	Go see Hollgrehenn. He has a gift from Tritura Academy for every Beginner.	Go see Hollgrehenn. He has a gift from Tritura Academy for every Beginner.
21796	Automatically dismantle equipment that meets all the following conditions.	Automatically dismantle equipment that meets all the following conditions.
21797	Items that meet all the above conditions will be selected for dismantling.	Items that meet all the above conditions will be selected for dismantling.
21798	Fafnir is about to go berserk! It will destroy everything in @{1} seconds!	Fafnir is about to go berserk! It will destroy everything in @{1} seconds!
21799	Our ^{1}${1}^{2} dealt the final blow to the right-lane ^{3}Protector^{4}!	Our ^{1}${1}^{2} dealt the final blow to the right-lane ^{3}Protector^{4}!
21800	Our ^{1}${1}^{2} dealt the final blow to the enemy ^{3}Madogear Pilot^{4}!	Our ^{1}${1}^{2} dealt the final blow to the enemy ^{3}Madogear Pilot^{4}!
21801	Baphomet will Charge toward a player! Quickly, hide behind a Stone Pillar!	Baphomet will Charge toward a player! Quickly, hide behind a Stone Pillar!
21802	“Hey, newbie! What do you think? This view—the scenery—is amazing, right?”	“Hey, newbie! What do you think? This view—the scenery—is amazing, right?”
21803	The items you listed on the Trade Exchange have expired and been returned.	The items you listed on the Trade Exchange have expired and been returned.
21804	[Pirate King] will spawn a ^{1}[Surprise Chest]^{2} nearby in ${1} seconds	[Pirate King] will spawn a ^{1}[Surprise Chest]^{2} nearby in ${1} seconds
21805	Deviling\nThe fate-changing [Mystery Cube] has appeared on the battlefield	Deviling\nThe fate-changing [Mystery Cube] has appeared on the battlefield
21806	Rhine\nHey, Adventurer! Are You here for the Novice Trial? Come over here.	Rhine\nHey, Adventurer! Are You here for the Novice Trial? Come over here.
21807	Bobo\nThere's a man over there covered in dirt. Could he be the Professor?	Bobo\nThere's a man over there covered in dirt. Could he be the Professor?
21808	Fixed price purchases will become available after the listing period ends.	Fixed price purchases will become available after the listing period ends.
21809	Enhance the Bonfire Blessing to gain an Extra @{2} Zeny every @{1} seconds	Enhance the Bonfire Blessing to gain an Extra @{2} Zeny every @{1} seconds
21810	Activate the Silverwing Covenant matching Facewear Appearance (Permanent).	เปิดใช้งาน Silverwing Covenant ที่เข้าคู่กับรูปลักษณ์ของ Facewear (ถาวร)
21811	Activate the Silverwing Covenant matching Headwear Appearance (Permanent).	เปิดใช้งานรูปลักษณ์หมวกที่เข้าคู่กับ Silverwing Covenant (ถาวร)
21812	Activate the Worldscorch Feather matching Backwear Appearance (Permanent).	เปิดใช้งานรูปลักษณ์ของ Backwear ที่เข้าคู่กับ Worldscorch Feather (ถาวร)
21813	Activate the Worldscorch Feather matching Headwear Appearance (Permanent).	เปิดใช้งานรูปลักษณ์หมวกที่เข้าคู่กับ Worldscorch Feather (ถาวร)
21814	Open this gift box to obtain a certain number of Candles of Contemplation.	Open กล่องของขวัญนี้เพื่อรับเทียนแห่งการไตร่ตรองจำนวนหนึ่ง
21815	Common Tier @{1} Blue Equipment that can protect against ordinary enemies.	Common Tier@{1}Blue อุปกรณ์ที่สามารถป้องกันศัตรูธรรมดาได้
21816	A highly intelligent, purple-skinned Demon Poring who's very close to you!	ปีศาจ Poring ผิวสีม่วงที่ชาญฉลาดและใกล้ชิดคุณมาก!
21817	<color=#fffefc><size=32>Entire Server's Total Music Energy:</size></color>	<color=#fffefc><size=32>Entire Server's Total Music Energy:</size></color>
21818	Eddga surely never imagined someone would do this to him for such a reason	Eddga ไม่เคยคิดเลยว่าจะมีคนทำสิ่งนี้กับเขาด้วยเหตุผลเช่นนี้
21819	Use on a map where Caravan Escort is active to Go to Map's nearest outpost	ใช้บนแผนที่ที่ Caravan Escort ทำงานอยู่เพื่อไปยังด่านหน้าที่ใกล้ที่สุดของแผนที่
21820	An inexpensive leather jacket that develops a distinctive patina with age.	แจ็กเก็ตหนังราคาไม่แพงที่พัฒนาคราบอันโดดเด่นตามอายุ
21821	Points obtained by defeating monsters in the ^{1}Byalan Island^{2} region.	คะแนนที่ได้รับจากการเอาชนะมอนสเตอร์ใน ^{1}Byalan Island^ ภูมิภาค{2}
21822	Points obtained by defeating monsters in the ^{1}Sograt Desert^{2} region.	คะแนนที่ได้รับจากการเอาชนะมอนสเตอร์ใน ^{1}Sograt Desert^ ภูมิภาค{2}
21823	After combining, stats and skills are randomized. Please play responsibly.	After combining, stats and skills are randomized. Please play responsibly.
21824	Divine Words: Wipe the inscription clean to decipher the Totem attributes.	Divine Words: Wipe the inscription clean to decipher the Totem attributes.
21825	Harness the power of all four elements to counter large groups of enemies.	Harness the power of all four elements to counter large groups of enemies.
21826	Matchmaking is already in progress. Cancel it and start matching for ${1}?	Matchmaking is already in progress. Cancel it and start matching for ${1}?
21827	Successfully crafting orange cloth has a @{1}% Chance to double the output	Successfully crafting orange cloth has a @{1}% Chance to double the output
21828	Successfully crafting orange Metal has a @{1}% Chance to double the output	Successfully crafting orange Metal has a @{1}% Chance to double the output
21829	After gathering successfully, has a @{1}% Chance to receive double rewards	After gathering successfully, has a @{1}% Chance to receive double rewards
21830	Muted players cannot use their mic or send messages in the current tavern.	Muted players cannot use their mic or send messages in the current tavern.
21831	Invitation failed. You have reached the limit for sent Merge Guild invites	Invitation failed. You have reached the limit for sent Merge Guild invites
21832	${1} is currently under a matchmaking penalty and cannot join matchmaking.	${1} is currently under a matchmaking penalty and cannot join matchmaking.
21833	This server has reached its character limit. Please choose another server.	This server has reached its character limit. Please choose another server.
21834	This item is temporarily unavailable to your character. Unseal time: ${1}.	This item is temporarily unavailable to your character. Unseal time: ${1}.
21835	Cannot follow into a Guild Dungeon because you belong to different guilds.	Cannot follow into a Guild Dungeon because you belong to different guilds.
21836	Deviling gathers dark energy, damaging players in a fan-shaped area ahead.	Deviling รวบรวมพลังงานมืดสร้างความเสียหายให้กับผู้เล่นในพื้นที่รูปพัดที่อยู่ข้างหน้า
21837	Deals ATK * ^{1}@{2}%^{2} damage to the designated ST enemy within @{1} m.	สร้างความเสียหายต่อ ATK * ^{1}@{2}%^{2}สร้างความเสียหายให้กับศัตรู ST ที่กำหนดภายใน@{1}m
21838	Your character is temporarily unable to purchase items. Unseal time: ${1}.	Your character is temporarily unable to purchase items. Unseal time: ${1}.
21839	Reach the next DPS target in Challenge Mode to earn the following rewards:	Reach the next DPS target in Challenge Mode to earn the following rewards:
21840	A shield granted by Little Isis. Increases DEF while the shield is active.	โล่ที่มอบให้โดย Little Isis เพิ่ม DEF ในขณะที่โล่ทำงาน
21841	<color=#FF993F>Treasure Discovered! Dig here to see what you find.</color>	<color=#FF993F>Treasure Discovered! Dig here to see what you find.</color>
21842	Only Tier 2 or higher equipment of Purple Quality or higher can be smelted.	Only Tier 2 or higher equipment of Purple Quality or higher can be smelted.
21843	Violation time: ${1}-${2}-${3} ${4}.\nFreeze end time: ${1}-${2}-${3} ${4}.	Violation time: ${1}-${2}-${3} ${4}.\nFreeze end time: ${1}-${2}-${3} ${4}.
21844	Take part in all kinds of exciting events and Claim fantastic Grand Prizes!	Take part in all kinds of exciting events and Claim fantastic Grand Prizes!
21845	Head to the Guild Territory and join the Bonfire Party to earn tons of EXP!	Head to the Guild Territory and join the Bonfire Party to earn tons of EXP!
21846	Auto-Bid will gradually increase the bid after you drop off the leaderboard	Auto-Bid will gradually increase the bid after you drop off the leaderboard
21847	The auction has entered its final stage and may end at any time within ${1}	The auction has entered its final stage and may end at any time within ${1}
21848	Your party must include at least ${1} Members from the same Adventure Guild	Your party must include at least ${1} Members from the same Adventure Guild
21849	Participate in Battle of Dragon Coffin Island or Survivor Battle ${1} times	Participate in Battle of Dragon Coffin Island or Survivor Battle ${1} times
21850	A Guild Member must Join a guild at least ${1} days before they can Impeach	A Guild Member must Join a guild at least ${1} days before they can Impeach
21851	Are you sure you want to remove <color=#C26B47>${1}</color> from the guild?	Are you sure you want to remove <color=#C26B47>${1}</color> from the guild?
21852	Each stack increases your Physical ATK, Physical DEF, and Magic DEF by @{1}	แต่ละสแต็คจะเพิ่ม Physical ATK, Physical DEF และ Magic DEF ของคุณ@{1}
21853	Every @{1} sec, loses HP equal to @{2}% of the applier's Fire Magic Damage.	ทุกๆ@{1}วินาที จะสูญเสีย HP เท่ากับ@{2}% ของความเสียหายเวทย์ไฟของผู้ใช้งาน
21854	Loses HP equal to a certain amount of Fire Magic damage every @{1} seconds.	สูญเสีย HP เท่ากับจำนวนความเสียหายของ Fire Magic ทุก ๆ@{1}วินาที
21855	You are in a Safe Zone. You cannot take damage, but you also cannot attack.	คุณอยู่ในโซนปลอดภัยคุณไม่สามารถรับความเสียหายได้ แต่คุณไม่สามารถโจมตีได้เช่นกัน
21856	A new version is available. Please update for a better gameplay experience.	A new version is available. Please update for a better gameplay experience.
21857	For every ${1} Stunts on equipped gear, Magic ATK +${2} (up to ${3} Stunts)	สำหรับทุก${1}Stunts บนอุปกรณ์ที่ติดตั้ง Magic ATK +${2}(สูงสุด${3}Stunts)
21858	For every ${1} Stunts on equipped gear, CRIT DMG +${2}% (up to ${3} Stunts)	สำหรับทุก${1}Stunts บนอุปกรณ์ที่สวมใส่ CRIT DMG +${2}% (สูงสุด${3}Stunts)
21859	Unique Effect: CRIT DMG Reduction +${1}%. Each stack grants an Extra ${2}%.	: DMG Reduction คริติคอล +${1}%แต่ละสแต็กให้${2}% พิเศษ
21860	When 【Fire Ball】 hits the primary target, triggers @{1} Lv${1} 【Fire Bolt】.	เมื่อ 【Fire Ball】 โดนเป้าหมายหลัก ทริกเกอร์@{1}Lv${1}【Fire Bolt】
21861	Baphomet unleashes a ^{1}scythe slash^{2} that damages targets in its path.	Baphomet unleashes a ^{1}scythe slash^{2} that damages targets in its path.
21862	Open Monday through Thursday, Saturday, and Sunday from @{1}:@{2}~@{3}:@{4}	Open Monday through Thursday, Saturday, and Sunday from @{1}:@{2}~@{3}:@{4}
21863	It looks like a kitten's tail. Will wearing it turn you into a real kitten?	It looks like a kitten's tail. Will wearing it turn you into a real kitten?
21864	All bonus points have been consumed. Auto-battle rewards have been reduced.	All bonus points have been consumed. Auto-battle rewards have been reduced.
21865	TE WoE is limited to Trans. 2nd classes and below and is held every Sunday.	TE WoE is limited to Trans. 2nd classes and below and is held every Sunday.
21866	"The BGM for ""Prontera Church"" is the first track that plays when RO starts."	"The BGM for ""Prontera Church"" is the first track that plays when RO starts."
21867	Repel the monsters' attack and protect the Dragon Seal from being destroyed	Repel the monsters' attack and protect the Dragon Seal from being destroyed
21868	The guild announcement cannot contain only numbers. Please enter a new one.	The guild announcement cannot contain only numbers. Please enter a new one.
21869	Learn a Life Skill to make more Materials and recipes to aid you in Battle.	Learn a Life Skill to make more Materials and recipes to aid you in Battle.
21870	Wow, a Butterfly Wing! Bobo will show you how to use it. First, click here!	Wow, a Butterfly Wing! Bobo will show you how to use it. First, click here!
21871	Now that we're out in the field, let's mount the Flying mount you just got!	Now that we're out in the field, let's mount the Flying mount you just got!
21872	Head to the main lecture hall. The Mentor is already waiting for you there.	Head to the main lecture hall. The Mentor is already waiting for you there.
21873	Just keep moving forward. Alphonse will help you complete your Job Advance.	Just keep moving forward. Alphonse will help you complete your Job Advance.
21874	For a new Adventurer, the ^{1}【Eden Group】^{2} is an excellent place to go.	For a new Adventurer, the ^{1}【Eden Group】^{2} is an excellent place to go.
21875	I finally managed to find some samples, but then... uh, I nearly got eaten.	I finally managed to find some samples, but then... uh, I nearly got eaten.
21876	It a-absolutely won't! I'm confident there won't be any problems this time.	It a-absolutely won't! I'm confident there won't be any problems this time.
21877	Um... if you don't mind, could you tell me who took it? I'm really curious.	Um... if you don't mind, could you tell me who took it? I'm really curious.
21878	This is Geffen, the City of Magic. Welcome! Would you like an introduction?	This is Geffen, the City of Magic. Welcome! Would you like an introduction?
21879	Welcome to Izlude Island, a satellite city. Would you like an introduction?	Welcome to Izlude Island, a satellite city. Would you like an introduction?
21880	Thank You for flying with Valkyrie Air. Would you like to board an airship?	Thank You for flying with Valkyrie Air. Would you like to board an airship?
21881	Welcome to Morroc, the Desert City! Would you like me to tell you about it?	Welcome to Morroc, the Desert City! Would you like me to tell you about it?
21882	Whoa there, old friend. You can't go saying things like that in the street.	Whoa there, old friend. You can't go saying things like that in the street.
21883	But after looking it over, I have even less of an idea which one to choose.	But after looking it over, I have even less of an idea which one to choose.
21884	Wow, this set looks way better than the last one! Put it on and let me see~	Wow, this set looks way better than the last one! Put it on and let me see~
21885	Oh? So you're the one. Boya has mentioned you several times in her letters.	Oh? So you're the one. Boya has mentioned you several times in her letters.
21886	Our ^{1}${1}^{2} dealt the final blow to the center-lane ^{3}Protector^{4}!	Our ^{1}${1}^{2} dealt the final blow to the center-lane ^{3}Protector^{4}!
21887	Tap the Commander Button and Start Battle once all Guild Members are Ready.	Tap the Commander Button and Start Battle once all Guild Members are Ready.
21888	Pharaoh is about to unleash powerful Damage Skills. Get behind an obstacle!	Pharaoh is about to unleash powerful Damage Skills. Get behind an obstacle!
21889	“They’ve defiled the freedom of the skies. Someday, they’ll pay the price.”	“They’ve defiled the freedom of the skies. Someday, they’ll pay the price.”
21890	The notes will disappear in @{1} seconds. Memorize their positions quickly!	The notes will disappear in @{1} seconds. Memorize their positions quickly!
21891	Prontera could not withstand the Goddess's massive invasion and has fallen!	Prontera could not withstand the Goddess's massive invasion and has fallen!
21892	Louie\nWell, well. I'm surprised you managed to follow us all the way here.	Louie\nWell, well. I'm surprised you managed to follow us all the way here.
21893	Siege equipment reserves can be viewed even when the Siege War is not open.	Siege equipment reserves can be viewed even when the Siege War is not open.
21894	Reach @{1} progress toward the Prontera Monster Hunt full collection reward	เข้าถึง@{1}ความคืบหน้าไปสู่รางวัลสะสมมอนสเตอร์ Prontera
21895	Activate the Sweetheart Tea Party matching Headwear Appearance (Permanent).	เปิดใช้งาน Sweetheart Tea Party ที่เข้าคู่กับชุดสวมศีรษะ (ถาวร)
21896	Activate the Worldscorch Feather matching Hairstyle Appearance (Permanent).	เปิดใช้งานลักษณะทรงผมที่เข้ากันกับ Feather Worldscorch (ถาวร)
21897	An eight-legged mollusk. It will Launch ink when threatened, so be careful.	หอยแปดขามันจะปล่อยหมึกออกมาเมื่อถูกคุกคาม ดังนั้นควรระวังด้วย
21898	A stone shield obtained by Thor after he slew Hrungnir, king of the giants.	โล่หินที่ Thor ได้รับหลังจากที่เขาสังหาร Hrungnir ราชาแห่งยักษ์
21899	A bow made from a blend of various materials, designed to deal high damage.	ธนูที่ทำจากวัสดุหลากหลายชนิด ออกแบบมาเพื่อสร้างความเสียหายสูง
21900	A staff covered in ancient runes that can unleash powerful elemental magic.	ไม้เท้าที่ปกคลุมไปด้วยอักษรรูนโบราณที่สามารถปลดปล่อยเวทมนตร์ธาตุอันทรงพลังออกมาได้
21901	A halberd made specifically for hunting, distinguished by its three blades.	ง้าวที่สร้างขึ้นเพื่อการล่าสัตว์โดยเฉพาะ โดดเด่นด้วยใบมีดสามใบ
21902	After successfully gathering Lv. @{1} plants, gain @{2} Extra main products	After successfully gathering Lv. @{1} plants, gain @{2} Extra main products
21903	Complete a Royal Caravan Departure to earn Personal Rewards and Guild Funds	Complete a Royal Caravan Departure to earn Personal Rewards and Guild Funds
21904	All right, it's done. Just place this into ^{1}【the device next to me】^{2}.	All right, it's done. Just place this into ^{1}【the device next to me】^{2}.
21905	This server is temporarily unable to purchase items from the World Auction.	This server is temporarily unable to purchase items from the World Auction.
21906	This server is temporarily unable to purchase items from the Guild Auction.	This server is temporarily unable to purchase items from the Guild Auction.
21907	The build name contains inappropriate language. Please choose another name.	The build name contains inappropriate language. Please choose another name.
21908	Someone declined the instance entry request. Please join matchmaking again.	Someone declined the instance entry request. Please join matchmaking again.
21909	The picked-up style matches your current style. Your style will not change.	The picked-up style matches your current style. Your style will not change.
21910	Angeling gathers light energy, damaging players in a fan-shaped area ahead.	Angeling รวบรวมพลังงานแสงสร้างความเสียหายให้กับผู้เล่นในพื้นที่รูปพัดที่อยู่ข้างหน้า
21911	Permanently increases Physical ATK by ^{1}${1}^{2} and DEX by ^{3}${2}^{4}.	เพิ่ม ATK ทางกายภาพอย่างถาวรโดย ^{1}${1}^{2}และ DEX โดย ^{3}${2}^{4}
21912	Bobo deals Physical ATK*^{1} to the designated ST enemy within ${1} meters.	Bobo สร้างความเสียหายทางกายภาพ*^{1}กับศัตรู ST ที่กำหนดภายในระยะ${1}เมตร
21913	Rapidly restores Life, restoring ^{1}${2} Life^{2} per second for ${1} sec.	ฟื้นฟูพลัง Life อย่างรวดเร็ว โดยฟื้นฟู ^{1}${2}Life^{2}ต่อวินาทีเป็นเวลา${1}วินาที
21914	Unlock the following <color=#fbcd7e>premium rewards</color> as you level up	Unlock the following <color=#fbcd7e>premium rewards</color> as you level up
21915	Checks the target's status before damage is dealt and increases the damage.	ตรวจสอบสถานะของเป้าหมายก่อนที่จะสร้างความเสียหายและเพิ่มความเสียหาย
21916	Increases Max Life based on VIT. Every ${1} VIT increases Max Life by ${2}.	เพิ่มพลัง Life สูงสุดตาม VIT ทุก ๆ${1}VIT จะเพิ่มพลัง Life สูงสุดโดย${2}
21917	You need at least three nearby party Members to create an Adventurer Group.	You need at least three nearby party Members to create an Adventurer Group.
21918	After the tremor, a glowing Relic appeared in Goblin Forest. Go investigate.	หลังจากแรงสั่นสะเทือน Relic ที่เรืองแสงก็ปรากฏขึ้นใน Goblin Forest ไปสอบสวน.
21919	Can be unlocked after activating all Stars in the prerequisite Constellation	Can be unlocked after activating all Stars in the prerequisite Constellation
21920	Failed to retrieve the remote configuration file. Network connection failed.	Failed to retrieve the remote configuration file. Network connection failed.
21921	Leave this screen?\nLeaving will automatically clear your elite appointments	Leave this screen?\nLeaving will automatically clear your elite appointments
21922	Today's Reward Count has been exhausted. You cannot receive any more rewards	Today's Reward Count has been exhausted. You cannot receive any more rewards
21923	Increases Movement Speed by @{1}% and grants immunity to slows for @{2} sec.	เพิ่มความเร็วในการเคลื่อนที่ขึ้น@{1}% และให้ภูมิคุ้มกันในการสโลว์เป็นเวลา@{2}วินาที
21924	${1}% Chance to evade ${2}% of incoming damage. Built-in cooldown: ${3} sec.	${1}% โอกาสในการหลบเลี่ยง${2}% ของความเสียหายที่เข้ามา คูลดาวน์ในตัว:${3}วินาที
21925	Increases the maximum Floors of the Magic buff on the current Totem by ${1}.	เพิ่มชั้นสูงสุดของบัฟเวทมนตร์บน Totem ปัจจุบันขึ้น${1}
21926	The trigger Chance of ^{1}^{2}【Double Attack】^{3}^{4} is increased by ${1}%.	โอกาสทริกเกอร์ของ ^{1}^{2}【Double Attack】^{3}^{4}เพิ่มขึ้น${1}%
21927	Mistress summons a ^{1}Hornet formation^{2} to perform ^{3}@{1}^{4} charges.	Mistress summons a ^{1}Hornet formation^{2} to perform ^{3}@{1}^{4} charges.
21928	<color=#FF993F>${1}</color> has invited you to join the guild voice channel.	<color=#FF993F>${1}</color> has invited you to join the guild voice channel.
21929	He comes from the slowly rising light.\nWorldscorch Feather · Theme Facewear	He comes from the slowly rising light.\nWorldscorch Feather · Theme Facewear
21930	Shadow Equipment is a purely cosmetic system and provides no stat bonuses.	Shadow Equipment is a purely cosmetic system and provides no stat bonuses.
21931	After unlocking a pet, activate its Codex entry to gain a global stat bonus.	After unlocking a pet, activate its Codex entry to gain a global stat bonus.
21932	Complete your Trans. 2nd to further enhance your class and Build experience.	Complete your Trans. 2nd to further enhance your class and Build experience.
21933	Tap the button to open the auto-battle settings and enjoy hands-free combat~	Tap the button to open the auto-battle settings and enjoy hands-free combat~
21934	Tap here again! You'll be able to allocate stat points in just a moment, bo.	Tap here again! You'll be able to allocate stat points in just a moment, bo.
21935	Recommend Daily activities unlocked! Tons of Misc content and rewards await!	Recommend Daily activities unlocked! Tons of Misc content and rewards await!
21936	Bobo's class is now in session! Let's learn about Monster Hunts. Click here!	Bobo's class is now in session! Let's learn about Monster Hunts. Click here!
21937	There are @{1} types of notes, which you can obtain by exploring field maps.	There are @{1} types of notes, which you can obtain by exploring field maps.
21938	Perhaps you could test how much you've grown in the ^{1}Tower of Trials^{2}.	Perhaps you could test how much you've grown in the ^{1}Tower of Trials^{2}.
21939	Time... is a one-way road for your kind. But every so often, ripples appear.	Time... is a one-way road for your kind. But every so often, ripples appear.
21940	Never mind. Good thing I have a backup. Let's head back to Prontera for now.	Never mind. Good thing I have a backup. Let's head back to Prontera for now.
21941	Thank You for fighting bravely at the stronghold. Please accept this reward!	Thank You for fighting bravely at the stronghold. Please accept this reward!
21942	Monsters are overrunning Sograt Desert. Help me take some of them out first.	Monsters are overrunning Sograt Desert. Help me take some of them out first.
21943	You don't have any Magic Crystals yet. Come back when you've collected some.	You don't have any Magic Crystals yet. Come back when you've collected some.
21944	I heard there's a bard near the city gate who can't sing. Have you seen him?	I heard there's a bard near the city gate who can't sing. Have you seen him?
21945	In Al De Baran, there is a skilled weaponsmith who lives with his four sons.	In Al De Baran, there is a skilled weaponsmith who lives with his four sons.
21946	Then my darling will drop everything and come running straight to me, right?	Then my darling will drop everything and come running straight to me, right?
21947	Welcome to Payon, the Mountain City! Would you like me to tell you about it?	Welcome to Payon, the Mountain City! Would you like me to tell you about it?
21948	Young people run Outside the City every day now. No idea what they're after.	Young people run Outside the City every day now. No idea what they're after.
21949	Hey, money's been tight Recent, hasn't it? I can see the worry on your face.	Hey, money's been tight Recent, hasn't it? I can see the worry on your face.
21950	I earned First Place in my local assessment. I have no reason to be nervous.	I earned First Place in my local assessment. I have no reason to be nervous.
21951	What a beautiful note! Let the melody ring out, from one moment to the next.	What a beautiful note! Let the melody ring out, from one moment to the next.
21952	What exactly is this huge black Stone? Won't making Contact with it harm us?	What exactly is this huge black Stone? Won't making Contact with it harm us?
21953	Kill the dragonlings summoned by Fafnir quickly, or their ATK will increase!	Kill the dragonlings summoned by Fafnir quickly, or their ATK will increase!
21954	Stronghold barrier activated. The stronghold will be locked in @{1} minutes.	Stronghold barrier activated. The stronghold will be locked in @{1} minutes.
21955	Grappling line secured! Use Interaction on the rope to reach the other side!	Grappling line secured! Use Interaction on the rope to reach the other side!
21956	Activate two Safe Zones simultaneously. ${1} seconds until the beat explodes	Activate two Safe Zones simultaneously. ${1} seconds until the beat explodes
21957	There's only one option left. Let's hope there are other Adventurers nearby.	There's only one option left. Let's hope there are other Adventurers nearby.
21958	Injured Soldier\nI almost couldn't hold out any longer. Good thing you came.	Injured Soldier\nI almost couldn't hold out any longer. Good thing you came.
21959	Your guild has not yet been assigned a division or matched for the schedule.	Your guild has not yet been assigned a division or matched for the schedule.
21960	Complete @{1} to accept this Quest. This Quest cannot currently be completed	ทำ@{1}ให้สมบูรณ์เพื่อยอมรับภารกิจนี้ภารกิจนี้ไม่สามารถสำเร็จได้ในขณะนี้
21961	Open the gift box to receive 1 random Purple-, Blue-, or Green-quality card.	Open กล่องของขวัญเพื่อรับการ์ดคุณภาพสีม่วง น้ำเงิน หรือเขียวแบบสุ่ม 1 ใบ
21962	An eel renowned for its strength. One of the best fish for restoring energy.	ปลาไหลที่มีชื่อเสียงในด้านความแข็งแกร่งหนึ่งในปลาที่ดีที่สุดสำหรับการฟื้นฟูพลังงาน
21963	Obtained by dismantling blue and green cards. Can be used to purchase cards.	ได้มาจากการแยกการ์ดสีน้ำเงินและสีเขียวสามารถใช้ซื้อบัตรได้
21964	Proof that you passed the Novice Trial! You'll need it for your Job Advance~	พิสูจน์ว่าคุณผ่านการทดสอบมือใหม่! คุณจะต้องใช้มันเพื่อเลื่อนตำแหน่งงาน~
21965	A bow adorned with pure white wings as beautiful as a peacock's fanned tail.	คันธนูที่ประดับด้วยปีกสีขาวบริสุทธิ์สวยงามราวกับหางที่พัดของนกยูง
21966	A hypnotist's wand that uses hypnosis to make novices feel like great mages.	ไม้กายสิทธิ์ของนักสะกดจิตที่ใช้การสะกดจิตเพื่อทำให้มือใหม่รู้สึกเหมือนเป็นนักเวทย์ผู้ยิ่งใหญ่
21967	An easy-to-handle two-handed Spear that can be swung in many different ways.	Spear สองมือที่ถือง่ายซึ่งสามารถเหวี่ยงได้หลากหลายวิธี
21968	"Unlock monsters to obtain <sprite name=""${1}"">${2} and unlock research tasks"	"Unlock monsters to obtain <sprite name=""${1}"">${2} and unlock research tasks"
21969	Event Period: During the Ignition Test, opens daily from @{1}:@{2}~@{3}:@{4}	Event Period: During the Ignition Test, opens daily from @{1}:@{2}~@{3}:@{4}
21970	The host has enabled microphones. Players in the mic queue may speak freely.	The host has enabled microphones. Players in the mic queue may speak freely.
21971	Your character is temporarily unable to list Stall items. Unseal time: ${1}.	Your character is temporarily unable to list Stall items. Unseal time: ${1}.
21972	The Starshatter Dragon spreads its wings and soars toward a glorious future!	Starshatter Dragon สยายปีกและทะยานไปสู่อนาคตอันรุ่งโรจน์!
21973	Complete one Kafra: Battle of the Survivors with ^{1}@{1} Guild Members^{2}.	Complete one Kafra: Battle of the Survivors with ^{1}@{1} Guild Members^{2}.
21974	Haha! She disliked every gift I gave her, and you still dare ask my opinion?	Haha! She disliked every gift I gave her, and you still dare ask my opinion?
21975	Are you sure you want to transfer leadership of the Adventure Group to ${1}?	Are you sure you want to transfer leadership of the Adventure Group to ${1}?
21976	Moonlight Flower is preparing to select a target. Stay out of the moonlight!	Moonlight Flower is preparing to select a target. Stay out of the moonlight!
21977	Increases 【Soul Destroyer】 damage by ${1}% and reduces variable CT by ${2}%.	เพิ่มความเสียหายของ 【Soul Destroyer】 โดย${1}% และลด CT ตัวแปรลง${2}%
21978	Enveloped by Sacred Chorus Musical Notes, gaining a damage-absorbing Shield.	ถูกห่อหุ้มด้วย Sacred Chorus Musical Notes ได้รับโล่ดูดซับความเสียหาย
21979	Increases Wind/Earth/Water/Fire/Neutral/Ghost damage dealt by ^{1}${1}%^{2}.	เพิ่มความเสียหายจากลม/ดิน/น้ำ/ไฟ/เป็นกลาง/ผี ที่สร้างโดย ^{1}${1}%^{2}
21980	Deals ${2}% Neutral melee Physical damage to an ST enemy within ${1} meters.	สร้างความเสียหายทางกายภาพระยะประชิดทางกายภาพ${2}% ให้กับศัตรู ST ในระยะ${1}เมตร
21981	A specially trained Peco Peco, exclusively used as a combat mount by Knights.	A specially trained Peco Peco, exclusively used as a combat mount by Knights.
21982	<color=#FDAB5B>Revive Point activates in:</color><color=#76C233>${1}s</color>	<color=#FDAB5B>Revive Point activates in:</color><color=#76C233>${1}s</color>
21983	Increases ^{1}Damage Increase by @{1}%^{2} and ^{3}DMG Reduction by @{2}%^{4}	Increases ^{1}Damage Increase by @{1}%^{2} and ^{3}DMG Reduction by @{2}%^{4}
21984	You must Clear all items from the Cart Merchant before you can Cancel Rental.	You must Clear all items from the Cart Merchant before you can Cancel Rental.
21985	Friends can increase Friendship by teaming up for activities or sending gifts	Friends can increase Friendship by teaming up for activities or sending gifts
21986	Once selected, click to mark a target, or drag to mark an area on the ground.	Once selected, click to mark a target, or drag to mark an area on the ground.
21987	Refresh all items that haven't been submitted or used Get Help? Are you sure?	Refresh all items that haven't been submitted or used Get Help? Are you sure?
21988	When an item is sold, the System will charge ${1} of the total price as a fee	When an item is sold, the System will charge ${1} of the total price as a fee
21989	Deals damage to nearby enemies every @{1} sec. and Freezes them for @{2} sec.	สร้างความเสียหายให้กับศัตรูที่อยู่ใกล้เคียงทุก ๆ@{1}วินาทีและค้างเป็นเวลา@{2}วินาที
21990	Immune to damage and debuffs. This effect ends upon attacking another target.	ภูมิคุ้มกันต่อความเสียหายและดีบัฟเอฟเฟกต์นี้จะสิ้นสุดลงเมื่อโจมตีเป้าหมายอื่น
21991	【Frost Diver】 and 【Jupitel Thunder】's maximum Cooldown decreases by ${1} sec.	【Frost Diver】 และ 【Jupitel Thunder】 คูลดาวน์สูงสุดลดลง${1}วินาที
21992	When Orc Hero uses this skill, players ^{1}must not approach one another^{2}.	When Orc Hero uses this skill, players ^{1}must not approach one another^{2}.
21993	Your message contains inappropriate language. Please revise it and try again.	Your message contains inappropriate language. Please revise it and try again.
21994	"Zombie and ""Bongun"" have a master-disciple relationship in the world of RO."	"Zombie and ""Bongun"" have a master-disciple relationship in the world of RO."
21995	Payon has two versions, Old Payon and New Payon, each with different terrain.	Payon has two versions, Old Payon and New Payon, each with different terrain.
21996	The shared message contains restricted words. Please change it and try again.	The shared message contains restricted words. Please change it and try again.
21997	The guild name cannot consist entirely of numbers. Please enter another name.	The guild name cannot consist entirely of numbers. Please enter another name.
21998	All Main Slots are full. Remove a pet or drag another pet here to replace it.	All Main Slots are full. Remove a pet or drag another pet here to replace it.
21999	Equip Headwear, Facewear, Mouthwear, a Costume, and Backwear at the same time	Equip Headwear, Facewear, Mouthwear, a Costume, and Backwear at the same time
22000	Come on! I'll teach you the ultimate way to make your equipment stronger, bo!	Come on! I'll teach you the ultimate way to make your equipment stronger, bo!
