Index	English	Thai_Translation
23001	Guild Military Supplies are about to exceed the limit. Any excess will be discarded. Continue?	เสบียงทหารของกิลด์กำลังจะเกินขีดจำกัดแล้วส่วนเกินใด ๆ จะถูกทิ้งดำเนินการต่อ?
23002	The vehicle restores a total of ${2}% HP over ${1} sec. Destroyed sections cannot be restored.	ยานพาหนะฟื้นคืน HP รวมของ${2}% ในช่วง${1}วินาทีส่วนที่ถูกทำลายไม่สามารถกู้คืนได้
23003	Osiris throws several ^{1}Horongs^{2}. Upon landing, they ^{3}explode and remain in place^{4}.	โอซิริสขว้าง ^{1}Horongs^{2}เมื่อลงจอด พวกมัน ^{3}จะระเบิดและยังคงอยู่ที่เดิม^{4}
23004	First, check out the Suggested Preset I made for You, bobo. You can't go wrong with my advice~	ก่อนอื่น ลองดูค่าที่ตั้งไว้ที่แนะนำที่ฉันสร้างไว้เพื่อคุณ Boboคำแนะนำของฉันไม่ผิดหรอก~
23005	Oh, please don't be so nervous. I'm Spratzi, and I welcome Novices arriving at the South Gate.	โอ้ โปรดอย่าวิตกกังวลนักฉันชื่อ Spratzi และยินดีต้อนรับมือใหม่ที่มาถึงประตูทิศใต้
23006	I'm also a freshman receptionist at Criatura Academy. Rest assured, I'm not anyone suspicious.	ฉันยังเป็นพนักงานต้อนรับน้องใหม่ของ Criatura Academy อีกด้วยมั่นใจได้เลยว่าฉันไม่ใช่ใครน่าสงสัย
23007	You came at just the right time! I've got a fresh batch of treasures, still hot off the forge!	คุณมาถูกเวลาแล้ว!ฉันมีสมบัติชิ้นใหม่ ซึ่งยังร้อนอยู่นอกโรงตีเหล็ก!
23008	I thought I saw my mother. She should be in the Mjolnir Mountains. I must be dreaming again...	ฉันคิดว่าฉันเห็นแม่ของฉันเธอควรจะอยู่ในเทือกเขามโยลเนียร์ฉันคงฝันไปอีกแล้ว...
23009	We're looking for curious and courageous Adventurers. Brave souls, come take on the challenge!	เรากำลังมองหานักผจญภัยที่อยากรู้อยากเห็นและกล้าหาญผู้กล้าทั้งหลาย มาร่วมท้าทายกันเถอะ!
23010	Honestly, Alberta is so far away. It's such a pain that I can't pick up the items I ordered...	จริงๆ แล้ว อัลเบอร์ตาอยู่ไกลมากปวดมากจนไม่สามารถรับของที่สั่งได้...
23011	Ugh, that place sounds terrifying. Let's wait for Boya and Wuhler to return, then go together.	ฮึ สถานที่นั้นฟังดูน่ากลัวนะรอ Boya และ Wuhler กลับมาก่อนแล้วค่อยไปด้วยกัน
23012	Huh? No wonder they found us. Louie, Katie says these people have its bow tie! How despicable!	หือ?ไม่น่าแปลกใจที่พวกเขาพบเราลูอี เคธี่บอกว่าคนพวกนี้มีหูกระต่าย!ช่างน่ารังเกียจ!
23013	Help Me move this instrument beside the base of the Stone Pillar. Handle it with extreme care.	ช่วยฉันเคลื่อนย้ายเครื่องดนตรีนี้ข้างฐานเสาหินจัดการมันด้วยความระมัดระวังอย่างยิ่ง
23014	Something in the abyss seems to be watching you... (Only the Party Leader can select a target)	ดูเหมือนว่ามีบางอย่างในนรกกำลังจับตาดูคุณอยู่... (มีเพียงหัวหน้าปาร์ตี้เท่านั้นที่สามารถเลือกเป้าหมายได้)
23015	Eden Group Leader\nThis is bad. Their ship is getting closer. Wuller, Boya, prepare to defend!	ผู้นำกลุ่ม Eden\nนี่มันแย่นะเรือของพวกเขาใกล้เข้ามาแล้ววูลเลอร์ โบย่า เตรียมตั้งรับ!
23016	"The ""Geneticist"" is considered T@{1} for MVP battles because the class has the highest max HP."	"""Geneticist"" ถือเป็น T@{1}สำหรับการต่อสู้ MVP เพราะคลาสนี้มี HP สูงสุดสูงสุด"
23017	A specialized mold for crafting advanced rings and accessories imbued with blessed properties.	แม่พิมพ์เฉพาะสำหรับสร้างแหวนและอุปกรณ์เสริมขั้นสูงที่อัดแน่นไปด้วยคุณสมบัติที่ได้รับพร
23018	Iron strengthened by repeatedly soaking it in a special Potion. Can be exchanged for Headwear.	เหล็กเสริมความแข็งแกร่งด้วยการแช่ยาพิเศษซ้ำๆสามารถเปลี่ยนเป็น Headwear ได้
23019	Tap a note button to change its note. Play the correct melody to increase collection progress.	แตะปุ่มบันทึกเพื่อเปลี่ยนบันทึกเล่นทำนองที่ถูกต้องเพื่อเพิ่มความคืบหน้าในการสะสม
23020	After use, the Supply Cart gains a shield equal to ${1}% of its maximum Life for ${2} seconds.	หลังการใช้งาน รถเข็นเสบียงจะได้รับเกราะเท่ากับ${1}% ของพลังชีวิตสูงสุดเป็นเวลา${2}วินาที
23021	Maya summons a sandstorm, dealing minor damage to players throughout a large surrounding area.	Maya เรียกพายุทราย สร้างความเสียหายเล็กน้อยให้กับผู้เล่นทั่วทั้งพื้นที่โดยรอบขนาดใหญ่
23022	Angeling restores ^{1}${3}%^{2} ^{3}Life^{4} to self and up to ${2} allies within ${1} meters.	Angeling คืนค่า ^{1}${3}%^{2}^{3}Life^{4}ให้กับตนเอง และสูงถึง${2}พันธมิตรภายในระยะ${1}เมตร
23023	After casting Soul Destroyer @{1} times, increases your damage dealt by @{2}% for @{3} seconds	หลังจากร่าย Soul Destroyer@{1}ครั้ง เพิ่มความเสียหายที่คุณทำได้@{2}% เป็นเวลา@{3}วินาที
23024	Complete <color=#c27b47>Echo Growth Quests</color> during the event to earn bountiful rewards!	Complete <color=#c27b47>Echo Growth Quests</color> during the event to earn bountiful rewards!
23025	Extends bandages from the Horong and lashes downward, creating @{1} rectangular AOEs around it	ขยายผ้าพันแผลจาก Horong และขนตาลงด้านล่าง สร้าง@{1}AOE สี่เหลี่ยมรอบๆ
23026	After a @{1}-second warning, damages players within @{2} meters and reduces their Attack Speed	หลังจากการเตือนครั้งที่สอง@{1}สร้างความเสียหายให้กับผู้เล่นภายในระยะ@{2}เมตร และลดความเร็วในการโจมตีของพวกเขา
23027	Your Reward Count has been used up. You will not receive Additional rewards from this challenge	จำนวนรางวัลของคุณถูกใช้หมดแล้วคุณจะไม่ได้รับรางวัลเพิ่มเติมจากความท้าทายนี้
23028	Ji'ang is trying to express something. Bobo seems able to communicate with him at an Easy level	Ji'ang กำลังพยายามแสดงบางสิ่งBobo ดูเหมือนจะสามารถสื่อสารกับเขาได้ในระดับง่าย
23029	Joining 【${1}】 voice chat will automatically mute your mic in the current voice chat. Continue?	การเข้าร่วมการแชทด้วยเสียง 【${1}】 จะปิดเสียงไมโครโฟนของคุณโดยอัตโนมัติในการแชทด้วยเสียงปัจจุบันดำเนินการต่อ?
23030	When dealing damage, has a @{1}% Chance to absorb @{2}% of the damage dealt to the enemy as SP.	เมื่อสร้างความเสียหาย มี@{1}% มีโอกาสดูดซับ@{2}% ของความเสียหายที่ทำกับศัตรูเป็น SP
23031	Become invisible, but taking damage @{1} times or dealing damage removes 【Enhanced Camouflage】.	ล่องหน แต่การได้รับความเสียหาย@{1}ครั้งหรือการสร้างความเสียหายจะลบ 【การพรางตัวที่ปรับปรุงแล้ว】
23032	Blessed by the power of wind, increasing Attack Speed and Movement Speed by @{1}% for @{2} sec.	ได้รับพรจากพลังแห่งลม เพิ่มความเร็วในการโจมตีและความเร็วในการเคลื่อนที่ขึ้น@{1}% เป็นเวลา@{2}วินาที
23033	<color=#BFC8D5>If you exit, you will need to rejoin the queue. Please choose carefully.</color>	<color=#BFC8D5>If you exit, you will need to rejoin the queue. Please choose carefully.</color>
23034	When casting ^{1}^{2}[Bowling Bash]^{3}^{4}, there is a ${1}% Chance to cast it one Extra time.	เมื่อทำการร่าย ^{1}^{2}[Bowling Bash]^{3}^{4}มีโอกาส${1}% ที่จะร่ายต่อเวลาพิเศษหนึ่งครั้ง
23035	When event phase @{1} begins, @{3} Live Coal will spawn every @{2} seconds, @{4} times in total	เมื่อเฟสกิจกรรม@{1}เริ่มต้นขึ้น@{3}Live Coal จะเกิดทุกๆ@{2}วินาที รวม@{4}ทั้งหมด
23036	At the start of Event Phase @{1}, spawn @{3} Advanced Live Coals every @{2} seconds, @{4} times	เมื่อเริ่ม Event Phase@{1}จะวางไข่@{3}Advanced Live Coals ทุกๆ@{2}วินาที,@{4}ครั้ง
23037	Players must ^{1}move into the glowing circle within @{1} seconds^{2} and follow Nysha's steps.	ผู้เล่นจะต้อง ^{1}เคลื่อนที่เข้าสู่วงกลมที่เรืองแสงภายใน@{1}วินาที^{2}และทำตามขั้นตอนของ Nysha
23038	Deal ATK * ^{1}@{4}%^{2} damage to up to @{3} enemies in a @{1}-meter by @{2}-meter area ahead.	จัดการ ATK * ^{1}@{4}%^{2}สร้างความเสียหายให้กับศัตรูสูงสุด@{3}ในระยะ@{1}-เมตร x@{2}-พื้นที่ข้างหน้า
23039	You don't currently have a Stall open.\nGo to <color=#63a22b>【Prontera】</color> and set one up?	You don't currently have a Stall open.\nGo to <color=#63a22b>【Prontera】</color> and set one up?
23040	For your next task, defeat ^{1}Fabres^{2} and collect ^{3}@{1} pieces of 【Fluff】^{4} from them.	สำหรับงานต่อไปของคุณ เอาชนะ ^{1}Fabres^{2}และรวบรวม ^{3}@{1}ชิ้นส่วนของ 【Fluff】^{4}จากพวกมัน
23041	All right. Please board before the departure horn sounds. We will not wait for late passengers.	เอาล่ะ. กรุณาขึ้นเครื่องก่อนเสียงแตรออกเดินทาง เราจะไม่รอผู้โดยสารที่มาสาย
23042	Congratulations on reaching the ${2} tier in ${1}! Please claim your tier reward from the mail!	ขอแสดงความยินดีที่คุณไปถึงระดับ${2}ใน${1}!กรุณารับรางวัลระดับของคุณทางไปรษณีย์!
23043	Here is the quest reward you left behind in Lost Treasure. Please claim it from the attachment.	นี่คือรางวัลภารกิจที่คุณทิ้งไว้ใน Lost Treasureกรุณาอ้างสิทธิ์จากเอกสารแนบ
23044	Finished already? Young folks sure are quick on their feet. Come on, I'll take you to my house.	เสร็จแล้วเหรอ?คนหนุ่มสาวจะก้าวเท้าอย่างรวดเร็วอย่างแน่นอนมาเลย ฉันจะพาคุณไปที่บ้านของฉัน
23045	Hahaha! I may be getting on in years, but I'm an elder here. My word still carries some weight.	ฮ่าๆ!ฉันอาจจะอายุมากขึ้น แต่ฉันเป็นผู้ใหญ่ที่นี่คำพูดของฉันยังคงมีน้ำหนักอยู่บ้าง
23046	Ah, a sandwich! Thank you so much! I can't get delivery out here, and I'm practically starving.	เอ่อ แซนด์วิช! ขอบคุณมาก! ฉันไม่สามารถไปส่งของที่นี่ได้ และฉันก็แทบจะหิวโหย
23047	This is test dialogue for a Season quest. This is the first line of the third quest. Ahahahaha!	นี่คือบทสนทนาทดสอบสำหรับภารกิจซีซั่นนี่คือบรรทัดแรกของภารกิจที่สามฮ่าๆๆๆ!
23048	Because I need to think, and I don't want to be disturbed by someone with nothing better to do.	เพราะฉันต้องคิด และฉันไม่อยากถูกรบกวนจากคนที่ไม่มีอะไรทำ
23049	Hello. Lovely weather, isn't it? Um... If you don't mind, may I tell you a little about myself?	สวัสดีครับอากาศดีใช่มั้ยล่ะ?อืม... ถ้าไม่รังเกียจ ฉันขอเล่าเรื่องตัวเองให้ฟังหน่อยได้ไหม?
23050	Ah, that's how it is with old houses. Fix one spot, and another crack appears right next to it.	อ๋อ บ้านเก่าๆ ก็เป็นอย่างนี้นี่เอง แก้ไขจุดหนึ่งแล้วมีรอยแตกอีกอันปรากฏขึ้นข้างๆ
23051	Come one, come all! See the finest show in Prontera! No admission fee—just a fateful encounter!	มาหนึ่ง มาทั้งหมด!ชมการแสดงที่ดีที่สุดในพรอนเทรา!ไม่มีค่าเข้าชม เป็นเพียงการเผชิญหน้าแห่งโชคชะตา!
23052	I still have to cook later. I hope that drunk at home hasn't made a complete mess of the place.	ฉันยังต้องทำอาหารทีหลังฉันหวังว่าการเมาที่บ้านจะไม่ทำให้สถานที่เละเทะไปทั้งหมด
23053	"When my family saw me off, my dad said, ""Work hard out there, and don't embarrass our village."""	"เมื่อครอบครัวของฉันเห็นฉันออกไป พ่อของฉันพูดว่า ""ทำงานหนักที่นั่น และอย่าทำให้หมู่บ้านของเราอับอาย"""
23054	Eddga is extremely dangerous. If you find him, don't Approach. Wait for us to meet up with You.	Eddga อันตรายอย่างยิ่งหากพบเขาอย่าเข้าใกล้รอให้เราได้พบกับคุณ
23055	Hurry up! My patience is wearing thin! Short us even one more ticket, and I'll break your legs!	รีบเลย!ความอดทนของฉันเริ่มลดลง!ส่งตั๋วให้เราอีกใบเดียว แล้วฉันจะหักขาคุณ!
23056	You know, the true core of your Second Job combat power lies in the new skills you've acquired.	คุณรู้ไหมว่าแก่นแท้ของพลังการต่อสู้ Second Job ของคุณอยู่ที่ทักษะใหม่ที่คุณได้รับ
23057	We're gathering Material again? Will this really work? Can the Professor hold out that long...?	เรากำลังรวบรวมวัตถุดิบอีกแล้วเหรอ?มันจะได้ผลจริงเหรอ?อาจารย์จะอดทนนานขนาดนั้นได้ไหม...?
23058	“The winds are calm—perfect weather for Flying. Thank You for your protection, Goddess Freyja.”	“ลมสงบ—อากาศสมบูรณ์แบบสำหรับการบิน ขอบคุณสำหรับการปกป้อง เจ้าแม่ Freyja”
23059	Ilmata has begun composing a movement. Watch the order of the ground warnings! @{1} more to go!	Ilmata ได้เริ่มเขียนการเคลื่อนไหวแล้วเฝ้าระวังลำดับคำเตือนภาคพื้นดิน!@{1}ไปอีก!
23060	The lucky-star drawing is complete. All selected lucky stars, please enter as soon as possible!	จับฉลากผู้โชคดีเสร็จแล้วผู้โชคดีที่ได้รับการคัดเลือกทั้งหมด โปรดเข้ามาโดยเร็วที่สุด!
23061	^{1}${1}^{2} and ^{3}${2}^{4} are bound by the red thread of fate, their hearts beating as one!	^{1}${1}^{2}และ ^{3}${2}^{4}ถูกผูกไว้ด้วยด้ายสีแดงแห่งโชคชะตา หัวใจของพวกเขาเต้นเป็นหนึ่งเดียว!
23062	Bobo\nThis Pharaoh is stronger than any monster we've faced before. Is it because of the Relic?	Bobo\nฟาโรห์ตัวนี้แข็งแกร่งกว่าสัตว์ประหลาดตัวใด ๆ ที่เราเคยเผชิญมาก่อนเป็นเพราะพระธาตุหรือเปล่า?
23063	The White Dove and I go way back. She may be steady now, but she once saved my Life in a storm.	ฉันกับนกพิราบขาวย้อนกลับไปตอนนี้เธออาจจะมั่นคงแล้ว แต่ครั้งหนึ่งเธอเคยช่วยชีวิตฉันไว้ในพายุ
23064	Boya\nSay that again! I'll kick your head around like a ball! I hate cheats more than anything!	Boya\nพูดอีกแล้ว!ฉันจะเตะหัวคุณเหมือนลูกบอล!ฉันเกลียดการโกงมากกว่าสิ่งอื่นใด!
23065	Bobo\nHuh? Something's wrong up ahead! The Professor and the others are surrounded by Monsters!	โบโบ\nหือ?มีบางอย่างผิดปกติเกิดขึ้นข้างหน้า!ศาสตราจารย์และคนอื่นๆ ถูกรายล้อมไปด้วยสัตว์ประหลาด!
23066	A semi-finished sacred cloth material for shoulder armor. Its blessed Orbit provides Extra DEF.	วัสดุผ้าศักดิ์สิทธิ์กึ่งสำเร็จรูปสำหรับเกราะไหล่ วงโคจรอันศักดิ์สิทธิ์ของมันให้ DEF พิเศษ
23067	Wrapping material made from Sacred Wood, used to craft advanced equipment with blessed effects.	วัสดุห่อหุ้มที่ทำจากไม้ศักดิ์สิทธิ์ ใช้ในการผลิตอุปกรณ์ขั้นสูงที่มีเอฟเฟกต์พร
23068	Processed from Ironwood. Its hardness and resilience make it ideal for crafting fine equipment.	แปรรูปจากไม้ Ironwoodความแข็งและความยืดหยุ่นทำให้เหมาะสำหรับการประดิษฐ์อุปกรณ์ชั้นดี
23069	A whetstone polished multiple times to greatly improve a weapon's cutting power and durability.	หินลับที่ผ่านการขัดหลายครั้งเพื่อเพิ่มพลังการตัดและความทนทานของอาวุธอย่างมาก
23070	A knife-sharp scale that can be processed into many useful items. Available from the Collector.	สเกลคมมีดที่สามารถแปรรูปเป็นสิ่งของที่มีประโยชน์มากมาย มีจำหน่ายจากนักสะสม
23071	Obtained from Mine Planet Treasure Hunt. Used to purchase appearances from the Appearance Shop.	ได้มาจาก Mine Planet Treasure Huntใช้เพื่อซื้อรูปลักษณ์ภายนอกจากร้านรูปลักษณ์ภายนอก
23072	A tuft of hair dropped by Muffin. It still has a bit of a smell. Can be exchanged for Headwear.	มัฟฟินปอยผมเป็นกระจุก มันยังมีกลิ่นอยู่นิดหน่อย สามารถเปลี่ยนเป็น Headwear ได้
23073	Distance until S1 Season officially begins: <color=#ede79d><size=72>${1}</size></color> minutes	ระยะทางจนกว่าฤดูกาล S1 จะเริ่มต้นอย่างเป็นทางการ: <color=#ede79d><size=72>${1}</size></color> นาที
23074	When both professions are gathering professions, reduces Vivify consumed when gathering by @{1}	เมื่อทั้งสองอาชีพกำลังรวบรวมอาชีพ ลดการใช้ Viviify เมื่อรวบรวมโดย@{1}
23075	After leaving, you can reenter from the Event screen. Are you sure you want to leave this area?	หลังจากออกไป คุณสามารถกลับเข้ามาใหม่ได้จากหน้าจอกิจกรรม คุณแน่ใจหรือไม่ว่าต้องการออกจากพื้นที่นี้
23076	Deviling consecutively releases three rings of dark energy around itself, damaging players hit.	Deviling ปล่อยวงแหวนพลังงานมืดสามวงรอบๆ ตัวมันเองอย่างต่อเนื่อง สร้างความเสียหายให้กับผู้เล่นที่โดน
23077	After use, creates a talisman in the current Guild Battlefield, granting Endure to all players.	หลังการใช้งาน จะสร้างเครื่องรางในสนามรบกิลด์ปัจจุบัน มอบความอดทนให้กับผู้เล่นทุกคน
23078	Lock on to a player; lock on again after hitting, chaining up to three times. End if it misses.	ล็อคผู้เล่น;ล็อคอีกครั้งหลังจากตี ผูกมัดได้ถึงสามครั้งจบถ้าพลาด..
23079	Chance for Normal Attack to trigger AOE damage (internal CD: @{1}s), hitting up to @{2} targets	โอกาสในการโจมตีปกติเพื่อสร้างความเสียหายแบบ AOE (ซีดีภายใน:@{1}s) โจมตีเป้าหมายสูงสุด@{2}
23080	Summons Sight around you, revealing hidden enemies within a ${2}-meter radius for ${1} seconds.	เรียกการมองเห็นรอบตัวคุณ เผยให้เห็นศัตรูที่ซ่อนอยู่ภายในรัศมี${2}เมตรเป็นเวลา${1}วินาที
23081	A faint hum produced by the Song of Suffering. Lasts @{1} seconds and stacks up to @{2} floors.	เสียงครวญครางแผ่วเบาจากบทเพลงแห่งความทรมาน ใช้งานได้นาน@{1}วินาทีและซ้อนได้สูงสุดถึงพื้น@{2}
23082	The Bonfire Party has come to a wonderful close. Thank You all for spending the evening with us!	ปาร์ตี้กองไฟใกล้จะมาถึงแล้วขอบคุณทุกท่านที่ใช้เวลาช่วงเย็นกับเรา!
23083	Failed to save the file. There may not be enough storage space. Free up some space and Retry....	ไม่สามารถบันทึกไฟล์ได้อาจมีพื้นที่จัดเก็บไม่เพียงพอเพิ่มพื้นที่ว่างแล้วลองอีกครั้ง....
23084	\n${1} is your favorite way to train. Training makes you stronger and earns you greater respect.	\n${1}เป็นวิธีฝึกที่คุณชื่นชอบการฝึกฝนทำให้คุณแข็งแกร่งขึ้นและได้รับความเคารพนับถือมากขึ้น
23085	Use Invincible to block key skills, Movement to evade attacks, and combos to finish off enemies.	ใช้ Invincible เพื่อบล็อกทักษะหลัก การเคลื่อนไหวเพื่อหลบการโจมตี และคอมโบเพื่อกำจัดศัตรู
23086	A reality show hosted by the Kafra Corporation, with a grand prize awaiting the ultimate winner!	รายการเรียลลิตีที่จัดโดย Kafra Corporation พร้อมรางวัลใหญ่รอผู้ชนะอยู่!
23087	Enter 【Camouflage】, becoming invisible and untargetable. Revealed after taking damage @{1} times	เข้าสู่ 【ลายพราง】 ล่องหนและไร้เป้าหมายเผยตัวหลังจากได้รับความเสียหาย@{1}แล้ว
23088	As more card slots are unsealed, the number of items required to unseal them will also increase.	เมื่อมีการเปิดผนึกช่องใส่การ์ดมากขึ้น จำนวนสิ่งของที่ต้องใช้ในการเปิดผนึกก็จะเพิ่มขึ้นเช่นกัน
23089	Baphomet summons a ^{1}spirit^{2} that deals damage in a circular area at the target's location.	Baphomet เรียก ^{1}วิญญาณ^{2}ที่สร้างความเสียหายเป็นพื้นที่วงกลม ณ ตำแหน่งของเป้าหมาย
23090	The long, pointed beak of a bird or other animal, ideal for catching insects or pecking at feed.	จงอยปากแหลมยาวของนกหรือสัตว์อื่นๆ เหมาะสำหรับจับแมลงหรือจิกอาหาร
23091	"A High Priest's ""Lex Aeterna"" causes the target's next incoming damage to be multiplied by @{1}."	"""Lex Aeterna"" ของนักบวชชั้นสูงทำให้ความเสียหายที่ได้รับครั้งต่อไปของเป้าหมายคูณด้วย@{1}"
23092	Bobo can finally make a grand entrance! Be sure to follow my instructions carefully from now on.	Bobo สามารถสร้างทางเข้าที่ยิ่งใหญ่ได้ในที่สุด!อย่าลืมทำตามคำแนะนำของฉันอย่างระมัดระวังต่อจากนี้ไป
23093	(Lowers voice) Ahem! O lost lamb, meeting this great prophet is the blessing of eight lifetimes!	(เสียงต่ำ) เอิ่ม! โอ้ ลูกแกะที่หลงหาย การได้พบกับศาสดาพยากรณ์ผู้ยิ่งใหญ่คนนี้ถือเป็นพรแห่งแปดชั่วอายุคน!
23094	Master, do you have another little pet when I'm not around? Boo-hoo... Bobo's being abandoned...	อาจารย์ คุณมีสัตว์เลี้ยงตัวน้อยอีกไหมตอนที่ฉันไม่อยู่?หุหุ...โบโบ้โดนทิ้ง...
23095	Thank You for participating in the Guild League event! Here are your rewards. Please claim them!	ขอบคุณที่เข้าร่วมกิจกรรม Guild League!นี่คือรางวัลของคุณกรุณาอ้างสิทธิ์พวกเขา!
23096	Congratulations! You won item ${4} in ${3} with a bid of ${1}${2}. Please check the attachments.	ยินดีด้วย!คุณชนะรายการ${4}ใน${3}ด้วยราคาเสนอเท่ากับ${1}${2}กรุณาตรวจสอบเอกสารแนบ
23097	This is the reward you earned from the Event Period gift. Please collect it from the attachment.	นี่คือรางวัลที่คุณได้รับจากของขวัญในช่วงกิจกรรมกรุณารวบรวมจากไฟล์แนบ
23098	Your guild ranked No. @{1} in its group in the Hunting Challenge. Please claim the prizes below!	กิลด์ของคุณอยู่ในอันดับที่@{1}ในกลุ่มของตนใน Hunting Challengeกรุณารับรางวัลด้านล่าง!
23099	This is test dialogue for a Season quest. This is the second line of the third quest. Ahahahaha!	นี่คือบทสนทนาทดสอบสำหรับภารกิจซีซั่นนี่คือบรรทัดที่สองของภารกิจที่สามฮ่าๆๆๆ!
23100	This is Prontera, capital of the Rune-Midgarts Kingdom. Welcome! Would you like an introduction?	นี่คือพรอนเทรา เมืองหลวงของอาณาจักรรูน-มิดการ์ตยินดีต้อนรับ!คุณต้องการการแนะนำตัวไหม?
23101	Don't worry. I've sold dozens of orders, and everyone was fine once they'd emptied their bowels.	ไม่ต้องกังวลฉันขายออเดอร์ไปหลายสิบออเดอร์ และทุกคนก็สบายดีเมื่อพวกเขาล้างลำไส้แล้ว
23102	It's still worth saying. They did a great job expanding it. It's much easier to come and go now.	ก็ยังน่าบอกอยู่พวกเขาทำได้ดีมากในการขยายมันตอนนี้มาและไปง่ายกว่ามาก
23103	No idea how long this place will stay popular. I should start looking for Other opportunities...	ไม่รู้ว่าสถานที่แห่งนี้จะได้รับความนิยมนานแค่ไหนฉันควรเริ่มมองหาโอกาสอื่นๆ...
23104	Next, I'll teach you how to Learn New Skills so you'll be prepared for more advanced Challenges.	ต่อไป ฉันจะสอนวิธีเรียนรู้ทักษะใหม่ เพื่อที่คุณจะได้เตรียมพร้อมสำหรับความท้าทายขั้นสูง
23105	Thank You so much, Adventurer. I've marked the Relic's approximate location for you. Be careful.	ขอบคุณมากนะนักผจญภัยฉันได้ทำเครื่องหมายตำแหน่งโดยประมาณของ Relic ไว้ให้คุณแล้วระวัง.
23106	You think back on everything you've experienced over the Recent few days. None of it feels real.	คุณคิดย้อนกลับไปถึงทุกสิ่งที่คุณได้พบในช่วงไม่กี่วันที่ผ่านมาไม่มีสิ่งใดที่ให้ความรู้สึกเป็นจริง
23107	The enemies have been successfully knocked back, and all the party performances are now complete	ศัตรูถูกกระแทกกลับสำเร็จแล้ว และการแสดงปาร์ตี้ทั้งหมดก็เสร็จสมบูรณ์แล้ว
23108	Guild Challenge: Eternal Land is now open. Guilds can enter the challenge from the Guild screen.	Guild Challenge: Eternal Land เปิดให้บริการแล้วกิลด์สามารถเข้าร่วมการท้าทายได้จากหน้าจอกิลด์
23109	“Remember, you can never let your guard down. The skies are every bit as dangerous as the land.”	“จำไว้ว่า คุณจะไม่มีวันลดความระมัดระวังลง ท้องฟ้ามีอันตรายพอๆ กับผืนดิน”
23110	Unfortunately, no one took first place in this Gala Invitation. Better luck next time, everyone~	น่าเสียดายที่ไม่มีใครได้อันดับหนึ่งในงาน Gala Invitation นี้คราวหน้าขอให้โชคดีนะทุกคน~
23111	A shimmering star fragment from the intertidal zone. Legend says its tentacles absorb moonlight.	ชิ้นส่วนดาวที่ส่องแสงระยิบระยับจากเขตน้ำขึ้นน้ำลง ตำนานเล่าว่าหนวดของมันดูดซับแสงจันทร์
23112	High-quality silk thread made from fine silk fibers. Used to sew advanced clothing or equipment.	เส้นไหมคุณภาพสูง ผลิตจากเส้นใยไหมเนื้อละเอียดใช้ในการเย็บเสื้อผ้าหรืออุปกรณ์ขั้นสูง
23113	A superb golden Yellow Healing Potion. Instantly restores @{1}+@{2}% HP. Cooldown: @{3} seconds.	ยารักษาสีเหลืองทองที่ยอดเยี่ยม ฟื้นฟู@{1}+@{2}% HP ทันที คูลดาวน์:@{3}วินาที
23114	A one-handed sword made exclusively for cavalry, though it is mostly used in cavalry ceremonies.	ดาบมือเดียวที่สร้างขึ้นสำหรับทหารม้าโดยเฉพาะ แม้ว่าส่วนใหญ่จะใช้ในพิธีทหารม้าก็ตาม
23115	A singing conch shell found in parts unknown. Used during the Season: Symphony of Genesis event.	หอยสังข์ร้องเพลงที่พบในส่วนที่ไม่รู้จัก ใช้ระหว่างซีซัน: กิจกรรม Symphony of Genesis
23116	You already have a war machine. Building another will destroy the current one.\nBuild it anyway?	คุณมีเครื่องจักรสงครามอยู่แล้วการสร้างอีกอันจะทำลายอันปัจจุบัน\nสร้างมันขึ้นมาหรือยัง?
23117	Angeling consecutively releases three rings of light energy around itself, damaging players hit.	แองเจลิ่งปล่อยพลังงานแสงสามวงแหวนรอบๆ ตัวมันเองอย่างต่อเนื่อง สร้างความเสียหายให้กับผู้เล่นที่โดน
23118	Increases your damage against Undead property monsters and Demon Race monsters by ^{1}${1}%^{2}.	เพิ่มความเสียหายของคุณต่อมอนสเตอร์ประเภท Undead และมอนสเตอร์ Demon Race โดย ^{1}${1}%^{2}
23119	Shield skill. Expand Auto Guard, increasing your PDEF and MDEF by ^{1}${2}^{2} for ${1} seconds.	ทักษะโล่ขยายการป้องกันอัตโนมัติ โดยเพิ่ม PDEF และ MDEF ของคุณขึ้น ^{1}${2}^{2}เป็นเวลา${1}วินาที
23120	Deals a total of ^{1}@{3}%^{2} damage to up to @{2} targets within a @{1}m radius over @{4} sec.	สร้างความเสียหาย ^{1}@{3}%^{2}สร้างความเสียหายสูงสุดให้กับเป้าหมาย@{2}ภายในรัศมี@{1}m เหนือ@{4}วินาที
23121	Removes current control effects and grants immunity to control effects for the next @{1} seconds	ลบเอฟเฟกต์การควบคุมปัจจุบันและให้ภูมิคุ้มกันต่อเอฟเฟกต์ควบคุมในวินาทีถัดไป@{1}
23122	Normal Attacks have a Chance to trigger an Extra ST Normal Attack (internal cooldown: @{1} sec.)	การโจมตีปกติมีโอกาสที่จะทำให้เกิดการโจมตีปกติพิเศษ ST (คูลดาวน์ภายใน:@{1}วินาที)
23123	Sandstorm meteors will strike in ${1} seconds! Get behind a stone pillar to avoid taking damage!	อุกกาบาตพายุทรายจะโจมตีใน${1}วินาที!อยู่หลังเสาหินเพื่อหลีกเลี่ยงความเสียหาย!
23124	Sword familiarity increases HIT by @{1} and Attack Speed by @{2}% when using sword-type weapons.	เพิ่ม HIT โดย@{1}และความเร็วในการโจมตีโดย@{2}% เมื่อใช้อาวุธประเภทดาบ
23125	Restores Life equal to Magic ATK *^{1}${3}%^{2} to up to ${2} allies within a ${1}-meter radius.	ฟื้นฟูพลังชีวิตเท่ากับพลังโจมตีเวทย์ *^{1}${3}%^{2}ไปจนถึงพันธมิตร${2}ภายในรัศมี${1}เมตร
23126	Deals minor damage to players within a circular @{1}-meter area and applies one stack of Petrify	สร้างความเสียหายเล็กน้อยให้กับผู้เล่นภายในพื้นที่วงกลม@{1}เมตร และใช้ Petrify หนึ่งกอง
23127	【Challenge】 Clear any Realm of the Gods with at least @{1} other Members of your Adventure Party.	【ความท้าทาย】 เคลียร์อาณาจักรแห่งเทพเจ้าด้วยสมาชิกคนอื่น ๆ ในปาร์ตี้ผจญภัยของคุณอย่างน้อย@{1}
23128	Complete the Golden Thief Bug Dungeon*|Complete the Orc Hero Dungeon*|Complete the Drake Dungeon*	เคลียร์ดันเจี้ยน Golden Thief Bug*|เคลียร์ดันเจี้ยน Orc Hero*|เคลียร์ Drake Dungeon*
23129	Supplies are obtained only after the supply cart is successfully escorted back to the stronghold.	จะได้รับวัสดุสิ้นเปลืองหลังจากนำรถเข็นวัสดุกลับไปยังฐานที่มั่นสำเร็จแล้วเท่านั้น
23130	The UI scale is too large for the current resolution and has been automatically adjusted to ${1}.	สเกล UI มีขนาดใหญ่เกินไปสำหรับความละเอียดปัจจุบัน และได้รับการปรับเป็น${1}โดยอัตโนมัติ
23131	Allocating points manually will cancel the selected build and disable automatic point allocation.	การจัดสรรคะแนนด้วยตนเองจะยกเลิกบิลด์ที่เลือกและปิดใช้งานการจัดสรรคะแนนอัตโนมัติ
23132	A Helmet for true Orc heroes, proving that its wearer is the bravest and greatest among all Orcs.	หมวกสำหรับฮีโร่ออร์คตัวจริง ซึ่งพิสูจน์ให้เห็นว่าผู้สวมใส่เป็นผู้กล้าหาญที่สุดและยิ่งใหญ่ที่สุดในบรรดาออร์คทั้งหมด
23133	A Hat found in a distant land, symbolizing the sun's supreme power. It is sturdier than it looks.	หมวกที่พบในดินแดนอันห่างไกล ซึ่งเป็นสัญลักษณ์ของพลังอำนาจสูงสุดของดวงอาทิตย์ มันแข็งแกร่งกว่าที่เห็น
23134	A doll Piamette uses to make attacking and defending easier?\nI could have sworn I saw it move...	ตุ๊กตา Piamette ใช้โจมตีและป้องกันได้ง่ายขึ้นเหรอ?\nฉันสาบานได้ว่าเห็นมันเคลื่อนไหว...
23135	The Toy Factory's latest rocking horse, complete with a mysterious and slightly unsettling smile.	ม้าโยกตัวใหม่ล่าสุดจาก Toy Factory พร้อมด้วยรอยยิ้มลึกลับและไม่มั่นคงเล็กน้อย
23136	"Assassin Cross's ""Dark Claw"" unconditionally multiplies the next damage the target takes by @{1}."	"""กรงเล็บแห่งความมืด"" ของ Assassin Cross จะเพิ่มความเสียหายถัดไปที่เป้าหมายได้รับโดย@{1}โดยไม่มีเงื่อนไข"
23137	Damaged equipment has reduced effects but can still be equipped and does not need to be repaired.	อุปกรณ์ที่เสียหายมีเอฟเฟกต์ลดลง แต่ยังคงสามารถติดตั้งได้และไม่จำเป็นต้องซ่อมแซม
23138	That big cat isn't easy to find. Ask the old Hunter in the forest if he knows its exact location.	แมวตัวใหญ่นั้นไม่ได้หาง่ายถามนักล่าเก่าในป่าว่าเขารู้ตำแหน่งที่แน่นอนหรือไม่
23139	Wah... Stupid Master! You scared Bobo half to death! Bobo thought the crash had broken your head!	วะ... อาจารย์โง่!คุณทำให้ Bobo กลัวเกือบตาย!Bobo คิดว่าการชนอาจทำให้คุณหัก!
23140	You didn't claim Yesterday's activity reward, so we've reissued it. Please check the attachments.	คุณไม่ได้รับรางวัลกิจกรรมเมื่อวาน ดังนั้นเราจึงออกใหม่อีกครั้งกรุณาตรวจสอบเอกสารแนบ
23141	You closed your Stall. The items from it have been sent by mail, so please check the attachments!	คุณปิดแผงลอยของคุณสินค้าดังกล่าวถูกส่งทางไปรษณีย์ ดังนั้นโปรดตรวจสอบไฟล์แนบ!
23142	This is the reward you won from the guild campfire raffle. Please collect it from the attachment.	นี่คือรางวัลที่คุณได้รับจากการจับฉลากแคมป์ไฟกิลด์กรุณารวบรวมจากไฟล์แนบ
23143	This is the reward you earned from the midterm Settlement. Please collect it from the attachment.	นี่คือรางวัลที่คุณได้รับจากการชำระบัญชีกลางภาคกรุณารวบรวมจากไฟล์แนบ
23144	Thank You for participating in War of Emperium! Here is your well-earned reward. Please claim it!	ขอบคุณที่เข้าร่วม War of Emperium!นี่คือรางวัลที่คุณได้รับกรุณารับมัน!
23145	Thanks to everyone's efforts, ${1} did not fall during this event. Please claim the prizes below!	ด้วยความพยายามของทุกคน ทำให้${1}ไม่ตกหล่นในระหว่างงานนี้กรุณารับรางวัลด้านล่าง!
23146	This is a test dialogue for a Season quest. This is the first line of the first quest. Ahahahaha!	นี่คือบทสนทนาทดสอบสำหรับภารกิจซีซั่นนี่คือบรรทัดแรกของภารกิจแรกฮ่าๆๆๆ!
23147	This is test dialogue for a Season quest. This is the second line of the second quest. Ahahahaha!	นี่คือบทสนทนาทดสอบสำหรับภารกิจซีซั่นนี่คือบรรทัดที่สองของภารกิจที่สองฮ่าๆๆๆ!
23148	This is test dialogue for a Season quest. This is the second line of the fourth quest. Ahahahaha!	นี่คือบทสนทนาทดสอบสำหรับภารกิจซีซั่นนี่คือบรรทัดที่สองของภารกิจที่สี่ฮ่าๆๆๆ!
23149	People couldn't even afford burials for the dead, so some bodies were secretly left in the caves.	ผู้คนไม่มีเงินแม้แต่จะฝังศพคนตาย ศพบางศพจึงถูกทิ้งไว้ในถ้ำอย่างลับๆ
23150	Come, kindhearted Adventurer—^{1}PlayerName^{2}, are you Ready? Let's arrange the cargo together.	มาเลย นักผจญภัยผู้ใจดี—^{1}PlayerName^{2}คุณพร้อมหรือยัง?มาจัดเรียงสินค้าด้วยกัน
23151	Do you want to go? It's your call. But if any ants bite Me, I'm setting the whole cave on fire...	อยากไปมั้ย?มันเป็นสายของคุณแต่ถ้ามีมดกัดเรา ไฟจะเผาทั้งถ้ำเลย...
23152	Enough talk. Take it. Now, both of you, Return to Town. Stop standing around in this desert wind.	พูดพอแล้วเอามัน.ตอนนี้คุณทั้งสองกลับไปสู่เมืองหยุดยืนอยู่ท่ามกลางลมทะเลทรายนี้
23153	Oof... Theoretically, an impact of this intensity shouldn't cause anything more serious... right?	อุ๊ย... ตามทฤษฎีแล้ว ผลกระทบของความรุนแรงนี้ไม่ควรทำให้เกิดอะไรร้ายแรงไปกว่านี้อีกแล้ว... ใช่ไหม?
23154	Player, I need a little more time to launch the signal flare. Can you hold off Eddga for a while?	ฉันขอเวลาอีกสักหน่อยเพื่อเปิดสัญญาณแฟลร์คุณช่วยระงับ Eddga ไว้สักระยะได้ไหม?
23155	Captain\nBah! If blood truly had to be repaid in blood, you'd have died eight hundred times over!	กัปตัน\nบ๊ะ!ถ้าเลือดต้องได้รับการชดใช้ด้วยเลือดจริงๆ คุณคงตายไปแล้วแปดร้อยครั้ง!
23156	Enjoy spectacular, immersive story quests and a smooth, polished introduction for new adventurers	เพลิดเพลินไปกับภารกิจเนื้อเรื่องที่น่าตื่นตาตื่นใจและดื่มด่ำและการแนะนำที่ราบรื่นและสวยงามสำหรับนักผจญภัยหน้าใหม่
23157	A wooden rune engraved with mysterious symbols. It can add basic magical properties to equipment.	อักษรรูนไม้ที่สลักด้วยสัญลักษณ์ลึกลับ สามารถเพิ่มคุณสมบัติเวทย์มนตร์พื้นฐานให้กับอุปกรณ์ได้
23158	Your changes to the room settings haven't been saved. Are you sure you want to close this screen?	การเปลี่ยนแปลงการตั้งค่าห้องของคุณยังไม่ได้รับการบันทึกคุณแน่ใจหรือไม่ว่าต้องการปิดหน้าจอนี้
23159	Your character is temporarily unable to purchase items from the World Auction. Unseal time: ${1}.	ตัวละครของคุณไม่สามารถซื้อสินค้าจากการประมูลโลกได้ชั่วคราวเวลาเปิดผนึก:${1}
23160	Your character is temporarily unable to purchase items from the Guild Auction. Unseal time: ${1}.	ตัวละครของคุณไม่สามารถซื้อสินค้าจากการประมูลกิลด์ได้ชั่วคราวเวลาเปิดผนึก:${1}
23161	Fewer than three responding Members are Online. You cannot proceed to create an Adventurer Group.	สมาชิกที่ตอบกลับน้อยกว่าสามคนออนไลน์อยู่ คุณไม่สามารถดำเนินการสร้างกลุ่มนักผจญภัยได้
23162	Detach the Supply Cart. While detached, it continuously restores HP to allies within @{1} meters.	ถอดรถเข็นจ่ายออกในขณะที่แยกออก จะฟื้นฟู HP อย่างต่อเนื่องให้กับพันธมิตรที่อยู่ในระยะ@{1}เมตร
23163	After use, creates Sticky Mucus in the selected Guild Battlefield. Reduces MSPD. for all players.	หลังการใช้งาน สร้าง Sticky Mucus ใน Guild Battlefield ที่เลือก ลด MSPD สำหรับผู้เล่นทุกคน
23164	Increases the Control duration of ^{1}Control-type^{2} Primary Battle Skills by ^{3}${1}^{4} sec.	เพิ่มระยะเวลาการควบคุมของ ^{1}Control-type^{2}Primary Battle Skills โดย ^{3}${1}^{4}วินาที
23165	Damn it! The Church won't let us near the stone pillar, but they'll let monsters steal our cargo?	ให้ตายเถอะ!คริสตจักรจะไม่ให้เราเข้าใกล้เสาหิน แต่พวกเขาจะปล่อยให้สัตว์ประหลาดขโมยสินค้าของเราเหรอ?
23166	Leaving the area or dismounting will immediately end ${1}. Are you sure you want to end the skill?	การออกจากพื้นที่หรือการลงจากรถจะเป็นการสิ้นสุด${1}ทันทีคุณแน่ใจหรือไม่ว่าต้องการยุติทักษะ?
23167	<color=#fdab5b>Conqueror</color> Settlement takes place first, with slots allocated to each guild.	<color=#fdab5b>Conqueror</color> Settlement takes place first, with slots allocated to each guild.
23168	The guild has reached today's donor limit. Further donations will not increase Guild Contribution.	กิลด์มีผู้บริจาคถึงขีดจำกัดของวันนี้แล้วการบริจาคเพิ่มเติมจะไม่เพิ่มการบริจาคกิลด์
23169	Attackers: Destroy the defenders' Emperium to win.\nDefenders: Hold out until time expires to win.	ผู้โจมตี: ทำลาย Emperium ของฝ่ายป้องกันเพื่อชนะ\nฝ่ายป้องกัน: อดทนไว้จนกว่าจะหมดเวลาจึงจะชนะ
23170	Your current maximum bid is below the qualifying bid. Auto-Bid has stopped. Please adjust your bid	ราคาเสนอสูงสุดปัจจุบันของคุณต่ำกว่าราคาเสนอที่มีคุณสมบัติเหมาะสมการเสนอราคาอัตโนมัติได้หยุดลงแล้วกรุณาปรับราคาเสนอของคุณ
23171	When a bubble catches a player, it traps them, and ^{1}the bubble explodes after @{1} seconds^{2}.	เมื่อฟองสบู่จับผู้เล่น มันจะดักจับพวกเขา และ ^{1}ฟองสบู่จะระเบิดหลังจาก@{1}วินาที^{2}
23172	Use your Falcon to Locate enemies in ^{1}【Hiding】^{2} within a @{1}-meter radius for @{2} seconds.	ใช้เหยี่ยวของคุณเพื่อค้นหาศัตรูใน ^{1}【ซ่อนตัว】^{2}ภายในรัศมี@{1}เมตรเป็นเวลา@{2}วินาที
23173	The flames have burned out, but this color will never fade.\nWorldscorch Feather · Theme Hairstyle	ไฟมอดแล้ว แต่สีนี้ไม่เคยจางหาย\nWorldscorch Feather · ทรงผมแบบมีธีม
23174	Floors @{1} and @{2} of the Monster Terminate Tower offer the most EXP of any field training area.	@{1}และ@{2}ของ Monster Terminate Tower มอบ EXP มากที่สุดในบรรดาพื้นที่การฝึกภาคสนาม
23175	Explore Rift Gates that appear randomly throughout each region to earn abundant upgrade resources.	สำรวจ Rift Gates ที่ปรากฏแบบสุ่มทั่วทั้งภูมิภาคเพื่อรับทรัพยากรอัปเกรดมากมาย
23176	Hmm, if you're not sure what to do, just choose a build to allocate your points automatically, bo.	Hmm, if you're not sure what to do, just choose a build to allocate your points automatically, bo.
23177	In that dark hour, the ancestors of the Rune Kingdom's seven royal families rose to the challenge.	ในชั่วโมงอันมืดมนนั้น บรรพบุรุษของราชวงศ์ทั้งเจ็ดแห่งอาณาจักร Rune ลุกขึ้นสู่ความท้าทาย
23178	All items in your Stall sold out in ${1} min ${2} sec, earning you ${3} Zeny and ${4} Minted Coin!	สินค้าทั้งหมดในแผงลอยของคุณขายหมดใน${1}นาที${2}วินาที คุณจะได้รับเหรียญกษาปณ์${3}Zeny และ${4}Minted Coin!
23179	The event has ended. Your guild placed ${1} and earned the following rewards. Please collect them!	กิจกรรมสิ้นสุดแล้วกิลด์ของคุณวาง${1}และได้รับรางวัลดังต่อไปนี้กรุณารวบรวมพวกเขา!
23180	Congrats on Obtaining a War of Emperium victory! Here is your well-earned reward. Please claim it!	ขอแสดงความยินดีที่ได้รับชัยชนะใน War of Emperium!นี่คือรางวัลที่คุณได้รับกรุณารับมัน!
23181	Understood. I'll send out patrols to drive off any troublemakers who threaten the village's peace.	เข้าใจแล้วฉันจะส่งหน่วยลาดตระเวนเพื่อขับไล่ผู้ก่อเหตุที่คุกคามความสงบสุขของหมู่บ้าน
23182	Come with me, everyone! Once you see them hard at work, you'll understand just how happy they are!	มากับฉันนะทุกคน!เมื่อคุณเห็นพวกเขาทำงานหนัก คุณจะเข้าใจว่าพวกเขามีความสุขแค่ไหน!
23183	N-No need to trouble yourself. This reliable warrior here is all I need to assist with the test...	N-ไม่ต้องลำบากตัวเองนักรบที่เชื่อถือได้คนนี้คือทั้งหมดที่ฉันต้องการเพื่อช่วยในการทดสอบ...
23184	This is a test dialogue for a Season quest. This is the second line of the first quest. Ahahahaha!	นี่คือบทสนทนาทดสอบสำหรับภารกิจซีซั่นนี่คือบรรทัดที่สองของภารกิจแรกฮ่าๆๆๆ!
23185	This is a test dialogue for a Season quest. This is the first line of the second quest. Ahahahaha!	นี่คือบทสนทนาทดสอบสำหรับภารกิจซีซั่นนี่คือบรรทัดแรกของภารกิจที่สองฮ่าๆๆๆ!
23186	This is a test dialogue for a Season quest. This is the first line of the fourth quest. Ahahahaha!	นี่คือบทสนทนาทดสอบสำหรับภารกิจซีซั่นนี่คือบรรทัดแรกของภารกิจที่สี่ฮ่าๆๆๆ!
23187	As long as we possess the brilliant Metal that guides our destiny, the gods will never abandon us!	ตราบใดที่เรามีโลหะที่ยอดเยี่ยมซึ่งนำทางโชคชะตาของเรา เหล่าทวยเทพจะไม่มีวันทอดทิ้งเรา!
23188	Hah! Hah! Hyah!\nWhew... I'm feeling a little more confident now. Long live the Prontera Chivalry!	ฮะ!ฮ่า!เฮ้!\nว้าว... ตอนนี้ฉันรู้สึกมั่นใจขึ้นนิดหน่อยแล้วขอให้อัศวินพรอนเทร่าจงเจริญ!
23189	I'm searching for treasure. I heard someone with inside information lives north of Morroc Village.	ฉันกำลังค้นหาสมบัติฉันได้ยินมาว่ามีคนรู้ข้อมูลวงในอาศัยอยู่ทางตอนเหนือของหมู่บ้าน Morroc
23190	Perfect timing. Let's tackle the first Quest—getting a few fresh Snake Gallbladders from the Boas.	จังหวะเวลาที่สมบูรณ์แบบมาเริ่มภารกิจแรกกันดีกว่า โดยรับถุงน้ำดีงูสดๆ จาก Boas
23191	Of course! How thoughtful of you to ask. I'll be waiting at the harbor, Adventurer. See you there.	แน่นอน!คิดมากขนาดไหนถึงมาถาม..ฉันจะรออยู่ที่ท่าเรือนะนักผจญภัยเจอกันที่นั่น
23192	This timeline is on the verge of destruction, and you're the only one who can resolve this crisis.	ไทม์ไลน์นี้ใกล้จะถูกทำลายแล้ว และคุณเป็นคนเดียวที่สามารถแก้ไขวิกฤตนี้ได้
23193	It may sound cliché, but the way the Nail of Natural Law responds to you is all the proof we need.	อาจฟังดูโบราณ แต่วิธีที่ Nail of Natural Law ตอบสนองต่อคุณคือข้อพิสูจน์ทั้งหมดที่เราต้องการ
23194	You have no Reward Count remaining, so you will not receive Additional rewards from this challenge	คุณไม่มีจำนวนรางวัลเหลืออยู่ ดังนั้นคุณจะไม่ได้รับรางวัลเพิ่มเติมจากความท้าทายนี้
23195	Bobo\nWe must have entered Pharaoh's illusion. He appeared and vanished so quickly. How strange...	Bobo\nเราต้องเข้าไปในภาพลวงตาของฟาโรห์แล้วเขาปรากฏตัวและหายไปอย่างรวดเร็วแปลกขนาดไหน...
23196	A shattered black Sobbing Starlight. Though it has lost its full power, it still has special uses.	แสงดาวสะอื้นสีดำที่แหลกสลาย แม้ว่าจะสูญเสียพลังไปจนหมด แต่ก็ยังมีประโยชน์พิเศษอยู่
23197	A Pet Care Guide that Records how to form a close bond with a Pet. Use it to grant a Pet @{1} EXP.	คู่มือการดูแลสัตว์เลี้ยงที่บันทึกวิธีสร้างความผูกพันใกล้ชิดกับสัตว์เลี้ยง ใช้มันเพื่อให้ Pet@{1}EXP
23198	A flatbread left sitting for a long time. It can stave off hunger and provide a beneficial effect.	ขนมปังแผ่นทิ้งไว้เป็นเวลานาน สามารถขจัดความหิวและให้ผลประโยชน์
23199	A steel tank equipped with weapons such as a flamethrower and mortar. Operated by a crew of three.	รถถังเหล็กที่ติดตั้งอาวุธ เช่น เครื่องพ่นไฟ และปูน ดำเนินการโดยทีมงานสามคน
23200	When first prize is drawn, the reward is increased by an Extra @{1}% if using the Poring Transform	เมื่อจับรางวัลที่ 1 รางวัลจะเพิ่มขึ้น Extra@{1}% หากใช้ Poring Transform
23201	When third prize is drawn, the reward is increased by an Extra @{1}% if using the Poring Transform	เมื่อจับรางวัลที่สาม รางวัลจะเพิ่มขึ้น Extra@{1}% หากใช้ Poring Transform
23202	The Hidden Vault Dungeon is under attack by another player. You cannot Enter Dungeon at this time.	ดันเจี้ยน Hidden Vault กำลังถูกโจมตีโดยผู้เล่นอื่นคุณไม่สามารถเข้าสู่ดันเจี้ยนได้ในขณะนี้
23203	Unleashes the weapon's full potential, increasing your Physical DMG by ^{1}${2}%^{2} for ${1} sec.	ปลดปล่อยศักยภาพสูงสุดของอาวุธ เพิ่มความเสียหายทางกายภาพของคุณ ^{1}${2}%^{2}เป็นเวลา${1}วินาที
23204	Launches a shockwave, dealing ATK * ^{1}@{2}%^{2} damage to the designated ST enemy within @{1} m.	ปล่อยคลื่นกระแทกสร้าง ATK * ^{1}@{2}%^{2}สร้างความเสียหายให้กับศัตรู ST ที่กำหนดภายใน@{1}m
23205	After use, creates squid ink in the selected Guild Battlefield, obstructing every player's vision.	หลังการใช้งาน จะสร้างหมึกปลาหมึกใน Guild Battlefield ที่เลือก ซึ่งจะขัดขวางการมองเห็นของผู้เล่นทุกคน
23206	Maya releases three clouds of Petrify mist nearby. Each cloud damages players inside every second.	Maya ปล่อยเมฆหมอกกลายเป็นหินสามก้อนในบริเวณใกล้เคียงเมฆแต่ละก้อนสร้างความเสียหายให้กับผู้เล่นภายในทุกวินาที
23207	Increases FLEE by ^{1}${1}^{2}, Movement Speed by ^{3}${2}%^{4}, and Physical ATK by ^{5}${3}^{6}.	เพิ่ม FLEE โดย ^{1}${1}^{2}, ความเร็วในการเคลื่อนที่โดย ^{3}${2}%^{4}และการโจมตีทางกายภาพโดย ^{5}${3}^{6}.
23208	Sadly, the young lady eventually passed away. I've spent years searching this area for that snake.	น่าเศร้าที่หญิงสาวคนนั้นเสียชีวิตในที่สุดฉันใช้เวลาหลายปีในการค้นหางูตัวนั้นในบริเวณนี้
23209	Battlefield matchmaking is in progress. Changing the Party Leader will stop matchmaking. Continue?	อยู่ระหว่างการจับคู่ Battlefieldการเปลี่ยนหัวหน้าปาร์ตี้จะหยุดการจับคู่ดำเนินการต่อ?
23210	When taking damage while below @{1}% Life, Physical DEF and Magic DEF increase by Base Lv. * @{2}.	เมื่อได้รับความเสียหายในขณะที่ต่ำกว่า@{1}% พลังชีวิต, DEF กายภาพ และ DEF เวทมนตร์ เพิ่มขึ้นตาม Base Lv.*@{2}.
23211	After gaining @{1} Floors, the next 【Soul Burst】 triggers @{2} astral bodies to attack the target.	หลังจากได้รับพื้น@{1}แล้ว 【Soul Burst】 ครั้งถัดไปจะกระตุ้นให้ร่างกายดาว@{2}โจมตีเป้าหมาย
23212	Launches @{1} arrows at the designated ST enemy within @{2} m, dealing ATK * ^{1}@{3}%^{2} damage.	ปล่อยลูกศร@{1}ไปที่ศัตรู ST ที่กำหนดภายใน@{2}m สร้างความเสียหาย ATK * ^{1}@{3}%^{2}ดาเมจ
23213	${1} is about to forge a covenant with the Lord of the Starry Sky! Hurry and watch the performance!	${1}กำลังจะร่วมสร้างพันธสัญญากับเจ้าแห่งดวงดาวบนท้องฟ้า! รีบชมการแสดงกันเลย!
23214	Every @{1} DEX grants @{2} HIT and @{3} Cast Speed. Archers gain an Extra @{4} PATK and @{5}% PATK.	ทุก ๆ@{1}DEX มอบความเร็วการร่ายของ@{2}HIT และ@{3}นักธนูจะได้รับ@{4}PATK และ@{5}% PATK เพิ่มเติม
23215	The Battle has already started. If you Exit, you cannot Join again.\nAre you sure you want to Exit?	การต่อสู้ได้เริ่มต้นขึ้นแล้วหากคุณออก คุณจะไม่สามารถเข้าร่วมได้อีก\nคุณแน่ใจหรือไม่ว่าต้องการออก
23216	Accept ${1}'s Revive invitation? If you decline, you will automatically return to the Revive Point.	ยอมรับคำเชิญ Revive ของ${1}หรือไม่ หากคุณปฏิเสธ คุณจะกลับไปที่ Revive Point โดยอัตโนมัติ
23217	\nTraining isn't everything. Balancing work and rest will take you farther. Here's how you relaxed:	\nการฝึกอบรมไม่ใช่ทุกอย่างการสร้างสมดุลระหว่างงานและการพักผ่อนจะทำให้คุณไปได้ไกลยิ่งขึ้นคุณผ่อนคลายด้วยวิธีต่อไปนี้:
23218	A core Member of the Church who has gained basic AoE Divine Light and the ability to Revive allies.	สมาชิกหลักของคริสตจักรที่ได้รับ AoE Divine Light ขั้นพื้นฐานและความสามารถในการฟื้นคืนชีพพันธมิตร
23219	Carrying explosives that damage all nearby allies, enemies, and the carrier when the countdown ends	บรรทุกระเบิดที่สร้างความเสียหายให้กับพันธมิตร ศัตรู และเรือบรรทุกที่อยู่ใกล้เคียงเมื่อการนับถอยหลังสิ้นสุดลง
23220	Increases Physical damage dealt to Brute and Insect monsters by ${1}%, and Movement Speed by ${2}%.	เพิ่มความเสียหายทางกายภาพที่ทำกับสัตว์ประหลาด Brute และ Insect โดย${1}% และความเร็วในการเคลื่อนที่โดย${2}%
23221	^{1}The Eye of the Pyramid^{2} emits a Death Ray. Players ^{3}hit by the ray^{4} take heavy damage.	^{1}ดวงตาแห่งพีระมิด^{2}ปล่อยรังสีมรณะผู้เล่น ^{3}โดนรังสี^{4}ได้รับความเสียหายอย่างหนัก
23222	Pharaoh summons ^{1}illusions^{2} that damage nearby enemies, with ^{3}more illusions summoned^{4}.	ฟาโรห์เรียก ^{1}ภาพลวงตา^{2}ที่สร้างความเสียหายให้กับศัตรูที่อยู่ใกล้เคียง โดยมี ^{3}เรียกภาพลวงตาเพิ่มเติม^{4}
23223	This serves as your party Locate indicator only when participating in party or matchmaking content.	สิ่งนี้ทำหน้าที่เป็นตัวบ่งชี้ตำแหน่งปาร์ตี้ของคุณเฉพาะเมื่อเข้าร่วมในปาร์ตี้หรือเนื้อหาการจับคู่
23224	Stay Away from the edge of the ship. If you fall overboard, you'll automatically climb back aboard!	อยู่ห่างจากขอบเรือหากคุณตกน้ำ คุณจะปีนกลับขึ้นเรือโดยอัตโนมัติ!
23225	Calling it animal poop or excrement sounds rather crude, so it is collectively referred to as dung.	การเรียกมันว่ามูลสัตว์หรืออุจจาระนั้นฟังดูค่อนข้างหยาบคาย จึงเรียกรวมกันว่ามูลสัตว์
23226	You have disabled Bonus Time. When you Kill a Field Monster, it will only drop Accessory Materials.	คุณได้ปิดการใช้งานโบนัสไทม์เมื่อคุณฆ่ามอนสเตอร์ฟิลด์ มันจะดรอปเฉพาะวัสดุเครื่องประดับเท่านั้น
23227	"You cannot lower the level of the ""Vending"" skill while your Stall is open. Close your Stall first."	"คุณไม่สามารถลดระดับทักษะ ""Vending"" ขณะที่แผงลอยของคุณเปิดอยู่ปิดร้านของคุณก่อน"
23228	After your Job Advance, try ^{1}allocating stat and skill points^{2} to unlock your newfound power.	หลังจากการเลื่อนงานของคุณแล้ว ลอง ^{1}จัดสรรสถิติและคะแนนทักษะ^{2}เพื่อปลดล็อกพลังที่เพิ่งค้นพบของคุณ
23229	You're a new face. This forest's been dangerous lately, so don't wander around without good reason.	คุณคือคนใหม่ป่าแห่งนี้ได้รับอันตรายเมื่อเร็วๆ นี้ ดังนั้นอย่าเดินไปรอบๆ โดยไม่มีเหตุผลที่ดี
23230	I line up here at 6 every morning, rain or shine. You youngsters sleep in, so you end up behind me.	ฉันเข้าแถวที่นี่ตอน 6 โมงเช้า ไม่ว่าฝนจะตกหรือแดดออกพวกน้องๆ นอนอยู่ เลยมาอยู่ข้างหลังฉัน
23231	The skies are calm. It's perfect weather for Flying. Thank You for your protection, Goddess Freyja.	ท้องฟ้าสงบเป็นสภาพอากาศที่สมบูรณ์แบบสำหรับการบินขอบคุณสำหรับการปกป้องของคุณ เทพีเฟรยา
23232	When night falls, we'll camp atop the dunes, and I'll treat you to the strongest desert ale around!	เมื่อตกกลางคืน เราจะตั้งแคมป์บนเนินทราย และฉันจะเลี้ยงคุณด้วยเบียร์ทะเลทรายที่เข้มข้นที่สุด!
23233	Yeah, yeah, I know! Fancy tricks aren't enough. You're only strong if you put your STR to good use!	ใช่ ใช่ ฉันรู้!เทคนิคแฟนซีไม่เพียงพอคุณจะแข็งแกร่งได้ก็ต่อเมื่อคุณใช้ STR ของคุณให้เป็นประโยชน์!
23234	Wow, new equipment! The Eden Group is pretty generous. Hurry and choose something that feels right~	ว้าว อุปกรณ์ใหม่!กลุ่มอีเดนค่อนข้างใจกว้างรีบเลือกสิ่งที่ใช่เถอะ~
23235	Where did you come from? I've claimed this whole territory! If you want to hunt, go somewhere else!	มาจากไหน?ฉันอ้างสิทธิ์ในดินแดนทั้งหมดนี้แล้ว!อยากล่าก็ไปที่อื่นสิ!
23236	But... now that you have a new Pet, why not give Bobo to Me? I promise I'll take good care of Bobo~	แต่... ตอนนี้คุณมีสัตว์เลี้ยงตัวใหม่แล้ว ทำไมไม่มอบ Bobo ให้ฉันล่ะ?ฉันสัญญาว่าฉันจะดูแลโบโบอย่างดี~
23237	Higher difficulty unlocked! A higher difficulty brings greater challenges, but also richer rewards.	Higher difficulty unlocked!ความยากที่สูงขึ้นนำมาซึ่งความท้าทายที่มากขึ้น แต่ยังได้รับรางวัลที่มากขึ้นอีกด้วย
23238	Content Description Content Description Content Description Content Description Content Description	คำอธิบายเนื้อหา คำอธิบายเนื้อหา คำอธิบายเนื้อหา คำอธิบายเนื้อหา คำอธิบายเนื้อหา
23239	Bobo\nOoh, what does riding a giant ant feel like? Does it make You dizzy? Bobo wants to try too...	Bobo\nขี่มดยักษ์เป็นยังไงบ้าง?มันทำให้คุณเวียนหัวหรือเปล่า?โบโบ้ก็อยากลองเหมือนกัน...
23240	"In War of Emperium (GvG), ""set"" refers to a complete equipment setup exclusive to the Knight class."	"ใน War of Emperium (GvG) ""เซ็ต"" หมายถึงการตั้งค่าอุปกรณ์ที่สมบูรณ์สำหรับคลาสอัศวินโดยเฉพาะ"
23241	A beautiful Crystal Fragment. Look closely, and you'll see an eye-shaped Astral Sign at its center.	ชิ้นส่วนคริสตัลที่สวยงาม มองใกล้ ๆ แล้วคุณจะเห็นสัญลักษณ์รูปดวงตาอยู่ตรงกลาง
23242	The Reward Count for this boss has been exhausted. You will not receive any rewards for continuing.	จำนวนรางวัลสำหรับบอสตัวนี้หมดลงแล้วคุณจะไม่ได้รับรางวัลใด ๆ สำหรับการดำเนินการต่อ
23243	Ki shows you an animation of the massive gate to the Garden of Time coming together piece by piece.	Ki แสดงแอนิเมชันของประตูขนาดใหญ่สู่ Garden of Time ที่มารวมกันทีละชิ้น
23244	When first prize is drawn, the reward is increased by an Extra @{1}% if using the Lunatic Transform	เมื่อจับรางวัลที่หนึ่ง รางวัลจะเพิ่มขึ้นเป็น Extra@{1}% หากใช้ Lunatic Transform
23245	When third prize is drawn, the reward is increased by an Extra @{1}% if using the Lunatic Transform	เมื่อจับรางวัลที่สาม รางวัลจะเพิ่มขึ้นเป็น Extra@{1}% หากใช้ Lunatic Transform
23246	When second prize is drawn, the reward is increased by an Extra @{1}% if using the Poring Transform	เมื่อจับรางวัลที่สอง รางวัลจะเพิ่มขึ้น Extra@{1}% หากใช้ Poring Transform
23247	Take on a squad Challenge against the Phantom Realm BOSS with @{1} players to earn tons of rewards.	ท้าทายทีมกับ Phantom Realm BOSS กับผู้เล่น@{1}เพื่อรับรางวัลมากมาย
23248	Summons an ambulance nearby that can be used to Revive teammates. The ambulance lasts for @{1} sec.	เรียกรถพยาบาลมาใกล้ๆ เพื่อใช้ในการชุบชีวิตเพื่อนร่วมทีมรถพยาบาลจะคงอยู่เป็นเวลา@{1}วินาที
23249	Pulls enemies inward toward yourself, damaging enemies hit and inflicting 【Gastric Acid Corrosion】.	ดึงศัตรูเข้ามาหาตัวคุณเอง สร้างความเสียหายให้กับศัตรูที่โดนและสร้างความเสียหาย 【การกัดกร่อนของกรดในกระเพาะอาหาร】
23250	They should have remained asleep, yet your touch awakened them... What a fascinating twist of fate.	พวกเขาน่าจะยังคงหลับอยู่ แต่สัมผัสของคุณกลับปลุกพวกเขา... ช่างเป็นโชคชะตาที่พลิกผันอย่างน่าทึ่ง
23251	Due to ${1}'s unsportsmanlike conduct in this mode, they must wait ${2} before starting matchmaking	เนื่องจากความประพฤติที่ไม่เป็นนักกีฬาของ${1}ในโหมดนี้ พวกเขาต้องรอ${2}ก่อนที่จะเริ่มจับคู่
23252	Healing has a @{1}% Chance to trigger an Extra heal equal to @{2}% Magic ATK. (Cooldown: @{3} sec.)	มี@{1}% มีโอกาสที่จะกระตุ้นการรักษาพิเศษเท่ากับ@{2}% พลังโจมตีเวทย์มนตร์(คูลดาวน์:@{3}วินาที)
23253	Causes all Horongs in the arena to Launch @{1} energy orbs around them, damaging players on contact	ทำให้ Horongs ทั้งหมดในสนามประลองปล่อยลูกแก้วพลังงาน@{1}รอบตัวพวกเขา สร้างความเสียหายให้กับผู้เล่นเมื่อสัมผัสกัน
23254	Insufficient points in the prerequisite Constellation. This Constellation's attributes are inactive.	คะแนนไม่เพียงพอในกลุ่มดาวที่จำเป็นเบื้องต้นคุณลักษณะของกลุ่มดาวนี้ไม่ทำงาน
23255	Gain one chance to Instant respawn upon death, excluding deaths caused by certain dungeon mechanics.	ได้รับโอกาสหนึ่งครั้งในการเกิดใหม่ทันทีเมื่อตาย ไม่รวมการตายที่เกิดจากกลไกดันเจี้ยนบางอย่าง
23256	^{1}^{2}【Cart Revolution】^{3}^{4}: Percentage damage multiplier +${1}%; Fixed Damage Increase +${2}.	^{1}^{2}【การปฏิวัติรถเข็น】^{3}^{4}: เปอร์เซ็นต์ตัวคูณความเสียหาย +${1}%;เพิ่มความเสียหายคงที่ +${2}
23257	When ^{1}^{2}[Sanctuary]^{3}^{4} or ^{5}^{6}[Magnus Exorcismus]^{7}^{8} reaches Lv. ${1}, INT +${2}.	เมื่อ ^{1}^{2}[Sanctuary]^{3}^{4}หรือ ^{5}^{6}[Magnus Exorcismus]^{7}^{8}ถึงเลเวล${1}, INT +${2}.
23258	Cards of the same quality can be used for Collection, producing Collection Cards of the same quality	การ์ดคุณภาพเดียวกันสามารถใช้สำหรับคอลเลกชันได้ ผลิตการ์ดคอลเลกชันคุณภาพเดียวกัน
23259	This activity looks fun! Give it a try, and don't forget to Claim the chest reward when you're done!	กิจกรรมนี้น่าสนุกจัง!ลองดูสิ และอย่าลืมรับรางวัลหีบเมื่อทำเสร็จแล้ว!
23260	You can Learn @{1} Life Skills at once. Let's start by choosing a Primary Profession. Give it a try~	คุณสามารถเรียนรู้ทักษะชีวิต@{1}ได้ในคราวเดียวเริ่มต้นด้วยการเลือกอาชีพหลักลองดูครับ~
23261	So don't worry. Just follow my lead. I'll bring every one of you back safely. I always Keep my word.	ดังนั้นไม่ต้องกังวลเพียงทำตามการนำของฉันฉันจะพาพวกคุณทุกคนกลับมาอย่างปลอดภัยฉันรักษาคำพูดของฉันเสมอ
23262	Because your Backpack is full, unclaimed items have been sent by mail. Please check the attachments.	เนื่องจากกระเป๋าเป้สะพายหลังของคุณเต็ม สิ่งของที่ไม่มีการอ้างสิทธิ์จึงถูกส่งทางไปรษณีย์กรุณาตรวจสอบเอกสารแนบ
23263	Your guild participated in this Epic Campaign and earned the following rewards. Please collect them.	กิลด์ของคุณเข้าร่วมในแคมเปญมหากาพย์นี้และได้รับรางวัลดังต่อไปนี้กรุณารวบรวมพวกเขา
23264	Mousetraps? Those are so old-fashioned! Take us to the fields, and we'll take care of it right away!	กับดักหนู?พวกมันล้าสมัยมาก!พาเราไปที่ทุ่งนาแล้วเราจะดูแลมันทันที!
23265	Professor, are you saying you plan to continue your research? That thing nearly ate all three of us!	ศาสตราจารย์ คุณกำลังบอกว่าคุณวางแผนที่จะวิจัยต่อใช่ไหม?ไอ้นั่นเกือบจะกินพวกเราทั้งสามคนแล้ว!
23266	Welcome! We just brewed a fresh pot of coffee today. You could smell it from the door, couldn't you?	ยินดีต้อนรับ!วันนี้เราเพิ่งชงกาแฟสดหนึ่งหม้อคุณได้กลิ่นมันมาจากประตูใช่ไหม?
23267	You are carrying ${1} supplies, which will add ${2} Military Supplies to the Guild. Submit them all?	คุณกำลังถือเสบียงของ${1}ซึ่งจะเพิ่ม${2}Military Supplies ให้กับกิลด์ส่งมาทั้งหมดเลยเหรอ?
23268	After you Revive, you can only travel to the ramparts and cannot reenter the Inner Area. Revive now?	หลังจากที่คุณฟื้นคืนชีพแล้ว คุณสามารถเดินทางไปยังกำแพงได้เท่านั้น และไม่สามารถกลับเข้าไปในพื้นที่ด้านในได้ ฟื้นตอนนี้เหรอ?
23269	Fafnir's Molten Gold Breath deals massive damage! Use the scales to build a Shield Wall immediately!	Molten Gold Breath ของ Fafnir สร้างความเสียหายมหาศาล!ใช้ตาชั่งเพื่อสร้างกำแพงโล่ทันที!
23270	Numerous invading monsters have been discovered in the Inn area. Nearby Adventurers, eliminate them!	มีการค้นพบสัตว์ประหลาดบุกรุกจำนวนมากในพื้นที่โรงแรมนักผจญภัยที่อยู่ใกล้ๆ กำจัดพวกมันซะ!
23271	Crude mineral powder commonly used in basic alchemy or Easy Enchant, though its effects are limited.	ผงแร่ดิบที่มักใช้ในการเล่นแร่แปรธาตุขั้นพื้นฐานหรือ Enchant แบบง่าย แม้ว่าเอฟเฟกต์จะมีจำกัดก็ตาม
23272	Obtained through Pet Hatching and Pet Shard Dismantling. Can be exchanged for items in the Pet Shop.	ได้รับจากการฟักไข่สัตว์เลี้ยงและการแยกชิ้นส่วนสัตว์เลี้ยงสามารถแลกเปลี่ยนเป็นไอเทมใน Pet Shop ได้
23273	The Red heart of an Obeaune. It always looks like it's still beating. Can be exchanged for Headwear.	หัวใจสีแดงของโอโบนมันดูเหมือนยังคงเต้นอยู่เสมอสามารถเปลี่ยนเป็น Headwear ได้
23274	A short pine staff entwined with fresh green vines, with a dormant Forest Crystal set into its head.	ไม้สนสั้น ๆ พันกับเถาวัลย์สีเขียวสด โดยมีคริสตัลฟอเรสต์ที่สงบแล้วปักอยู่บนหัว
23275	An axe stained with blood from being swung across the battlefield, radiating a terrifying bloodlust.	ขวานที่เปื้อนเลือดจากการถูกเหวี่ยงไปทั่วสนามรบ เปล่งประกายความกระหายเลือดอันน่าสะพรึงกลัว
23276	You can continue participating in the auction even if you switch instances or leave the current one.	คุณสามารถเข้าร่วมการประมูลต่อไปได้แม้ว่าคุณจะเปลี่ยนอินสแตนซ์หรือออกจากการประมูลปัจจุบันก็ตาม
23277	You arrive at your destination, but no one is there. There's only an adorable little kitten meowing.	คุณมาถึงที่หมายแล้ว แต่ไม่มีใครอยู่มีเพียงลูกแมวน้อยน่ารักที่ร้องเหมียวๆ
23278	When second prize is drawn, the reward is increased by an Extra @{1}% if using the Lunatic Transform	เมื่อจับรางวัลที่สอง รางวัลจะเพิ่มขึ้นเป็น Extra@{1}% หากใช้ Lunatic Transform
23279	Event Period: During the Ignition Test, opens Tuesday, Thursday, and Sunday from @{1}:@{2}~@{3}:@{4}	: ระหว่างการทดสอบการจุดระเบิด เปิดวันอังคาร พฤหัสบดี และวันอาทิตย์จาก@{1}:@{2}~@{3}:@{4}ระยะเวลากิจกรรม
23280	Your character is temporarily unable to purchase items from the Instance Auction. Unseal time: ${1}.	ตัวละครของคุณไม่สามารถซื้อสินค้าจากการประมูลอินสแตนซ์ได้ชั่วคราวเวลาเปิดผนึก:${1}
23281	Because you are under @{1}, the anti-addiction System limits each purchase to no more than @{2} yuan	เนื่องจากคุณอยู่ภายใต้@{1}ระบบป้องกันการติดยาเสพติดจึงจำกัดการซื้อแต่ละครั้งให้ไม่เกิน@{2}หยวน
23282	Increases the Physical ATK of up to @{2} allies within a @{1} m radius by ^{1}${1}^{2} for ${2} sec.	เพิ่ม ATK ทางกายภาพของพันธมิตรสูงสุด@{2}ภายในรัศมี@{1}m ขึ้น ^{1}${1}^{2}สำหรับ${2}วินาที
23283	Deals Holy ranged magic damage equal to Magic ATK *^{1}${2}%^{2} to up to ${1} enemies within range.	สร้างความเสียหายเวทย์มนต์ศักดิ์สิทธิ์เท่ากับพลังโจมตีเวทย์ *^{1}${2}%^{2}ให้กับศัตรูสูงสุด${1}ที่อยู่ภายในระยะ
23284	Lock onto an enemy at a Distance of ${1} cells and deal ${11}% melee Physical damage. No Translation	ล็อคศัตรูที่ระยะห่างของเซลล์${1}และสร้างความเสียหายทางกายภาพระยะประชิด${11}%ไม่มีการแปล
23285	After Ragnarök, its branches gradually began to decay... and countless timelines are withering away.	หลังจากแร็กนาร็อค กิ่งก้านของมันก็ค่อยๆ ผุพัง... และเส้นเวลานับไม่ถ้วนก็เหี่ยวเฉาไป
23286	My explanation may sound clichéd, but the Nail of Cosmic Law reacted to you just now. That is proof.	คำอธิบายของฉันอาจฟังดูโบราณ แต่ตอนนี้ Nail of Cosmic Law ตอบสนองต่อคุณแล้วนั่นคือข้อพิสูจน์
23287	Blades. Every @{1} blades increases the number of blades 【Cross Ripper Slasher】 can Launch by +@{2}.	ใบมีด@{1}ทุกใบจะเพิ่มจำนวนใบมีดที่ 【Cross Ripper Slasher】 สามารถยิงได้โดย +@{2}
23288	Collect @{1} Sticky Mucus from Porings and deliver it to the Medicine Workshop as a basic ingredient.	รวบรวมเมือกเหนียว@{1}จาก Porings แล้วส่งไปที่ Medicine Workshop เพื่อเป็นส่วนผสมพื้นฐาน
23289	The Party Leader has recognized your strength and will invite you to join a top-secret new Commission	หัวหน้าปาร์ตี้ตระหนักถึงความแข็งแกร่งของคุณ และจะเชิญคุณเข้าร่วมคณะกรรมาธิการใหม่ที่เป็นความลับสุดยอด
23290	A novice practitioner and new Member of the Church who can use Divine Light on themselves and allies.	ผู้ฝึกหัดมือใหม่และสมาชิกใหม่ของศาสนจักรที่สามารถใช้แสงศักดิ์สิทธิ์กับตนเองและพันธมิตรได้
23291	Hold down the Mouse Button and drag cargo onto the carpet, or Tap the cargo icon for quick placement.	กดปุ่มเมาส์ค้างไว้แล้วลากสินค้าไปบนพรม หรือแตะไอคอนสินค้าเพื่อจัดวางอย่างรวดเร็ว
23292	The team can only appoint ${1} deputy leaders. The maximum number of deputy leaders has been reached.	ทีมงานสามารถแต่งตั้งรองผู้นำ${1}เท่านั้นถึงจำนวนรองผู้นำสูงสุดแล้ว
23293	Cancel the Impeachment of Guild Leader ${1}? You cannot Impeach again for ${2} hours after canceling.	ยกเลิกการถอดถอนหัวหน้ากิลด์${1}?คุณไม่สามารถกล่าวโทษได้อีกเป็นเวลา${2}ชั่วโมงหลังการยกเลิก
23294	The player moves at @{1} m/sec while transporting valuable Military Supplies. Be sure to move slowly.	ผู้เล่นเคลื่อนที่ด้วย@{1}m/วินาที ขณะขนส่งเสบียงทหารอันมีค่าอย่าลืมเคลื่อนไหวช้าๆ
23295	Increases DMG Reduction by ${1}%. Each Floor of the Defense buff grants an Extra ${2}% DMG Reduction.	เพิ่มการลดความเสียหายโดย${1}%บัฟแต่ละชั้นของการป้องกันจะมอบการลดความเสียหายพิเศษ${2}%
23296	This skill has prerequisites. Spend <color=#cc762a>${1}</color> skill points to use Quick Allocation?	This skill has prerequisites. Spend <color=#cc762a>${1}</color> skill points to use Quick Allocation?
23297	Folded from cloth into a circular shape and set with a gemstone, this headpiece looks truly majestic.	เมื่อพับผ้าเป็นทรงกลมแล้วประดับด้วยอัญมณี เครื่องประดับศีรษะชิ้นนี้ดูยิ่งใหญ่อย่างแท้จริง
23298	To help you survive the battles ahead, I have some spare materials you can use to repair your weapon.	เพื่อช่วยให้คุณรอดจากการต่อสู้ที่อยู่ข้างหน้า ฉันมีวัสดุสำรองที่คุณสามารถใช้เพื่อซ่อมแซมอาวุธของคุณได้
23299	Sniff... You're right, Master. The professor can't wait that long! Bobo... Bobo will protect you, bo!	ดม... ถูกต้องครับอาจารย์อาจารย์รอนานขนาดนั้นไม่ได้แล้ว!โบโบ้... โบโบ้จะปกป้องคุณ โบ!
23300	Auto-Bid for ${1} has been canceled, and your funds have been returned. Please check the attachments.	สำหรับ${1}ถูกยกเลิกแล้ว และเงินของคุณได้รับการส่งคืนแล้วPlease check the attachments.
23301	Congratulations! You finished ${2} in the ${1} challenge. Here are your rewards. Please collect them!	ยินดีด้วย!คุณทำ${2}สำเร็จแล้วในการท้าทาย${1}นี่คือรางวัลของคุณกรุณารวบรวมพวกเขา!
23302	Welcome to the Producer's Lair! The Kafra Corporation is here to provide you with the finest service.	ยินดีต้อนรับสู่ถ้ำของผู้ผลิต!Kafra Corporation อยู่ที่นี่เพื่อมอบบริการที่ดีที่สุดแก่คุณ
23303	Hey, quit bragging! These guys look like a bunch of dimwits. There's no way they're stronger than Me!	เฮ้ เลิกคุยโม้ได้แล้ว!พวกนี้ดูเหมือนพวกปัญญาอ่อนเลยไม่มีทางที่พวกเขาจะแข็งแกร่งกว่าฉัน!
23304	That's right. Tritura Academy does work with me, so every Adventurer can come here to receive a gift.	ครับ.Tritura Academy ทำงานร่วมกับฉัน ดังนั้นนักผจญภัยทุกคนสามารถมาที่นี่เพื่อรับของขวัญได้
23305	Unfortunately, there are no players with that transformation type on the field, so there is no winner	น่าเสียดายที่ไม่มีผู้เล่นที่แปลงร่างแบบนั้นในสนาม ดังนั้นจึงไม่มีผู้ชนะ
23306	“Once night falls, we'll camp atop the dunes, and I'll treat you to the strongest desert ale around!”	“เมื่อตกกลางคืน เราจะตั้งแคมป์บนเนินทราย และฉันจะเลี้ยงคุณด้วยเบียร์เอลที่เข้มข้นที่สุด!”
23307	Bobo\nAh, it's Maya! (Covers mouth with wings) I don't see the professor. Did she hide him somewhere?	Bobo\nอา นี่มายานะ!(เอาปีกปิดปาก) ไม่เห็นอาจารย์เลยเธอซ่อนเขาไว้ที่ไหนสักแห่งหรือเปล่า?
23308	In RO, the classic War of Emperium (WoE) is usually held every Wednesday from @{1}:@{2} to @{3}:@{4}.	ใน RO โดยทั่วไป War of Emperium (WoE) แบบคลาสสิกจะจัดขึ้นทุกวันพุธตั้งแต่@{1}:@{2}ถึง@{3}:@{4}
23309	Obtained by Dismantling Divine Arts Totems. Used to exchange for items in the Divine Arts Totem Shop.	ได้มาจากการแยกโทเทม Divine Artsใช้แลกไอเทมในร้าน Divine Arts Totem
23310	After being released, the Pathfinder Ant crawled off in one direction, leaving a trail of Footprints.	หลังจากที่ได้รับการปล่อยตัว Pathfinder Ant ก็คลานออกไปในทิศทางเดียวโดยทิ้งร่องรอยไว้
23311	Launch a shockwave that deals ATK * ^{1}@{2}%^{2} damage to a designated ST enemy within @{1} meters.	ปล่อยคลื่นกระแทกที่สร้าง ATK * ^{1}@{2}%^{2}สร้างความเสียหายให้กับศัตรู ST ที่กำหนดภายในระยะ@{1}เมตร
23312	Launches a rocket punch, dealing ATK * ^{1}@{2}%^{2} damage to the designated ST enemy within @{1} m.	ปล่อยหมัดจรวดสร้าง ATK * ^{1}@{2}%^{2}สร้างความเสียหายให้กับศัตรู ST ที่กำหนดภายใน@{1}ม.
23313	Deals PATK * ^{1}${2}%^{2} Neutral Ranged Physical DMG to the designated ST enemy within ${1} meters.	ทำข้อตกลง PATK * ^{1}${2}%^{2}ทำความเสียหายทางกายภาพระยะไกลแบบเป็นกลางไปยังศัตรู ST ที่กำหนดภายในระยะ${1}เมตร
23314	Extends the duration of Shields granted by ^{1}Shield-type^{2} Primary Battle Skills by ${1} seconds.	ขยายระยะเวลาของโล่ที่ได้รับจาก ^{1}Shield-type^{2}Primary Battle Skills ขึ้น${1}วินาที
23315	Choco leaps up and scratches an enemy, dealing ^{1}${1}%^{2} Neutral Physical damage to an ST target.	Choco กระโดดขึ้นไปข่วนศัตรู สร้าง ^{1}${1}%^{2}สร้างความเสียหายทางกายภาพที่เป็นกลางให้กับเป้าหมาย ST
23316	The young lady I served was in poor health and always coughing, so she regularly took cough medicine.	หญิงสาวที่ฉันให้บริการมีสุขภาพไม่ดีและมีอาการไอตลอดเวลา เธอจึงรับประทานยาแก้ไอเป็นประจำ
23317	Due to your unsportsmanlike conduct in this mode, you must wait ${1} before you can start matchmaking	เนื่องจากพฤติกรรมที่ไม่เป็นนักกีฬาของคุณในโหมดนี้ คุณต้องรอ${1}ก่อนจึงจะสามารถเริ่มจับคู่ได้
23318	I've taken first place ${2} times using 【${1}】, with a longest survival time of ${3}. I'll carry you!	ฉันได้อันดับหนึ่ง${2}ครั้งโดยใช้ 【${1}】 โดยมีเวลาการอยู่รอดยาวนานที่สุดของ${3}ฉันจะอุ้มคุณ!
23319	Follow Bobo to learn about the Build Handbook (where you can Learn about each Build's unique features)	ติดตาม Bobo เพื่อเรียนรู้เกี่ยวกับคู่มือการสร้าง (ซึ่งคุณสามารถเรียนรู้เกี่ยวกับคุณลักษณะเฉพาะของ Build แต่ละรายการได้)
23320	Are you sure you want to spend the following items to unlock 5 Backpack slots? Remaining unlocks: ${1}	คุณแน่ใจหรือไม่ว่าต้องการใช้ไอเท็มต่อไปนี้เพื่อปลดล็อคช่อง Backpack 5 ช่อง?การปลดล็อคที่เหลือ:${1}
23321	The Professor and the others appear to be surrounded by monsters. Hurry over and see what's happening.	ศาสตราจารย์และคนอื่นๆ ดูเหมือนจะถูกรายล้อมไปด้วยสัตว์ประหลาดรีบไปดูว่าเกิดอะไรขึ้น
23322	\n${1} was the work you loved most. You've carved out a place of your own on the continent of Midgard.	\n${1}เป็นงานที่คุณรักมากที่สุดคุณได้สร้างสถานที่ของคุณเองในทวีป Midgard
23323	A vibrant Green Healing Potion brimming with Life that instantly restores @{1} HP. Cooldown: @{2} sec.	Green Healing Potion ที่มีชีวิตชีวาซึ่งเต็มไปด้วยพลังชีวิตที่จะฟื้นฟู@{1}HP ทันที คูลดาวน์:@{2}วินาที
23324	Fight alongside your Pet to Challenge a tower teeming with Monsters and push your Floors to the limit!	ต่อสู้เคียงข้างสัตว์เลี้ยงของคุณเพื่อท้าทายหอคอยที่เต็มไปด้วยสัตว์ประหลาดและผลักดันชั้นของคุณให้ถึงขีดจำกัด!
23325	Increases Physical Damage by @{1}% and the percentage damage multiplier bonus of 【Aimed Bolt】 by @{2}%	เพิ่มความเสียหายทางกายภาพโดย@{1}% และโบนัสตัวคูณความเสียหายเป็นเปอร์เซ็นต์ของ 【Aimed Bolt】 โดย@{2}%
23326	Holy Light Baptism blesses you, reducing ^{1}^{2}[Magnus Exorcismus]^{3}^{4} Cooldown by ${1} seconds.	แสงศักดิ์สิทธิ์จะอวยพรคุณ โดยลดคูลดาวน์ ^{1}^{2}[Magnus Exorcismus]^{3}^{4}คูลดาวน์ลง${1}วินาที
23327	While ^{1}^{2}[Cart Boost]^{3}^{4} is active, [High Speed Cart Ram]'s damage bonus increases by ${1}%.	ในขณะที่ ^{1}^{2}[บูสต์รถเข็น]^{3}^{4}ทำงานอยู่ โบนัสความเสียหายของ [High Speed ​​Cart Ram] จะเพิ่มขึ้น${1}%
23328	Maya launches ^{3}cross-shaped blades^{4} in ^{1}@{1} directions^{2}, damaging enemies in their paths.	Maya เปิดตัว ^{3}ดาบรูปกากบาท^{4}ใน ^{1}@{1}ทิศทาง^{2}สร้างความเสียหายแก่ศัตรูที่ขวางทาง
23329	Berserk Potion can be used by all classes and provides the highest Attack Speed boost of any potion.	Berserk Potion สามารถใช้ได้กับทุกคลาส และช่วยเพิ่มความเร็วในการโจมตีสูงสุดเมื่อเทียบกับยาใดๆ
23330	Taking this item off will leave your Stall empty, so the Stall will automatically Show less.\nProceed?	การนำรายการนี้ออกจะทำให้แผงลอยของคุณว่างเปล่า ดังนั้นแผงลอยจะแสดงน้อยลงโดยอัตโนมัติ\nดำเนินการต่อหรือไม่
23331	The invitation will automatically expire if no action is taken within <color=#C27B47>24 hours</color>.	The invitation will automatically expire if no action is taken within <color=#C27B47>24 hours</color>.
23332	Chance of a Complete S-Rank Pet: 3%\nChance of an S-Rank Pet Shard: 37%\nChance of a Pet EXP Book: 60%	โอกาสที่สัตว์เลี้ยงระดับ S สมบูรณ์: 3%\nโอกาสที่ชิ้นส่วนสัตว์เลี้ยงระดับ S: 37%\nโอกาสที่หนังสือ EXP สัตว์เลี้ยง: 60%
23333	Doesn't that mean you have to Repeat the same lines hundreds of times? Don't you ever get tired of it?	นั่นหมายความว่าคุณต้องทำซ้ำบรรทัดเดียวกันหลายร้อยครั้งใช่หรือไม่คุณไม่เบื่อกับมันบ้างเหรอ?
23334	Congratulations! You placed No. ${1} in the Fashion Rating Ranking. Please claim your Ranking Rewards!	ยินดีด้วย!คุณวางหมายเลข${1}ไว้ในการจัดอันดับการจัดอันดับแฟชั่นกรุณารับรางวัลอันดับของคุณ!
23335	Here is the reward from your Wish in the Goddess's Prelude event. Please claim it from the attachment.	นี่คือรางวัลจากกิจกรรม Wish in the Goddess's Preludeกรุณาอ้างสิทธิ์จากเอกสารแนบ
23336	Although ${1} fell during this event, your efforts deserve recognition. Please claim the prizes below!	แม้ว่า${1}จะล้มลงในระหว่างกิจกรรมนี้ แต่ความพยายามของคุณก็สมควรได้รับการยอมรับกรุณารับรางวัลด้านล่าง!
23337	(Clutches chest) You drive a harder bargain than this sword's edge! That wouldn't even cover the cost!	(คลัตช์หน้าอก) คุณต่อรองราคาได้ยากกว่าคมดาบนี้! นั่นคงไม่ครอบคลุมค่าใช้จ่ายด้วยซ้ำ!
23338	Every weapon here is certified by the assessment board for its respective class. Shop with confidence!	อาวุธทุกชิ้นที่นี่ได้รับการรับรองโดยคณะกรรมการประเมินสำหรับประเภทที่เกี่ยวข้องช้อปอย่างมั่นใจ!
23339	I'll send you a Notification if I Discover a Clue. For now, stay by the campfire and don't wander off.	ฉันจะส่งการแจ้งเตือนถึงคุณหากฉันพบเบาะแสสำหรับตอนนี้ จงอยู่ข้างกองไฟและอย่าออกไปไหน
23340	Is this really a Clue? I bet this dumb dog only tricked us into coming here because he wanted a snack!	นี่เป็นเบาะแสจริงๆ หรือฉันพนันได้เลยว่าสุนัขโง่ตัวนี้หลอกพวกเราให้มาที่นี่เพราะเขาต้องการของว่าง!
23341	So, in accordance with our Alternate plan, we've decided to move out immediately. Until we meet again~	ดังนั้น เพื่อให้สอดคล้องกับแผนสำรองของเรา เราจึงตัดสินใจย้ายออกทันทีจนกว่าจะพบกันใหม่~
23342	Enemy forces are harassing Prontera West Gate. Nearby defenders, suppress them before the flank falls!	กองกำลังศัตรูกำลังคุกคาม Prontera West Gateกองหลังที่อยู่ใกล้ๆ ปราบปรามพวกเขาก่อนที่ปีกจะพัง!
23343	Bobo\nHuh? He stopped. Is there another Monster up ahead that he's afraid of? Are all dogs this timid?	โบโบ\nหือ?เขาหยุดมีสัตว์ประหลาดตัวอื่นอยู่ข้างหน้าที่เขากลัวไหม?สุนัขทุกตัวขี้อายขนาดนี้เลยเหรอ?
23344	A semi-finished material made from initially processed raw silk. Used to craft fine clothing or armor.	วัสดุกึ่งสำเร็จรูปที่ทำจากไหมดิบแปรรูปขั้นแรก ใช้ในการผลิตเสื้อผ้าหรือชุดเกราะชั้นดี
23345	A mysterious plant stem infused with nature's energy. It is said to give fabric an affinity for magic.	ลำต้นของพืชลึกลับที่อบอวลไปด้วยพลังจากธรรมชาติ ว่ากันว่าจะทำให้ผ้ามีความผูกพันกับเวทมนตร์
23346	A wooden rune imbued with the power of blessings that grants equipment Extra advanced magical effects.	รูนไม้ที่อัดแน่นไปด้วยพลังแห่งพรที่มอบเอฟเฟกต์เวทย์มนตร์ขั้นสูงพิเศษให้กับอุปกรณ์
23347	A tiny bow that looks like it could only fit around a cat's or dog's neck. It smells a little funky...	โบว์เล็กๆ ที่ดูเหมือนผูกได้เฉพาะคอแมวหรือคอสุนัขเท่านั้น มันมีกลิ่นฉุนนิดหน่อย...
23348	Check the BOSS's location and head there for the Kill! Other players can compete for it too, so hurry.	ตรวจสอบตำแหน่งของ BOSS แล้วมุ่งหน้าไปที่นั่นเพื่อสังหาร!ผู้เล่นคนอื่นก็สามารถแข่งขันได้เช่นกัน ดังนั้นรีบหน่อย
23349	Event Period: During the Ignition Test, opens Monday, Wednesday, and Saturday from @{1}:@{2}~@{3}:@{4}	ระยะเวลากิจกรรม: ในระหว่างการทดสอบการจุดระเบิด เปิดวันจันทร์ วันพุธ และวันเสาร์จาก@{1}:@{2}~@{3}:@{4}ระยะเวลากิจกรรม
23350	Only Cooking, potions, Voice Message Items, Treasure Maps, and equipment can be placed in Quick Items.	เฉพาะการทำอาหาร ยา ไอเทมข้อความเสียง แผนที่สมบัติ และอุปกรณ์เท่านั้นที่สามารถใส่ลงในไอเทมด่วนได้
23351	Charges one of the @{1} Bells on the field, then shuffles them. Players must destroy the charged Bell.	ชาร์จ@{1}Bell หนึ่งอันบนสนาม จากนั้นสับเปลี่ยนพวกมันผู้เล่นจะต้องทำลายระฆังที่ชาร์จแล้ว
23352	When a ^{1}Dispel-type^{2} Primary Battle Skill is cast, restores ^{3}${1}% of the owner's Max HP^{4}.	เมื่อ ^{1}Dispel-type^{2}Primary Battle Skill ถูกร่าย จะฟื้นฟู ^{3}${1}% ของ HP สูงสุดของเจ้าของ^{4}
23353	Tap a teammate's Portrait to spectate them. (Spectator Mode will begin automatically in ${1} seconds.)	แตะรูปเพื่อนร่วมทีมเพื่อชมพวกเขา(โหมดผู้ชมจะเริ่มโดยอัตโนมัติใน${1}วินาที)
23354	Magic damage increased by @{1}%. Each Floor of a magic damage buff grants an Extra @{2}% Magic damage.	ความเสียหายเวทย์เพิ่มขึ้น@{1}%แต่ละชั้นของบัฟความเสียหายเวทย์มนตร์จะได้รับความเสียหายเวทย์พิเศษ@{2}%
23355	Reach <color=#97e553>${1}/${2}</color> Personal Contribution to receive the following ranking rewards.	Reach <color=#97e553>${1}/${2}</color> Personal Contribution to receive the following ranking rewards.
23356	Reach <color=#ec543a>${1}/${2}</color> Personal Contribution to receive the following ranking rewards.	Reach <color=#ec543a>${1}/${2}</color> Personal Contribution to receive the following ranking rewards.
23357	Deals ranged Magic Damage equal to Magic ATK * ^{1}@{2}%^{2} to the designated ST enemy within @{1} m.	สร้างความเสียหายทางเวทมนตร์ระยะไกลเท่ากับพลังโจมตีเวทย์ * ^{1}@{2}%^{2}ไปยังศัตรู ST ที่กำหนดภายใน@{1}m
23358	This heavily-armored, fully-equipped Peco Peco is the exclusive combat mount exclusive for Lord Knight.	Peco Peco ที่มีเกราะหนักและมีอุปกรณ์ครบครันนี้เป็นพาหนะต่อสู้สุดพิเศษสำหรับ Lord Knight เท่านั้น
23359	^{1}^{2}^{3}Physical^{4}^{5}^{6}\n^{7}^{8}^{9}Ranged^{10}^{11}^{12}\n^{13}^{14}^{15}Buff^{16}^{17}^{18}	^{1}^{2}^{3}กายภาพ^{4}^{5}^{6}\n^{7}^{8}^{9}อยู่ในช่วง^{10}^{11}^{12}\n^{13}^{14}^{15}บัฟ^{16}^{17}^{18}
23360	A Healing Potion imbued with the power of Blessing that instantly restores @{1} HP. Cooldown: @{2} sec.	ยารักษาที่อัดแน่นไปด้วยพลังแห่งพรที่จะฟื้นฟู@{1}HP ทันที คูลดาวน์:@{2}วินาที
23361	A Fountain of Life surging with boundless vitality that instantly restores @{1} HP. Cooldown: @{2} sec.	น้ำพุแห่งชีวิตที่พลุ่งพล่านด้วยความมีชีวิตชีวาไร้ขอบเขตที่ฟื้นฟู@{1}HP ได้ทันที คูลดาวน์:@{2}วินาที
23362	^{1}^{2}【High Speed Cart Ram】^{3}^{4} percentage damage multiplier +${1}%; Fixed Damage Increase +${2}.	^{1}^{2}【แรมรถเข็นความเร็วสูง】^{3}^{4}ตัวคูณเปอร์เซ็นต์ความเสียหาย +${1}%;เพิ่มความเสียหายคงที่ +${2}
23363	Increases Hunting Protection by ${1}. Each skill on this Totem grants an Extra ${2} Hunting Protection.	เพิ่มการป้องกันการล่าสัตว์โดย${1}แต่ละทักษะบน Totem นี้จะได้รับการคุ้มครองการล่าสัตว์${2}พิเศษ
23364	Pharaoh summons the ^{1}Hand of the Dead^{2}, dealing damage in a circular area at the target location.	ฟาโรห์เรียก ^{1}Hand of the Dead^{2}สร้างความเสียหายเป็นวงกลมที่ตำแหน่งเป้าหมาย
23365	<color=#99FF9F>Current Server Level Cap: Lv. ${1}\n${2}: Server Level Cap increases to Lv. ${3}</color>	<color=#99FF9F>ขีดจำกัดระดับเซิร์ฟเวอร์ปัจจุบัน: Lv.${1}\n${2}: ระดับเซิร์ฟเวอร์สูงสุดเพิ่มขึ้นเป็น Lv.${3}</color>
23366	This chest does not currently have an opening bonus. You may want to save it for later. Open it anyway?	กล่องนี้ไม่มีโบนัสการเปิดในขณะนี้คุณอาจต้องการบันทึกไว้เพื่อใช้ในภายหลังเปิดรึยังคะ?
23367	Tap to Rent one for free. It's an exclusive Benefit, bobo~ Once you've rented it, remember to Tap Ride!	แตะเพื่อเช่าฟรีมันเป็นสิทธิประโยชน์สุดพิเศษ Bobo~ เมื่อคุณเช่ามันแล้ว อย่าลืม Tap Ride!
23368	That beast is clever and always on the move. It won't just sit in one place waiting for you to find it.	สัตว์ร้ายตัวนั้นฉลาดและเคลื่อนไหวตลอดเวลามันจะไม่เพียงแค่นั่งในที่เดียวรอให้คุณค้นหา
23369	Could you be under some kind of illusion? Maybe there's a fox spirit or something lurking near Payon...	คุณอยู่ภายใต้ภาพลวงตาบางอย่างหรือเปล่า?อาจจะมีวิญญาณจิ้งจอกหรืออะไรบางอย่างซุ่มซ่อนอยู่ใกล้เมืองพยอน...
23370	All right, no more questions, then. Keep your ticket handy, rookie. Prepare to board—next stop, Morroc!	เอาล่ะ ไม่มีคำถามอีกต่อไปแล้ว เก็บตั๋วของคุณไว้ให้ดีมือใหม่ เตรียมตัวขึ้นเครื่อง—จุดต่อไป Morroc!
23371	Because the auction Function has been disabled, your bid funds have been refunded. Please collect them~	เนื่องจากฟังก์ชันการประมูลถูกปิดใช้งาน เงินประมูลของคุณจึงได้รับการคืนเงินแล้วPlease collect them~
23372	Here is the reward you left behind in the Tribute of Echoes event. Please claim it from the attachment.	นี่คือรางวัลที่คุณทิ้งไว้ในกิจกรรม Tribute of Echoesกรุณาอ้างสิทธิ์จากเอกสารแนบ
23373	Hello! I'm a voting campaign representative sent here by the Zonda Planning Agency. How may I help you?	สวัสดี!ฉันเป็นตัวแทนรณรงค์ลงคะแนนเสียงที่หน่วยงานวางแผนซอนดาส่งมาที่นี่ฉันจะช่วยคุณได้อย่างไร?
23374	Hello! I'm Nia, the fifth disciple of the Demon Lord, who creates fun games and brings joy to everyone.	สวัสดี!ฉันชื่อเนีย ศิษย์คนที่ห้าของจอมมารผู้สร้างเกมสนุก ๆ และนำความสุขมาสู่ทุกคน
23375	But while developing a new weapon, all four of his sons tragically lost their lives. He alone survived.	แต่ในขณะที่พัฒนาอาวุธใหม่ ลูกชายทั้ง 4 คนของเขาเสียชีวิตอย่างน่าอนาถเขาคนเดียวเท่านั้นที่รอดชีวิต
23376	Before I joined the army, I thought being stationed in a forest would be nice—cool shade and fresh air.	ก่อนเข้าร่วมกองทัพ ฉันคิดว่าการได้ประจำการอยู่ในป่าคงจะดี ร่มเงาและอากาศบริสุทธิ์
23377	Bread, grilled meat, fruit, soup dumplings—hot or cold, we've got it all. Just tell me what you'd like.	ขนมปัง เนื้อย่าง ผลไม้ ซุปเกี๊ยว ร้อนหรือเย็น เรามีหมดเพียงแค่บอกฉันสิ่งที่คุณต้องการ
23378	It's finally over. Without your help, I probably would've gone down with this swarm of Chonchons today.	ในที่สุดก็จบลงแล้วหากปราศจากความช่วยเหลือจากคุณ วันนี้ฉันคงจะลงไปพร้อมกับฝูง Chonchons แน่
23379	You all go on ahead. ^{1}PlayerName^{2} and I still have something to take care of. We'll return later.	พวกคุณทุกคนเดินหน้าต่อไป^{1}PlayerName^{2}และฉันยังมีบางอย่างที่ต้องจัดการเราจะกลับมาในภายหลัง
23380	It says you have some evidence on you, and it wants to sniff it. It probably means that bow tie, right?	มันบอกว่าคุณมีหลักฐานบางอย่างเกี่ยวกับตัวคุณ และมันต้องการจะดมกลิ่นคงหมายถึงหูกระต่ายใช่ไหมคะ?
23381	Stop! Fervor, don't you dare! You can't eat that! It's poop! Poop, understand?! Aaaah, I'm going blind!	หยุด!ร้อนแรง ไม่กล้า!คุณไม่สามารถกินสิ่งนั้นได้!มันขี้!ขี้เหร่ เข้าใจไหม!อ๊าาา ฉันจะตาบอดแล้ว!
23382	Hmph. You talk as if you're so responsible, but weren't you the ones who lost the instrument last time?	ฮึ่มคุณพูดราวกับว่าคุณมีความรับผิดชอบมาก แต่คุณไม่ใช่คนที่ทำเครื่องดนตรีหายครั้งที่แล้วใช่หรือไม่?
23383	Wow, it's you again! We've gotten lots of new equipment Recent. What do you think? Do we look stronger?	ว้าว คุณอีกแล้ว!เราได้รับอุปกรณ์ใหม่มากมายล่าสุดคุณคิดอย่างไร?เราดูเข้มแข็งขึ้นมั้ย?
23384	This action will consume ${1} to supply the missing synthesis materials, ${2}. Perform Quick Synthesis?	การดำเนินการนี้จะใช้${1}เพื่อจัดหาวัสดุสังเคราะห์ที่ขาดหายไป${2}ทำการสังเคราะห์อย่างรวดเร็ว?
23385	Bobo\n(Flies around in circles) Hehe! We got to help people and Complete the Commission! We're amazing!	Bobo\n(บินเป็นวงกลม) อิอิ!เราต้องช่วยเหลือผู้คนและทำภารกิจให้สำเร็จ!พวกเราน่าทึ่งมาก!
23386	Captain\nIf you're set on staying on deck instead of going inside, you'd better hold on to the railing.	กัปตัน\nหากคุณตั้งใจจะอยู่บนดาดฟ้าแทนที่จะเข้าไปข้างใน คุณควรจับราวไว้จะดีกว่า
23387	This instrument is said to extract particles of longing, and it's the only one on the entire continent.	ว่ากันว่าเครื่องดนตรีชิ้นนี้สกัดอนุภาคแห่งความปรารถนาได้ และเป็นชิ้นเดียวในทวีปทั้งหมด
23388	Toot, toot, toot! Use this special Lunatic Horn to shout to everyone and trigger a special shout effect	ตุ๊ด ตุ๊ด ตู๊ด!ใช้ Lunatic Horn พิเศษนี้เพื่อตะโกนใส่ทุกคนและทำให้เกิดเอฟเฟกต์ตะโกนพิเศษ
23389	When first prize is drawn, the reward is increased by an Extra @{1}% if using the Savage Babe Transform	เมื่อจับรางวัลที่หนึ่ง รางวัลจะเพิ่มขึ้นเป็น Extra@{1}% หากใช้ Savage Babe Transform
23390	When third prize is drawn, the reward is increased by an Extra @{1}% if using the Savage Babe Transform	เมื่อจับรางวัลที่สาม รางวัลจะเพิ่มขึ้นเป็น Extra@{1}% หากใช้ Savage Babe Transform
23391	Take on a Party Challenge against the Realm of the Gods BOSS with @{1} players to earn tons of rewards.	เข้าร่วมปาร์ตี้ท้าทายกับ Realm of the Gods BOSS กับผู้เล่น@{1}เพื่อรับรางวัลมากมาย
23392	A musical note formed from condensed natural energy. Used during the Season: Symphony of Genesis event.	โน้ตดนตรีที่เกิดจากพลังงานธรรมชาติที่ควบแน่น ใช้ระหว่างซีซัน: กิจกรรม Symphony of Genesis
23393	Increases your damage against ^{3}Undead^{4} Monsters and ^{5}Demon Race^{6} Monsters by ^{1}${1}%^{2}.	เพิ่มความเสียหายของคุณต่อ ^{3}Undead^{4}Monsters และ ^{5}Demon Race^{6}Monsters โดย ^{1}${1}%^{2}
23394	Deepens your understanding of weapons, increasing Physical ATK by ^{1}${1}^{2} and HIT by ^{3}${2}^{4}.	เพิ่มความเข้าใจเกี่ยวกับอาวุธของคุณให้ลึกซึ้งยิ่งขึ้น โดยเพิ่ม ATK ทางกายภาพขึ้น ^{1}${1}^{2}และ HIT โดย ^{3}${2}^{4}
23395	When equipped with an axe or mace, increases your Physical ATK by ^{1}${1}^{2} and HIT by ^{3}${2}^{4}.	เมื่อสวมใส่ขวานหรือกระบอง เพิ่ม ATK กายภาพของคุณขึ้น ^{1}${1}^{2}และ HIT โดย ^{3}${2}^{4}
23396	Summon an ambulance nearby that can be used to Revive teammates. The ambulance lasts ^{1} @{1}^{2} sec.	เรียกรถพยาบาลมาใกล้ๆ เพื่อใช้ในการชุบชีวิตเพื่อนร่วมทีมรถพยาบาลใช้เวลา ^{1}@{1}^{2}วินาที
23397	Increases the Skill Damage Multiplier of ^{1}Offensive-type^{2} Primary Battle Skills by ^{3}${1}%^{4}.	เพิ่มตัวคูณความเสียหายทักษะของ ^{1}ประเภทรุก^{2}ทักษะการต่อสู้หลักโดย ^{3}${1}%^{4}
23398	The Goddess of Hope swings her spear, dealing ^{1}${1}%^{2} Neutral melee Physical damage to the enemy.	เทพีแห่งความหวังเหวี่ยงหอกของเธอ สร้าง ^{1}${1}%^{2}สร้างความเสียหายทางกายภาพระยะประชิดที่เป็นกลางแก่ศัตรู
23399	Passive: Empowers your attacks, increasing your Crit Chance by ^{1}${1}%^{2} and PATK by ^{3}${2}%^{4}.	Passive: เพิ่มพลังการโจมตีของคุณ เพิ่มโอกาสคริติคอลโดย ^{1}${1}%^{2}และ PATK โดย ^{3}${2}%^{4}
23400	We meet again, Adventurer from afar. It seems the 【Nail of Cosmic Law】 has taken quite a liking to you.	เราพบกันอีกแล้ว นักผจญภัยจากแดนไกลดูเหมือนว่า 【Nail of Cosmic Law】 จะถูกใจคุณมากทีเดียว
23401	The challenge against Ilmata, God of Nature, is now open. Guilds can enter through the Guild interface.	การท้าทายต่ออิลมาตา เทพแห่งธรรมชาติเปิดแล้วกิลด์สามารถเข้าได้ผ่านทางอินเทอร์เฟซกิลด์
23402	When dealing damage while above @{1}% Life, Magic ATK is treated as being increased by Base Lv. * @{2}.	เมื่อสร้างความเสียหายในขณะที่มากกว่า@{1}% พลังชีวิต พลังโจมตีเวทย์จะถือว่าเพิ่มขึ้นตาม Base Lv*@{2}.
23403	Every third cast of 【Soul Destroyer】 becomes 【Advanced Soul Destroyer】, increasing its damage by ${1}%.	ทุกการร่ายครั้งที่สามของ 【Soul Destroyer】 จะกลายเป็น 【Advanced Soul Destroyer】 ซึ่งเพิ่มความเสียหายเป็น${1}%
23404	^{1}^{2}【Gravitation Field】^{3}^{4} DMG multiplier +^{5}${1}%^{6} and fixed skill damage +^{7}${2}^{8}.	^{1}^{2}【สนามแรงโน้มถ่วง】^{3}^{4}ตัวคูณ DMG +^{5}${1}%^{6}และความเสียหายของทักษะคงที่ +^{7}${2}^{8}.
23405	Professional artisans skilled in Cooking and one of the key professions for creating restorative dishes.	ช่างฝีมือมืออาชีพที่มีทักษะในการทำอาหารและเป็นหนึ่งในอาชีพหลักในการสร้างสรรค์อาหารจานพิเศษ
23406	Failed to refresh the update files. Some cache files may be in use, or there may be a Permissions issue.	ไม่สามารถรีเฟรชไฟล์อัพเดตได้ไฟล์แคชบางไฟล์อาจมีการใช้งานอยู่ หรืออาจมีปัญหาเรื่องการอนุญาต
23407	If a team has a Member with no Reward Count remaining, its score will be reduced by a certain percentage	หากทีมมีสมาชิกที่ไม่มีจำนวนรางวัลเหลืออยู่ คะแนนจะลดลงตามเปอร์เซ็นต์ที่กำหนด
23408	You must claim your currently accumulated expedition time rewards before switching maps. Claim them now?	คุณต้องรับรางวัลเวลาการสำรวจสะสมในปัจจุบันก่อนที่จะเปลี่ยนแผนที่อ้างสิทธิ์ตอนนี้เลยเหรอ?
23409	*View recent Hatching Records. Results may be slightly delayed. Up to 50 pages of records can be stored.	* ดูบันทึกการฟักไข่ล่าสุด ผลลัพธ์อาจล่าช้าเล็กน้อย สามารถจัดเก็บบันทึกได้สูงสุด 50 หน้า
23410	Once a pet with an Active Skill is deployed in the Active Slot, you can manually use its skill in battle	เมื่อสัตว์เลี้ยงที่มีทักษะใช้งานถูกใช้งานในช่องใช้งาน คุณจะสามารถใช้ทักษะของมันในการต่อสู้ได้ด้วยตนเอง
23411	Here, you can view your job's talent branches. Max out the prerequisite talent to unlock and select one!	ที่นี่ คุณสามารถดูสาขาความสามารถพิเศษของงานของคุณได้ใช้ความสามารถเบื้องต้นสูงสุดเพื่อปลดล็อคและเลือกหนึ่งรายการ!
23412	(Shakes head with feigned solemnity) The worst thing a Novice can do is have no idea what their goal is.	(ส่ายหัวด้วยท่าทีเคร่งขรึม) สิ่งที่แย่ที่สุดที่มือใหม่ทำได้คือไม่รู้ว่าเป้าหมายของพวกเขาคืออะไร
23413	Why is it just the two of you? Where are the captain and the others? ...You didn't find Professor Levin?	ทำไมมีแค่คุณสองคนล่ะ?กัปตันและคนอื่นๆ อยู่ที่ไหน?...คุณไม่พบศาสตราจารย์เลวินเหรอ?
23414	Your guild ranked No. @{1} on the Entire Server in the Hunting Challenge. Please claim the prizes below!	กิลด์ของคุณอยู่ในอันดับที่ 1@{1}บนเซิร์ฟเวอร์ทั้งหมดในการท้าทายการล่าสัตว์กรุณารับรางวัลด้านล่าง!
23415	Come now, Professor, please calm down. It's just an instrument. We'll certainly compensate you for it...	เอาล่ะศาสตราจารย์ กรุณาใจเย็นๆ หน่อยมันเป็นเพียงเครื่องดนตรีเราจะตอบแทนคุณอย่างแน่นอน...
23416	Gloom Over Dragon Sarcophagus Isle - ${1} Challenge is now open! Come join the fight against the dragon!	Gloom Over Dragon Sarcophagus Isle - การท้าทาย${1}เปิดแล้ว!มาร่วมต่อสู้กับมังกร!
23417	A blue-backed fish from Frozen waters that's very nutritious. Feed for the Pet [Leafy Cat]. Weight: @{1}	ปลาหลังสีน้ำเงินจากแหล่งน้ำแช่แข็งที่มีคุณค่าทางโภชนาการสูง อาหารสำหรับสัตว์เลี้ยง [Leafy Cat] น้ำหนัก:@{1}
23418	A precious flower that murmurs to itself even when no one is listening. It's the Rocker's favorite item.	ดอกไม้ล้ำค่าที่พึมพำกับตัวเองแม้ไม่มีใครฟัง เป็นสินค้าโปรดของชาวร็อคเกอร์
23419	When second prize is drawn, the reward is increased by an Extra @{1}% if using the Savage Babe Transform	เมื่อจับรางวัลที่สอง รางวัลจะเพิ่มขึ้นเป็น Extra@{1}% หากใช้ Savage Babe Transform
23420	When first prize is drawn, the reward is increased by an Extra @{1}% if using the Baphomet Jr. Transform	เมื่อจับรางวัลที่ 1 รางวัลจะเพิ่มเป็น Extra@{1}% หากใช้ Baphomet Jr. Transform
23421	When third prize is drawn, the reward is increased by an Extra @{1}% if using the Baphomet Jr. Transform	เมื่อจับรางวัลที่สาม รางวัลจะเพิ่ม Extra@{1}% หากใช้ Baphomet Jr. Transform
23422	You are responding to too many Get Help requests. Submit a response before responding to another player.	คุณกำลังตอบสนองต่อคำร้องขอรับความช่วยเหลือมากเกินไปส่งคำตอบก่อนที่จะตอบกลับผู้เล่นอื่น
23423	Rapidly attacks the target, dealing ATK * ^{1}@{2}%^{2} damage to the designated ST enemy within @{1} m.	โจมตีเป้าหมายอย่างรวดเร็ว สร้าง ATK * ^{1}@{2}%^{2}สร้างความเสียหายให้กับศัตรู ST ที่กำหนดภายใน@{1}m
23424	Cat o' Nine-Tail swings its Bell down on the enemy, dealing ^{1}${1}%^{2} Neutral melee Physical damage.	Cat o' Nine-Tail เหวี่ยงกระดิ่งใส่ศัตรู สร้าง ^{1}${1}%^{2}สร้างความเสียหายทางกายภาพระยะประชิดที่เป็นกลาง
23425	Once that's done, take the device to the stone pillar and attach the wire to ^{1}【the stone pillar】^{2}.	เสร็จแล้วให้นำอุปกรณ์ไปที่เสาหินแล้วติดลวดไปที่ ^{1}【เสาหิน】^{2}.
23426	Changes the armor element of yourself and up to ${3} allies within ${1} meters to Holy for ${2} seconds.	เปลี่ยนองค์ประกอบชุดเกราะของคุณและพันธมิตรสูงสุด${3}ภายใน${1}เมตรเป็นศักดิ์สิทธิ์เป็นเวลา${2}วินาที
23427	[Competition] Complete Kafra: Battle of the Survivors with at least @{1} Member from your Adventure Party	[การแข่งขัน] จบ Kafra: Battle of the Survivors โดยมีสมาชิก@{1}อย่างน้อยจากปาร์ตี้ผจญภัยของคุณ
23428	<color=#FA983A>${1} Function</color> is temporarily unavailable. Please check the official announcements.	<color=#FA983A>${1} Function</color> is temporarily unavailable. Please check the official announcements.
23429	Failed to Download the resource package. This may be a Network issue. Check your connection and Retry....	ไม่สามารถดาวน์โหลดแพ็คเกจทรัพยากรนี่อาจเป็นปัญหาเครือข่ายตรวจสอบการเชื่อมต่อของคุณและลองอีกครั้ง....
23430	^{1}^{2}^{3}Physical^{4}^{5}^{6}\n^{7}^{8}^{9}Melee^{10}^{11}^{12}\n^{13}^{14}^{15}Control^{16}^{17}^{18}	^{1}^{2}^{3}กายภาพ^{4}^{5}^{6}\n^{7}^{8}^{9}ประชิด^{10}^{11}^{12}\n^{13}^{14}^{15}ควบคุม^{16}^{17}^{18}
23431	Lemon and herbs infused in Alcohol until as clear as Crystal. Increases Life by @{1}~@{2} for @{3} hours.	มะนาวและสมุนไพรผสมแอลกอฮอล์จนใสดุจคริสตัลเพิ่มอายุการใช้งานโดย@{1}~@{2}เป็นเวลา@{3}ชั่วโมง
23432	Temporarily increases DEX by @{1} and AGI by @{2}, and detects hidden enemies within a @{3}-meter radius.	เพิ่ม DEX ชั่วคราวโดย@{1}และ AGI โดย@{2}และตรวจจับศัตรูที่ซ่อนอยู่ภายในรัศมี@{3}เมตร
23433	Does not actively attack players. Prioritizes charging toward the center of the island to attack the seal	ไม่โจมตีผู้เล่นอย่างแข็งขันจัดลำดับความสำคัญการชาร์จไปยังศูนย์กลางของเกาะเพื่อโจมตีผนึก
23434	Increases the Chance for ^{1}^{2}【Arrow Attack】^{3}^{4} to trigger ^{5}^{6}【Blitz Beat】^{7}^{8} by ${1}%.	เพิ่มโอกาสให้ ^{1}^{2}【Arrow Attack】^{3}^{4}ที่จะทริกเกอร์ ^{5}^{6}【Blitz Beat】^{7}^{8}โดย${1}%.
23435	You're strong enough to quickly advance to higher Floors. Do you want to continue challenging this Floor?	คุณแข็งแกร่งพอที่จะก้าวไปสู่ชั้นที่สูงขึ้นได้อย่างรวดเร็วคุณต้องการที่จะท้าทายชั้นนี้ต่อไปหรือไม่?
23436	SP Battery is a nickname for Sages/Sorcerers, as their Soul Change skill can restore party members' SP.	SP Battery เป็นชื่อเล่นของ Sages/Sorcerers เนื่องจากทักษะ Soul Change ของพวกมันสามารถฟื้นฟู SP ของสมาชิกปาร์ตี้ได้
23437	Here you can view the rewards for clearing each floor. Rewards are sent automatically after you clear it!	คุณสามารถดูรางวัลจากการเคลียร์แต่ละชั้นได้ที่นี่รางวัลจะถูกส่งโดยอัตโนมัติหลังจากที่คุณเคลียร์มันได้!
23438	Sorry for the lengthy explanation. The Eden Group staff should be waiting for you, so please hurry along.	ขออภัยสำหรับคำอธิบายที่ยาวเจ้าหน้าที่ของ Eden Group น่าจะรอคุณอยู่ ดังนั้นโปรดรีบไปด้วย
23439	Hello, Adventurer. If you wish to undergo your Job Advance, you must first submit your trial certificate.	สวัสดีนักผจญภัยหากคุณต้องการรับความก้าวหน้างาน คุณต้องส่งใบรับรองการทดลองใช้ของคุณก่อน
23440	You're the Chonchon! Your whole family's made of soot! Bobo is a noble Demon Poring! Get a good look, bo!	คุณคือชลชน!ทั้งครอบครัวของคุณทำจากเขม่า!Bobo เป็นปีศาจ Poring ผู้สูงศักดิ์!จับตาให้ดีนะโบ!
23441	The ${1} Misc Auction has Ended. Please claim the Dividends earned from this auction from the attachment.	การประมูลเบ็ดเตล็ด${1}สิ้นสุดลงแล้วกรุณาขอรับเงินปันผลที่ได้รับจากการประมูลครั้งนี้จากเอกสารแนบ
23442	You've worked hard traveling from Geffen to Morroc and all the way back. Geffen owes You one, Adventurer.	คุณทำงานหนักมากในการเดินทางจาก Geffen ไปยัง Morroc และตลอดทางกลับเกฟเฟนเป็นหนี้คุณนักผจญภัย
23443	Welcome! I'm a voting campaign representative sent to Prontera by Kafra Headquarters. How may I help you?	ยินดีต้อนรับ!ฉันเป็นตัวแทนรณรงค์ลงคะแนนเสียงที่สำนักงานใหญ่ Kafra ส่งไปยัง Pronteraฉันจะช่วยคุณได้อย่างไร?
23444	Not so fast. Your Job Advance granted you Newfound Power, but you must learn to understand and master it.	ไม่เร็วขนาดนั้นการเลื่อนงานของคุณให้พลังใหม่แก่คุณ แต่คุณต้องเรียนรู้ที่จะเข้าใจและเชี่ยวชาญมัน
23445	Ant Hell? Just hearing that gives me the creeps. What's that old guy doing in a horrible place like that?	มดนรก?แค่ได้ยินก็ขนลุกแล้วชายชราคนนั้นกำลังทำอะไรในสถานที่เลวร้ายเช่นนั้น?
23446	You're here. Perfect timing—the instrument has just finished starting up, so we can begin the field test.	คุณอยู่นี่จังหวะเวลาที่เหมาะสม—เครื่องมือเพิ่งสตาร์ทเสร็จ ดังนั้นเราจึงสามารถเริ่มการทดสอบภาคสนามได้
23447	The White Dove's an old friend of mine. She may sail steady now, but she once saved my life in a storm.	นกพิราบขาวเป็นเพื่อนเก่าของฉันตอนนี้เธออาจจะแล่นเรืออย่างมั่นคง แต่ครั้งหนึ่งเธอเคยช่วยชีวิตฉันไว้ในพายุ
23448	If you insist on staying on deck instead of going into the cabin, you'd better hold tight to the railing.	หากคุณยืนกรานที่จะอยู่บนดาดฟ้าแทนที่จะเข้าไปในห้องโดยสาร คุณควรจับราวให้แน่น
23449	Guide Golden Thief Bug toward a wormhole! Sandstorms will soon strike randomly from all sides of the map!	นำ Golden Thief Bug ไปสู่รูหนอน!พายุทรายจะโจมตีแบบสุ่มจากทุกด้านของแผนที่ในไม่ช้า!
23450	${1}'s party successfully escorted @{1} Basic Supply Cart(s), adding ${3} Military Supplies to the Guild.	ปาร์ตี้ของ${1}สามารถพา@{1}Basic Supply Cart ได้สำเร็จ โดยเพิ่ม${3}Military Supplies เข้าสู่กิลด์
23451	The situation at the Inn is critical! If it falls, the enemy will directly threaten the central district!	สถานการณ์ที่โรงแรมวิกฤติมาก!ถ้ามันล้มศัตรูจะคุกคามเขตกลางโดยตรง!
23452	A crystal imbued with magical energy. It powers Magic Equipment and is used to prepare for the New World.	คริสตัลที่เต็มไปด้วยพลังเวทย์มนตร์ มันขับเคลื่อนอุปกรณ์เวทย์มนตร์และใช้เพื่อเตรียมพร้อมสำหรับโลกใหม่
23453	Enhanced sacred armor plating combining high durability with holy protection, providing top-tier defense.	การชุบเกราะศักดิ์สิทธิ์ที่ได้รับการปรับปรุง ผสมผสานความทนทานสูงเข้ากับการปกป้องศักดิ์สิทธิ์ ให้การป้องกันระดับสูงสุด
23454	A Metal bar smelted from mithril. Both tough and lightweight, it can be used to forge standard equipment.	แท่งโลหะหลอมจากมิธริล ทั้งแข็งแกร่งและน้ำหนักเบา สามารถใช้หลอมอุปกรณ์มาตรฐานได้
23455	Adventure Party EXP obtained by completing Adventure Party quests. Increases the Adventure Party's level.	Adventure Party EXP ที่ได้รับจากการทำภารกิจ Adventure Party ให้สำเร็จ เพิ่มระดับของ Adventure Party
23456	Every Monday at 5:00 AM, ${1} reward claim attempts will be added for the highest-level unlocked dungeon.	ทุกวันจันทร์ เวลา 05:00 น. การพยายามรับรางวัล${1}จะถูกเพิ่มสำหรับดันเจี้ยนที่ปลดล็อคระดับสูงสุด
23457	When second prize is drawn, the reward is increased by an Extra @{1}% if using the Baphomet Jr. Transform	เมื่อจับรางวัลที่สอง รางวัลจะเพิ่ม Extra@{1}% หากใช้ Baphomet Jr. Transform
23458	Extremely pure Elunium Metal.\n^{1}Effect: Can be used to Refine +@{1} to +@{2} Armor and Accessories^{2}	โลหะอีลูเนียมที่บริสุทธิ์อย่างยิ่ง\n^{1}Effect: สามารถใช้เพื่อปรับแต่ง +@{1}ถึง +@{2}Armor and Accessories^{2}
23459	Phreeoni detonates the acid around itself, damaging players on HIT and applying 【Stomach Acid Corrosion】.	Phreeoni ระเบิดกรดรอบๆ ตัวมันเอง สร้างความเสียหายให้กับผู้เล่นเมื่อโดน HIT และทำให้กรดในกระเพาะอาหารเกิดการกัดกร่อน
23460	After your ^{1}【Stigmata】^{2} ends, trigger ^{3}^{4}【Organum】^{5}^{6} once more in the reverse direction.	หลังจากที่ ^{1}【Stigmata】^{2}ของคุณจบลง ให้ทริกเกอร์ ^{3}^{4}【Organum】^{5}^{6}อีกครั้งในทิศทางตรงกันข้าม
23461	Deals Poison-element melee Physical damage equal to Physical ATK*^{1}${1}%^{2} to the specified ST enemy.	สร้างความเสียหายทางกายภาพระยะประชิดที่มีองค์ประกอบพิษเท่ากับ ATK ทางกายภาพ*^{1}${1}%^{2}ไปยังศัตรู ST ที่ระบุ
23462	I know why you tried talking to me. It's because the Black Cat Ears I'm wearing are so cute, right? Hehe.	ฉันรู้ว่าทำไมคุณถึงพยายามคุยกับฉันเพราะหูแมวดำที่ฉันใส่มันน่ารักใช่ไหมล่ะ?อิอิ
23463	He and this old lady were childhood sweethearts, you know. Hehehe~ Perhaps I'll tempt him with my beauty?	เขาและหญิงชราคนนี้เป็นคู่รักในวัยเด็กนะรู้ไหมอิอิอิ~ บางทีฉันอาจจะล่อลวงเขาด้วยความงามของฉันเหรอ?
23464	That's way too unfair. No, we have to think of something. We can't let them keep pushing everyone around.	นั่นไม่ยุติธรรมเกินไปไม่ เราต้องคิดอะไรบางอย่างเราไม่สามารถปล่อยให้พวกเขากดดันทุกคนต่อไปได้
23465	Please take this necklace. Think of it as a protective charm. It will keep you safe on the journey ahead.	กรุณารับสร้อยคอเส้นนี้ไปด้วยคิดว่ามันเป็นเครื่องรางป้องกันมันจะทำให้คุณปลอดภัยในการเดินทางข้างหน้า
23466	After requesting support, you need at least 3 supporting Members before you can create an Adventure Guild	หลังจากขอรับการสนับสนุน คุณต้องมีสมาชิกที่สนับสนุนอย่างน้อย 3 คนก่อนจึงจะสามารถสร้างกิลด์การผจญภัยได้
23467	Physical/Magic ATK and DEF -^{1}${1}%^{2}, Attack Speed -^{3}${2}%^{4}, and Movement Speed -^{5}${3}%^{6}	ATK และ DEF กายภาพ/เวทมนตร์ -^{1}${1}%^{2}, ความเร็วในการโจมตี -^{3}${2}%^{4}และความเร็วในการเคลื่อนที่ -^{5}${3}%^{6}
23468	Every @{1} STR grants @{2} melee-class Physical ATK, @{3} Physical DEF, and @{4}% melee-class Physical ATK	ทุก ๆ@{1}STR มอบ@{2}พลังโจมตีกายภาพระยะประชิด,@{3}DEF กายภาพ และ@{4}% ของ ATK กายภาพระยะประชิด
23469	Disbanding the party will immediately destroy the escort cart. Are you sure you want to disband the party?	การยุบปาร์ตี้จะทำลายรถคุ้มกันทันที คุณแน่ใจหรือว่าต้องการยุบพรรค?
23470	Your client version is too old to ensure a stable gameplay experience. Please Download the latest version.	เวอร์ชันไคลเอนต์ของคุณเก่าเกินไปที่จะรับประกันประสบการณ์การเล่นเกมที่เสถียรกรุณาดาวน์โหลดเวอร์ชันล่าสุด
23471	Compete against other Adventurers. The team that ultimately defeats YU will receive the following rewards.	แข่งขันกับนักผจญภัยคนอื่นๆ ทีมที่เอาชนะ YU ได้ในที่สุดจะได้รับรางวัลดังต่อไปนี้
23472	\nYou earned a total of ^{1}${1}^{2} Adventure Coins during your travels, making you quite the moneymaker.	\nคุณได้รับ ^{1}${1}^{2}Adventure Coins ในระหว่างการเดินทาง ทำให้คุณสร้างรายได้ค่อนข้างมาก
23473	Rune Spear can ride a dragon and excels at Killing lone enemies while offering both durability and damage.	Rune Spear สามารถขี่มังกรและเก่งในการฆ่าศัตรูเพียงลำพังในขณะที่ให้ทั้งความทนทานและความเสียหาย
23474	Both sides gain a same-Guild Member bonus: damage dealt to Bosses +@{1}%, damage taken from Bosses -@{2}%.	ทั้งสองฝ่ายได้รับโบนัสสมาชิกกิลด์เดียวกัน: ความเสียหายที่ทำกับบอส +@{1}%, ความเสียหายที่ได้รับจากบอส -@{2}%
23475	^{1}^{2}【Blitz Beat】^{3}^{4} increases its percentage damage multiplier by ${1}% and fixed damage by ${2}.	^{1}^{2}【Blitz Beat】^{3}^{4}เพิ่มตัวคูณเปอร์เซ็นต์ความเสียหายเป็น${1}% และความเสียหายคงที่เป็น${2}
23476	^{1}^{2}[Spiral Pierce]^{3}^{4} can also Deals DMG to ${2} Other enemies within ${1} meters of the target.	^{1}^{2}[เจาะเกลียว]^{3}^{4}สามารถสร้าง DMG ไปยัง${2}ศัตรูอื่น ๆ ที่อยู่ภายใน${1}เมตรของเป้าหมายได้เช่นกัน
23477	When 【Fire Ball】 hits the primary target, deals Splash damage to up to ${2} enemies within a ${1}m radius.	เมื่อ 【Fire Ball】 โจมตีเป้าหมายหลัก จะสร้างความเสียหายแบบกระจายให้กับศัตรูสูงสุด${2}ภายในรัศมี${1}m
23478	See the chest below? Participate in Daily activities to increase your Activity, then you can Claim it, bo!	ดูอกด้านล่างไหม?เข้าร่วมกิจกรรมรายวันเพื่อเพิ่มกิจกรรมของคุณ จากนั้นคุณสามารถรับสิทธิ์ได้ โบ!
23479	This is the MVP reward you earned during the Wedding Crashers event. Please claim it from the attachments.	นี่คือรางวัล MVP ที่คุณได้รับระหว่างกิจกรรม Wedding Crashersกรุณาอ้างสิทธิ์จากเอกสารแนบ
23480	Here is the reward you left behind in the Symphony of Creation event. Please claim it from the attachment.	นี่คือรางวัลที่คุณทิ้งไว้ในกิจกรรม Symphony of Creationกรุณาอ้างสิทธิ์จากเอกสารแนบ
23481	I hear that if you travel south from Geffen, you'll reach a vast forest inhabited by monsters called Orcs.	ฉันได้ยินมาว่าถ้าคุณเดินทางไปทางใต้จาก Geffen คุณจะไปถึงป่าอันกว้างใหญ่ที่มีสัตว์ประหลาดชื่อ Orcs อาศัยอยู่
23482	If they experienced things that were familiar to them in life, could that possibly restore their memories?	หากพวกเขาประสบกับสิ่งที่คุ้นเคยในชีวิต นั่นจะสามารถฟื้นความทรงจำของพวกเขาได้หรือไม่?
23483	Those two idiots always make Easy things complicated. If we want to pull off something big, it's up to me.	ไอ้โง่สองคนนี้มักจะทำเรื่องง่ายให้ซับซ้อนอยู่เสมอถ้าเราอยากจะดึงสิ่งที่ยิ่งใหญ่ออกมาก็ขึ้นอยู่กับฉัน
23484	Hahaha! Judging by your face, you must be nervous about your first airship ride. Relax—I've got your back!	ฮ่าๆ!ดูจากสีหน้าแล้ว คุณต้องกังวลเกี่ยวกับการนั่งเรือเหาะครั้งแรกผ่อนคลาย - ฉันคอยสนับสนุนคุณอยู่!
23485	Excellent. From this day forward, you officially walk your own path. Remember, this is only the beginning.	สุดยอดครับตั้งแต่วันนี้เป็นต้นไป คุณจะเดินตามเส้นทางของคุณเองอย่างเป็นทางการจำไว้ว่านี่เป็นเพียงจุดเริ่มต้นเท่านั้น
23486	My instruction in Prontera ends here. True growth requires You to hone your skills out in the wider world.	คำสั่งของฉันใน Prontera สิ้นสุดที่นี่การเติบโตที่แท้จริงทำให้คุณต้องฝึกฝนทักษะของคุณในโลกกว้าง
23487	What a terrible waste... Fine, until we meet again. And we will meet again, little Poring. I know we will.	ช่างเป็นการเสียเปล่าจริงๆ...ก็ได้ จนกว่าเราจะพบกันใหม่แล้วเราจะได้พบกันใหม่นะ โปริ่งน้อยฉันรู้ว่าเราจะทำ
23488	It's finally over! Today was even more exhausting than being chased by a Peco Peco! Time to get some rest~	ในที่สุดก็จบแล้ว!วันนี้เหนื่อยยิ่งกว่าถูก Peco Peco ไล่ล่าเสียอีก!ได้เวลาพักผ่อนแล้ว~
23489	Why are you looking at Me? Didn't the queen order you to give Me your full cooperation? Is that a problem?	มองฉันทำไม?ราชินีไม่ได้สั่งให้คุณให้ความร่วมมืออย่างเต็มที่กับฉันเหรอ?นั่นเป็นปัญหาหรือไม่?
23490	Guild Challenge: Eternal Land is now open. The Guild Master or Vice Guild Master must start the challenge.	Guild Challenge: Eternal Land เปิดให้บริการแล้วGuild Master หรือ Vice Guild Master จะต้องเริ่มการท้าทาย
23491	Isti invites you to perform an Ocean Concerto! Quickly touch the bubble matching your note to gain a buff.	Isti ขอเชิญคุณมาแสดง Ocean Concerto!แตะฟองอากาศที่ตรงกับโน้ตของคุณอย่างรวดเร็วเพื่อรับบัฟ
23492	Guild Member ${1} has chosen to Impeach the Guild Leader. Please respond and help keep the guild thriving.	สมาชิกกิลด์${1}ได้เลือกที่จะฟ้องร้องหัวหน้ากิลด์โปรดตอบสนองและช่วยให้กิลด์เจริญรุ่งเรือง
23493	A semi-finished silk material designed for shoulder armor. Used to craft fine shoulder equipment or armor.	วัสดุผ้าไหมกึ่งสำเร็จรูปที่ออกแบบมาสำหรับเกราะไหล่ ใช้ในการผลิตอุปกรณ์หรือชุดเกราะไหล่ชั้นดี
23494	Toot, toot, toot! Use this special Deviruchi Horn to shout to everyone and trigger a special shout effect.	ตุ๊ด ตุ๊ด ตู๊ด!ใช้เขาเดวิรูจิพิเศษนี้เพื่อตะโกนใส่ทุกคนและทำให้เกิดเอฟเฟกต์เสียงตะโกนพิเศษ
23495	A dagger made of Damascus steel. When it reflects light, beautiful wave-like patterns appear on its blade.	กริชที่ทำจากเหล็กดามัสกัส เมื่อสะท้อนแสง จะมีลวดลายคล้ายคลื่นที่สวยงามปรากฏบนใบมีด
23496	Use even more powerful Magic. Master Earth and Fire to cast massive AoE spells that greatly aid the party.	ใช้เวทมนตร์ที่ทรงพลังยิ่งขึ้นเชี่ยวชาญ Earth and Fire เพื่อร่ายคาถา AoE ขนาดใหญ่ที่ช่วยปาร์ตี้ได้อย่างมาก
23497	Use even more powerful Magic. Master Wind and Water to cast massive AoE spells that greatly aid the party.	ใช้เวทย์มนตร์ที่ทรงพลังยิ่งกว่าเดิม เชี่ยวชาญสายลมและน้ำเพื่อร่ายคาถา AoE ขนาดใหญ่ที่ช่วยเหลือปาร์ตี้ได้อย่างมาก
23498	Don celestial robes and dance in the Moonlight.\nExclusive performance action for the Nine-Tone Mantra set	สวมชุดคลุมสวรรค์แล้วเต้นรำท่ามกลางแสงจันทร์\nสมรรถนะสุดพิเศษสำหรับชุด Nine-Tone Mantra
23499	Reduces the damage you take from ^{3}Undead^{4} Monsters and ^{5}Demon Race^{6} Monsters by ^{1}${1}%^{2}.	ลดความเสียหายที่คุณได้รับจาก ^{3}Undead^{4}Monsters และ ^{5}Demon Race^{6}Monsters โดย ^{1}${1}%^{2}
23500	Unleashes an evil spirit, dealing ATK * ^{1}@{3}%^{2} damage to up to @{2} enemies within a @{1} m radius.	ปลดปล่อยวิญญาณชั่วร้าย สร้าง ATK * ^{1}@{3}%^{2}สร้างความเสียหายให้กับศัตรูสูงสุด@{2}ภายในรัศมี@{1}m
23501	After use, creates a Chain in the selected Guild Battlefield, inflicting Movement Disabled on all players.	หลังการใช้งาน สร้างเชนในสนามรบกิลด์ที่เลือก ซึ่งจะทำให้ผู้เล่นทุกคนปิดการใช้งานการเคลื่อนไหว
23502	I'll tell you, but on one condition—you'll be my partner for the opening dance at the royal banquet later.	ฉันจะบอกคุณ แต่มีเงื่อนไขข้อหนึ่ง—คุณจะเป็นคู่หูของฉันในการเต้นรำเปิดในงานเลี้ยงหลวงในภายหลัง
23503	When dealing damage while above @{1}% Life, Physical ATK is treated as being increased by Base Lv. * @{2}.	เมื่อสร้างความเสียหายในขณะที่มากกว่า@{1}% พลังชีวิต การโจมตีทางกายภาพจะถือว่าเพิ่มขึ้นตาม Base Lv*@{2}.
23504	Character ASPD: ${1}%.\nASPD reduces the animation time of the character's Basic Attacks and certain skills	อักขระ ASPD:${1}%\nASPD ช่วยลดเวลาแอนิเมชั่นของการโจมตีพื้นฐานและทักษะบางอย่างของตัวละคร
23505	When a skill lands a critical hit, Damage Skills deal ${1}% damage and Healing Skills provide ${2}% healing	เมื่อทักษะเข้าสู่การโจมตีคริติคอล ทักษะความเสียหายจะสร้างความเสียหาย${1}% และทักษะการรักษาจะให้การรักษา${2}%
23506	Wild beasts have recently been prowling around the village. Help the Elder Lady find her missing livestock.	สัตว์ป่าเพิ่งออกด้อม ๆ มองๆ ไปรอบๆ หมู่บ้านช่วยหญิงชราค้นหาปศุสัตว์ที่หายไปของเธอ
23507	Your Account has been 【banned】. If you are Confused, please contact Customer Support.\nBan End Time: 【${1}】	บัญชีของคุณถูก 【แบน】หากคุณสับสน โปรดติดต่อฝ่ายสนับสนุนลูกค้าเวลาสิ้นสุดการแบน\n: 【${1}】
23508	\nThroughout your travels, you never stopped training and improving yourself. Here's what you accomplished:	\nตลอดการเดินทาง คุณไม่เคยหยุดฝึกฝนและพัฒนาตนเองนี่คือสิ่งที่คุณทำสำเร็จ:
23509	As a mid- to high-ranking cleric of the Church, they further enhance their Healing and team Buff abilities.	ในฐานะนักบวชระดับกลางถึงระดับสูงของศาสนจักร พวกเขาปรับปรุงความสามารถในการรักษาและบัฟของทีมให้ดียิ่งขึ้น
23510	Are you sure you want to leave the Grand Celebration Invitation event?\n(Leaving will count as forfeiting.)	คุณแน่ใจหรือไม่ว่าต้องการออกจากงาน Grand Celebration Invitation?\n(ออกจะถือว่าสละสิทธิ์)
23511	When taking damage, changes your armor's element to Holy for @{1} seconds. Internal Cooldown: @{2} seconds.	เมื่อได้รับความเสียหาย เปลี่ยนองค์ประกอบของชุดเกราะเป็นศักดิ์สิทธิ์เป็นเวลา@{1}วินาทีคูลดาวน์ภายใน:@{2}วินาที
23512	^{1}^{2}[Brandish Spear]^{3}^{4} can also Deals DMG to ${2} Other enemies within ${1} meters of the target.	^{1}^{2}[Brandish Spear]^{3}^{4}สามารถสร้าง DMG ให้กับ${2}ศัตรูอื่นๆ ที่อยู่ภายในระยะ${1}เมตรของเป้าหมายได้เช่นกัน
23513	Learning ^{1}^{2}[Katar Mastery]^{3}^{4} and ^{5}^{6}[Dual-Wield Mastery]^{7}^{8} grants an Extra ${1} AGI.	Learning ^{1}^{2}[Katar Mastery]^{3}^{4}และ ^{5}^{6}[Dual-Wield Mastery]^{7}^{8}มอบสิทธิ์${1}AGI พิเศษ
23514	Drake^{1}performs @{1} consecutive Movement thrusts toward the player^{2}, damaging targets along his path.	Drake^{1}ทำการเคลื่อนไหวต่อเนื่องของ@{1}พุ่งเข้าหาผู้เล่น^{2}สร้างความเสียหายให้กับเป้าหมายตามเส้นทางของเขา
23515	(Looks down in thought) Hmm, fascinating. I've never heard of a crystal ball shining so brilliantly before.	(ก้มหน้าครุ่นคิด) อืม น่าหลงใหล ฉันไม่เคยได้ยินเกี่ยวกับลูกบอลคริสตัลที่ส่องแสงสุกใสขนาดนี้มาก่อน
23516	Good afternoon. Please present your boarding pass and confirm that your carry-on luggage is not overweight.	สวัสดีตอนบ่ายครับโปรดแสดงบัตรผ่านขึ้นเครื่องของคุณและยืนยันว่าสัมภาระถือขึ้นเครื่องของคุณไม่มีน้ำหนักเกิน
23517	Aquinnie and the others haven't returned yet, and there's no one at the camp to spare for a rescue mission.	Aquinnie และคนอื่นๆ ยังไม่กลับมา และไม่มีใครในค่ายว่างสำหรับภารกิจช่วยเหลือ
23518	Well, well. Looks like someone's already forgotten the time the ants carried you off like a takeout order??	เอาล่ะดูเหมือนมีคนลืมไปแล้วว่าตอนที่มดอุ้มคุณไปเหมือนสั่งกลับบ้าน??
23519	^{1}PlayerName^{2}, here—take my precious [Pseudo-Queen Pheromone]. Don't drop it! Just sprinkle it on You.	^{1}PlayerName^{2}เอา [Pseudo-Queen Pheromone] อันล้ำค่าของฉันไปด้วยอย่าทิ้งมัน!เพียงแค่โรยมันลงบนตัวคุณ
23520	Welcome! Would you like a bouquet for someone special? The birds of paradise look especially vibrant today!	ยินดีต้อนรับ!อยากได้ช่อดอกไม้สำหรับคนพิเศษไหม?วันนี้นกสวรรค์ดูมีชีวิตชีวาเป็นพิเศษ!
23521	They say that Honey isn't just sweet and delicious—it's also highly nutritious and sells for a hefty price.	ว่ากันว่าน้ำผึ้งไม่ได้มีแค่รสหวานอร่อยเท่านั้น แต่ยังมีคุณค่าทางโภชนาการสูงและขายในราคาที่สูงอีกด้วย
23522	Let's run away~ Just the two of us, leaving everything behind~ Beneath Java's blue skies and starry nights~	วิ่งหนีกันเถอะ~ แค่เราสองคน ทิ้งทุกอย่างไว้ข้างหลัง~ ใต้ท้องฟ้าสีครามและค่ำคืนที่เต็มไปด้วยดวงดาวของเกาะชวา~
23523	To celebrate our @{1}th wedding anniversary, we've decided to return to Java, where we spent our honeymoon!	เพื่อเฉลิมฉลองครบรอบแต่งงานปี@{1}เราได้ตัดสินใจกลับไปที่เกาะชวา ซึ่งเป็นที่ที่เราฮันนีมูนกัน!
23524	We'll have to walk this street again this afternoon. We went too fast earlier, so I didn't get a good look.	บ่ายนี้เราจะต้องเดินถนนสายนี้อีกครั้งเราไปเร็วเกินไปดังนั้นฉันจึงไม่ได้ดูดี
23525	I never expected Goblins to be this noisy. They chatter from morning till night. It's louder than the city!	ฉันไม่เคยคิดว่า Goblins จะมีเสียงดังขนาดนี้พวกเขาคุยกันตั้งแต่เช้าจรดค่ำดังกว่าในเมือง!
23526	Before I left home, my neighbor said Prontera has everything, everything's expensive, and everything's fun.	ก่อนออกจากบ้าน เพื่อนบ้านบอกว่า Prontera มีทุกอย่าง ทุกอย่างแพง และทุกอย่างก็สนุก
23527	There's no reasoning with a crooked merchant like that. All right, we have the tickets. We can set out now.	ไม่มีเหตุผลอะไรกับพ่อค้าจอมโกงแบบนั้นเอาล่ะ เรามีตั๋วแล้วเราสามารถออกเดินทางได้แล้ว
23528	No, no, no! This alchemical hatching method is all the rage across the entire Midgard continent. Go try it!	ไม่ ไม่ ไม่!วิธีการฟักไข่ด้วยการเล่นแร่แปรธาตุนี้กำลังเป็นที่ฮือฮาไปทั่วทั้งทวีปมิดการ์ดไปลองเลย!
23529	${1}'s party successfully escorted @{1} Elite Treasure Cart(s), adding ${3} Military Supplies to the Guild.	ปาร์ตี้ของ${1}สามารถพา@{1}Elite Treasure Cart ได้สำเร็จ โดยเพิ่ม${3}Military Supplies เข้าสู่กิลด์
23530	Wule, this is an emergency! Use the signal flare, quickly! If Eddga reaches town, we're in serious trouble!	วูเล่ นี่เป็นเหตุฉุกเฉิน!ใช้พลุสัญญาณด่วน!ถ้า Eddga มาถึงเมือง เราคงเดือดร้อนหนักแน่!
23531	Bobo\nHey, hey~ Master! That Elder Lady over there seems to be waving us over. Let's go see what she wants.	โบโบ\nเฮ้ เฮ้~ อาจารย์!ดูเหมือนว่าผู้อาวุโสหญิงที่อยู่ตรงนั้นจะโบกมือให้เราไปดูสิว่าเธอต้องการอะไร
23532	Enhance the Bonfire Blessing, granting a @{2}% Chance for rewards received every @{1} seconds to be doubled	เสริมพลังพรกองไฟ โดยให้โอกาส@{2}% รับรางวัลที่ได้รับทุก ๆ@{1}วินาทีเป็นสองเท่า
23533	A coin formed from the crystallized faith of Valhalla. Used to increase the level of Heroic Spirit statues.	เหรียญที่สร้างขึ้นจากศรัทธาที่ตกผลึกของวัลฮัลลา ใช้เพื่อเพิ่มระดับของรูปปั้นวิญญาณวีรชน
23534	Listen to the Nine-Tone Mantra and await the moonlight.\nExclusive Idle Action for the Nine-Tone Mantra set	ฟังมนต์เก้าโทน และรอแสงจันทร์\nExclusive Idle Action สำหรับชุด Nine-Tone Mantra
23535	A purer grade of Elunium Metal.\n^{1}Effect: Can be used to Refine +@{1} to +@{2} Armor and Accessories^{2}	เกรด Elunium Metal ที่บริสุทธิ์กว่า\n^{1}Effect: สามารถใช้เพื่อปรับแต่ง +@{1}ถึง +@{2}Armor and Accessories^{2}
23536	Grants allies within a @{1} m radius ^{1}【Endure】^{2} and reduces their damage taken by @{2}% for @{3} sec.	ให้พันธมิตรภายในรัศมี@{1}m ^{1}【อดทน】^{2}และลดความเสียหายที่ได้รับโดย@{2}% เป็นเวลา@{3}วินาที
23537	After use, creates a Nightmare Mystery Box in the selected Guild Battlefield. All players Cannot use skill.	หลังการใช้งาน สร้างกล่องปริศนาฝันร้ายในสนามรบกิลด์ที่เลือก ผู้เล่นทุกคนไม่สามารถใช้ทักษะได้
23538	Increases the STR, INT, and DEX of yourself and allies within a @{1}-meter radius by @{2} for @{3} seconds.	เพิ่ม STR, INT และ DEX ของคุณและพันธมิตรภายในรัศมี@{1}เมตรขึ้น@{2}เป็นเวลา@{3}วินาที
23539	Permanently increases Physical ATK by ^{1}${1}^{2}, AGI by ^{3}${2}^{4}, and Attack Speed by ^{5}${3}%^{6}.	เพิ่ม ATK ทางกายภาพอย่างถาวรโดย ^{1}${1}^{2}, AGI โดย ^{3}${2}^{4}และความเร็วในการโจมตีโดย ^{5}${3}%^{6}.
23540	This location cannot be selected as your drop point. You have been automatically switched to a nearby area.	ตำแหน่งนี้ไม่สามารถเลือกเป็นจุดดรอปของคุณได้คุณถูกเปลี่ยนไปยังพื้นที่ใกล้เคียงโดยอัตโนมัติ
23541	(Grins foolishly) Instructor touched my head... and is going to teach me how to roast rabbit heads. Hehe...	(ยิ้มอย่างโง่เขลา) อาจารย์จับหัวฉัน... และกำลังจะสอนวิธีย่างหัวกระต่ายให้ฉัน อิอิ...
23542	Damage reduction increased by @{1}%. Each Floor of a defensive buff grants an Extra @{2}% damage reduction.	การลดความเสียหายเพิ่มขึ้น@{1}%แต่ละชั้นของบัฟป้องกันจะมอบการลดความเสียหายพิเศษ@{2}%
23543	^{1}【Radiant Holy Light】^{2}'s ATK coefficient for percentage-based HP recovery increases by ^{3}${1}%^{4}.	^{1}【แสงศักดิ์สิทธิ์ที่เปล่งประกาย】^ ค่าสัมประสิทธิ์ ATK ของ{2}สำหรับการฟื้นฟู HP ตามเปอร์เซ็นต์เพิ่มขึ้น ^{3}${1}%^{4}
23544	Individual rewards are distributed based on rankings on the <color=#fdab5b>Battle Merit Leaderboard</color>.	Individual rewards are distributed based on rankings on the <color=#fdab5b>Battle Merit Leaderboard</color>.
23545	With matters in Sograt Desert settled for now, go to the Eden Group and see what new requests are available.	เมื่อเรื่องต่างๆ ใน ​​Sograt Desert ตกลงกันได้แล้ว ให้ไปที่ Eden Group และดูว่ามีคำขอใหม่อะไรบ้าง
23546	Due to multiple violations, your suspension periods have been combined. Please refer to the latest end time.	เนื่องจากมีการละเมิดหลายครั้ง ระยะเวลาการระงับของคุณจึงถูกรวมเข้าด้วยกันโปรดดูเวลาสิ้นสุดล่าสุด
23547	Unused cards that are not Tier @{1} can use the ^{1}Return^{2} button to return their advancement materials.	การ์ดที่ไม่ได้ใช้ซึ่งไม่ใช่ระดับ@{1}สามารถใช้ปุ่ม ^{1}Return^{2}เพื่อส่งคืนวัสดุความก้าวหน้า
23548	Protected by the power of light, granting Endure and immunity to control effects and Knockback for @{1} sec.	ได้รับการปกป้องด้วยพลังแห่งแสง ให้ความทนทานและภูมิคุ้มกันในการควบคุมเอฟเฟกต์และการกระแทกกลับเป็นเวลา@{1}วินาที
23549	Protected by the power of light, granting Endure and immunity to control effects and knockback for @{1} sec.	ได้รับการปกป้องด้วยพลังแห่งแสง ให้ความทนทานและภูมิคุ้มกันในการควบคุมเอฟเฟกต์และการกระเด็นเป็นเวลา@{1}วินาที
23550	^{1}^{2}【Arrow Attack】^{3}^{4} increases its percentage damage multiplier by ${1}% and fixed damage by ${2}.	^{1}^{2}【ลูกศรโจมตี】^{3}^{4}เพิ่มตัวคูณเปอร์เซ็นต์ความเสียหายเป็น${1}% และความเสียหายคงที่โดย${2}
23551	^{1}^{2}【Arrow Shower】^{3}^{4} increases its percentage damage multiplier by ${1}% and fixed damage by ${2}.	^{1}^{2}【Arrow Shower】^{3}^{4}เพิ่มตัวคูณความเสียหายเป็นเปอร์เซ็นต์${1}% และความเสียหายคงที่โดย${2}
23552	When first prize is drawn, the reward is increased by an Extra @{1}% if using the Baby Desert Wolf Transform	เมื่อจับรางวัลที่หนึ่ง รางวัลจะเพิ่มขึ้นอีก@{1}% พิเศษ หากใช้ Baby Desert Wolf Transform
23553	The Boss now uses skills based on the previously recorded actions. Players must ^{1}dodge them in order^{2}.	ตอนนี้บอสใช้ทักษะตามการกระทำที่บันทึกไว้ก่อนหน้านี้ผู้เล่นจะต้อง ^{1}หลบพวกมันตามลำดับ^{2}
23554	Unleash an evil spirit, dealing ATK * ^{1}@{3}%^{2} damage to up to @{2} enemies within a @{1}-meter radius.	ปลดปล่อยวิญญาณชั่วร้าย สร้าง ATK * ^{1}@{3}%^{2}สร้างความเสียหายให้กับศัตรูสูงสุด@{2}ภายในรัศมี@{1}เมตร
23555	I created the guild <color=#FCAA5B>${1}</color> and invite you to respond (<color=#FCAA5B>${2}</color>/${3})	I created the guild <color=#FCAA5B>${1}</color> and invite you to respond (<color=#FCAA5B>${2}</color>/${3})
23556	For some reason, your MVP reward got lost along the way. We've reissued it, so please check the attachments.	ด้วยเหตุผลบางอย่าง รางวัล MVP ของคุณจึงหายไประหว่างทางเราได้ออกใหม่แล้ว ดังนั้นโปรดตรวจสอบเอกสารแนบ
23557	You successfully participated in the Gloom over Dragoncasket Island event and earned a participation reward.	คุณเข้าร่วมกิจกรรม Gloom over Dragoncasket Island ได้สำเร็จ และได้รับรางวัลการเข้าร่วม
23558	All right, great scientist. Should I send a team of Adventurers with you so you don't get carried off again?	เอาล่ะ นักวิทยาศาสตร์ผู้ยิ่งใหญ่ ฉันควรจะส่งทีมนักผจญภัยไปกับคุณเพื่อไม่ให้ถูกพาตัวไปอีกครั้งหรือไม่?
23559	Demon King Morroc has apparently returned through a Revive, emerging from a rift in time and space... Hic...	Demon King Morroc เห็นได้ชัดว่ากลับมาผ่านการฟื้นคืนชีพ โดยโผล่ออกมาจากรอยแยกแห่งกาลเวลาและสถานที่... ฮิก...
23560	Once we reach the desert, I'll show you a real sunrise over the sea of sand. Now that's a magnificent sight!	เมื่อเราไปถึงทะเลทราย ฉันจะพาคุณไปดูพระอาทิตย์ขึ้นที่แท้จริงเหนือผืนทรายตอนนี้เป็นภาพที่งดงามมาก!
23561	The Dragonblood Crystal has appeared in the center of the arena! Pick it up to Score points and gain a Buff.	Dragonblood Crystal ปรากฏตัวขึ้นที่ใจกลางเวทีแล้ว!หยิบมันขึ้นมาเพื่อทำคะแนนและรับบัฟ
23562	A Rift Stone has appeared on Channel ^{3}${2}^{4} in ^{1}${1}^{2}. Adventurers, hurry over and challenge it~	Rift Stone ได้ปรากฏบนช่อง ^{3}${2}^{4}ใน ^{1}${1}^{2}นักผจญภัย รีบมาท้าทายกันเถอะ~
23563	Good news! Prontera's central defenses have held, and the Goddess Legion's latest assault has been repelled!	ข่าวดี!การป้องกันส่วนกลางของ Prontera ได้ยึดไว้แล้ว และการโจมตีล่าสุดของ Goddess Legion ก็ถูกขับไล่ออกไป!
23564	Bobo\n(Flies up from the ground) We tried to help, but we got beaten up instead! Huh? Where's the Professor?	Bobo\n(บินขึ้นจากพื้น) เราพยายามช่วยแล้ว แต่ดันโดนตีแทน!ฮะ?ศาสตราจารย์อยู่ไหน?
23565	A high-strength coating applied in multiple layers, providing excellent protection and corrosion resistance.	การเคลือบที่มีความแข็งแรงสูงที่ใช้หลายชั้น ให้การป้องกันและความต้านทานการกัดกร่อนที่ดีเยี่ยม
23566	Soaking iron several times in a special solution increases its strength, producing harder weapons and armor.	การแช่เหล็กหลายครั้งในสารละลายพิเศษจะเพิ่มความแข็งแกร่ง ทำให้สร้างอาวุธและชุดเกราะที่แข็งขึ้น
23567	Lightweight yet sturdy boots reinforced with iron plates around the ankles to protect the feet from impacts.	รองเท้าบู๊ตน้ำหนักเบาแต่ทนทานเสริมด้วยแผ่นเหล็กรอบข้อเท้าเพื่อปกป้องเท้าจากการกระแทก
23568	Can learn High Speed Cart Ram, Cart Boost, and other skills to further Enhance damage and buff capabilities.	สามารถเรียนรู้ High Speed Cart Ram, Cart Boost และทักษะอื่น ๆ เพื่อเพิ่มความสามารถในการสร้างความเสียหายและบัฟ
23569	When third prize is drawn, the reward is increased by an Extra @{1}% if using the Baby Desert Wolf Transform	เมื่อจับรางวัลที่สาม รางวัลจะเพิ่มขึ้นเป็น Extra@{1}% หากใช้ Baby Desert Wolf Transform
23570	Great! We've recovered most of our cargo too, though quite a few pieces of valuable porcelain were broken...	เยี่ยมมาก!เราได้นำสินค้าส่วนใหญ่ของเรากลับมาด้วยเช่นกัน แม้ว่าเครื่องลายครามอันมีค่าจำนวนหนึ่งจะถูกทำลายก็ตาม...
23571	Have the Falcon scan the area, revealing all enemies on the Mini Map to you and your teammates for @{1} sec.	ให้เหยี่ยวสแกนพื้นที่ เผยศัตรูทั้งหมดบนแผนที่ย่อให้คุณและเพื่อนร่วมทีมเห็นเป็นเวลา@{1}วินาที
23572	Choco lets out an encouraging cheer, increasing the master's Attack Speed by ^{1}${1}%^{2} for ${2} seconds.	Choco ส่งเสียงเชียร์ โดยเพิ่มความเร็วในการโจมตีของมาสเตอร์ขึ้น ^{1}${1}%^{2}เป็นเวลา${2}วินาที
23573	(Steps forward and forces a smile) Grandma Gwen, we're back. We'd like to talk things over with you again...	(ก้าวไปข้างหน้าแล้วฝืนยิ้ม) คุณยายเกว็น เรากลับมาแล้ว เราอยากจะคุยกับคุณอีกครั้ง...
23574	Rest assured, I am here to help you. I have been searching for you in this world for a very, very long time.	มั่นใจได้ ฉันพร้อมช่วยเหลือคุณฉันตามหาเธอในโลกนี้มานานแสนนาน
23575	When taking damage from a player, HP Recovery increases by @{1}% of Max HP for @{2} sec. Cooldown: @{3} sec.	เมื่อได้รับความเสียหายจากผู้เล่น การฟื้นฟู HP จะเพิ่มขึ้น@{1}% ของ HP สูงสุดเป็นเวลา@{2}วินาทีคูลดาวน์:@{3}วินาที
23576	A new scenario has begun. Your Skill Build and Soul Echo build have been reset. Please configure them again.	สถานการณ์ใหม่ได้เริ่มขึ้นแล้ว การสร้างทักษะและการสร้าง Soul Echo ของคุณถูกรีเซ็ตแล้ว โปรดกำหนดค่าอีกครั้ง
23577	Create or Join a guild (once you've joined, you can participate in evening events and earn Auction Dividends)	สร้างหรือเข้าร่วมกิลด์ (เมื่อคุณเข้าร่วมแล้ว คุณสามารถเข้าร่วมกิจกรรมตอนเย็นและรับเงินปันผลจากการประมูล)
23578	Leaving the battlefield will cause you to lose all undelivered Military Supplies. Do you still want to leave?	การออกจากสนามรบจะทำให้คุณสูญเสียเสบียงทางทหารที่ยังไม่ได้ส่งมอบทั้งหมดคุณยังต้องการที่จะออก?
23579	Your Character has been 【banned】. If you are Confused, please contact Customer Support.\nBan End Time: 【${1}】	ตัวละครของคุณถูก 【banned】หากคุณสับสน โปรดติดต่อฝ่ายสนับสนุนลูกค้าเวลาสิ้นสุดการแบน\n: 【${1}】
23580	Your Character has been 【muted】. If you are Confused, please contact Customer Support.\nMute End Time: 【${1}】	ตัวละครของคุณถูก 【ปิดเสียง】หากคุณสับสน โปรดติดต่อฝ่ายสนับสนุนลูกค้า\nเวลาสิ้นสุดการปิดเสียง: 【${1}】
23581	No suitable equipment available. You can obtain equipment by defeating monsters, completing quests, and more.	ไม่มีอุปกรณ์ที่เหมาะสมคุณสามารถรับอุปกรณ์ได้โดยการเอาชนะมอนสเตอร์ ทำภารกิจให้สำเร็จ และอื่นๆ อีกมากมาย
23582	A common mineral vein rich in iron. Mine it to obtain basic ore. ^{1}Can be used to Craft T@{1} equipment^{2}	หลอดเลือดดำแร่ทั่วไปที่อุดมไปด้วยธาตุเหล็ก ขุดมันเพื่อรับแร่พื้นฐาน ↑{1}สามารถใช้ในการประดิษฐ์อุปกรณ์ T@{1}^{2}
23583	In the previous auction, your guild finished in the top @{1}, successfully qualifying for this Stronghold War	ในการประมูลครั้งก่อน กิลด์ของคุณอยู่ในอันดับสูงสุด@{1}และผ่านเข้ารอบสำหรับ Stronghold War นี้
23584	^{1}^{2}【Double Strafe】^{3}^{4} increases its percentage damage multiplier by ${1}% and fixed damage by ${2}.	^{1}^{2}【ยิงกราดสองครั้ง】^{3}^{4}เพิ่มตัวคูณเปอร์เซ็นต์ความเสียหายโดย${1}% และความเสียหายคงที่โดย${2}
23585	You have Entered the Battlefield. Exiting before the match ends will result in a penalty and point deduction.	คุณได้เข้าสู่สนามรบแล้วการออกจากการแข่งขันก่อนจบการแข่งขันจะส่งผลให้มีการลงโทษและหักคะแนน
23586	Excels at long-range magical combat and can command the five elements of Water, Fire, Wind, Earth, and Ghost.	เก่งในการต่อสู้เวทย์มนตร์ระยะไกล และสามารถควบคุมธาตุทั้งห้า ได้แก่ น้ำ ไฟ ลม ดิน และผี
23587	A mask with a hearty laugh. Wearing it prevents others from reading your Emotes or emotions beneath the mask.	หน้ากากพร้อมเสียงหัวเราะอันไพเราะ การสวมใส่จะป้องกันไม่ให้ผู้อื่นอ่านอิโมติคอนหรืออารมณ์ของคุณภายใต้หน้ากาก
23588	It has been ${1} since you last checked your idle rewards. You obtained the following items during that time:	มันเป็น${1}นับตั้งแต่คุณตรวจสอบรางวัลที่ไม่ได้ใช้งานครั้งล่าสุดคุณได้รับรายการต่อไปนี้ในช่วงเวลานั้น:
23589	You had unclaimed Search Rebate rewards this Season. They have now been reissued to you. Please collect them.	คุณได้รับรางวัลส่วนลดการค้นหาที่ยังไม่มีผู้อ้างสิทธิ์ในฤดูกาลนี้ตอนนี้พวกเขาได้ออกใหม่ให้กับคุณแล้วกรุณารวบรวมพวกเขา
23590	Because the Guild Auction Function has been disabled, your bid funds have been refunded. Please collect them~	เนื่องจากฟังก์ชันการประมูลกิลด์ถูกปิดใช้งาน เงินประมูลของคุณจึงได้รับการคืนเงินแล้วPlease collect them~
23591	Oh my gosh! It's my ring! The ring my mother left me! Thank goodness! I really, truly can't thank you enough!	โอ้พระเจ้า!มันคือแหวนของฉัน!แหวนที่แม่ทิ้งฉันไว้!ขอบคุณพระเจ้า!ฉันไม่สามารถขอบคุณได้มากพอจริงๆ!
23592	Welcome! The Kafra Corporation is always here to provide you with the finest service.\nHow may we assist you?	ยินดีต้อนรับ!Kafra Corporation อยู่ที่นี่เสมอเพื่อมอบบริการที่ดีที่สุดแก่คุณ\nเราจะช่วยคุณได้อย่างไร?
23593	I hear the Hornets living on the plains spend their entire lives gathering Honey under the Mistress's orders.	ฉันได้ยินมาว่าแตนที่อาศัยอยู่บนที่ราบใช้เวลาทั้งชีวิตในการรวบรวมน้ำผึ้งตามคำสั่งของนายหญิง
23594	Heh heh heh! At last, I Discover the truth! Magic that makes mushrooms grow on your head is truly terrifying!	หึ หึ หึ!ในที่สุดฉันก็ค้นพบความจริง!เวทมนตร์ที่ทำให้เห็ดงอกบนหัวช่างน่ากลัวจริงๆ!
23595	Hehe~ Let's go complete your Job Advance! I can't believe you're this strong. I sure know how to spot talent~	อิอิ~ ไปทำงาน Job Advance ของคุณให้เสร็จกันเถอะ!ฉันไม่อยากจะเชื่อเลยว่าคุณแข็งแกร่งขนาดนี้ฉันรู้วิธีมองเห็นพรสวรรค์อยู่แล้ว~
23596	Find the Eden Group Trial Officer ^{1}outside the South Gate^{2}. They'll have Quests suitable for Beginners.	ค้นหาเจ้าหน้าที่พิจารณาคดี Eden Group ^{1}นอกประตูทิศใต้^{2}พวกเขาจะมีภารกิจที่เหมาะสำหรับผู้เริ่มต้น
23597	Okay, okay~ It says it really is an investigator with the Knight Order and that we shouldn't look down on it.	โอเค โอเค~ มันบอกว่ามันเป็นนักสืบของ Knight Order จริงๆ และเราไม่ควรดูถูกมัน
23598	Time it right! Click as the pointer crosses the green area. The closer to the center, the higher your Rating!	ถึงเวลาแล้ว!คลิกเมื่อตัวชี้ข้ามพื้นที่สีเขียวยิ่งใกล้กับศูนย์กลางมากเท่าไร คะแนนของคุณก็จะยิ่งสูงขึ้น!
23599	Tap the button rapidly to fill the gauge. The more energy you have when time runs out, the higher your score!	แตะปุ่มอย่างรวดเร็วเพื่อเติมเกจยิ่งคุณมีพลังงานมากขึ้นเมื่อหมดเวลา คะแนนของคุณก็จะยิ่งสูงขึ้น!
23600	Elite enemy forces have appeared in the central area! All combat-ready personnel, assemble there immediately!	กองกำลังศัตรูชั้นสูงปรากฏตัวที่พื้นที่ส่วนกลางแล้ว!บุคลากรที่พร้อมรบทั้งหมด รวมตัวกันที่นั่นทันที!
23601	A fragment of a star cluster suspended in the sky. It can increase a weapon's strength when used in crafting.	เศษกระจุกดาวที่แขวนอยู่บนท้องฟ้า สามารถเพิ่มความแข็งแกร่งของอาวุธได้เมื่อใช้ในการประดิษฐ์
23602	"A catalytic medium created from the theoretical ""fifth Element."" It can Accelerate the creation of a Pet Egg."	"ตัวกลางเร่งปฏิกิริยาที่สร้างขึ้นจาก ""องค์ประกอบที่ห้า"" ตามทฤษฎี มันสามารถเร่งการสร้างไข่สัตว์เลี้ยงได้"
23603	An orb symbolizing the sun god. Its dazzling Gold radiance is almost blinding. Can be exchanged for Headwear.	ลูกกลมที่เป็นสัญลักษณ์ของเทพแห่งดวงอาทิตย์แสงสีทองอันสุกใสของมันเกือบจะทำให้ไม่เห็นสามารถเปลี่ยนเป็น Headwear ได้
23604	Use to create a Madogear Pilot repair zone for @{1} seconds. Madogear Pilots within the zone can be repaired.	ใช้เพื่อสร้างโซนการซ่อมแซม Madogear Pilot เป็นเวลา@{1}วินาทีนักบิน Madogear ภายในโซนสามารถซ่อมแซมได้
23605	An exceptionally ornate dagger. Those of noble status often carry it as an accessory or use it in ceremonies.	มีดสั้นที่หรูหราเป็นพิเศษผู้มีฐานะสูงศักดิ์มักพกติดตัวเป็นเครื่องประดับหรือใช้ในพิธีต่างๆ
23606	When second prize is drawn, the reward is increased by an Extra @{1}% if using the Baby Desert Wolf Transform	เมื่อจับรางวัลที่สอง รางวัลจะเพิ่มขึ้นเป็น Extra@{1}% หากใช้ Baby Desert Wolf Transform
23607	No Guild: A Guild is required to enter this area. Players who leave their Guild while inside will be removed.	ไม่มีกิลด์: จำเป็นต้องมีกิลด์เพื่อเข้าสู่พื้นที่นี้ผู้เล่นที่ออกจากกิลด์ในขณะที่อยู่ข้างในจะถูกลบออก
23608	Removes ^{1}^{2}【Silence】^{3}^{4} and ^{5}^{6}【Blind】^{7}^{8} from the designated ST ally within ${1} meters.	ลบ ^{1}^{2}【ความเงียบ】^{3}^{4}และ ^{5}^{6}【ตาบอด】^{7}^{8}จากพันธมิตร ST ที่กำหนดภายใน${1}เมตร
23609	Increases Physical ATK for you and up to @{1} allies within a ${1}-meter radius by ^{1}${2}^{2} for ${3} sec.	เพิ่ม ATK ทางกายภาพสำหรับคุณและพันธมิตร@{1}ภายในรัศมี${1}เมตร ^{1}${2}^{2}สำหรับ${3}วินาที
23610	Summon a vending cart nearby where you can purchase Battle Royale items. The vending cart lasts for @{1} sec.	เรียกรถเข็นจำหน่ายบริเวณใกล้เคียงซึ่งคุณสามารถซื้อไอเท็ม Battle Royale ได้รถเข็นจำหน่ายจะคงอยู่เป็นเวลา@{1}วินาที
23611	Deals Physical ATK*^{1}${2}%+${3}^{2} as Neutral melee Physical damage to the targeted ST enemy within ${1}m.	สร้างความเสียหายทางกายภาพ*^{1}${2}%+${3}^{2}เป็นความเสียหายทางกายภาพระยะประชิดที่เป็นกลางแก่ศัตรู ST เป้าหมายที่อยู่ในระยะ${1}m
23612	Deals Physical ATK * ^{1}${2}%^{2} Neutral melee Physical damage to the targeted ST enemy within ${1} meters.	สร้างความเสียหายทางกายภาพ * ^{1}${2}%^{2}สร้างความเสียหายทางกายภาพระยะประชิดที่เป็นกลางแก่ศัตรู ST ที่เป็นเป้าหมายภายในระยะ${1}เมตร
23613	When casting 【Cross Ripper Slasher】, the blades become discs of light, each dealing @{1}% of a blade's damage	เมื่อร่ายสกิล 【Cross Ripper Slasher】 ดาบจะกลายเป็นแผ่นแสง โดยแต่ละดาบจะสร้างความเสียหาย@{1}% ของดาบ
23614	Some System builds have not been selected for Personal Build ${1}. Recommend only the selected System builds?	บาง System builds ไม่ได้ถูกเลือกสำหรับ Personal Build${1}แนะนำเฉพาะ System builds ที่เลือกเท่านั้น?
23615	Failed to read the remote configuration file. This may be a Network issue. Check your connection and Retry....	ไม่สามารถอ่านไฟล์คอนฟิกูเรชันระยะไกลนี่อาจเป็นปัญหาเครือข่ายตรวจสอบการเชื่อมต่อของคุณและลองอีกครั้ง....
23616	A thick pink milkshake blended from strawberries and Milk. Increases Physical DEF by @{1}~@{2} for @{3} hours.	มิลค์เชคสีชมพูเข้มข้นผสมสตรอเบอร์รี่และนม เพิ่ม DEF ทางกายภาพโดย@{1}~@{2}เป็นเวลา@{3}
23617	Rally your guild's strength and crush the enemy formation in one fell swoop! Victory or defeat—it's up to you!	รวบรวมความแข็งแกร่งของกิลด์ของคุณและบดขยี้การก่อตัวของศัตรูในคราวเดียว!ชัยชนะหรือความพ่ายแพ้-มันขึ้นอยู่กับคุณ!
23618	Confirm Exit from Festival Invitation?\n(You may enter or leave the Location at any time while getting Ready.)	ยืนยันการออกจากคำเชิญเทศกาลหรือไม่\n(คุณสามารถเข้าหรือออกจากสถานที่ได้ตลอดเวลาในขณะที่เตรียมพร้อม)
23619	^{1}^{2}【Sharp Shooting】^{3}^{4} increases its percentage damage multiplier by ${1}% and fixed damage by ${2}.	^{1}^{2}【การถ่ายภาพที่คมชัด】^{3}^{4}เพิ่มตัวคูณความเสียหายเป็นเปอร์เซ็นต์${1}% และความเสียหายคงที่โดย${2}
23620	When ^{1}^{2}[Sanctuary]^{3}^{4} is cast, it restores MATK*${2}%+${3} HP to up to ${1} allies within the area.	เมื่อ ^{1}^{2}[Sanctuary]^{3}^{4}ถูกร่าย มันจะฟื้นฟู MATK*${2}%+${3}HP ให้กับพันธมิตร${1}ภายในพื้นที่
23621	When receiving a fatal attack from a player, there is a ${1}% Chance to Revive with ${2}% Life (Unique Effect)	เมื่อได้รับการโจมตีร้ายแรงจากผู้เล่น มีโอกาส${1}% ที่จะฟื้นคืนชีพด้วย${2}% พลังชีวิต (เอฟเฟกต์เฉพาะ)
23622	The Chance for ^{1}^{2}【Deadly Poison】^{3}^{4} to trigger ^{5}^{6}【Venom Sting】^{7}^{8} is increased by ${1}%.	โอกาสของ ^{1}^{2}【พิษร้ายแรง】^{3}^{4}ที่จะทริกเกอร์ ^{5}^{6}【พิษต่อย】^{7}^{8}เพิ่มขึ้น${1}%
23623	Isty summons bubbles of various colors from the edge of the arena. They chase players until they make contact.	Isty เรียกฟองอากาศหลากสีจากขอบเวทีพวกเขาไล่ล่าผู้เล่นจนกว่าพวกเขาจะติดต่อกัน
23624	Each spread of its wings brings fire, and every feather burns eternally.\nWorldscorch Feather · Theme Backwear	แต่ละปีกที่กางออกทำให้เกิดไฟ และขนทุกตัวจะเผาไหม้ชั่วนิรันดร์\nWorldscorch Feather · แบ็คแวร์แบบมีธีม
23625	Passive Skills of pets in Utility slots are always active.\nOnly 1 Core Passive Skill can be active at a time.	ทักษะติดตัวของสัตว์เลี้ยงในช่องยูทิลิตี้จะทำงานอยู่เสมอ\nสามารถใช้งานได้เพียง 1 คอร์พาสซีฟสกิลในแต่ละครั้ง
23626	Guaranteed to obtain an <color=#FF993F>S-Class</color> Pet within the next <color=#FF993F>${1} Hatches</color>	รับประกันว่าจะได้รับ<color=#FF993F>S-Class</color>Pet ภายใน<color=#FF993F>${1}ฟัก</color>ถัดไป
23627	Your Reputation Score has fallen below ${1}. Please follow proper Trade practices to avoid unnecessary losses.	คะแนนชื่อเสียงของคุณลดลงต่ำกว่า${1}โปรดปฏิบัติตามแนวทางปฏิบัติทางการค้าที่เหมาะสมเพื่อหลีกเลี่ยงการสูญเสียที่ไม่จำเป็น
23628	Is it that important? If necessary, we can find a way to get you another one. I have some connections in Juno—	สำคัญขนาดนั้นเลยเหรอ?หากจำเป็น เราสามารถหาทางให้คุณได้อีกอันหนึ่งฉันมีความสัมพันธ์บางอย่างใน Juno—
23629	Past events will never return. Even the greatest magic cannot change that—as we speak, time continues to flow.	กิจกรรมในอดีตจะไม่มีวันหวนกลับแม้แต่เวทมนตร์ที่ยิ่งใหญ่ที่สุดก็ไม่สามารถเปลี่ยนแปลงสิ่งนั้นได้—อย่างที่เราพูดกัน เวลายังคงดำเนินต่อไป
23630	Curious, are you? She asked me to help you grow stronger, since we have an important commission for you later.	อยากรู้อยากเห็นใช่ไหม?เธอขอให้ฉันช่วยให้คุณแข็งแกร่งขึ้น เนื่องจากเรามีภารกิจสำคัญสำหรับคุณในภายหลัง
23631	Understood. I've marked the direction of the Relic on your map. Good luck, Adventurer... May Odin be with you.	เข้าใจแล้วฉันได้ทำเครื่องหมายทิศทางของ Relic บนแผนที่ของคุณแล้วขอให้โชคดีนะนักผจญภัย... ขอให้โอดินอยู่กับคุณ
23632	The selected difficulty is not the highest difficulty unlocked. Start the challenge at the current difficulty?	ความยากที่เลือกไม่ใช่ระดับความยากสูงสุดที่ปลดล็อคเริ่มการท้าทายที่ระดับความยากปัจจุบันหรือไม่?
23633	“Once we reach the desert, I'll show you a real sunrise over the sea of sand. Now that's a magnificent sight.”	“เมื่อเราไปถึงทะเลทราย ฉันจะแสดงให้คุณเห็นพระอาทิตย์ขึ้นที่แท้จริงเหนือผืนทราย ช่างเป็นภาพที่งดงามมาก”
23634	The central area is under relentless assault! All defenders, fight with everything you have! Do not Move back!	พื้นที่ส่วนกลางถูกโจมตีอย่างไม่หยุดยั้ง!กองหลังทุกคน สู้ด้วยทุกสิ่งที่คุณมี!อย่าถอยกลับ!
23635	Bobo\nI Discover you, crate thief! You dared to steal our cargo, so today we're turning you into lamb skewers!	Bobo\nฉันเจอคุณแล้ว จอมขโมยลัง!คุณกล้าขโมยสินค้าของเรา ดังนั้นวันนี้เราจะเปลี่ยนคุณให้เป็นเนื้อแกะเสียบไม้!
23636	Bobo\nThe Elder Lady said we could use the Fly Wing once we reached the forest. This must be the place, right?	Bobo\nหญิงชราบอกว่าเราสามารถใช้ Fly Wing ได้เมื่อเราไปถึงป่านี่คงเป็นสถานที่ใช่ไหม?
23637	This Quest is obtained when the player first enters the game. Its completion requirements are the same as @{1}	ภารกิจนี้จะได้รับเมื่อผู้เล่นเข้าสู่เกมเป็นครั้งแรกข้อกำหนดด้านความสมบูรณ์จะเหมือนกับ@{1}
23638	A semi-finished sacred cloth material for footwear, offering both a blessing bonus and comfortable protection.	วัสดุผ้าศักดิ์สิทธิ์กึ่งสำเร็จรูปสำหรับรองเท้า ให้ทั้งโชคลาภและการปกป้องที่สะดวกสบาย
23639	Damaged Metal fragments of low purity. They can be smelted down for Reforge or used in alchemical experiments.	ชิ้นส่วนโลหะเสียหายที่มีความบริสุทธิ์ต่ำสามารถหลอมเพื่อหลอมใหม่หรือใช้ในการทดลองเล่นแร่แปรธาตุได้
23640	Increases your MATK by ^{1}${1}^{2} and increases the damage of ^{3}^{4}[Turn Undead]^{5}^{6} by ^{7}${2}^{8}.	เพิ่ม MATK ของคุณโดย ^{1}${1}^{2}และเพิ่มความเสียหายของ ^{3}^{4}[เทิร์น Undead]^{5}^{6}โดย ^{7}${2}^{8}.
23641	Grants the specified ST ally within ^{1}${1} meters^{2} ^{3}immunity to ^{4}^{5}^{6}【Poisoned】^{7}^{8} damage.	ให้สิทธิ์ ST พันธมิตรที่ระบุภายใน ^{1}${1}เมตร^{2}^{3}มีภูมิคุ้มกันต่อ ^{4}^{5}^{6}【Poisoned】^{7}^{8}เสียหาย
23642	Which one do you like? (Picks up the Bunny Hair Band) This one's really popular lately, especially with girls~	ชอบตัวไหนครับ?(หยิบที่คาดผมกระต่ายขึ้นมา) ช่วงนี้มันฮิตมาก โดยเฉพาะสาวๆ~
23643	The ritual can take up to 5 hours. Invite fellow Adventurers to participate and speed up the summoning process.	พิธีกรรมอาจใช้เวลานานถึง 5 ชั่วโมงเชิญเพื่อนนักผจญภัยให้เข้าร่วมและเร่งกระบวนการอัญเชิญ
23644	You have new mail, but your mailbox is full and cannot receive it. Please delete mail you've already processed.	คุณมีจดหมายใหม่ แต่กล่องจดหมายของคุณเต็มและไม่สามารถรับได้กรุณาลบเมลที่คุณได้ดำเนินการไปแล้ว
23645	Everyone must help protect the game environment, reject rule violations, and maintain a fair Trade environment.	ทุกคนจะต้องช่วยปกป้องสภาพแวดล้อมของเกม ปฏิเสธการละเมิดกฎ และรักษาสภาพแวดล้อมการค้าที่เป็นธรรม
23646	Once Movement completion reaches @{1}%, you can claim the ^{1}Movement Reward^{2} from the event's main screen.	เมื่อการเคลื่อนไหวเสร็จสิ้นถึง@{1}% คุณสามารถรับรางวัล ^{1}รางวัลการเคลื่อนไหว^{2}จากหน้าจอหลักของกิจกรรม
23647	Once all prerequisite Talents reach Max level, pay the Material Cost: to allocate points to the current Talent.	เมื่อ Talent ที่จำเป็นทั้งหมดถึงระดับสูงสุด ให้ชำระต้นทุนวัสดุ: เพื่อจัดสรรคะแนนให้กับ Talent ปัจจุบัน
23648	Rally your guild's strength and crush the enemy formation in one fell swoop! Victory or defeat—it's up to you!!	รวบรวมความแข็งแกร่งของกิลด์ของคุณและบดขยี้การก่อตัวของศัตรูในคราวเดียว!ชนะหรือพ่ายแพ้ อยู่ที่คุณ!!
23649	Grants ${1} DMG Reduction vs All Job, plus an Extra ${2} DMG Reduction vs All Job for each skill on this Totem.	ให้การลด DMG ของ${1}เทียบกับงานทั้งหมด บวกกับการลด DMG ของ${2}พิเศษเทียบกับงานทั้งหมดสำหรับแต่ละทักษะบน Totem นี้
23650	A Romantic Leaf that flutters in the wind when held in your mouth, evoking the feeling of a wandering traveler.	ใบไม้แสนโรแมนติกที่ปลิวไปตามสายลมเมื่อถือไว้ในปาก ชวนให้นึกถึงนักเดินทางที่เร่ร่อน
23651	A mechanical ship's wheel with gears at its center. Powered by the central furnace core, it spins continuously.	ล้อเรือกลที่มีเฟืองอยู่ตรงกลาง ขับเคลื่อนด้วยแกนเตาส่วนกลาง หมุนอย่างต่อเนื่อง
23652	"Among RO players, ""flying a plane"" means having an Acolyte-class character use Warp Portal to teleport players."	"ในบรรดาผู้เล่น RO ""การบินเครื่องบิน"" หมายถึงการมีตัวละครระดับ Acolyte ใช้ Warp Portal เพื่อเทเลพอร์ตผู้เล่น"
23653	"A Sage's ""Spell Breaker"" is most useful in the War of Emperium for removing an Enemy Team Priest's Safety Wall."	"""Spell Breaker"" ของ Sage มีประโยชน์มากที่สุดใน War of Emperium ในการขจัดกำแพงความปลอดภัยของ Priest ทีมศัตรู"
23654	Your guild placed in the top @{1} on the Entire Server in the Hunting Challenge. Please claim the prizes below!	กิลด์ของคุณอยู่ในอันดับต้นๆ@{1}บนเซิร์ฟเวอร์ทั้งหมดใน Hunting Challengeกรุณารับรางวัลด้านล่าง!
23655	As soon as you and Lemon approach, old Bob straightens his back and pretends to be diligently holding the spot.	ทันทีที่คุณและเลมอนเข้าใกล้ Bob ผู้เฒ่าก็ยืดหลังให้ตรงและแกล้งทำเป็นจับจุดนั้นไว้อย่างขยันขันแข็ง
23656	The Royal Criatura Academy was founded to help the many young people taking their first steps\ninto this world.	Royal Criatura Academy ก่อตั้งขึ้นเพื่อช่วยให้คนหนุ่มสาวจำนวนมากก้าวแรก\nเข้าสู่โลกนี้
23657	Even with sand and dust swirling through the air, I'd recognize you like the one shining star in the night sky.	แม้ว่าทรายและฝุ่นจะหมุนวนอยู่ในอากาศ ฉันก็ยังจำคุณได้เหมือนดวงดาวที่ส่องแสงบนท้องฟ้ายามค่ำคืน
23658	Hey, Fervor! Have you no shame?! You forgot all about the job for two lousy sandwiches? That guy is a criminal!	เฮ้ แรงกล้า!ไม่ละอายใจบ้างเหรอ!คุณลืมเรื่องงานของแซนด์วิชหมัดๆ สองตัวไปแล้วเหรอ?ผู้ชายคนนั้นเป็นอาชญากร!
23659	All right, let's begin. Place your hand on the Book of Job Advance, and I'll guide you through your Second Job.	เอาล่ะ มาเริ่มกันเลย วางมือของคุณบน Book of Job Advance แล้วฉันจะแนะนำคุณตลอดงานที่สองของคุณ
23660	What astonishing growth! You're ready for your third job change. Continue onward along your chosen career path!	การเติบโตที่น่าอัศจรรย์จริงๆ!คุณพร้อมสำหรับการเปลี่ยนงานครั้งที่สามแล้วเดินหน้าต่อไปตามเส้นทางอาชีพที่คุณเลือก!
23661	Bobo\nIt seems to like those glowing things—I've got it! Let's gather some to bribe it into carrying us across.	Bobo\nดูเหมือนว่าจะชอบของเรืองแสงพวกนั้น—เข้าใจแล้ว!ลองรวบรวมบางส่วนเพื่อติดสินบนเพื่อพาเราข้ามไป
23662	A roll woven from high-quality silk. Its smooth yet durable texture makes it ideal for crafting fine equipment.	ม้วนทอจากผ้าไหมคุณภาพสูง พื้นผิวเรียบแต่ทนทานทำให้เหมาะสำหรับการประดิษฐ์อุปกรณ์ชั้นดี
23663	Thread imbued with a sacred blessing, used to weave sacred cloth or blessed armor with a faint shimmering glow.	ด้ายอร่ามพรศักดิ์สิทธิ์ ใช้ทอผ้าศักดิ์สิทธิ์ หรือชุดเกราะพร มีแสงแวววาวจางๆ
23664	A soft bundle of Cotton that can be processed into Cotton cloth or used as stuffing. Commonly used in textiles.	ผ้าฝ้ายมัดอ่อนที่สามารถแปรรูปเป็นผ้าฝ้ายหรือใช้เป็นไส้ได้ นิยมใช้ในสิ่งทอ
23665	A blade forged from radiant gold with exceptional sharpness and durability. Suitable for crafting fine weapons.	ใบมีดที่หล่อขึ้นจากทองคำเปล่งประกาย มีความคมและความทนทานเป็นพิเศษ เหมาะสำหรับการสร้างอาวุธชั้นดี
23666	A Metal bar smelted from radiant gold. Lightweight yet hard, it is a core material for crafting fine equipment.	แท่งโลหะหลอมจากทองคำที่เปล่งประกาย น้ำหนักเบาแต่แข็ง เป็นวัสดุหลักในการประดิษฐ์อุปกรณ์ชั้นดี
23667	As a Madogear Pilot equipped with various cannons, deal ranged Physical damage through both ST and AoE attacks.	ในฐานะนักบิน Madogear ที่ติดตั้งปืนใหญ่ต่างๆ สร้างความเสียหายทางกายภาพระยะไกลผ่านการโจมตีทั้ง ST และ AoE
23668	Are you sure you want to consume Soul Echoes of Orange Quality or higher and upgraded Soul Echoes for Level-up?	คุณแน่ใจหรือไม่ว่าต้องการใช้ Soul Echoes คุณภาพสีส้มหรือสูงกว่า และอัปเกรด Soul Echoes เพื่อเพิ่มเลเวล
23669	The shadow left by 【Move back Shadow Echo】 mimics your 【Piercing Shadow】, dealing @{1}% of the original damage.	เงาที่เหลือจาก 【ย้าย Shadow Echo กลับไป】 เลียนแบบ 【Piercing Shadow】 ของคุณ สร้าง@{1}% ของความเสียหายดั้งเดิม
23670	You've reached the stockpiling limit for both the Standard and Premium Monthly Passes and cannot purchase more.	คุณมีสต็อกถึงขีดจำกัดสำหรับทั้ง Standard และ Premium Monthly Passes แล้ว และไม่สามารถซื้อเพิ่มเติมได้
23671	My name is Phoenix. In this world tainted by evil, I strive to purify myself and remain devoted to my training.	ฉันชื่อฟีนิกซ์ในโลกนี้ที่แปดเปื้อนไปด้วยความชั่วร้าย ฉันมุ่งมั่นที่จะชำระล้างตัวเองและยังคงอุทิศตนให้กับการฝึกฝนของฉัน
23672	If you are defeated for the first time within 180 seconds of the battle starting, you can rejoin once for free.	หากคุณพ่ายแพ้เป็นครั้งแรกภายใน 180 วินาทีหลังจากการต่อสู้เริ่มต้น คุณสามารถเข้าร่วมใหม่ได้ฟรีหนึ่งครั้ง
23673	Perfect timing! The music just started. (Extends a hand invitingly) Come on. You promised me the opening dance.	ช่วงเวลาที่สมบูรณ์แบบ!เพลงเพิ่งเริ่มต้น(ยื่นมือเชิญชวน) เอาล่ะคุณสัญญากับฉันว่าจะเต้นรำเปิด
23674	Oh~ You want to know about Boya? (Leans in for a closer look) Are you asking for yourself, or for someone else?	โอ้~ คุณอยากรู้เกี่ยวกับโบย่าไหม?(โน้มตัวเข้ามาดูใกล้ๆ) คุณถามเพื่อตัวเองหรือเพื่อคนอื่น?
23675	Spear specialization increases Physical damage by @{1}% and Crit Chance by @{2}% when using Spear-type weapons.	เพิ่มความเสียหายทางกายภาพโดย@{1}% และโอกาสคริติคอลโดย@{2}% เมื่อใช้อาวุธประเภทหอก
23676	The BOSS targets all players and tracks them with rectangular AOEs after a @{1}-second warning (guaranteed HIT)	BOSS กำหนดเป้าหมายผู้เล่นทุกคนและติดตามพวกเขาด้วย AOE สี่เหลี่ยมหลังจาก@{1}- คำเตือนครั้งที่สอง (รับประกันการโจมตี)
23677	Surrounds itself with blades for @{1} seconds, dealing area damage within a @{3}-foot radius every @{2} seconds	ล้อมรอบตัวเองด้วยใบมีดเป็นเวลา @{1} วินาที สร้างความเสียหายเป็นพื้นที่ภายในรัศมี @{3}-ฟุต ทุกๆ @{2} วินาที
23678	Watch for the question in the center, decide whether it's true or false, and stand in the corresponding circle.	ดูคำถามตรงกลาง ตัดสินใจว่าจริงหรือเท็จ และยืนในวงกลมที่สอดคล้องกัน
23679	You've reached the end of the current main Quests. Check out the events and enjoy your adventures in this world!	คุณมาถึงจุดสิ้นสุดของภารกิจหลักในปัจจุบันแล้วตรวจสอบกิจกรรมและสนุกไปกับการผจญภัยของคุณในโลกนี้!
23680	Collect Live Coal in the territory and add it to the bonfire to trigger a Level-up and unlock bonfire abilities.	รวบรวมถ่านหินสดในดินแดนและเพิ่มลงในกองไฟเพื่อกระตุ้นการเลเวลอัพและปลดล็อคความสามารถของกองไฟ
23681	[Guild Response] I created a new guild, 【${1}】! All Adventurers are invited to respond (${2}/${3}) 【Respond Now】	[Guild Response] ฉันสร้างกิลด์ใหม่แล้ว 【${1}】!ขอเชิญนักผจญภัยทุกท่านตอบ (${2}/${3}) 【ตอบกลับทันที】
23682	Cannot use skill or move, and Physical and Magic DEF are reduced by @{1}%. Removed when hit, then inflicts Slow.	ไม่สามารถใช้ทักษะหรือการเคลื่อนไหวได้ และ DEF กายภาพและเวทมนตร์จะลดลง@{1}%ลบออกเมื่อถูกโจมตี และทำให้ติดสถานะ Slow
23683	^{1}^{2}【Falcon Assault】^{3}^{4} skill damage multiplier increases by ${1}%, and fixed damage increases by ${2}.	^{1}^{2}【Falcon Assault】^{3}^ ตัวคูณความเสียหายของทักษะ{4}เพิ่มขึ้น${1}% และความเสียหายคงที่เพิ่มขึ้น${2}
23684	Melee Physical damage +${1}%. Each Floor of the Physical Damage buff grants an Extra ${2}% melee Physical damage	Melee Physical damage +${1}%.แต่ละชั้นของบัฟความเสียหายกายภาพจะมอบความเสียหายกายภาพระยะประชิดพิเศษ${2}%
23685	Mistress throws ^{1}@{1} Beehives^{2} at the target. The Beehives continuously Launch ^{3}Honey^{4} around them.	นายหญิงขว้าง ^{1}@{1}รังผึ้ง^{2}ไปที่เป้าหมายThe Beehives เปิดตัว ^{3}Honey^{4}รอบตัวพวกเขาอย่างต่อเนื่อง
23686	Our best friend on a hectic morning. It brings to mind someone rushing out the door with it held in their mouth.	เพื่อนรักของเราในเช้าที่วุ่นวายมันทำให้นึกถึงใครบางคนที่รีบวิ่งออกไปที่ประตูโดยที่มันอยู่ในปาก
23687	A pacifier placed in a Child's mouth to soothe them. It should look adorable when equipped by a Child character!	จุกนมหลอกวางไว้ในปากของเด็กเพื่อปลอบประโลม มันควรจะดูน่ารักเมื่อสวมใส่โดยตัวละครเด็ก!
23688	A hot-air balloon brimming with Goblin spirit! Unfortunately, flaws in its construction keep it from taking off.	บอลลูนลมร้อนที่เต็มไปด้วยวิญญาณก็อบลิน! น่าเสียดายที่มีข้อบกพร่องในการก่อสร้างทำให้ไม่สามารถถอดออกได้
23689	"In RO, the classic look for Archer classes is the ""Apple of Archer"" because it grants DEX +@{1} and looks great."	"ใน RO รูปลักษณ์คลาสสิกสำหรับคลาส Archer คือ ""Apple of Archer"" เพราะให้ DEX +@{1}และดูดี"
23690	Here's a little secret: your Refine Level transfers without any loss, so changing equipment won't affect it, bo!	นี่เป็นเคล็ดลับเล็กๆ น้อยๆ: ระดับการปรับปรุงของคุณจะถูกโอนโดยไม่มีการสูญเสียใดๆ ดังนั้นการเปลี่ยนอุปกรณ์จะไม่ส่งผลกระทบต่อมัน โบ!
23691	Oh, that's right. This is adventuring gear issued to beginners by the Eden Group. It should help with your task.	โอ้ใช่แล้วนี่คืออุปกรณ์ผจญภัยที่ออกให้กับผู้เริ่มต้นโดยกลุ่มอีเดนมันควรช่วยในงานของคุณ
23692	All right, everyone's here. Looks like the White Dove is a total loss, and there's no point going to Morroc now.	เอาล่ะ ทุกคนอยู่ที่นี่แล้ว ดูเหมือนว่า White Dove จะสูญเสียไปโดยสิ้นเชิง และตอนนี้ก็ไม่มีประโยชน์ที่จะไปที่ Morroc
23693	Don't worry. I won't let Jack rope me into any more of his nonsense. I'll tell my old friends not to go, either.	ไม่ต้องกังวลฉันจะไม่ปล่อยให้แจ็คดึงฉันเข้าไปยุ่งกับเรื่องไร้สาระของเขาอีกต่อไปฉันจะบอกเพื่อนเก่าของฉันไม่ให้ไปเช่นกัน
23694	She'll love it. If you ever need anything, just come find me here by the fountain. My name is Reia. Remember it.	เธอจะรักมันหากคุณต้องการอะไร มาหาฉันที่นี่ข้างน้ำพุได้เลยฉันชื่อเรอาจำไว้.
23695	Do you believe in the miracles of Hacha? If you do, repeat this spell after me! Hachabra, Hachabra, Hachabra~~!!	คุณเชื่อในปาฏิหาริย์ของหชาหรือเปล่า?ถ้าเป็นเช่นนั้น ร่ายมนตร์นี้ตามฉันมาซ้ำ!ฮาชาบรา ฮาชาบรา ฮาชาบรา~~!!
23696	Refining can Enhance items. Weapons in particular gain ATK, so a successful refinement can be a tremendous help.	Rinning สามารถอัพเกรดไอเทมได้ อาวุธโดยเฉพาะจะได้รับ ATK ดังนั้นการปรับแต่งที่ประสบความสำเร็จสามารถช่วยได้มาก
23697	Ciphers are works of art! Do you know the thrill of unraveling every layer until the secret is finally revealed?	Ciphers เป็นผลงานศิลปะ!รู้ไหมถึงความระทึกใจในการไขทุกชั้นจนความลับถูกเปิดเผยในที่สุด?
23698	"That's disgusting. It says it isn't full, and... that the sandwiches aren't as Delicious as the ""chocolate bar."""	"น่าขยะแขยง.มันบอกว่ามันไม่อิ่ม และ... แซนด์วิชก็ไม่อร่อยเท่ากับ ""ช็อกโกแลตแท่ง"""
23699	Unfortunately, there are no players with the corresponding transformation type here.\nThe drawing has no winner.	น่าเสียดายที่ไม่มีผู้เล่นที่มีประเภทการแปลงที่สอดคล้องกันที่นี่\nการจับฉลากไม่มีผู้ชนะ
23700	Bobo\nWe found them. It's this shiny thing right here~ Let's hurry back. That old man must be getting impatient!	Bobo\nเราเจอแล้วมันเงาอยู่ตรงนี้~ รีบกลับกันเถอะชายชราคนนั้นคงจะใจร้อนไม่ไหวแล้ว!
23701	Congratulations! You've completed your entire growth journey. Tap Finish to permanently close the Growth Emblem.	ยินดีด้วย!คุณได้เสร็จสิ้นการเดินทางเพื่อการเติบโตทั้งหมดแล้วแตะเสร็จสิ้นเพื่อปิด Growth Emblem อย่างถาวร
23702	"In the Taiwan, Hong Kong, and Macau version of RO, the ""Eden Group"" is an exclusive club for high-level players."	"ใน RO เวอร์ชันไต้หวัน ฮ่องกง และมาเก๊า ""Eden Group"" เป็นสโมสรพิเศษสำหรับผู้เล่นระดับสูง"
23703	A Rare Material used to Advance titles.\nIt can also be Dismantled into a lower-Rarity ^{1}Crest of Freedom^{2}.	วัตถุดิบหายากที่ใช้ในการเลื่อนตำแหน่ง\nมันสามารถแยกชิ้นส่วนให้มีความหายากต่ำกว่าได้ ^{1}Crest of Freedom^{2}
23704	A Butterfly Wing imbued with spatial Magic. Use it to Move to a selected town or Field on the Midgard continent.	ปีกผีเสื้อที่เต็มไปด้วยเวทมนตร์มิติ ใช้มันเพื่อย้ายไปยังเมืองหรือสนามที่เลือกในทวีป Midgard
23705	Your current party does not meet the dungeon's recommended role setup and is missing ${1}. Enter Dungeon anyway?	ปาร์ตี้ปัจจุบันของคุณไม่ตรงตามการตั้งค่าบทบาทที่แนะนำของดันเจี้ยน และไม่มี${1}เข้าดันเจี้ยนแล้วเหรอ?
23706	Charges to a point @{2} m in front of the designated ST enemy within @{1} m, dealing ATK * ^{1}@{3}%^{2} damage.	พุ่งไปที่จุด@{2}m ด้านหน้าศัตรู ST ที่กำหนดภายใน@{1}m สร้างความเสียหาย ATK * ^{1}@{3}%^{2}ดาเมจ
23707	When Virus Spread is cast, cast mini “Virus Spread” @{1} more times at the target location\n(No Chance required)	เมื่อ Virus Spread ถูกร่าย ให้ร่ายมินิ “Virus Spread”@{1}มากขึ้นที่ตำแหน่งเป้าหมาย\n(ไม่ต้องใช้โอกาส)
23708	Help? What could you possibly do? A gang of bandits moved into my attic, and they haven't let me sleep for days.	ช่วยเหลือ?คุณสามารถทำอะไรได้บ้าง?โจรกลุ่มหนึ่งย้ายมาอยู่ในห้องใต้หลังคาของฉัน และพวกเขาไม่ยอมให้ฉันนอนเป็นเวลาหลายวัน
23709	I-It's only a thank-you gift! I'm definitely not trying to confess my feelings! Do you know what she likes best?	ม-มันเป็นเพียงของขวัญขอบคุณ!ฉันจะไม่พยายามสารภาพความรู้สึกเด็ดขาด!คุณรู้ไหมว่าเธอชอบอะไรมากที่สุด?
23710	Removes up to ${3} ground effects from a designated area with a radius of ${2} meters within ${1} meters of you.	ลบเอฟเฟกต์พื้นสูงสุด${3}ออกจากพื้นที่ที่กำหนดด้วยรัศมี${2}เมตร ภายใน${1}เมตรจากตัวคุณ
23711	Guilds that excel in the Territory War receive a certain number of <color=#fdab5b>Conqueror</color> reward slots.	Guilds that excel in the Territory War receive a certain number of <color=#fdab5b>Conqueror</color> reward slots.
23712	Players who obtain a Throne Token can purchase throne-exclusive items from the Season Shop during the new Season.	ผู้เล่นที่ได้รับ Throne Token จะสามารถซื้อไอเท็มพิเศษเฉพาะบัลลังก์ได้จากร้านค้าซีซั่นในช่วงซีซั่นใหม่
23713	Thick hot cocoa flavored with vanilla and topped with fine Milk foam. Increases Life by @{1}~@{2} for @{3} hours.	โกโก้ร้อนเข้มข้น แต่งกลิ่นวานิลลา ท็อปด้วยโฟมนมเนื้อละเอียดเพิ่มอายุการใช้งานโดย@{1}~@{2}เป็นเวลา@{3}ชั่วโมง
23714	Removing player <color=#FA983A>${1}</color> will make you strangers and permanently reset your Intimacy. Confirm?	Removing player <color=#FA983A>${1}</color> will make you strangers and permanently reset your Intimacy. Confirm?
23715	This Season-themed, high-difficulty dungeon challenge requires a party of ^{1}at least @{1} Members^{2} to enter.	ความท้าทายในดันเจี้ยนที่มีความยากสูงในธีมซีซั่นนี้จำเป็นต้องมีปาร์ตี้ ^{1}สมาชิกอย่างน้อย@{1}^{2}จึงจะเข้าร่วมได้
23716	Reduces the Physical and Magic ATK of nearby enemies while increasing the Physical and Magic DEF of nearby allies	ลด ATK กายภาพและเวทมนตร์ของศัตรูใกล้เคียง ในขณะที่เพิ่ม DEF กายภาพและเวทมนตร์ของพันธมิตรใกล้เคียง
23717	Gain a slowing Orbit that reduces the Movement Speed of enemies within a @{1}-meter radius by @{2}% for @{3} sec.	ได้รับวงโคจรที่ช้าลงซึ่งจะลดความเร็วในการเคลื่อนที่ของศัตรูภายในรัศมี@{1}เมตร@{2}% เป็นเวลา@{3}วินาที
23718	^{1}^{2}[Smite]^{3}^{4}'s percentage damage multiplier increases by ${1}% and its fixed damage increases by ${2}.	^{1}^{2}[Smite]^{3}^ ตัวคูณเปอร์เซ็นต์ความเสียหายของ{4}เพิ่มขึ้น${1}% และความเสียหายคงที่เพิ่มขึ้น${2}
23719	Some synthesis materials are untradeable, so the resulting item will also be untradeable. Proceed with synthesis?	วัสดุสังเคราะห์บางชนิดไม่สามารถแลกเปลี่ยนได้ ดังนั้นไอเทมที่ได้จึงไม่สามารถแลกเปลี่ยนได้เช่นกันดำเนินการสังเคราะห์ต่อหรือไม่?
23720	A bandage Hat that wraps around the head. It makes your injuries look serious enough to earn a healer's sympathy.	หมวกผ้าพันรอบศีรษะ มันทำให้อาการบาดเจ็บของคุณดูร้ายแรงพอที่จะได้รับความเห็นใจจากผู้รักษา
23721	A Hat modeled after a Deviruchi. Its fresh, adorable look brings joy to both the wearer and everyone who sees it.	หมวกที่จำลองมาจากเดวิรุจิ รูปลักษณ์ที่สดใสและน่ารักทำให้ทั้งผู้สวมใส่และทุกคนที่ได้เห็นมีความสุข
23722	While under full Petrify, equipment DEF is reduced by @{1}%, and the target's property changes to Earth Lv. @{2}.	ในขณะที่สถานะกลายเป็นหินเต็ม DEF ของอุปกรณ์จะลดลง@{1}% และคุณสมบัติของเป้าหมายจะเปลี่ยนเป็น Earth Lv@{2}.
23723	First, look here to see this round's placement goal. Place the required number of goods on the board to clear it!	ก่อนอื่น ดูที่นี่เพื่อดูเป้าหมายตำแหน่งของรอบนี้วางสินค้าตามจำนวนที่ต้องการบนกระดานเพื่อเคลียร์มัน!
23724	...Fine, fine. Since you insist, I'll go back with you. But give me a little more time to finish one last sample.	...ก็ได้ ก็ได้ ในเมื่อคุณยืนยัน ฉันจะกลับไปกับคุณ แต่ขอเวลาฉันอีกสักหน่อยเพื่อทำตัวอย่างสุดท้ายให้เสร็จ
23725	Congratulations on placing ${1} in last Season's Hero Registry! This is the reward you earned. Please collect it!	ขอแสดงความยินดีกับการวาง${1}ในทะเบียนฮีโร่ของฤดูกาลที่แล้ว!นี่คือรางวัลที่คุณได้รับกรุณารวบรวมมัน!
23726	Wonderful, that's really it! Thank You so much—you've done both me and one of my longtime customers a huge favor!	มหัศจรรย์จริงๆ นั่นแหละ!ขอบคุณมาก คุณช่วยฉันและลูกค้าเก่าแก่คนหนึ่งของฉันอย่างมาก!
23727	Hmm... There are still mysteries left unsolved. Talk to other Adventurers, and you may find the answers you seek.	อืม... ยังมีปริศนาที่ยังไม่คลี่คลายอยู่พูดคุยกับนักผจญภัยคนอื่นๆ แล้วคุณอาจพบคำตอบที่คุณต้องการ
23728	You haven't used one before, have you? A Fly Wing can randomly Teleport You to another location within this area.	ไม่เคยใช้มาก่อนใช่หรือไม่?Fly Wing สามารถสุ่มเคลื่อนย้ายคุณไปยังตำแหน่งอื่นภายในพื้นที่นี้ได้
23729	You can continue participating in the auction after switching dungeons, leaving the dungeon, or leaving the party	คุณสามารถเข้าร่วมการประมูลต่อได้หลังจากเปลี่ยนดันเจี้ยน ออกจากดันเจี้ยน หรือออกจากปาร์ตี้
23730	Great news! Our Guild Member “${1}” is today's Festival Invitation lucky star! Let's go cheer them on! Go Support	ข่าวดี!สมาชิกกิลด์ของเรา “${1}” คือผู้โชคดีที่ได้รับเชิญเข้าร่วมเทศกาลในวันนี้!ไปเชียร์พวกเขากันเถอะ!ไปสนับสนุน
23731	The long-awaited grand prize is about to be revealed! Who will be tonight's luckiest winner?\nFirst Prize Drawing	รางวัลใหญ่ที่รอคอยมานานกำลังจะถูกเปิดเผยแล้ว!ใครจะเป็นผู้ชนะที่โชคดีที่สุดในคืนนี้?\nการจับรางวัลที่หนึ่ง
23732	Numerous invading monsters have appeared at Prontera South Gate. Nearby Adventurers, provide support immediately!	สัตว์ประหลาดบุกรุกมากมายปรากฏตัวที่ประตูทางใต้ของพรอนเทรานักผจญภัยที่อยู่ใกล้ๆ ให้การสนับสนุนทันที!
23733	Without looking back, Jack ran into the woods. In the distance, a scream rang out as a branch tore his clothes...	แจ็ควิ่งเข้าไปในป่าโดยไม่หันกลับมามองในระยะไกล เสียงกรีดร้องดังขึ้นขณะที่กิ่งไม้ฉีกเสื้อผ้าของเขา...
23734	Empowers yourself with the power of the Sanctuary, increasing your ^{1}Holy damage by ${1}%^{2} for ${2} seconds.	เพิ่มพลังให้ตัวเองด้วยพลังของ Sanctuary เพิ่ม ^{1}Holy ความเสียหายเป็น${1}%^{2}เป็นเวลา${2}วินาที
23735	Can only be used while riding Madogear. Use the thrusters to Move ^{1}${1}^{2} meters in the specified direction.	ใช้ได้ขณะขี่ Madogear เท่านั้นใช้ตัวขับดันเพื่อเคลื่อนย้าย ^{1}${1}^{2}เมตรในทิศทางที่กำหนด
23736	Learn riding techniques to unlock the Peco Peco mount and increase Movement Speed by ^{1}${1}%^{2} while mounted.	เรียนรู้เทคนิคการขี่เพื่อปลดล็อค Peco Peco mount และเพิ่มความเร็วในการเคลื่อนที่ ^{1}${1}%^{2}ขณะขี่
23737	Phreeoni sprays its stomach acid, applying 【Stomach Acid Corrosion】 to players within a large area around itself.	Phreeoni ฉีดกรดในกระเพาะอาหาร ทำให้เกิดการกัดกร่อนของกรดในกระเพาะอาหารกับผู้เล่นในพื้นที่ขนาดใหญ่รอบๆ ตัวมันเอง
23738	Grants yourself ^{1}${1}^{2} to all base stats, ^{3}${2}^{4} HIT, and ^{5}${3}%^{6} Physical damage for ${4} sec.	ให้สิทธิ์ ^{1}${1}^{2}ให้กับสถิติพื้นฐานทั้งหมด ^{3}${2}^{4}HIT และ ^{5}${3}%^{6}ความเสียหายทางกายภาพเป็นเวลา${4}วินาที
23739	Golden Thief Bug harnesses the power of lava and Launches magma at multiple nearby players, damaging players hit.	Golden Thief Bug ควบคุมพลังของลาวาและปล่อยแม็กม่าใส่ผู้เล่นใกล้เคียงหลายคน สร้างความเสียหายให้กับผู้เล่นที่โดน
23740	Orc Hero lets out an enraged roar, damaging nearby players and reducing their Attack Speed by @{1}% for @{2} sec.	ออร์คฮีโร่ส่งเสียงคำรามอย่างโกรธเคือง สร้างความเสียหายให้กับผู้เล่นใกล้เคียง และลดความเร็วในการโจมตีลง@{1}% เป็นเวลา@{2}วินาที
23741	Is deals Physical ATK*^{1}${2}%^{2} Neutral ranged Physical damage to the designated ST enemy within ${1} meters.	สร้างความเสียหายทางกายภาพ*^{1}${2}%^{2}สร้างความเสียหายทางกายภาพในระยะไกลแก่ศัตรู ST ที่กำหนดภายในระยะ${1}เมตร
23742	Eve deals Physical ATK*^{1}${2}%^{2} Neutral melee Physical damage to the designated ST enemy within ${1} meters.	Eve สร้างความเสียหายทางกายภาพ*^{1}${2}%^{2}สร้างความเสียหายทางกายภาพระยะประชิดที่เป็นกลางแก่ศัตรู ST ที่กำหนดภายในระยะ${1}เมตร
23743	After briefly charging, Bongun strikes forward, dealing ^{1}${1}%^{2} Neutral melee Physical damage to the enemy.	หลังจากชาร์จได้ชั่วครู่ Bongun ก็โจมตีไปข้างหน้า สร้าง ^{1}${1}%^{2}สร้างความเสียหายกายภาพระยะประชิดที่เป็นกลางแก่ศัตรู
23744	Magic damage buff: Skills mark enemies when dealing damage. Each Floor of 【Magic Mark】 grants @{1}% Magic damage.	บัฟความเสียหายเวทย์: ทักษะทำเครื่องหมายศัตรูเมื่อสร้างความเสียหายแต่ละชั้นของ 【Magic Mark】 มอบความเสียหายทางเวทมนตร์ให้กับ@{1}%
23745	When a damage/control Protector skill deals damage, adds ${2} hit(s) of ^{1}${3}%^{2} Fire melee Physical damage.	เมื่อความเสียหาย/การควบคุมทักษะของผู้พิทักษ์สร้างความเสียหาย เพิ่มการโจมตีทางกายภาพของ ^${2}จำนวน ^{1}${3}%^{2}ความเสียหายทางกายภาพระยะประชิด
23746	When a damage/control Protector skill deals damage, adds ${1} hit(s) of ^{1}${2}%^{2} Fire melee Physical damage.	เมื่อความเสียหาย/การควบคุม ทักษะผู้พิทักษ์สร้างความเสียหาย เพิ่มการโจมตีทางกายภาพของ ^${1}จำนวน ^{1}${2}%^{2}ความเสียหายทางกายภาพระยะประชิด
23747	You no longer own some items in the recommended preset. Replace personal preset ${1} with the recommended preset:	คุณไม่ได้เป็นเจ้าของบางรายการในชุดล่วงหน้าที่แนะนำอีกต่อไปแทนที่ค่าที่ตั้งล่วงหน้าส่วนบุคคล${1}ด้วยค่าที่ตั้งล่วงหน้าที่แนะนำ:
23748	When using certain Job Talents, consumes corresponding ^{1}【Pages】^{2} Floors to cast them an Extra @{1} time(s).	เมื่อใช้ Job Talent บางอย่าง ต้องใช้ ^{1}【หน้า】^ พื้น{2}ที่สอดคล้องกันเพื่อร่ายเวลาพิเศษ@{1}
23749	Participate in the Tower of Spirits during the event. Rewards will be issued based on rankings during Settlement.	เข้าร่วม Tower of Spirits ในระหว่างกิจกรรมรางวัลจะมอบให้ตามอันดับระหว่างการชำระบัญชี
23750	Amplifies your magic power, increasing Magic ATK by ^{1}${1}^{2} and Cast Speed by ^{3}${2}^{4} for ${3} seconds.	ขยายพลังเวทย์มนตร์ของคุณ เพิ่ม ATK เวทย์มนตร์โดย ^{1}${1}^{2}และความเร็วในการร่ายโดย ^{3}${2}^{4}เป็นเวลา${3}วินาที
23751	Every @{1} DEX grants @{2} HIT, @{3} ranged-class Physical ATK, @{4}% ranged-class Physical ATK, and @{5} CT Speed	ทุก ๆ@{1}DEX มอบ@{2}HIT,@{3}การโจมตีทางกายภาพระดับระยะไกล,@{4}% การโจมตีทางกายภาพของคลาสระยะไกล และความเร็ว CT ของ@{5}
23752	Adorned with fresh flowers and brimming with the spirit of spring. (Requires the Cart Remodeling skill to switch.)	ประดับประดาด้วยดอกไม้สดและเต็มไปด้วยจิตวิญญาณแห่งฤดูใบไม้ผลิ (ต้องใช้ทักษะการปรับปรุงรถเข็นจึงจะสลับได้)
23753	Complete quests and Kill monsters to earn EXP. Star Deity Level and constellation data will reset between Seasons.	ทำภารกิจให้สำเร็จและฆ่าสัตว์ประหลาดเพื่อรับ EXPข้อมูลระดับเทพดาวและกลุ่มดาวจะถูกรีเซ็ตระหว่างฤดูกาล
23754	Cards can be obtained by defeating monsters, completing quests, and through Trade. MVPs drop ultra-Rare MVP Cards.	การ์ดสามารถรับได้จากการเอาชนะมอนสเตอร์ ทำภารกิจให้สำเร็จ และผ่านการแลกเปลี่ยนMVP จะดรอปการ์ด MVP ที่หายากเป็นพิเศษ
23755	Heaven's Bounty Stone ×@{1} Chance: @{2}%\nHeaven's Bounty Stone ×@{3} Chance: @{4}%\nBlue Pet Shard Chance: @{5}%	Heaven's Bounty Stone ×@{1}Chance:@{2}%\nHeaven's Bounty Stone ×@{3}Chance:@{4}%\nBlue Pet Shard Chance:@{5}%
23756	Cannot use skill or move, and Physical and Magic DEF are reduced by @{1}%. Removed when hit, then inflicts Freeze.	ไม่สามารถใช้ทักษะหรือการเคลื่อนไหวได้ และ DEF กายภาพและเวทมนตร์จะลดลง@{1}%ลบออกเมื่อถูกโจมตี จากนั้นจะทำให้ติดสถานะแช่แข็ง
23757	Ranged Physical damage +${1}%. Each Floor of the Physical Damage buff grants an Extra ${2}% ranged Physical damage	ความเสียหายทางกายภาพระยะไกล +${1}%แต่ละชั้นของบัฟความเสียหายกายภาพมอบความเสียหายกายภาพระยะไกลพิเศษ${2}%
23758	Players removed via Leave Channel will be Auto-added to Blocks and cannot Enter this Channel again for ${1} hours.	ที่ถูกลบออกจากช่องออกจากจะถูกเพิ่มลงในบล็อกโดยอัตโนมัติและไม่สามารถเข้าสู่ช่องนี้ได้อีกเป็นเวลา${1}ชั่วโมง
23759	A hardworking little kitty pushes its cart... You are the most valuable treasure aboard, yet you'll never be sold.	ลูกแมวน้อยผู้ขยันขันแข็งเข็นรถเข็น... คุณคือสมบัติล้ำค่าที่สุดบนเรือ แต่คุณไม่มีวันถูกขาย
23760	That's a relief. At least he's safe. But Ant Hell is dangerous. We need to find him and make sure nothing happens.	สบายใจได้เลยอย่างน้อยเขาก็ปลอดภัยแต่มดนรกนั้นอันตรายเราต้องตามหาเขาให้เจอ และต้องแน่ใจว่าไม่มีอะไรเกิดขึ้น
23761	Congratulations! You won the auction for ${2} in ${1}. Please check the attachments, and have a wonderful journey!	ยินดีด้วย!คุณชนะการประมูล${2}ใน${1}โปรดตรวจสอบเอกสารแนบและขอให้มีการเดินทางที่แสนวิเศษ!
23762	These are your unclaimed Cumulative Rewards from the Lost Treasure event. Please collect them from the attachment.	นี่คือรางวัลสะสมที่ยังไม่มีผู้อ้างสิทธิ์จากกิจกรรม Lost Treasureกรุณารวบรวมจากเอกสารแนบ
23763	Wow, that's strict! We just defeated Eddga and haven't even caught our breath, and now we already have new Quests?	ว้าว เข้มงวดจังเลย!เราเพิ่งเอาชนะ Eddga ได้และหายใจไม่ออก และตอนนี้เรามีภารกิจใหม่แล้วหรือยัง?
23764	Guild Challenge: Epic Battle is now open. Head to the Guild Event panel to provide Utility support to your allies!	Guild Challenge: Epic Battle เปิดให้บริการแล้วไปที่แผงกิจกรรมกิลด์เพื่อให้การสนับสนุนยูทิลิตี้แก่พันธมิตรของคุณ!
23765	Bobo\nThe place circled in red in the notes must be the Professor's destination. Looks like we need to keep going.	Bobo\nสถานที่ที่วงกลมสีแดงในหมายเหตุต้องเป็นจุดหมายปลายทางของศาสตราจารย์ดูเหมือนว่าเราจะต้องดำเนินต่อไป
23766	A hilt forged from a dense Radiant Gold block. Its smooth, sturdy finish makes it ideal for crafting fine weapons.	ด้ามจับที่หล่อขึ้นจากบล็อก Radiant Gold ที่หนาแน่น ผิวเรียบและทนทานทำให้เหมาะสำหรับการประดิษฐ์อาวุธชั้นดี
23767	Use an Enhanced Cross Ripper Slasher after Dark Illusion to deal Burst damage, then use Back Slide to evade skills	ใช้ Enhanced Cross Ripper Slasher หลังจาก Dark Illusion เพื่อสร้างความเสียหายแบบ Burst จากนั้นใช้ Back Slide เพื่อหลบเลี่ยงทักษะ
23768	After using Interaction on the Chrono Compass, you see a brief vision of all the Nails of World Order lighting up.	หลังจากใช้การโต้ตอบบน Chrono Compass คุณจะเห็นนิมิตสั้นๆ ของตะปูแห่งระเบียบโลกทั้งหมดที่สว่างขึ้น
23769	The Chrono Compass absorbs the Thoughtform, space trembles, time is set to Pause, and the player enters the Abyss.	Chrono Compass ดูดซับรูปแบบความคิด พื้นที่สั่นสะเทือน ตั้งเวลาให้หยุดชั่วคราว และผู้เล่นเข้าสู่ Abyss
23770	Lock onto an allied target within @{1} meters, restoring Life equal to ^{1}@{2}%^{2} of ATK for you and the target	ล็อคเป้าหมายพันธมิตรในระยะ@{1}เมตร ฟื้นฟูพลังชีวิตเท่ากับ ^{1}@{2}%^{2}ของ ATK สำหรับคุณและเป้าหมาย
23771	Elio deals Physical ATK*^{1}${2}%^{2} Neutral melee Physical damage to the designated ST enemy within ${1} meters.	เอลิโอสร้างความเสียหายกายภาพ*^{1}${2}%^{2}สร้างความเสียหายทางกายภาพระยะประชิดเป็นกลางแก่ศัตรู ST ที่กำหนดภายในระยะ${1}เมตร
23772	All right, it's easy to get lost in the forest. Take this Flying mount—it'll help you cross the forest in no time!	เอาล่ะ หลงในป่าได้ง่าย ขึ้นพาหนะบินนี้—มันจะช่วยให้คุณข้ามป่าได้ในเวลาอันรวดเร็ว!
23773	I have traveled through many worlds, but this is the first time I've met someone like you who can awaken a 【Nail】.	ฉันเดินทางผ่านมาหลายโลก แต่นี่เป็นครั้งแรกที่ฉันได้พบกับคนแบบคุณที่สามารถปลุกเล็บได้
23774	The worst part is, that cargo contained parts I ordered from Juno... Without them, I can't even start this device.	ส่วนที่แย่ที่สุดคือ สินค้านั้นบรรจุชิ้นส่วนที่ฉันสั่งจาก Juno... หากไม่มีชิ้นส่วนเหล่านั้น ฉันจะสตาร์ทอุปกรณ์นี้ไม่ได้เลย
23775	Parries enemy attacks, increasing Physical and Magic DEF by @{1}. Auto Counters when taking melee Physical damage.	ปัดป้องการโจมตีของศัตรู เพิ่ม DEF กายภาพและเวทมนตร์โดย@{1}นับอัตโนมัติเมื่อได้รับความเสียหายทางกายภาพระยะประชิด
23776	Follow Bobo to start Learning the Professions (you can Produce Equipment Forging materials and various Consumables)	ติดตาม Bobo เพื่อเริ่มเรียนรู้วิชาชีพ (คุณสามารถผลิตอุปกรณ์การตีวัสดุและวัสดุสิ้นเปลืองต่างๆ)
23777	An error occurred while updating the client. Select Ignore to temporarily Start Game, but you may encounter issues.	เกิดข้อผิดพลาดขณะอัพเดตไคลเอ็นต์เลือกละเว้นเพื่อเริ่มเกมชั่วคราว แต่คุณอาจประสบปัญหา
23778	Defeating the corresponding monsters on the following maps will count:\n@{1}.【Payon Cave】\n@{2}.【Abandoned Village】	การเอาชนะมอนสเตอร์ที่เกี่ยวข้องในแผนที่ต่อไปนี้จะถูกนับ:\n@{1}. 【ถ้ำ Payon 】\n@{2}. 【หมู่บ้านที่ถูกทิ้งร้าง】
23779	This is the Guild Level. It governs guild growth and Benefits and determines the Level-up limit for other buildings	นี่คือระดับกิลด์ควบคุมการเติบโตของกิลด์และผลประโยชน์ และกำหนดขีดจำกัดเลเวลอัพสำหรับสิ่งปลูกสร้างอื่นๆ
23780	^{1}^{2}[Pierce]^{3}^{4}'s percentage damage multiplier increases by ${1}%, and its fixed damage increases by ${2}.	^{1}^{2}[เจาะทะลุ]^{3}^ ตัวคูณเปอร์เซ็นต์ความเสียหายของ{4}เพิ่มขึ้น${1}% และความเสียหายคงที่ของมันเพิ่มขึ้น${2}
23781	When a sword-type Weapon is equipped, PATK increases by ${1} for each Learn Lv. of ^{1}^{2}[Sword Quicken]^{3}^{4}.	เมื่อติดตั้งอาวุธประเภทดาบ PATK จะเพิ่มขึ้น${1}สำหรับแต่ละ Lv การเรียนรู้ของ ^{1}^{2}[เร่งดาบ]^{3}^{4}
23782	^{1}^{2}【Virus Spread】^{3}^{4} Damage Increase: ${1}% to the percentage damage multiplier and ${2} to fixed damage.	^{1}^{2}【การแพร่กระจายของไวรัส】^{3}^{4}เพิ่มความเสียหาย:${1}% ตัวคูณความเสียหายเป็นเปอร์เซ็นต์ และ${2}เป็นความเสียหายคงที่
23783	Osiris commands ^{1}all Horongs in the arena^{2} to move toward the target, damaging ^{3}targets in their path^{4}.	โอซิริสออกคำสั่ง ^{1}Horong ทั้งหมดในสนามประลอง^{2}ให้เคลื่อนที่ไปยังเป้าหมาย สร้างความเสียหาย ^{3}เป้าหมายในเส้นทางของพวกเขา^{4}
23784	A powerful presence that saves allies from danger. Reduces the damage allies take while providing powerful Healing.	การแสดงตนอันทรงพลังที่ช่วยพันธมิตรให้พ้นจากอันตราย ลดความเสียหายที่พันธมิตรได้รับพร้อมทั้งให้การรักษาอันทรงพลัง
23785	A Golden Coronet engraved with mysterious runes. Legend says it was blessed during the coronation of a former pope.	มงกุฎทองคำที่สลักด้วยอักษรรูนลึกลับ ตำนานเล่าว่าสถานที่แห่งนี้ได้รับพรระหว่างพิธีราชาภิเษกของอดีตสมเด็จพระสันตะปาปา
23786	Dazzling earrings modeled after beautiful Angel wings. Wearing them seems to grant mysterious power from the wings.	ต่างหูพราวออกแบบตามปีกนางฟ้าที่สวยงามการสวมมันดูเหมือนจะให้พลังลึกลับจากปีก
23787	Guild Member ${1} left the Guild, automatically canceling the impeachment of Guild Leader ${2}. Failed Impeachment.	สมาชิกกิลด์${1}ออกจากกิลด์ และยกเลิกการฟ้องร้องหัวหน้ากิลด์${2}โดยอัตโนมัติการกล่าวโทษล้มเหลว
23788	You had unclaimed rewards from the Novice Handbook event. We've sent them by mail, so please check the attachments!	คุณได้รับรางวัลที่ยังไม่มีผู้รับรางวัลจากกิจกรรมคู่มือมือใหม่เราได้ส่งพวกเขาทางไปรษณีย์ ดังนั้นโปรดตรวจสอบไฟล์แนบ!
23789	Come on, tell me—who was it? How did they pull off something so skillful? I still can't figure out how they did it.	เอาน่า บอกฉันสิ เป็นใคร?พวกเขาดึงสิ่งที่เก่งมากออกมาได้อย่างไร?ฉันยังนึกไม่ออกว่าพวกเขาทำได้อย่างไร
23790	I've prepared a [Complete Version] archive and a [Condensed Version] for the host. Remember, don't lose them again.	ฉันได้เตรียมไฟล์เก็บถาวร [เวอร์ชันสมบูรณ์] และ [เวอร์ชันย่อ] สำหรับโฮสต์แล้วจำไว้ว่าอย่าสูญเสียพวกเขาไปอีกครั้ง
23791	We couldn't have a child for many years, but ten years ago, we were unexpectedly blessed with a son in our old age.	เราไม่สามารถมีลูกมาหลายปีแล้ว แต่เมื่อสิบปีก่อน เราได้รับพรอย่างไม่คาดคิดว่ามีลูกชายในวัยชรา
23792	Is this wreck going to fall out of the sky? The wind's so strong, it's going to blow away Bobo's precious feathers!	ซากเรือนี้จะตกลงมาจากท้องฟ้าหรือเปล่า?ลมแรงมาก ขนอันล้ำค่าของโบโบ้จะปลิวไปหมด!
23793	Fine... For the sake of that precious device, I'll trust this glutton one last time. Let's go, before I throw up...	ก็ได้... เพื่อประโยชน์ของอุปกรณ์ล้ำค่านั้น ฉันจะเชื่อใจคนตะกละตัวนี้เป็นครั้งสุดท้ายไปก่อนนะ ก่อนที่ผมจะอ้วก...
23794	That's it? You're just dismissing us? We crawled through filthy sewers and saw things we were never meant to see...	เท่านั้นเหรอ?คุณแค่ไล่เราออกเหรอ?เราคลานผ่านท่อระบายน้ำสกปรก และเห็นสิ่งที่เราไม่ได้ตั้งใจจะเห็น...
23795	Your compass... It should begin collecting Soul Echoes soon, shouldn't it? They're more important than you realize.	เข็มทิศของคุณ... มันควรจะเริ่มสะสม Soul Echoes เร็วๆ นี้ใช่ไหม?พวกเขามีความสำคัญมากกว่าที่คุณคิด
23796	Eat <color=#C27B47>Special Dishes</color> to increase base stats. These bonuses are cleared when the Season changes	Eat <color=#C27B47>Special Dishes</color> to increase base stats. These bonuses are cleared when the Season changes
23797	Kafra Battlefield Manager\nReceive the Blessing of Baldur, God of Light, increasing MSPD by @{1}% for @{2} minutes.	Kafra Battlefield Manager\nรับพรจาก Baldur เทพเจ้าแห่งแสง เพิ่ม MSPD ขึ้น@{1}% เป็นเวลา@{2}นาที
23798	Congratulations to ${1} for winning First Place in the Festival Invitation! What an impressive wealth of knowledge!	ขอแสดงความยินดีกับ${1}สำหรับชัยชนะอันดับหนึ่งใน Festival Invitation!ช่างเป็นความรู้ที่น่าประทับใจจริงๆ!
23799	${1} will begin the Dragon's Descent ritual in Prontera in ${2} seconds and invites all Adventurers to participate!	${1}จะเริ่มพิธีกรรม Dragon's Descent ใน Prontera ใน${2}วินาที และเชิญชวนนักผจญภัยทุกคนให้เข้าร่วม!
23800	The enemy has pushed into the central district! Head to the central perimeter defenses and engage them immediately!	ศัตรูบุกเข้ามาแล้วใจกลางเขต!มุ่งหน้าไปยังแนวป้องกันบริเวณส่วนกลางแล้วโจมตีพวกมันทันที!
23801	Open this gift box for a chance to obtain a large amount of Diamonds, Equipment Refining Materials, and Rare Cards.	เปิดกล่องของขวัญนี้เพื่อลุ้นรับเพชร วัสดุการกลั่นอุปกรณ์ และการ์ดหายากจำนวนมาก
23802	A partially finished piece made from an Ironwood block. It can be further polished into a fine equipment component.	ชิ้นส่วนที่สร้างเสร็จบางส่วนจากบล็อกไม้ไอรอนวูด สามารถนำไปขัดเงาเพิ่มเติมให้เป็นส่วนประกอบของอุปกรณ์ชั้นดีได้
23803	A geometrically shaped fragment of Sobbing Starlight. It might be restored if the pieces are carefully reassembled.	ชิ้นส่วนรูปทรงเรขาคณิตของแสงดาวสะอื้น อาจคืนสภาพได้หากประกอบชิ้นส่วนต่างๆ อย่างระมัดระวัง
23804	Cow's milk, considered the most nutritious food for a Child during the Growth Stage. Can be exchanged for Headwear.	นมวัว ถือเป็นอาหารที่มีคุณค่าทางโภชนาการมากที่สุดสำหรับเด็กในช่วงการเจริญเติบโตสามารถเปลี่ยนเป็น Headwear ได้
23805	Even a tiny balloon can express your feelings~\n^{1}Intimacy +@{1}, recipient's Popularity +@{2}, your Hearts +@{3}	แม้แต่บอลลูนเล็กๆ ก็สามารถแสดงความรู้สึกของคุณได้~\n^{1}ความใกล้ชิด +@{1}ความนิยมของผู้รับ +@{2}, หัวใจของคุณ +@{3}
23806	Instantly restores the character's Life by ^{1}@{1}%^{2} of their maximum HP. ^{3}Life^{4}. Cooldown: @{2} seconds.	ฟื้นฟูพลังชีวิตของตัวละครทันทีโดย ^{1}@{1}%^{2}จาก HP สูงสุดของพวกเขา↑{3}ชีวิต^{4}.คูลดาวน์:@{2}วินาที
23807	Summons a vending cart nearby where you can purchase Battle Royale items. The vending cart lasts ^{1} @{1}^{2} sec.	เรียกรถเข็นจำหน่ายบริเวณใกล้เคียงซึ่งคุณสามารถซื้อไอเท็ม Battle Royale ได้รถเข็นจำหน่ายจะคงอยู่ ^{1}@{1}^{2}วินาที
23808	When 【Melody Vulcan】 triggers 【Firepower Reload】, 【Melody Cannon - Enhance】 Crit Chance increases by ^{1}@{1}%^{2}.	เมื่อ 【Melody Vulcan】 เรียกใช้ 【Firepower Reload】 【Melody Cannon - Enhance】 โอกาสคริติคอลเพิ่มขึ้น ^{1}@{1}%^{2}
23809	Then we found the three 【Keys】 left behind by the gods—the Realm Sandbox, the Nail of Cosmic Law, and your compass.	จากนั้นเราก็พบ 【กุญแจ】 สามดอกที่เหล่าทวยเทพทิ้งไว้ - Realm Sandbox, Nail of Cosmic Law และเข็มทิศของคุณ
23810	A group of uniquely talented individuals has appeared throughout the world. Find them to trigger mysterious events.	กลุ่มบุคคลที่มีความสามารถพิเศษได้ปรากฏตัวทั่วโลก ค้นหาพวกมันเพื่อกระตุ้นเหตุการณ์ลึกลับ
23811	Increases 【Sonic Blow】 damage by ${1}%. Raises the target HP threshold for 【Sonic Blow】's damage increase by ${2}%.	เพิ่มความเสียหายของ 【Sonic Blow】 เป็น${1}%เพิ่มเกณฑ์ HP เป้าหมายสำหรับการเพิ่มความเสียหายของ 【Sonic Blow】 เป็น${2}%
23812	Grants a shield equal to ${1}% of the user's Life, reducing ranged Physical damage taken by ${2}% for ${3} seconds.	สร้างเกราะป้องกันเท่ากับ${1}% พลังชีวิตของผู้ใช้ ซึ่งจะลดความเสียหายทางกายภาพระยะไกลที่ได้รับโดย${2}% เป็นเวลา${3}วินาที
23813	Each cosmetic has its own Fashion Points, which are automatically added to your total when the cosmetic is unlocked.	เครื่องสำอางแต่ละชิ้นมีคะแนนแฟชั่นของตัวเอง ซึ่งจะถูกเพิ่มเข้าไปในผลรวมของคุณโดยอัตโนมัติเมื่อปลดล็อคเครื่องสำอาง
23814	This is the system's Suggested route. You may freely choose another route based on the Battle conditions. Good luck!	นี่คือเส้นทางที่แนะนำของระบบคุณสามารถเลือกเส้นทางอื่นได้อย่างอิสระตามเงื่อนไขการต่อสู้ขอให้โชคดี!
23815	Reflects @{1}% of damage taken for @{2} sec. Reflection cooldown: @{3} sec. (Each reflected hit cannot exceed @{4}W)	สะท้อนถึง@{1}% ของความเสียหายที่ได้รับสำหรับ@{2}วินาทีคูลดาวน์การสะท้อนกลับ:@{3}วินาที(การสะท้อนแต่ละครั้งต้องไม่เกิน@{4}W)
23816	Afflicted by the Curse of darkness, reducing Movement Speed by @{1}% and inflicting Silence and Disarm for @{2} sec.	ได้รับผลกระทบจากคำสาปแห่งความมืด ทำให้ความเร็วในการเคลื่อนที่ลดลง@{1}% และทำให้เป็นความเงียบและปลดอาวุธเป็นเวลา@{2}วินาที
23817	When ^{1}^{2}[Resurrection]^{3}^{4} Revives a target below Base ${1}, its HP and SP recovery are increased by ${2}%.	เมื่อ ^{1}^{2}[การฟื้นคืนชีพ]^{3}^{4}ฟื้นคืนเป้าหมายที่ต่ำกว่าฐาน${1}การฟื้นฟู HP และ SP ของมันจะเพิ่มขึ้น${2}%
23818	^{1}^{2}【Deadly Poison】^{3}^{4} Damage Increase: ${1}% to the percentage damage multiplier and ${2} to fixed damage.	^{1}^{2}【พิษร้ายแรง】^{3}^{4}เพิ่มความเสียหาย:${1}% เป็นเปอร์เซ็นต์ตัวคูณความเสียหาย และ${2}เป็นความเสียหายคงที่
23819	Mistress summons ^{1}Hornets that charge horizontally and vertically^{2}, damaging players. Players must evade them.	นายหญิงเรียก ^{1}แตนที่ชาร์จในแนวนอนและแนวตั้ง^{2}สร้างความเสียหายให้กับผู้เล่นผู้เล่นจะต้องหลบเลี่ยงพวกเขา
23820	Mistress summons a ^{1}swarm of bees^{2} around herself, dealing damage first in a circular area and then in a ring.	นายหญิงเรียก ^{1}ฝูงผึ้ง^{2}มารอบๆ ตัวเธอ สร้างความเสียหายเป็นอันดับแรกในพื้นที่วงกลม จากนั้นจึงสร้างวงแหวน
23821	Mistress summons a ^{1}Hornet formation^{2} to perform ^{3}@{1}^{4} charges, followed by ^{5}@{2}^{6} wider charges.	นายหญิงเรียก ^{1}รูปแบบแตน^{2}เพื่อดำเนินการ ^{3}@{1}^{4}ประจุ ตามด้วย ^{5}@{2}^{6}ประจุที่กว้างกว่า
23822	Baphomet summons a ^{1}lightning strike^{2} that damages targets in a circular area, then damages targets in a ring.	Baphomet เรียก ^{1}สายฟ้าฟาด^{2}ที่สร้างความเสียหายให้กับเป้าหมายในพื้นที่วงกลม จากนั้นสร้างความเสียหายให้กับเป้าหมายในวงแหวน
23823	A unique Hat with enormous wings symbolizing the sun. Please don't ask how you're supposed to walk while wearing it.	หมวกอันเป็นเอกลักษณ์ที่มีปีกขนาดมหึมาซึ่งเป็นสัญลักษณ์ของดวงอาทิตย์ โปรดอย่าถามว่าเมื่อสวมใส่แล้วจะต้องเดินอย่างไร
23824	The rabbit family of Fairy-Tale Town loves curling up inside teacups for afternoon naps whenever the sun is shining.	ครอบครัวกระต่ายแห่ง Fairy-Tale Town ชอบนอนขดตัวอยู่ในถ้วยชาเพื่องีบหลับยามบ่ายทุกครั้งที่แสงแดดส่อง
23825	"Not enough <sprite name=""${1}""> <#cc762a>X${2}</color>. Spend <sprite name=""${3}""><#cc762a>${4}</color> to purchase?"	"ไม่เพียงพอ<sprite name=""${1}""><#cc762a>X${2}</color>ใช้จ่าย<sprite name=""${3}""><#cc762a>${4}</color>เพื่อซื้อ?"
23826	Look here! You can use the Trade Exchange to buy or sell equipment, Cards, and other Rare items. Take a look around~	ดูนี่สิ!คุณสามารถใช้ Trade Exchange เพื่อซื้อหรือขายอุปกรณ์ การ์ด และไอเท็มหายากอื่นๆลองมองไปรอบ ๆ ~
23827	The Demon King Morroc invaded these lands, while Jormungand, the colossal World Serpent, sought to devour the world.	ราชาปีศาจ Morroc บุกดินแดนเหล่านี้ ขณะที่ Jormungand ซึ่งเป็นงูโลกขนาดมหึมาพยายามกลืนกินโลก
23828	Oh, you must be the newcomer Rhine mentioned. You've certainly got courage, but otherwise you look pretty average...	โอ้ คุณต้องเป็นผู้มาใหม่ที่ไรน์กล่าวถึงคุณมีความกล้าอย่างแน่นอน แต่อย่างอื่นคุณดูธรรมดามาก...
23829	It's a common trick among Adventurers. You rely on luck to cross paths with it. Whether you find it is up to chance.	เป็นเคล็ดลับทั่วไปของนักผจญภัยคุณต้องอาศัยโชคในการข้ามเส้นทางกับมันไม่ว่าคุณจะพบมันขึ้นอยู่กับโอกาส
23830	Congratulations on ranking ${1} on the Combat Power Ranking—Mages! Here are your Ranking Rewards. Please claim them!	ขอแสดงความยินดีกับการจัดอันดับ${1}ในการจัดอันดับพลังการต่อสู้—นักเวทย์!นี่คือรางวัลอันดับของคุณกรุณาอ้างสิทธิ์พวกเขา!
23831	Your bid on ${2} in the ${1} auction was surpassed, and your funds have been returned. Please check the attachments.	คุณเสนอราคาสำหรับ${2}ในการประมูล${1}เกินแล้ว และเงินของคุณได้รับการส่งคืนแล้วกรุณาตรวจสอบเอกสารแนบ
23832	Dear Player, the review result for your appeal regarding Order No.:【${7}】 has been confirmed.\nReview Result:Denied.	เรียนผู้เล่น ผลการตรวจสอบสำหรับการอุทธรณ์ของคุณเกี่ยวกับหมายเลขคำสั่งซื้อ: 【${7}】 ได้รับการยืนยันแล้ว\nผลการตรวจสอบ:ถูกปฏิเสธ
23833	These are your rewards for defeating an Elite Monster while Treasure Hunting. Please claim them from the attachment.	นี่คือรางวัลของคุณสำหรับการเอาชนะ Elite Monster ขณะล่าสมบัติกรุณาอ้างสิทธิ์จากเอกสารแนบ
23834	Thank You for handing out Red Packets during the Dragon Quest. Here are the unclaimed portions. Please collect them!	ขอบคุณที่แจก Red Packet ระหว่าง Dragon Questนี่คือส่วนที่ไม่มีการอ้างสิทธิ์กรุณารวบรวมพวกเขา!
23835	These are the Personal Rewards you earned during the Wedding Crashers event. Please claim them from the attachments.	นี่คือรางวัลส่วนตัวที่คุณได้รับระหว่างกิจกรรม Wedding Crashersกรุณาอ้างสิทธิ์จากเอกสารแนบ
23836	Getting completely drunk every night is making my head hurt~ I could really use a bottle of pale yellow Potion~ Hic~	การเมาจนหมดทุกคืนทำให้ฉันปวดหัว~ ฉันสามารถใช้ Potion สีเหลืองอ่อนขวดหนึ่งได้จริงๆ~ ฮิกส์~
23837	Don't worry. Take this Red Potion. Remember to restore your HP promptly in the Field, and don't let You become Weak.	ไม่ต้องกังวลรับยาสีแดงนี้ไปอย่าลืมฟื้นฟู HP ของคุณทันทีในสนาม และอย่าปล่อยให้คุณอ่อนแอ
23838	Ahem, well... You two were working together so well that rushing in might've thrown off your rhythm... Yes, exactly!	อะแฮ่ม ก็... คุณสองคนทำงานร่วมกันได้ดีจนการรีบเข้ามาอาจทำให้คุณเสียจังหวะ... ใช่แล้ว!
23839	You're deliberately finding fault with everything! We risked our lives to get these, and now you're telling us this?	คุณจงใจจับผิดกับทุกสิ่ง!เราเสี่ยงชีวิตเพื่อให้ได้สิ่งเหล่านี้มา และตอนนี้คุณกำลังบอกเราเรื่องนี้เหรอ?
23840	Orc Hero will unleash its ultimate skill in ${1} seconds. Pick up the Giant Blade and interrupt Orc Hero's charging!	Orc Hero จะปลดปล่อยทักษะขั้นสูงสุดใน${1}วินาทีหยิบดาบยักษ์ขึ้นมาแล้วขัดขวางการชาร์จของออร์คฮีโร่!
23841	Alert! The enemy is nearing Prontera's core, and the central defensive line is about to become the Main Battlefield!	เตือน! ศัตรูกำลังเข้าใกล้แกนกลางของพรอนเทรา และแนวป้องกันส่วนกลางกำลังจะกลายเป็นสนามรบหลัก!
23842	Bobo\nHmph! Maya wasn't so tough! I heard monsters hide their treasures in their nests. Could the professor be here?	โบโบ\nฮึ่ม!มายาไม่ได้แข็งแกร่งขนาดนั้น!ฉันได้ยินมาว่าสัตว์ประหลาดซ่อนสมบัติไว้ในรังอาจารย์อยู่ที่นี่ได้ไหม?
23843	Air Pirate Boss\nDon't... celebrate just yet... By the Desert Eagles, I swear... Blood... will be repaid in blood...	หัวหน้าโจรสลัดอากาศ\nอย่าเพิ่ง... ฉลองเลย... โดย Desert Eagles ฉันสาบาน... เลือด... จะตอบแทนด้วยเลือด...
23844	Cockroach Researcher\nT-That was terrifying... I've been afraid of dogs since I was little. I'm getting out of here!	นักวิจัยแมลงสาบ\nต-น่ากลัวมาก... ฉันกลัวสุนัขมาตั้งแต่เด็กฉันจะออกไปจากที่นี่!
23845	Bobo\nW-What's going on? Why is that compass on your chest glowing? That's scary! It's not going to explode, is it?!	โบโบ\nW-เกิดอะไรขึ้น?ทำไมเข็มทิศบนหน้าอกของคุณถึงเรืองแสง?น่ากลัวมาก!มันจะไม่ระเบิดใช่ไหม!
23846	A grip forged from mithril that improves a weapon's handling and durability. Suitable for crafting standard weapons.	ด้ามจับที่สร้างจากมิธริลที่ช่วยปรับปรุงการควบคุมและความทนทานของอาวุธ เหมาะสำหรับการสร้างอาวุธมาตรฐาน
23847	A long Feather from a raven's tail that shimmers with colorful light. One of the Materials used to create a Pet Egg.	ขนนกยาวจากหางของอีกาที่ส่องแสงหลากสีสัน หนึ่งในวัสดุที่ใช้สร้างไข่สัตว์เลี้ยง
23848	A mysterious liquid shimmering with every color of the rainbow. Instantly restores @{1}% HP. Cooldown: @{2} seconds.	ของเหลวลึกลับที่ส่องประกายด้วยสีรุ้งทุกสี ฟื้นฟู@{1}% HP ทันที คูลดาวน์:@{2}วินาที
23849	A superb Healing Potion imbued with the power of Blessing. Instantly restores @{1}+@{2}% HP. Cooldown: @{3} seconds.	ยารักษาอันยอดเยี่ยมที่เปี่ยมไปด้วยพลังแห่งพร ฟื้นฟู@{1}+@{2}% HP ทันที คูลดาวน์:@{3}วินาที
23850	Made from the shoulder section of a suit of armor, this protective shoulder covering offers considerable protection.	ผลิตจากส่วนไหล่ของชุดเกราะ ที่คลุมไหล่ป้องกันนี้ให้การปกป้องได้มาก
23851	A long-handled dagger once used in an ancient kingdom. Its blade is slightly longer than that of an ordinary dagger.	กริชด้ามยาวที่เคยใช้ในอาณาจักรโบราณ ใบมีดของมันยาวกว่ากริชธรรมดาเล็กน้อย
23852	Event Period: During the Ignition Test, opens Saturday and the following Monday and Tuesday from @{1}:@{2}~@{3}:@{4}	: ในระหว่างการทดสอบการจุดระเบิด เปิดในวันเสาร์และวันจันทร์และวันอังคารถัดไปจาก@{1}:@{2}~@{3}:@{4}
23853	Releases a pulse within a ${1} m radius, dealing Physical ATK * ^{1}${3}%^{2} Neutral melee Physical DMG ${2} times.	ปล่อยชีพจรภายในรัศมี${1}m สร้างความเสียหายทางกายภาพ * ^{1}${3}%^{2}สร้างความเสียหายกายภาพระยะประชิดเป็นกลาง${2}ครั้ง
23854	After leaving, you can re-enter from the Territory War event screen. Are you sure you want to leave the battlefield?	หลังจากออกไป คุณสามารถกลับเข้ามาใหม่ได้จากหน้าจอกิจกรรมสงครามอาณาเขต คุณแน่ใจหรือว่าต้องการออกจากสนามรบ?
23855	After use, creates a magnetic field in the selected Guild Battlefield that continuously affects every player's Move.	หลังการใช้งาน สร้างสนามแม่เหล็กใน Guild Battlefield ที่เลือก ซึ่งจะส่งผลต่อ Move ของผู้เล่นทุกคนอย่างต่อเนื่อง
23856	Vocal begins singing, healing up to ${3} allies within a ${2}-meter radius for *^{1}${4}%^{2} of their maximum Life.	Vocal เริ่มร้องเพลง รักษาพันธมิตร${3}ภายในรัศมี${2}เมตรสำหรับ *^{1}${4}%^{2}ของพลังชีวิตสูงสุดของพวกเขา
23857	The Watcher flaps its wings, dealing Neutral melee Physical damage equal to Physical ATK*^{1}${1}%^{2} to the enemy.	ผู้เฝ้าดูกระพือปีก สร้างความเสียหายทางกายภาพระยะประชิดที่เป็นกลางเท่ากับพลังโจมตีกายภาพ*^{1}${1}%^{2}ให้กับศัตรู
23858	【Twilight Light】damage multiplier increases by ^{1}${1}%^{2} and applies 【Over Brand】 for an Extra ^{3}${2}^{4} sec.	【แสงทไวไลท์】ตัวคูณความเสียหายเพิ่มขึ้น ^{1}${1}%^{2}และใช้ 【Over Brand】 เป็นเวลาพิเศษ ^{3}${2}^{4}วินาที
23859	Deals ST Neutral melee Physical damage equal to Physical ATK * ^{1}${2}%^{2} to the target enemy within ${1} meters.	สร้างความเสียหายทางกายภาพระยะประชิด ST เป็นกลางเท่ากับ ATK ทางกายภาพ * ^{1}${2}%^{2}ไปยังศัตรูเป้าหมายภายในระยะ${1}เมตร
23860	Let's split up. ^{1}PlayerName^{2} and I will deal with the hardest one to persuade, while Kiki talks to the others.	แยกกัน.^{1}PlayerName^{2}และฉันจะจัดการกับสิ่งที่ยากที่สุดในการโน้มน้าวใจ ในขณะที่ Kiki พูดคุยกับคนอื่นๆ
23861	We reported them to the guards, but they said this is a public area and they can't stop people from waiting in line.	เรารายงานพวกเขาต่อเจ้าหน้าที่แล้ว แต่พวกเขาบอกว่านี่เป็นพื้นที่สาธารณะ และไม่สามารถห้ามไม่ให้ผู้คนเข้าแถวได้
23862	When any Protector skill is used, grants the master [Divine Hope] (Physical/Magic DEF +^{1}${1}%^{2}) for ${2}% sec.	เมื่อใช้ทักษะป้องกันใดๆ จะทำให้ปรมาจารย์ [Divine Hope] (DEF กายภาพ/เวทมนตร์ +^{1}${1}%^{2}) เป็นเวลา${2}% วินาที
23863	You no longer own some items in the recommended build. Replace the selected System build with the recommended build?	คุณไม่ได้เป็นเจ้าของบางรายการในรุ่นที่แนะนำอีกต่อไปแทนที่บิลด์ระบบที่เลือกด้วยบิลด์ที่แนะนำหรือไม่
23864	Every @{1} seconds, Live Coals will appear in the territory. Gather them and add them to the Bonfire to earn rewards.	ทุกๆ@{1}วินาที ถ่านหินสดจะปรากฏขึ้นในพื้นที่รวบรวมพวกมันและเพิ่มลงในกองไฟเพื่อรับรางวัล
23865	A highest-ranking cleric with greatly improved field auto-battle capabilities, battlefield damage, and crowd control.	นักบวชที่มีอันดับสูงสุดพร้อมความสามารถในการต่อสู้อัตโนมัติในสนามที่ได้รับการปรับปรุงอย่างมาก ความเสียหายในสนามรบ และการควบคุมฝูงชน
23866	Rune Sword can ride a dragon, initiate team fights, and charge into battle while offering both durability and damage.	Rune Sword สามารถขี่มังกร เริ่มการต่อสู้เป็นทีม และพุ่งเข้าสู่การต่อสู้โดยให้ทั้งความทนทานและความเสียหาย
23867	While Cooking, there is a Chance to trigger ^{1}Flash of Inspiration^{2} and obtain a higher-rarity ^{3}Rare item^{4}	ขณะทำอาหาร มีโอกาสเกิด ^{1}Flash of Inspiration^{2}และรับความหายากที่สูงกว่า ^{3}Rare item^{4}
23868	Using 【Axe Smash】 or 【Axe Tornado】 grants stacks of 【Blade Mark】. At @{1} stacks, triggers 【Axe Boomerang - Enhance】.	การใช้ 【Axe Smash】 หรือ 【Axe Tornado】 จะได้รับแต้มสะสมของ 【Blade Mark】ที่@{1}สแต็ค จะเรียกใช้ 【Axe Boomerang - Enhance 】
23869	Each Member gains a different Class Resonance effect: damage dealt to Bosses +@{1}%, damage taken from Bosses -@{2}%.	สมาชิกแต่ละคนจะได้รับเอฟเฟกต์เสียงสะท้อนคลาสที่แตกต่างกัน: ความเสียหายที่ทำกับบอส +@{1}%, ความเสียหายที่ได้รับจากบอส -@{2}%
23870	^{1}^{2}【Meteor Assault】^{3}^{4} Damage Increase: ${1}% to the percentage damage multiplier and ${2} to fixed damage.	^{1}^{2}【การโจมตีด้วยดาวตก】^{3}^{4}เพิ่มความเสียหาย:${1}% เป็นตัวคูณความเสียหายเป็นเปอร์เซ็นต์ และ${2}เป็นความเสียหายคงที่
23871	Drake repeatedly summons^{1}@{1} ghost ships^{2}that sail across the battlefield, damaging targets along their paths.	Drake เรียกซ้ำๆ^{1}@{1}เรือผี^{2}ที่แล่นข้ามสนามรบ สร้างความเสียหายให้กับเป้าหมายตามเส้นทางของพวกมัน
23872	Deals Damage over Time to enemies within a @{1}-meter radius, dealing ^{1}@{2}%^{2} damage per tick for @{3} seconds.	สร้างความเสียหายต่อเนื่องให้กับศัตรูภายในรัศมี@{1}เมตร สร้าง ^{1}@{2}%^{2}ความเสียหายต่อขีดเป็นเวลา@{3}วินาที
23873	A Hat coveted by every talented mage. It looks a little odd, but it's comfortable to wear and gives off a lively air.	หมวกที่นักเวทย์ผู้มีความสามารถทุกคนปรารถนา ดูแปลกนิดหน่อยแต่ก็สวมใส่สบายและให้บรรยากาศที่มีชีวิตชีวา
23874	A mask imbued with the strong will of a Goblin Leader. But no matter how you dress it up, a Goblin is still a Goblin.	หน้ากากที่เต็มไปด้วยเจตจำนงอันแข็งแกร่งของผู้นำก็อบลิน แต่ไม่ว่าคุณจะแต่งตัวยังไง ก็อบลินก็ยังคงเป็นก็อบลิน
23875	Enable Follow under [Wardrobe - Pet Follow]. Once enabled, ${1} will follow close behind you in non-battle locations.	เปิดใช้งานการติดตามภายใต้ [ตู้เสื้อผ้า - ติดตามสัตว์เลี้ยง]เมื่อเปิดใช้งานแล้ว${1}จะติดตามคุณอย่างใกล้ชิดในสถานที่ที่ไม่ใช่การสู้รบ
23876	(Suddenly notices something) Grandpa, why are your pant legs all torn up? It looks like something's been biting them.	(ทันใดนั้นสังเกตเห็นอะไรบางอย่าง) คุณปู่ทำไมขากางเกงของคุณถึงฉีกไปหมด? ดูเหมือนมีบางอย่างกำลังกัดพวกเขา
23877	"Oh! I get it now! It's one of those ""can't say too much"" situations, right? Like with certain high-level commissions."	"โอ้!ฉันเข้าใจแล้ว!มันเป็นหนึ่งในสถานการณ์ที่ ""พูดมากเกินไปไม่ได้"" ใช่ไหม?เช่นเดียวกับค่าคอมมิชชั่นระดับสูงบางรายการ"
23878	These little ones are timid enough already. If you don't help, I'll never get them to tell me where the spicewood is.	เจ้าตัวเล็กพวกนี้ขี้อายพอแล้วถ้าคุณไม่ช่วย ฉันจะไม่มีวันให้พวกเขาบอกฉันว่าไม้เครื่องเทศอยู่ที่ไหน
23879	With a Magic Staff, even someone who isn't naturally strong can convert mental energy into tremendous physical power.	ด้วยไม้เท้าวิเศษ แม้แต่คนที่ไม่แข็งแกร่งโดยธรรมชาติก็สามารถเปลี่ยนพลังงานทางจิตให้เป็นพลังทางกายภาพอันมหาศาลได้
23880	The village is half destroyed, yet people are still coming here... That shouldn't affect the secret base much, right?	หมู่บ้านถูกทำลายไปแล้วครึ่งหนึ่ง แต่ผู้คนยังคงมาที่นี่... นั่นไม่น่าจะส่งผลกระทบต่อฐานทัพลับมากนักใช่ไหม?
23881	Someone posted a wanted notice here—a white four-legged creature carried off a fish in its mouth and is very agile...	มีคนโพสต์ประกาศตามหาที่นี่—สัตว์สี่ขาสีขาวอุ้มปลาไว้ในปากและมีความว่องไวมาก...
23882	Don't let the quiet fool you. Calm doesn't mean everything's fine. Sometimes, Calm is the most dangerous sign of all.	อย่าปล่อยให้ความเงียบหลอกคุณความสงบไม่ได้หมายความว่าทุกอย่างจะดีบางครั้งความสงบก็เป็นสัญญาณที่อันตรายที่สุด
23883	The White Dove has been my trusty companion for years. She may fly steady now, but she once saved my life in a storm.	White Dove เป็นเพื่อนที่ฉันไว้ใจมานานหลายปีตอนนี้เธออาจบินได้อย่างมั่นคง แต่ครั้งหนึ่งเธอเคยช่วยชีวิตฉันท่ามกลางพายุ
23884	Excellent. It seems you've learned to control your own STR. That's the foundation of becoming a Qualified Adventurer.	สุดยอดครับดูเหมือนว่าคุณได้เรียนรู้ที่จะควบคุม STR ของคุณเองแล้วนั่นคือรากฐานของการเป็นนักผจญภัยที่ผ่านการรับรอง
23885	What? They're that venomous? What if we get bitten?! It's way too dangerous to send a rookie like ^{1}PlayerName^{2}!	อะไร?พวกมันมีพิษขนาดนั้นเหรอ?ถ้าเราโดนกัดจะเป็นยังไงนะ!มันอันตรายเกินไปที่จะส่งมือใหม่อย่าง ^{1}PlayerName^{2}!
23886	This is for you. Consider it a token of my gratitude and... something to help you recognize Me the next time we meet.	นี่สำหรับคุณถือว่าเป็นการแสดงความกตัญญูของฉันและ... บางสิ่งบางอย่างที่จะช่วยให้คุณจำฉันได้ในครั้งต่อไปที่เราพบกัน
23887	Hey! You stingy old man! ^{1}PlayerName^{2} got hurt because of you, and all you're offering is a room for the night?	เฮ้!คุณเฒ่าขี้เหนียว!^{1}PlayerName^{2}ได้รับบาดเจ็บเพราะคุณ และสิ่งที่คุณเสนอคือห้องพักสำหรับคืนนี้เหรอ?
23888	“This route used to be the lifeline of merchant caravans. Now... those damned sky pirates have thrown it into chaos.”	“เส้นทางนี้เคยเป็นเส้นทางชีวิตของคาราวานพ่อค้า บัดนี้... โจรสลัดบนท้องฟ้าผู้เคราะห์ร้ายเหล่านั้นได้ทำให้มันวุ่นวายแล้ว”
23889	“Hahaha! Judging by the look on your face, is this your first time on an airship? Nervous? Relax—I’ve got your back!”	“ฮ่าๆ!ดูจากสีหน้าของคุณแล้ว นี่เป็นครั้งแรกของคุณบนเรือเหาะหรือเปล่า?ประหม่า?ผ่อนคลาย - ฉันคอยสนับสนุนคุณอยู่!”
23890	Kafra Battlefield Administrator\n[Evil Eye Messenger] has airdropped a ^{1}[Surprise Chest]^{2} onto the battlefield!	ผู้ดูแลระบบสนามรบ Kafra\n[Evil Eye Messenger] ได้แพร่ภาพ ^{1}[กล่องเซอร์ไพรส์]^{2}เข้าสู่สนามรบ!
23891	Kafra Battlefield Manager\nReceive the Blessing of Tyr, God of War, increasing Crit Chance by @{1}% for @{2} minutes.	Kafra Battlefield Manager\nรับพรจาก Tyr เทพเจ้าแห่งสงคราม เพิ่มโอกาสคริติคอล@{1}% เป็นเวลา@{2}นาที
23892	Bobo\n(Gasps) W-w-why is it Eddga?!!! (Squeezes eyes shut) Never mind! Saving them comes first! Adventurer, let's go!	Bobo\n(อ้าปากค้าง) ว-ว-ทำไมถึงเป็นเอ็ดก้า!!!(หลับตาลง) ไม่เป็นไร!การช่วยเหลือพวกเขาต้องมาก่อน!นักผจญภัย ไปกันเถอะ!
23893	A large carnivorous fish that requires high-quality water. Its meat is delicious and said to be good for your health.	ปลากินเนื้อขนาดใหญ่ที่ต้องการน้ำคุณภาพสูง เนื้อของมันอร่อยและบอกว่าดีต่อสุขภาพของคุณ
23894	A versatile carp raised for food, medicine, and decoration. In some regions, it is considered a sign of good fortune.	ปลาคาร์พสารพัดประโยชน์ที่ถูกเลี้ยงไว้เพื่อเป็นอาหาร ยา และของประดับตกแต่ง ในบางภูมิภาคถือเป็นสัญลักษณ์แห่งความโชคดี
23895	Spirit-infused thread used to sew robes or craft Enchant equipment, enhancing the equipment's magical responsiveness.	ด้ายผสมวิญญาณใช้ในการเย็บเสื้อคลุมหรือประดิษฐ์อุปกรณ์ Enchant ช่วยเพิ่มการตอบสนองเวทย์มนตร์ของอุปกรณ์
23896	A partially finished piece processed from a Sacred Wood block, retaining the wood's resilience and sacred properties.	ชิ้นส่วนที่เสร็จสมบูรณ์บางส่วนแปรรูปจากบล็อกไม้ศักดิ์สิทธิ์ โดยยังคงความยืดหยุ่นและคุณสมบัติอันศักดิ์สิทธิ์ของไม้ไว้
23897	Leaving the dungeon during the boss battle will prevent you from rejoining the fight. Are you sure you want to leave?	การออกจากดันเจี้ยนระหว่างการต่อสู้กับบอสจะทำให้คุณไม่สามารถกลับเข้าร่วมการต่อสู้ได้คุณแน่ใจหรือไม่ว่าต้องการออก?
23898	Listen to the question at the quiz station, decide whether it is true or false, and stand in the corresponding circle	ฟังคำถามที่สถานีทดสอบ ตัดสินใจว่าจริงหรือเท็จ แล้วยืนเป็นวงกลมที่สอดคล้องกัน
23899	The dragon breathes fire across the full-screen. Players who aren't behind an intact shield will be killed instantly.	มังกรพ่นไฟเต็มจอผู้เล่นที่ไม่ได้อยู่หลังโล่ที่สมบูรณ์จะถูกสังหารทันที
23900	Baby Ktullanux rolls forward, dealing Neutral melee Physical damage equal to Physical ATK*^{1}${1}%^{2} to the enemy.	Baby Ktullanux กลิ้งไปข้างหน้า สร้างความเสียหายทางกายภาพระยะประชิดที่เป็นกลางเท่ากับ ATK กายภาพ*^{1}${1}%^{2}ไปยังศัตรู
23901	[Melody Vulcan] Damage Increase ^{1}@{1}%^{2}. When attacking a target with [Melody Bubble], DMG Bonus ^{3}@{2}%^{4}.	[Melody Vulcan] ความเสียหายเพิ่มขึ้น ^{1}@{1}%^{2}เมื่อโจมตีเป้าหมายด้วย [Melody Bubble] โบนัส DMG ^{3}@{2}%^{4}
23902	You are not connected to Wi-Fi. The game has a {@{1}:@{2}0}MB update. Downloading it may incur Data charges. Continue?	คุณไม่ได้เชื่อมต่อกับ Wi-Fiเกมดังกล่าวมีการอัปเดต {@{1}:@{2}0}MBการดาวน์โหลดอาจมีค่าบริการข้อมูลดำเนินการต่อ?
23903	Base Combat Power is permanent.\nEquipment, refinement, cards, pets, and Divine Totems can increase Base Combat Power.	พลังการต่อสู้พื้นฐานเป็นแบบถาวรอุปกรณ์\nการปรับแต่ง การ์ด สัตว์เลี้ยง และโทเท็มศักดิ์สิทธิ์ สามารถเพิ่มพลังการต่อสู้พื้นฐานได้
23904	The Spirit Tower's pet lineup is separate from the pet deployment lineup used in the open world, so keep that in mind!	กลุ่มสัตว์เลี้ยงของ Spirit Tower แยกออกจากกลุ่มสัตว์เลี้ยงที่ใช้ในโลกเปิด ดังนั้นโปรดจำไว้!
23905	Mushrooms and tomatoes simmered together into a fragrant amber broth. Increases Magic ATK by @{1}~@{2} for @{3} hours.	เห็ดและมะเขือเทศเคี่ยวรวมกันเป็นน้ำซุปสีเหลืองกลิ่นหอมเพิ่มพลังโจมตีเวทย์มนตร์เป็น@{1}~@{2}เป็นเวลา@{3}ชั่วโมง
23906	After casting ^{1}^{2}【Blitz Beat】^{3}^{4}, ASPD increases by ${1}% for ${2} seconds. Internal Cooldown: ${3} seconds.	หลังจากร่าย ^{1}^{2}【Blitz Beat】^{3}^{4}, ASPD จะเพิ่มขึ้น${1}% เป็นเวลา${2}วินาที คูลดาวน์ภายใน:${3}วินาที
23907	When equipped with a Two-Handed Spear, ^{1}^{2}[Holy Cross]^{3}^{4}'s percentage damage multiplier increases by ${1}%.	เมื่อสวมใส่หอกสองมือ ^{1}^{2}[Holy Cross]^{3}^ ตัวคูณเปอร์เซ็นต์ความเสียหายของ{4}จะเพิ่มขึ้น${1}%
23908	^{1}^{2}[Grimtooth]^{3}^{4}'s percentage damage multiplier increases by ${1}%, and its fixed damage increases by ${2}.	^{1}^{2}[Grimtooth]^{3}^ ตัวคูณเปอร์เซ็นต์ความเสียหายของ{4}จะเพิ่มขึ้น${1}% และความเสียหายคงที่ของมันจะเพิ่มขึ้น${2}
23909	(After initiating a Guild Rally, all Guild Members will receive the rally notification and teleport to your location.)	(หลังจากเริ่มการชุมนุมกิลด์ สมาชิกกิลด์ทุกคนจะได้รับการแจ้งเตือนการชุมนุมและเทเลพอร์ตไปยังตำแหน่งของคุณ)
23910	You need to learn how to set up Auto-Potion. This Demon can't Fortify you. Tapping and holding have different effects!	คุณต้องเรียนรู้วิธีตั้งค่า Auto-Potionปีศาจตัวนี้ไม่สามารถเสริมกำลังคุณได้การแตะค้างไว้มีเอฟเฟกต์ที่แตกต่างกัน!
23911	Meowcici Mining Company at your service~ Oh, you're still a new adventurer! Come play with me once you reach Lv. @{1}~	บริษัทขุด Meowcici พร้อมให้บริการคุณ~ โอ้ คุณยังคงเป็นนักผจญภัยหน้าใหม่!มาเล่นกับฉันเมื่อคุณถึงเลเวล@{1}~
23912	We're very sorry, but your purchase failed. The following items have been returned to you. Please claim them promptly!	ขออภัยอย่างยิ่ง การซื้อของคุณล้มเหลวรายการต่อไปนี้ถูกส่งคืนให้กับคุณแล้วกรุณารับสิทธิ์ทันที!
23913	Congratulations! Guild building ${1} has completed a Level-up from Lv. ${2} to Lv. ${3}. Go see what's new! [View Now]	ยินดีด้วย!การสร้างกิลด์${1}ได้ทำการเพิ่มเลเวลจาก Lv.${2}ถึง Lv.${3}.ไปดูกันว่ามีอะไรใหม่![ดูตอนนี้]
23914	Congratulations! You ranked No. ${1} in this season's Pinnacle Top Ten Ranking. Please claim your well-earned rewards!	ยินดีด้วย!คุณอยู่ในอันดับที่${1}ในการจัดอันดับ Pinnacle Top Ten ของฤดูกาลนี้กรุณารับรางวัลที่คุณได้รับ!
23915	Congratulations on clearing the Gloom over Dragoncasket Island event on ${1} difficulty! You've earned a clear reward.	ขอแสดงความยินดีกับการเคลียร์ Gloom เหนือเกาะ Dragoncasket ในระดับความยาก${1}!คุณได้รับรางวัลที่ชัดเจน
23916	Your listing for [${1}] on the Exchange expired and was removed automatically. Please collect it from the attachments.	รายการของคุณสำหรับ [${1}] บน Exchange หมดอายุและถูกลบโดยอัตโนมัติกรุณารวบรวมจากไฟล์แนบ
23917	Thank You for helping Defeat the treasure-guarding Monster. Please claim your assistance rewards from the attachments.	ขอบคุณที่ช่วยปราบสัตว์ประหลาดที่เฝ้าสมบัติกรุณารับรางวัลความช่วยเหลือของคุณจากไฟล์แนบ
23918	All right, your second Trial Quests is to Defeat ^{1}@{1} Fabres^{2}. These monsters are more dangerous, so stay safe.	เอาล่ะ ภารกิจทดลองครั้งที่สองของคุณคือการเอาชนะ ^{1}@{1}Fabres^{2}สัตว์ประหลาดเหล่านี้อันตรายกว่า ดังนั้นจงปลอดภัยไว้ก่อน
23919	Take some time to familiarize You with your new skills. They'll be the most reliable Weapon on your future adventures.	ใช้เวลาทำความคุ้นเคยกับทักษะใหม่ๆ ของคุณพวกมันจะเป็นอาวุธที่น่าเชื่อถือที่สุดในการผจญภัยในอนาคตของคุณ
23920	The battle has already begun. If you leave the dungeon, you cannot rejoin the battle.\nAre you sure you want to leave?	การต่อสู้ได้เริ่มต้นขึ้นแล้วหากคุณออกจากดันเจี้ยน คุณจะไม่สามารถเข้าร่วมการต่อสู้อีกครั้งได้\nคุณแน่ใจหรือไม่ว่าต้องการออก
23921	The Demonic Dragon Soul is about to appear! Pick it up to gain a powerful Buff. Kill its holder to Score Extra points.	วิญญาณมังกรปีศาจกำลังจะปรากฏตัว!หยิบมันขึ้นมาเพื่อรับบัฟอันทรงพลังฆ่าผู้ถือมันเพื่อทำคะแนนพิเศษ
23922	Scattered enemies have also appeared to the east and west, but Prontera South Gate remains our primary defensive line.	ศัตรูที่กระจัดกระจายก็ปรากฏตัวขึ้นทางทิศตะวันออกและทิศตะวันตกเช่นกัน แต่ Prontera South Gate ยังคงเป็นแนวป้องกันหลักของเรา
23923	Rare mane taken from a monster. Tough and magical, it can be used to make high-grade fabric or in alchemical formulas.	แผงคอหายากที่นำมาจากสัตว์ประหลาดแข็งแกร่งและมีมนต์ขลัง สามารถใช้สร้างผ้าคุณภาพสูงหรือในสูตรเล่นแร่แปรธาตุได้
23924	A Madogear Pilot crafted from Steel refined and combined from Iron Ore. The Material is @{1}% stronger than pure iron.	Madogear Pilot สร้างขึ้นจากเหล็กกล้าที่ผ่านการกลั่นและผสมจากแร่เหล็ก วัสดุนี้@{1}แข็งแกร่งกว่าเหล็กบริสุทธิ์ %
23925	A coat made from soft animal fur. It has drawn heavy criticism from conservation groups, so please be kind to animals.	เสื้อคลุมที่ทำจากขนสัตว์เนื้อนุ่ม ได้รับการวิพากษ์วิจารณ์อย่างหนักจากกลุ่มอนุรักษ์ ดังนั้นกรุณามีเมตตาต่อสัตว์ด้วย
23926	The Divine Arts Totem already has a skill with a stronger unique effect. Do you want to continue using the Skill Book?	Divine Arts Totem มีทักษะพร้อมเอฟเฟกต์เฉพาะที่แข็งแกร่งกว่าอยู่แล้วคุณต้องการใช้หนังสือทักษะต่อไปหรือไม่?
23927	Because you are under @{1}, the anti-addiction System limits your total purchases this month to no more than @{2} yuan	เนื่องจากคุณอยู่ภายใต้@{1}ระบบป้องกันการติดยาเสพติดจึงจำกัดการซื้อรวมของคุณในเดือนนี้ให้ไม่เกิน@{2}หยวน
23928	Increases Physical ATK and Magic ATK by ^{1}${3}^{2} for you and up to ${2} allies within a ${1}m radius for ${4} sec.	เพิ่ม ATK กายภาพและเวทย์มนต์ ^{1}${3}^{2}สำหรับคุณและพันธมิตร${2}ภายในรัศมี${1}m เป็นเวลา${4}วินาที
23929	Controls the Madogear Pilot to spin its weapon, dealing ^{1}@{3}%^{2} damage to up to @{2} enemies within @{1} meters.	ควบคุมนักบิน Madogear ให้หมุนอาวุธ สร้าง ^{1}@{3}%^{2}สร้างความเสียหายให้กับศัตรูสูงสุด@{2}ภายใน@{1}เมตร
23930	Angeling deals Physical ATK*^{1}${2}%^{2} Neutral melee Physical damage to the designated ST enemy within ${1} meters.	แองเจิ้ลลิ่งสร้างความเสียหายทางกายภาพ*^{1}${2}%^{2}สร้างความเสียหายทางกายภาพระยะประชิดที่เป็นกลางแก่ศัตรู ST ที่กำหนดภายในระยะ${1}เมตร
23931	Extends the Control duration of ^{1}Control-type^{2} Primary Battle Skills against the Enemy Team by ^{3}${1}^{4} sec.	ขยายระยะเวลาการควบคุมของ ^{1}Control-type^{2}ทักษะการต่อสู้หลักกับทีมศัตรูโดย ^{3}${1}^{4}วินาที
23932	The BOSS throws @{1} phantom Kunai. If players are within @{2} meters of one another, the Kunai ricochet between them.	BOSS ขว้าง Kunai ผี@{1}หากผู้เล่นอยู่ห่างจากกันในระยะ@{2}เมตร Kunai จะแฉลบระหว่างพวกเขา
23933	Increases Physical DEF and Magic DEF by ^{1}${1}^{2} for ${2} sec. and grants ^{3} ^{4}【Endure】^{5} ^{6} for ${3} sec.	เพิ่ม DEF กายภาพและ DEF เวทมนตร์โดย ^{1}${1}^{2}สำหรับ${2}วินาทีและมอบ ^{3}^{4}【Endure】^{5}^{6}สำหรับ${3}วินาที
23934	It turned out we both felt the same way, and we started dating. Oh my! I'm getting a little Shy just talking about it!	ปรากฏว่าเราทั้งคู่รู้สึกแบบเดียวกัน และเราเริ่มออกเดทกันโอ้พระเจ้า!ฉันเริ่มเขินนิดหน่อยแค่พูดถึงมัน!
23935	(Looks down and wrings his hands) That would still be a little embarrassing. Let's decide what gift to give her first.	(มองลงไปและบีบมือ) นั่นคงจะน่าอายนิดหน่อย เรามาตัดสินใจว่าจะให้ของขวัญอะไรแก่เธอก่อน
23936	Challenge Irmata, God of Nature during the event. Rankings are based on the shortest Clear Time for a single full run.	ท้าทาย Irmata เทพเจ้าแห่งธรรมชาติในช่วงกิจกรรมการจัดอันดับจะขึ้นอยู่กับเวลาเคลียร์ที่สั้นที่สุดสำหรับการวิ่งเต็มหนึ่งครั้ง
23937	Capture the control point to remove the Glorious Metal's Invincible status and gain access to the nearest Revive point.	จับจุดควบคุมเพื่อลบสถานะ Invincible ของ Glorious Metal และเข้าถึงจุด Revive ที่ใกล้ที่สุด
23938	Donate Arcane Crystals during the event. When the progress bar reaches ${1}, the gateway to an unknown realm will open…	บริจาค Arcane Crystals ในระหว่างกิจกรรมเมื่อแถบความคืบหน้าไปถึง${1}ประตูสู่อาณาจักรที่ไม่รู้จักจะเปิดขึ้น...
23939	After the Event Over, Rankings will be determined by damage dealt, both within each group and across the Entire Server.	หลังจากกิจกรรมจบลง อันดับจะพิจารณาจากความเสียหายที่เกิดขึ้น ทั้งภายในแต่ละกลุ่มและทั่วทั้งเซิร์ฟเวอร์
23940	Slow-fermented Grape wine with a deep purple hue and herbal finish. Increases Physical ATK by @{1}~@{2} for @{3} hours.	ไวน์องุ่นหมักช้าที่มีสีม่วงเข้มและปิดท้ายด้วยสมุนไพรเพิ่ม ATK ทางกายภาพขึ้น@{1}~@{2}เป็นเวลา@{3}ชั่วโมง
23941	^{1}^{2}【Cart Boost】^{3}^{4} increases the damage bonus of ^{5}^{6}【High Speed Cart Ram】^{7}^{8} by ${1}% while active.	^{1}^{2}【บูสต์รถเข็น】^{3}^{4}เพิ่มโบนัสความเสียหายของ ^{5}^{6}【High Speed Cart Ram】^{7}^{8}โดย${1}% ขณะแอ็คทีฟ
23942	Cannot use skill or move, and Physical and Magic DEF are reduced by ${1}. Removed when hit, then inflicts ^{1}Slow^{2}.	ไม่สามารถใช้ทักษะหรือการเคลื่อนไหวได้ และ DEF กายภาพและเวทมนตร์จะลดลง${1}ลบออกเมื่อถูกโจมตี จากนั้นสร้าง ^{1}Slow^{2}
23943	Increases the duration of 【Frozen】, 【Blind】, and 【Immobilize】 inflicted by ^{1}【Trap Hunter】^{2} skills by ${1} second.	เพิ่มระยะเวลาของสกิล 【Frozen】, 【Blind】 และ 【Immobilize】 ที่เกิดจาก ^{1}【Trap Hunter】^ ทักษะ{2}เป็น${1}วินาที
23944	${1} resources have not finished downloading. Approximately ${2}MB of data must be downloaded. Tap Confirm to download.	รีซอร์ส${1}ยังดาวน์โหลดไม่เสร็จ ต้องดาวน์โหลดข้อมูลประมาณ${2}MB แตะยืนยันเพื่อดาวน์โหลด
23945	When equipped with a ^{1}【Mace】^{2} weapon, gain ^{3}${1}^{4} Physical ATK and ^{5}${2}%^{6} Normal Attack Crit Chance.	เมื่อสวมใส่อาวุธ ^{1}【กระบอง】^{2}จะได้รับ ^{3}${1}^{4}Physical ATK และ ^{5}${2}%^{6}การโจมตีปกติโอกาส
23946	^{1}^{2}[Sanctuary]^{3}^{4}'s percentage Healing multiplier increases by ${1}% and its fixed Healing increases by ${2}.	^{1}^{2}[Sanctuary]^{3}^ ตัวคูณเปอร์เซ็นต์การรักษาของ{4}จะเพิ่มขึ้น${1}% และการรักษาแบบคงที่เพิ่มขึ้น${2}
23947	^{1}^{2}[Hammer Fall]^{3}^{4}'s percentage damage multiplier increases by ${1}% and its fixed damage increases by ${2}.	^{1}^{2}[Hammer Fall]^{3}^ ตัวคูณเปอร์เซ็นต์ความเสียหายของ{4}เพิ่มขึ้น${1}% และความเสียหายคงที่เพิ่มขึ้น${2}
23948	^{1}^{2}[Grand Cross]^{3}^{4}'s percentage damage multiplier increases by ${1}% and its fixed damage increases by ${2}.	^{1}^{2}[Grand Cross]^{3}^ ตัวคูณเปอร์เซ็นต์ความเสียหายของ{4}เพิ่มขึ้น${1}% และความเสียหายคงที่เพิ่มขึ้น${2}
23949	^{1}^{2}[Joint Beat]^{3}^{4}'s percentage damage multiplier increases by ${1}%, and its fixed damage increases by ${2}.	^{1}^{2}[Joint Beat]^{3}^ ตัวคูณเปอร์เซ็นต์ความเสียหายของ{4}เพิ่มขึ้น${1}% และความเสียหายคงที่เพิ่มขึ้น${2}
23950	^{1}^{2}[Sonic Blow]^{3}^{4}'s percentage damage multiplier increases by ${1}%, and its fixed damage increases by ${2}.	^{1}^{2}[Sonic Blow]^{3}^ ตัวคูณเปอร์เซ็นต์ความเสียหายของ{4}เพิ่มขึ้น${1}% และความเสียหายคงที่ของมันเพิ่มขึ้น${2}
23951	Osiris causes each Horong on the battlefield^{1}to Split off @{1} ghost flames^{2}, damaging^{3}targets they touch^{4}.	Osiris ทำให้ Horong แต่ละตัวในสนามรบ^{1}แยกเปลวไฟผีของ@{1}^{2}สร้างความเสียหาย^{3}เป้าหมายที่พวกเขาสัมผัส^{4}
23952	Deals ATK * ^{1}@{4}%^{2} damage @{3} times to up to @{2} enemies within a @{1} m radius and ^{3}pulls them closer^{4}.	สร้างความเสียหาย ATK * ^{1}@{4}%^{2}สร้างความเสียหาย@{3}เท่า สูงสุดถึง@{2}ศัตรูภายในรัศมี@{1}m และ ^{3}ดึงพวกมันเข้ามาใกล้^{4}.
23953	"After the Guild Master successfully uses ""Emergency Call,"" every Online Guild Member is teleported to the Guild Master."	"หลังจากที่หัวหน้ากิลด์ใช้ ""การโทรฉุกเฉิน"" ได้สำเร็จ สมาชิกกิลด์ออนไลน์ทุกคนจะถูกเคลื่อนย้ายไปยังหัวหน้ากิลด์"
23954	Congratulations! Your item has been sold, and the proceeds have been delivered. Please check that you've received them!	ยินดีด้วย!สินค้าของคุณถูกขายไปแล้ว และรายได้ได้ถูกส่งมอบแล้วโปรดตรวจสอบว่าคุณได้รับแล้ว!
23955	You didn't Claim the rewards from your Daily Quests Yesterday, so we've reissued them by mail. Please check your inbox!	คุณไม่ได้รับรางวัลจากภารกิจประจำวันของคุณเมื่อวานนี้ ดังนั้นเราจึงได้ออกรางวัลให้ใหม่ทางไปรษณีย์กรุณาตรวจสอบกล่องจดหมายของคุณ!
23956	Your purchase of [${1}] from the Trade Exchange failed. All costs have been returned as attachments. Please claim them.	การซื้อ [${1}] จาก Trade Exchange ล้มเหลวค่าใช้จ่ายทั้งหมดได้รับการส่งคืนเป็นไฟล์แนบแล้วกรุณาอ้างสิทธิ์พวกเขา
23957	But he already returned to the Morroc Ruins. Head there. The sandstorms are fierce, but the Clue should still be there.	แต่เขากลับไปที่ซากปรักหักพัง Morroc แล้วมุ่งหน้าไปที่นั่นพายุทรายรุนแรง แต่เบาะแสก็ควรจะอยู่ที่นั่น
23958	You're finally here. Once this fragment is back in place, the magical field beneath the tower will become stable again.	ในที่สุดคุณก็มาถึงแล้วเมื่อชิ้นส่วนนี้กลับเข้าที่แล้ว สนามเวทย์มนตร์ที่อยู่ใต้หอคอยจะกลับมามั่นคงอีกครั้ง
23959	The Prontera Chivalry regularly hunts monsters. It keeps their skills sharp and the city safe—two birds with one stone.	Prontera Chivalry ออกล่ามอนสเตอร์เป็นประจำมันช่วยให้ทักษะของพวกเขาเฉียบแหลมและเมืองก็ปลอดภัย—นกสองตัวในหินนัดเดียว
23960	I'm Leavren, the technician in charge of Enhance services for weapons and armor. It's hard work, but also a lot of fun.	ฉันชื่อ Leavren ช่างเทคนิคที่รับผิดชอบบริการเสริมอาวุธและชุดเกราะมันเป็นงานหนักแต่ก็สนุกมากเช่นกัน
23961	It was foggy this morning. This place was beautiful when the fog lifted. Too bad you didn't get here in time to see it.	เช้านี้มีหมอกหนาสถานที่แห่งนี้สวยงามเมื่อหมอกจางลงเสียดายที่มาชมที่นี่ไม่ทัน
23962	Ahem! That was... tactical observation! All right, all right. We have all the Materials, so let's get down to business.	เอิ่ม! นั่นคือ... การสังเกตยุทธวิธี! เอาล่ะเอาล่ะ เรามีวัสดุครบแล้ว มาเริ่มธุรกิจกันดีกว่า
23963	Beautiful! That sheen, that feel—this is top-quality work. With my craftsmanship and your Material, you can't go wrong.	สวย!ความแวววาว ความรู้สึกนั้น—นี่คืองานคุณภาพสูงสุดด้วยฝีมือของฉันและวัสดุของคุณ คุณจะไม่ผิดพลาดอย่างแน่นอน
23964	I'll explain the details of that top-secret commission later. For now, we need to head to Izlude and board the airship.	ฉันจะอธิบายรายละเอียดของค่าคอมมิชชันลับสุดยอดนั้นในภายหลังสำหรับตอนนี้ เราต้องมุ่งหน้าไปยังอิซลูเดและขึ้นเรือเหาะ
23965	Sigh... Why put yourself through this? Fine, if you insist. We found this at the scene. The thief must have dropped it.	เฮ้อ... ทำไมต้องทำตัวเองผ่านเรื่องแบบนี้ด้วย?ก็ได้ ถ้าคุณยืนยันเราพบสิ่งนี้ในที่เกิดเหตุโจรคงจะทำหล่นไปแล้ว
23966	Nothing, nothing. We were just discussing having this esteemed Knight carry you back to Prontera if you didn't wake up.	ไม่มีอะไร ไม่มีอะไรเราแค่คุยกันว่าให้อัศวินผู้น่านับถือคนนี้พาคุณกลับไปที่พรอนเทราถ้าคุณไม่ตื่น
23967	I've been waiting for you, Adventurer. I'm a Monsterologist dedicated to creating a Record of every creature's ecology.	ฉันรอคุณอยู่นะนักผจญภัยฉันเป็นนักสัตว์ประหลาดที่อุทิศตนให้กับการสร้างบันทึกระบบนิเวศน์ของสิ่งมีชีวิตทุกชนิด
23968	If the Challenge difficulty is too high, you can abandon the stage from within the Dungeon and select a new difficulty.	หากความยากของการท้าทายสูงเกินไป คุณสามารถละทิ้งเวทีจากภายในดันเจี้ยนและเลือกระดับความยากใหม่ได้
23969	Guild Challenge: Eternal Land - ${1} difficulty is now open. Join your fellow Guild Members in battle! Click to join >>	Guild Challenge: Eternal Land - ความยาก${1}เปิดแล้วเข้าร่วมกับเพื่อนสมาชิกกิลด์ของคุณในการต่อสู้!คลิกเพื่อเข้าร่วม >>
23970	The selected difficulty is not the highest difficulty you have unlocked. Start the challenge at the current difficulty?	ความยากที่เลือกไม่ใช่ความยากสูงสุดที่คุณปลดล็อคเริ่มการท้าทายที่ระดับความยากปัจจุบันหรือไม่?
23971	I'm amazing! I snagged First Place in the Festival Invitation! To all my darlings who picked me—you've got a great eye!	น่าทึ่งมาก!ฉันคว้าอันดับหนึ่งใน Festival Invitation!ถึงที่รักทุกคนที่เลือกฉัน คุณช่างมีสายตาที่ยอดเยี่ยม!
23972	Bobo\nThere are so many ant eggs, and I can just make out pieces of armor... It looks like a lot of people died here...	Bobo\nไข่มดเยอะมาก และฉันก็สร้างเกราะออกมาได้...ดูเหมือนคนจะตายที่นี่เยอะมาก...
23973	Bobo\nWhere's the Professor? These ants didn't bury them in the sand, did they?! Hurry and drive these pesky ants away!	Bobo\nศาสตราจารย์อยู่ไหน?มดพวกนี้ไม่ได้ฝังพวกมันไว้ในทรายใช่ไหม!รีบขับไล่มดที่น่ารำคาญเหล่านี้ออกไป!
23974	Some of your Pre-purchase bids are currently the highest. You can only cancel those that are not the highest. Continue?	ราคาเสนอซื้อล่วงหน้าบางรายการของคุณเป็นราคาสูงสุดในปัจจุบันคุณสามารถยกเลิกได้เฉพาะรายการที่ไม่สูงสุดเท่านั้นดำเนินการต่อ?
23975	High-quality compressed coal that burns at extremely high temperatures. Combining it with iron produces stronger steel.	ถ่านหินอัดคุณภาพสูงที่เผาไหม้ที่อุณหภูมิสูงมากเมื่อผสมกับเหล็กก็จะได้เหล็กที่แข็งแรงขึ้น
23976	A silver arrow imbued with holy power.\n^{1}Equipping Silver Arrow with a bow changes your attack property to Holy.^{2}	ลูกศรสีเงินที่มีพลังศักดิ์สิทธิ์\n^{1}การสวมใส่ Silver Arrow ด้วยธนูจะเปลี่ยนคุณสมบัติการโจมตีของคุณเป็น Holy^{2}
23977	Charge to a point @{2} meters in front of a designated ST enemy within @{1} meters and deal ATK * ^{1}@{3}%^{2} damage.	พุ่งไปที่จุด@{2}เมตร ด้านหน้าศัตรู ST ที่กำหนดภายในระยะ@{1}เมตร และสร้างความเสียหาย ATK * ^{1}@{3}%^{2}ดาเมจ
23978	Fox Immortal deals Magic ATK*^{1}${2}%^{2} Neutral melee Physical damage to the designated ST enemy within ${1} meters.	Fox Immortal สร้างความเสียหายทางเวทย์มนตร์*^{1}${2}%^{2}สร้างความเสียหายทางกายภาพระยะประชิดเป็นกลางแก่ศัตรู ST ที่กำหนดภายในระยะ${1}เมตร
23979	Curses up to ${2} enemies within ${1} meters of the master, reducing their Cast Speed by ^{1}${3}^{2} for ${4} seconds.	สาปศัตรูสูงสุด${2}ภายใน${1}เมตรของมาสเตอร์ ซึ่งจะลดความเร็วในการร่ายของพวกมันลง ^{1}${3}^{2}เป็นเวลา${4}วินาที
23980	Deals Earth-property ranged magic damage equal to a total of Magic ATK*^{1}${2}%^{2} to a target ST enemy within ${1}m.	สร้างความเสียหายทางเวทมนตร์ระยะไกลที่เป็นทรัพย์สินของโลกเท่ากับพลังโจมตีเวทย์ทั้งหมด*^{1}${2}%^{2}ไปยังศัตรู ST เป้าหมายที่อยู่ในระยะ${1}m
23981	If you dance poorly and step on my feet... (Wags a finger) then I won't say a word about what Marika likes or dislikes.	ถ้าเต้นไม่ดีแล้วเหยียบเท้าฉัน... (กระดิกนิ้ว) ฉันจะไม่พูดอะไรสักคำเกี่ยวกับสิ่งที่มาริกาชอบหรือไม่ชอบ
23982	The guild that ultimately occupies the Royal City and its Members will receive 1 <color=#fdab5b>Realm Starlight</color>.	The guild that ultimately occupies the Royal City and its Members will receive 1 <color=#fdab5b>Realm Starlight</color>.
23983	Every @{1} INT grants @{2} Magic ATK, @{3} Magic DEF, @{4}% Magic ATK, @{5}% Max MP, and a certain amount of MP recovery	ทุก ๆ@{1}INT จะได้รับ@{2}Magic ATK,@{3}Magic DEF,@{4}% Magic ATK,@{5}% MP สูงสุด และจำนวนการฟื้นฟู MP ที่กำหนด
23984	Escort the supply transport cart to the <color=#FDAB5B><u> Supply Depot</u></color> and repel raiders from other guilds.	Escort the supply transport cart to the <color=#FDAB5B><u> Supply Depot</u></color> and repel raiders from other guilds.
23985	You set out from ^{1}Prontera^{2} and traveled through ^{3}@{1}^{4} regions, leaving your footprints all across Midgard.	คุณออกเดินทางจาก ^{1}Prontera^{2}และเดินทางผ่าน ^{3}@{1}^{4}ทิ้งรอยเท้าของคุณไว้ทั่วทั้ง Midgard
23986	Round strawberry-and-cocoa-filled candies coated in a hard sugar shell. Increases Magic ATK by @{1}~@{2} for @{3} hours.	ลูกอมกลมไส้สตรอเบอร์รี่และโกโก้เคลือบด้วยเปลือกน้ำตาลแข็งเพิ่มพลังโจมตีเวทย์มนตร์เป็น@{1}~@{2}เป็นเวลา@{3}ชั่วโมง
23987	^{1}^{2}[Basic Attack]^{3}^{4}'s percentage damage multiplier increases by ${1}% and its fixed damage increases by ${2}.	^{1}^{2}[การโจมตีขั้นพื้นฐาน]^{3}^ ตัวคูณเปอร์เซ็นต์ความเสียหายของ{4}เพิ่มขึ้น${1}% และความเสียหายคงที่เพิ่มขึ้น${2}
23988	^{1}^{2}[Spear Throw]^{3}^{4}'s percentage damage multiplier increases by ${1}%, and its fixed damage increases by ${2}.	^{1}^{2}[ขว้างหอก]^{3}^ ตัวคูณเปอร์เซ็นต์ความเสียหายของ{4}เพิ่มขึ้น${1}% และความเสียหายคงที่ของมันเพิ่มขึ้น${2}
23989	Mistress summons ^{1}Hornets^{2} that charge at players from random directions with ^{3}increased numbers and speed^{4}.	นายหญิงอัญเชิญ ^{1}Hornets^{2}ที่ชาร์จผู้เล่นจากทิศทางสุ่มด้วย ^{3}เพิ่มจำนวนและความเร็ว^{4}
23990	Summon a monsoon, dealing ^{1}@{2}%^{2} damage to enemies within a @{1}-meter radius and inflicting ^{3}【Knockback】^{4}.	เรียกมรสุม สร้าง ^{1}@{2}%^{2}สร้างความเสียหายให้กับศัตรูภายในรัศมี@{1}เมตร และทำดาเมจ ^{3}【กระเด็น】^{4}
23991	In RO's early days, Strawberries were a major source of SP recovery, so players farmed them in large quantities to sell.	ในช่วงแรกของ RO นั้น Strawberries เป็นแหล่งสำคัญของการฟื้นฟู SP ดังนั้นผู้เล่นจึงทำฟาร์มพวกมันในปริมาณมากเพื่อขาย
23992	RO players use two accounts to level a Priest, mainly because Priests have high attack power and are great for leveling.	ผู้เล่น RO ใช้สองบัญชีเพื่อปรับระดับพรีสต์ สาเหตุหลักมาจากพรีสต์มีพลังโจมตีสูงและเหมาะสำหรับการปรับระดับ
23993	Concentration Potion has the least restrictive requirements of RO's Attack Speed potions and can be used by all classes.	Concentration Potion มีข้อกำหนดที่เข้มงวดน้อยที่สุดสำหรับยาความเร็วโจมตีของ RO และสามารถใช้ได้กับทุกคลาส
23994	A large 10-player Dungeon that puts your strength and teamwork to the test. Clear it to earn abundant upgrade resources.	ดันเจี้ยนขนาดใหญ่ที่มีผู้เล่น 10 คนที่จะทดสอบความแข็งแกร่งและการทำงานเป็นทีมของคุณ เคลียร์มันเพื่อรับทรัพยากรการอัพเกรดมากมาย
23995	During auto-battle, the System casts skills in the order shown by the arrows. Drag skills to change their casting order.	ในระหว่างการต่อสู้อัตโนมัติ ระบบจะใช้ทักษะตามลำดับที่แสดงโดยลูกศรลากทักษะเพื่อเปลี่ยนลำดับการคัดเลือก
23996	Tap to Rent one for free. It's an exclusive Benefit, bobo~ The Cart Merchant has storage space where you can keep items!	แตะเพื่อเช่าฟรีมันเป็นสิทธิประโยชน์สุดพิเศษ โบโบ~ The Cart Merchant มีพื้นที่เก็บของที่คุณสามารถเก็บสิ่งของได้!
23997	So, how accurate was Erpi's reading? Don't dawdle—go complete your Job Advance! The legend of Midgard is yours to write.	แล้ว Erpi อ่านได้แม่นยำแค่ไหน?อย่าลังเล—ไปทำงาน Job Advance ให้สำเร็จ!ตำนานแห่ง Midgard เป็นของคุณที่จะเขียน
23998	If you... if you really have a plan, old Bob here will get up and go right now! Sitting in this dump is killing my back!	ถ้าคุณ... ถ้าคุณมีแผนจริงๆ พี่บ๊อบที่นี่จะลุกขึ้นไปเดี๋ยวนี้!การนั่งอยู่ในกองขยะนี้กำลังฆ่าฉันอยู่!
23999	Tell me, have you ever gazed up at the stars and wondered how you could finally live up to your gifts and truly... live?	บอกฉันที คุณเคยแหงนหน้าดูดวงดาวและสงสัยว่าสุดท้ายแล้วคุณจะทำตามพรสวรรค์และ... ใช้ชีวิตอย่างแท้จริงได้อย่างไร?
24000	Odin be praised, the seal is completely intact... Thank You! You prevented what could have been an academic catastrophe!	ได้รับการยกย่องจากโอดิน ซีลยังสมบูรณ์ครบถ้วน... ขอบคุณ!คุณป้องกันสิ่งที่อาจเป็นหายนะทางวิชาการได้!
