Index	English	Thai_Translation
26001	Unleashes blades from its body, dealing Neutral melee ^{5}adaptive damage^{6} equal to the master's ^{1}Adaptive ATK^{2}*^{3}${2}%^{4} to up to @{1} enemies within a ${1}-meter radius, and grants the master ^{7}^{8}Control Immunity^{9} ^{10} for ${3} seconds.	ปล่อยดาบออกจากตัวมัน สร้างความเสียหายระยะประชิดที่เป็นกลาง ^{5}ความเสียหายแบบปรับตัว^{6}เท่ากับปรมาจารย์ ^{1}Adaptive ATK^{2}*^{3}${2}%^{4}สูงถึง@{1}ศัตรูภายในรัศมี${1}เมตร และมอบต้นแบบ ^{7}^{8}Control Immunity^{9}^{10}เป็นเวลา${3}วินาที
26002	Increases the Maximum Number of Targets of ^{1}Recovery-type^{2} and ^{3}Offensive-type^{4} Primary Battle Skills by ${1} (the number of designated targets for ST skills remains unchanged), but reduces Healing and damage dealt to each target by ^{5}${2}%^{6}.	เพิ่มจำนวนเป้าหมายสูงสุดของ ^{1}Recovery-type^{2}และ ^{3}Offensive-type^{4}Primary Battle Skills โดย${1}(จำนวนเป้าหมายที่กำหนดสำหรับทักษะ ST ยังคงไม่เปลี่ยนแปลง) แต่ลดการรักษาและความเสียหายที่เกิดขึ้นกับแต่ละเป้าหมายโดย ^{5}${2}%^{6}.
26003	Dagger-exclusive skill. Summon countless shadows to attack enemies, dealing a total of PATK*^{1}${3}%*(${4}+ASPD*${5}%)^{2} Neutral melee Physical damage to up to ${2} enemies within a ${1}-meter radius. Gain ^{3}^{4}【Endure】^{5}^{6} while casting this skill.	ทักษะพิเศษเฉพาะกริชเรียกเงานับไม่ถ้วนมาโจมตีศัตรู สร้าง PATK*^{1}${3}%*(${4}+ASPD*${5}%)^{2}สร้างความเสียหายทางกายภาพระยะประชิดที่เป็นกลางให้กับศัตรูสูงสุด${2}ภายในระยะ${1}-meterรัศมีได้รับ ^{3}^{4}【Endure】^{5}^{6}ในขณะที่ร่ายสกิลนี้
26004	@{1}. The host can set how Members turn on their mics and who has permission to speak. The host can also mute a Member or add them to the room's Blocks.\n@{2}. Please ^{1}use these permissions responsibly^{2} and make your Tavern room a fun place for everyone!	@{1} ผู้จัดสามารถกำหนดวิธีที่สมาชิกเปิดไมโครโฟนและผู้ที่ได้รับอนุญาตให้พูดได้ โฮสต์ยังสามารถปิดเสียงสมาชิกหรือเพิ่มพวกเขาเข้าไปในบล็อกของห้องได้\n@{2} โปรด ^{1}ใช้การอนุญาตเหล่านี้อย่างมีความรับผิดชอบ^{2} และทำให้ห้องโรงเตี๊ยมของคุณเป็นสถานที่ที่สนุกสนานสำหรับทุกคน!
26005	Ilmata plays a wondrous melody and ^{1}summons a giant spinning wheel onto the field^{2}. The wheel is covered with ^{3}obstacles and magic circles that deal heavy damage^{4}. As it spins continuously, players must ^{5}use Lope to survive the deadly trial^{6}.	อิลมาตาเล่นทำนองอันไพเราะ และ ^{1}เรียกวงล้อหมุนขนาดยักษ์มาที่สนาม^{2}วงล้อถูกปกคลุมไปด้วย ^{3}สิ่งกีดขวางและวงเวทย์ที่สร้างความเสียหายหนัก^{4}ขณะที่มันหมุนอย่างต่อเนื่อง ผู้เล่นจะต้อง ^{5}ใช้ Lope เพื่อเอาตัวรอดจากการทดลองอันอันตราย^{6}
26006	(Flicks the blade with a finger, making it ring with a crisp hum) Forged from fine southern steel and personally quenched by the apprentice of a distant cousin of a dwarven Moonlit Challenger! One swing turns a Poring into sashimi and a Dummy into a toothpick!	(สะบัดใบมีดด้วยนิ้ว ทำให้ส่งเสียงครวญคราง) หล่อขึ้นจากเหล็กกล้าทางใต้ชั้นดีและดับลงด้วยตัวเองโดยลูกพี่ลูกน้องที่อยู่ห่างไกลของคนแคระ Moonlit Challenger! ชิงช้าอันหนึ่งเปลี่ยน Poring ให้เป็นซาซิมิ และ Dummy ให้เป็นไม้จิ้มฟัน!
26007	Immediately enters ^{1}^{2}【Camouflage】^{3}^{4} and 【Hiding】^{5}^{6}, making you invisible and untargetable and increasing Movement Speed by ^{7}${1}%^{8} for ${2} sec.\nDealing or taking damage a total of ${3} times immediately ends 【Camouflage】 and 【Hiding】.	เข้าสู่ทันที ^{1}^{2}【ลายพราง】^{3}^{4}และ 【ซ่อนตัว】^{5}^{6}ทำให้คุณล่องหนและไม่สามารถกำหนดเป้าหมายได้ และเพิ่มความเร็วในการเคลื่อนที่โดย ^{7}${1}%^{8}สำหรับ${2}วินาที\nการจัดการหรือรับความเสียหายรวมของ${3}ครั้งจะสิ้นสุดลงทันที 【Camouflage】 และ 【Hiding】
26008	Orc Hero summons three greatswords that fall from the sky, dealing heavy damage to players hit. The greatswords remain on the ground for @{1} sec and continuously damage nearby players. When they disappear, they explode and deal heavy damage to nearby players.	ออร์คฮีโร่เรียกดาบใหญ่สามเล่มที่ตกลงมาจากท้องฟ้า สร้างความเสียหายอย่างหนักให้กับผู้เล่นที่โดนดาบใหญ่ยังคงอยู่บนพื้นเป็นเวลา@{1}วินาทีและสร้างความเสียหายให้กับผู้เล่นใกล้เคียงอย่างต่อเนื่องเมื่อพวกมันหายไป พวกมันจะระเบิดและสร้างความเสียหายอย่างหนักให้กับผู้เล่นที่อยู่ใกล้เคียง
26009	After your ^{1}【Judex】^{2} is cast, it triggers ^{3}^{4}【Low Hum】^{5}^{6} once and grants you stacks of the ^{7}^{8}【Low Hum】^{9}^{10} effect. At ${1} stacks, all stacks are removed, triggering ^{13}^{14}【Organum】^{15} at the ^{11}【Judex】^{12} impact location.	หลังจากที่ ^{1}【Judex】^{2}ของคุณถูกร่าย มันจะทริกเกอร์ ^{3}^{4}【Low Hum】^{5}^{6}หนึ่งครั้งและมอบสแต็คให้กับ ^{7}^{8}【ต่ำ ฮัม】^{9}^ เอฟเฟ็กต์{10}ที่สแต็ค${1}สแต็คทั้งหมดจะถูกลบออก ทริกเกอร์ ^{13}^{14}【Organum】^{15}ที่ ^{11}【Judex】^ ตำแหน่งที่กระทบ{12}
26010	^{1}^{2}[Grand Cross]^{3}^{4} and ^{5}^{6}[Holy Cross]^{7}^{8} additionally cast [Absolute Judex] on the target, dealing PATK*${3}%+${4} Neutral melee Physical damage to the target and a total of ${2} enemies within ${1} meters. Internal Cooldown: ${5} seconds.	^{1}^{2}[Grand Cross]^{3}^{4}และ ^{5}^{6}[Holy Cross]^{7}^{8}ร่ายเพิ่มเติม [Absolute]Judex] ไปที่เป้าหมาย สร้างความเสียหายทางกายภาพระยะประชิด PATK*${3}%+${4}ไปยังเป้าหมายและศัตรู${2}ทั้งหมดในระยะ${1}เมตรคูลดาวน์ภายใน:${5}วินาที
26011	Dear Player,\nYour Trade on the Exchange at ${8} [Item: ${1}, Trade Amount: ${5}, Order No.: ${7}] has entered the review period. The review is expected to be completed after ${9}. If approved, you will receive the Trade proceeds. Please watch for further mail.	เรียนผู้เล่น\nการค้าของคุณในการแลกเปลี่ยนที่${8}[รายการ:${1}, จำนวนการค้า:${5}, หมายเลขคำสั่งซื้อ:${7}] ได้เข้าสู่ช่วงการตรวจสอบแล้วการตรวจสอบคาดว่าจะแล้วเสร็จหลังจาก${9}หากได้รับการอนุมัติ คุณจะได้รับรายได้จากการค้าโปรดติดตามจดหมายต่อไป
26012	Calls upon the power of the god of hunting and archery, increasing Physical damage by ^{1}${1}%^{2} and Movement Speed by ^{3}${2}%^{4} for ${3} sec. During this time, the percentage damage multiplier of ^{5}^{6}【Aimed Shot】^{7}^{8} increases by ^{9}${4}%^{10}.	เรียกพลังของเทพเจ้าแห่งการล่าสัตว์และการยิงธนู เพิ่มความเสียหายทางกายภาพโดย ^{1}${1}%^{2}และความเร็วในการเคลื่อนที่โดย ^{3}${2}%^{4}สำหรับ${3}วินาทีในช่วงเวลานี้ เปอร์เซ็นต์ตัวคูณความเสียหายของ ^{5}^{6}【Aimed Shot】^{7}^{8}เพิ่มขึ้น ^{9}${4}%^{10}
26013	High Orc stomps the ground, dealing ^{1}${3}%^{2} Neutral melee ^{3}Adaptive Damage^{4} to up to ${2} enemies within ${1} meters of the master and increasing the damage dealt by up to ${5} allies within ${4} meters of High Orc by ^{5}${6}%^{6} for ${7} seconds.	High Orc กระทืบพื้น สร้าง ^{1}${3}%^{2}ระยะประชิดที่เป็นกลาง ^{3}Adaptive Damage^{4}ให้กับศัตรูสูงสุด${2}ภายใน${1}เมตรจากต้นแบบและเพิ่มขึ้นความเสียหายที่สร้างโดยพันธมิตร${5}สูงสุดภายใน${4}เมตรของ High Orc โดย ^{5}${6}%^{6}เป็นเวลา${7}วินาที
26014	Deals Ghost ranged magic damage equal to Magic ATK*^{5}${3}%+${4}^{6} to up to ^{3}${2}^{4} enemies within a ^{1}${1}^{2}-meter radius, with a ^{7}${5}%^{8} Chance to inflict ^{9}${6}^{10} sec. of 【Slow】, reducing the targets' Movement Speed by ^{11}${7}%^{12}.	สร้างความเสียหายเวทย์มนตร์ระยะไกลของ Ghost เท่ากับพลังโจมตีเวทย์*^{5}${3}%+${4}^{6}ขึ้นไปถึง ^{3}${2}^{4}ศัตรูภายใน ^{1}${1}^{2}-รัศมีเมตร โดยมี ^{7}${5}%^{8}โอกาสที่จะสร้าง ^{9}${6}^{10}วินาทีของ 【ช้า】 ลดความเร็วในการเคลื่อนที่ของเป้าหมายลง ^{11}${7}%^{12}
26015	"Objective: Use the improved ""Particle Resonator"" to capture and analyze the free-floating thought particles here. If their energy spectrum resonates with the Nail of Order, it will prove that... human conviction and powerful Emotions can drive the Nail of Order."	"Objective: Use the improved ""Particle Resonator"" to capture and analyze the free-floating thought particles here. หากสเปกตรัมพลังงานของพวกเขาสอดคล้องกับ Nail of Order มันจะพิสูจน์ได้ว่า... ความเชื่อมั่นของมนุษย์และอารมณ์อันทรงพลังสามารถขับเคลื่อน Nail of Order ได้"
26016	On my way to the Guild, I spotted a creature in an alley. It was a... uh... Siamese cat. Strictly speaking, these cats are only found in the faraway East. They're extremely rare! Its figure was quite... Ahem! Anyway, it was sunning itself and looked very docile.	ระหว่างทางไปกิลด์ ฉันเห็นสิ่งมีชีวิตในตรอกมันคือ... เอ่อ... แมวสยามพูดอย่างเคร่งครัด แมวเหล่านี้พบได้เฉพาะในตะวันออกอันห่างไกลเท่านั้นพวกมันหายากมาก!รูปร่างของมันค่อนข้าง... อะแฮ่ม!อย่างไรก็ตาม มันมีแสงแดดส่องถึงและดูเชื่องมาก
26017	According to the records, the 7th revised edition of the Festival Procedure Manual...does need an update. An accident forced a last-minute change to the schedule last year, but no one told me. So I wrote a correct version Myself, only to be told it was too long.	ตามบันทึก คู่มือขั้นตอนเทศกาลฉบับปรับปรุงครั้งที่ 7...จำเป็นต้องมีการอัปเดต อุบัติเหตุส่งผลให้ต้องเปลี่ยนกำหนดการในนาทีสุดท้ายเมื่อปีที่แล้ว แต่ไม่มีใครบอกฉัน ฉันก็เลยเขียนเวอร์ชั่นที่ถูกต้องด้วยตัวเองแต่กลับบอกว่ามันยาวเกินไป
26018	^{1}Outside Prontera North Gate^{2}, beside the path leading from the North Gate to Labyrinth Forest, the ^{3}dead-tree Dummy directly in front of the dilapidated cabin^{4} stands out. A traveler in a hurry once hid a bag of coins beneath it, but never returned.	^{1}ด้านนอกประตูทิศเหนือ Prontera^{2}ข้างเส้นทางที่ทอดจากประตูทิศเหนือไปยังป่าเขาวงกต ^{3}หุ่นต้นไม้ที่ตายแล้ว อยู่ตรงหน้ากระท่อมที่ทรุดโทรม^{4}มีความโดดเด่นนักเดินทางคนหนึ่งที่รีบร้อนเคยซ่อนถุงเหรียญไว้ข้างใต้ แต่ก็ไม่เคยกลับมาอีกเลย
26019	Dagger-exclusive skill. Command a shadow to stomp down from above, dealing total Neutral melee Physical damage equal to PATK*^{1}${3}%*(${4}+ASPD*${5}%)^{2} to up to ${2} enemies within a ${1}-meter radius. Gain ^{3}^{4}[Endure]^{5}^{6} while casting this skill.	ทักษะเฉพาะกริชสั่งเงาให้กระทืบลงจากด้านบน สร้างความเสียหายทางกายภาพระยะประชิดที่เป็นกลางทั้งหมดเท่ากับ PATK*^{1}${3}%*(${4}+ASPD*${5}%)^{2}ให้กับศัตรูสูงสุด${2}ภายในระยะ${1}-meterรัศมีได้รับ ^{3}^{4}[อดทน]^{5}^{6}ในขณะที่ร่ายทักษะนี้
26020	@{1}.If the Adventurer's Base Level differs too greatly from the monster's level, the reward drop Chance and variety of rewards dropped from the Kill will be reduced (headgear drops are unaffected)\n@{2}.The greater the level difference, the greater the reduction	@{1}หากระดับฐานของนักผจญภัยแตกต่างจากระดับของมอนสเตอร์มากเกินไป โอกาสในการดรอปรางวัลและรางวัลต่างๆ ที่ดรอปจากการสังหารจะลดลง (การดรอปหมวกจะไม่ได้รับผลกระทบ)\n@{2} ยิ่งความแตกต่างของระดับมากเท่าใด การลดลงก็จะยิ่งมากขึ้นเท่านั้น
26021	A pet can gain @{2} star levels for every @{1} Pet Promotions.\nPet Promotion increases the pet's growth rate.\nIncreasing a pet's star level raises the star level of its active, Passive, and unlocked attribute skills. Higher-star skills provide stronger effects.	สัตว์เลี้ยงสามารถรับระดับดาว@{2}สำหรับทุกโปรโมชั่นสัตว์เลี้ยง@{1}\nPet Promotion เพิ่มอัตราการเจริญเติบโตของสัตว์เลี้ยง\nการเพิ่มระดับดาวของสัตว์เลี้ยงจะเป็นการเพิ่มระดับดาวของทักษะแอ็ตทริบิวต์แอ็ตทริบิวต์ ใช้งาน และแบบปลดล็อค ทักษะระดับดาวที่สูงขึ้นจะให้ผลที่แข็งแกร่งยิ่งขึ้น
26022	^{1}^{2}【Hammer Fall】^{3}^{4} strikes ${1} enemies within range with 【Earth Spike】, dealing Neutral melee Physical damage equal to PATK * ${2}% + ${3}, with a ${4}% Chance to inflict ^{5}^{6}【Stun】^{7}^{8} for ${5} seconds. This effect has a ${6}-second Cooldown.	^{1}^{2}【Hammer Fall】^{3}^{4}โจมตีศัตรู${1}ในระยะด้วย 【Earth Spike】 สร้างความเสียหายทางกายภาพระยะประชิดที่เป็นกลางเท่ากับ PATK *${2}% +${3}โดยมีโอกาส${4}% ที่จะสร้าง ^{5}^{6}【สตัน】^{7}^{8}เป็นเวลา${5}วินาทีเอฟเฟกต์นี้มีคูลดาวน์วินาทีของ${6}
26023	Melee Basic Attacks have a @{1}% Chance to trigger a Splash effect within a @{2}-meter radius. (This Splash does not count as a Normal Attack effect.) Affects up to @{3} Extra targets, with damage reduced to @{4}% of the original. Internal Cooldown: @{5} seconds.	Melee Basic Attacks have a@{1}% Chance to trigger a Splash effect within a@{2}-meter radius.(สาดนี้ไม่นับเป็นเอฟเฟกต์การโจมตีปกติ) ส่งผลต่อเป้าหมายพิเศษสูงสุด@{3}โดยความเสียหายลดลงเหลือ@{4}% ของเป้าหมายดั้งเดิมคูลดาวน์ภายใน:@{5}วินาที
26024	After casting 【Gravitation Field】, triggers @{1} 【Spatial Distortion】, dealing Ghost ranged magic damage equal to Magic ATK * ${3}% to up to ${2} enemies within ${1}m, with a ${4}% Chance to inflict 【Slow】 for ${5} sec., reducing the target's Move Speed by ${6}%.	หลังจากร่าย 【Gravitation Field】 จะเรียกใช้@{1}【Spatial Distortion】 สร้างความเสียหายเวทย์มนต์ตามระยะของ Ghost เท่ากับ Magic ATK *${3}% สูงสุดถึง${2}ศัตรูที่อยู่ในระยะ${1}m โดยมีโอกาส${4}% ที่จะสร้าง 【ช้า】 สำหรับ${5}วินาที ลดความเร็วในการเคลื่อนที่ของเป้าหมายลง${6}%
26025	The auction is Yet to start. Participate in evening guild events to unlock the Guild Auction.\n\nAfter the auction ends, players who participated in the event can receive an Auction Dividend.\n\nThe higher the Guild Auction sales, the larger the Auction Dividend!	การประมูลยังเริ่มต้นอยู่เข้าร่วมกิจกรรมกิลด์ในช่วงเย็นเพื่อปลดล็อคการประมูลกิลด์\n\nหลังจากการประมูลสิ้นสุดลง ผู้เล่นที่เข้าร่วมกิจกรรมสามารถรับเงินปันผลจากการประมูลได้\n\nยิ่งยอดขายการประมูลกิลด์สูง เงินปันผลการประมูลก็จะมากขึ้น!
26026	The temporary Revive skill obtained in the dungeon revives a targeted ST ally who is ^{1}dead^{2} within ${1} meters, restoring ^{3}${2}% of their Max Life^{4} and ^{5}${3}% of their Max MP^{6}. After learning ^{7}Revive^{8}, this skill can no longer be equipped.	ทักษะการฟื้นฟูชั่วคราวที่ได้รับในดันเจี้ยนจะชุบชีวิตพันธมิตร ST เป้าหมายที่เป็น ^{1}ตาย^{2}ภายใน${1}เมตร โดยจะฟื้นฟู ^{3}${2}% ของพลังชีวิตสูงสุด^{4}และ ^{5}${3}% ของ MP สูงสุด^{6}หลังจากเรียนรู้ ^{7}Revive^{8}แล้ว จะไม่สามารถสวมใส่ทักษะนี้ได้อีกต่อไป
26027	Deals Neutral ranged magic damage equal to Pet Magic ATK*^{1}${4}%^{2} to up to ${3} enemies in a ${1}-meter-by-${2}-meter rectangular area ahead, with a ${5}% Chance to additionally deal @{1} hits of Fire ranged magic damage totaling Pet Magic ATK*^{3}${6}%^{4}.	สร้างความเสียหายเวทย์มนตร์ระยะไกลเท่ากับ Pet Magic ATK*^{1}${4}%^{2}ไปจนถึงศัตรู${3}ในระยะ${1}-เมตรต่อ-${2}-พื้นที่สี่เหลี่ยมข้างหน้า โดยมี${5}% โอกาสที่จะสร้างความเสียหายเวทย์มนตร์ระยะไกลของ@{1}เพิ่มเติม รวมเป็น Pet Magic ATK*^{3}${6}%^{4}
26028	The damage radius of 【Melodic High-Energy Impact】 increases to ^{1}@{1}^{2} meters. Damage Increase: ^{3}@{2}%^{4}. Before it Deals DMG, it pulls up to ^{7}@{4}^{8} members of the Enemy Team within a ^{5}@{3}^{6}-meter radius toward the center of the damage area.	รัศมีความเสียหายของ 【Melodic High-Energy Impact】 เพิ่มขึ้นเป็น ^{1}@{1}^{2}เมตรความเสียหายเพิ่มขึ้น: ^{3}@{2}%^{4}ก่อนที่จะสร้างความเสียหาย มันจะดึงสมาชิกทีมศัตรูได้สูงสุด ^{7}@{4}^{8}ภายใน ^{5}@{3}^{6}- รัศมีเมตรมุ่งหน้าสู่ศูนย์กลางของพื้นที่เสียหาย
26029	Good eye! The White Dove belongs to Valkyrie Airlines and symbolizes the partnership between the Church State and the Republic. It's officially a cargo ship, but it still has a passenger cabin, making it perfect for teams like ours that need to keep a low profile.	ตาดี!White Dove เป็นของ Valkyrie Airlines และเป็นสัญลักษณ์ของความร่วมมือระหว่าง Church State และ Republicแม้ว่าจะเป็นเรือบรรทุกสินค้าอย่างเป็นทางการ แต่ยังคงมีห้องโดยสาร ทำให้เหมาะสำหรับทีมเช่นเราที่ต้องการรักษาความเป็นตัวของตัวเอง
26030	Let's play a game. The Rules are Easy. The three of us will hide inside these three Bells, and you'll have to guess where each of us is. Guess correctly, and we'll give you the item. Guess wrong... and you'll have to Join us, starting as our lowest-ranking lackey!	มาเล่นเกมกันกฎกติกานั้นง่ายพวกเราสามคนจะซ่อนตัวอยู่ในระฆังทั้งสามใบนี้ และคุณจะต้องเดาว่าเราแต่ละคนอยู่ที่ไหนเดาถูกแล้วเราจะมอบไอเท็มให้กับคุณเดาผิด... แล้วคุณจะต้องเข้าร่วมกับเรา โดยเริ่มจากการเป็นลูกสมุนอันดับต่ำสุดของเรา!
26031	The Scout Basilisk goes on alert, granting its master ^{1}[Vigilant Recon]^{2} for ${1} sec. Each time the master takes damage, Physical DEF increases by ^{3}${2}%^{4} and Magic DEF by ^{5}${3}%^{6}, stacking up to ^{7}${4}^{8} times and lasting ^{9}${5}^{10} sec.	ลูกเสือบาซิลิสก์ตื่นตัว โดยให้สิทธิ์แก่หัวหน้าของมัน ^{1}[Vigilant Recon]^{2}เป็นเวลา${1}วินาทีแต่ละครั้งที่มาสเตอร์ได้รับความเสียหาย Physical DEF จะเพิ่มขึ้น ^{3}${2}%^{4}และ DEF เวทมนตร์ ^{5}${3}%^{6}ซ้อนกันได้ถึง ^{7}${4}^{8}ครั้งและยาวนาน ^{9}${5}^{10}วินาที
26032	@{1}.Consume Equipment Blueprints and other specified materials to perform Equipment Forging.\n@{2}.Forged equipment has random attributes.\n@{3}.Equipment Forging always produces equipment of Purple Quality or higher. Orange and red equipment will be unidentified.	@{1}.ใช้พิมพ์เขียวอุปกรณ์และวัสดุที่ระบุอื่น ๆ เพื่อทำการปลอมอุปกรณ์\n@{2}.อุปกรณ์ที่ปลอมแปลงจะมีคุณลักษณะแบบสุ่ม\n@{3}.อุปกรณ์ตีขึ้นรูปจะผลิตอุปกรณ์ที่มีคุณภาพสีม่วงหรือสูงกว่าเสมอ อุปกรณ์สีส้มและสีแดงจะไม่ปรากฏชื่อ
26033	Creates a Trap Hunter at the current location. When an enemy enters within @{1}m of it, it explodes, dealing ATK * ^{1}@{4}%^{2} damage to up to @{3} enemies within a @{2}m radius and inflicting ^{3}【Immobilize】^{4} for @{5}^{5} sec. The Trap Hunter lasts @{6} sec.	สร้างนักล่ากับดักในตำแหน่งปัจจุบันเมื่อศัตรูเข้ามาภายในระยะ@{1}m มันจะระเบิด สร้าง ATK * ^{1}@{4}%^{2}สร้างความเสียหายให้กับศัตรูสูงสุด@{3}ภายในรัศมี@{2}m และทำให้เกิดความเสียหาย ^{3}【ตรึง】^{4}สำหรับ@{5}^{5}วินาทีนักล่ากับดักคงอยู่@{6}วินาที
26034	After casting 【Enlightenment】, gain one floor. Upon reaching @{1} floors, the next 【Enlightenment】 causes all targets hit to take damage again and increases your Movement Speed.\nThe Extra damage sends a wisp of 【Will】 flying back, restoring one charge of 【Stigma】.	หลังจากร่าย 【Enlightenment】 จะได้ชั้นหนึ่ง เมื่อไปถึงชั้น@{1}【การรู้แจ้ง】ครั้งถัดไปจะทำให้เป้าหมายทั้งหมดที่โดนได้รับความเสียหายอีกครั้ง และเพิ่มความเร็วในการเคลื่อนที่ของคุณ\nความเสียหายพิเศษจะส่ง 【Will】 บินกลับไป ฟื้นฟูชาร์จของ 【Stigma】 หนึ่งชาร์จ
26035	Resetting points will reset this Star and all subsequent Stars and automatically unequip their Star Cores\nContinue? (<color=#cc762a>${1}</color> Astral Points will be refunded)\n<color=#da3838>This will deactivate the attributes of subsequent Constellations</color>	Resetting points will reset this Star and all subsequent Stars and automatically unequip their Star Cores\nContinue? (<color=#cc762a>${1}</color> Astral Points will be refunded)\n<color=#da3838>This will deactivate the attributes of subsequent Constellations</color>
26036	Disbandment Rules: If the guild's Weekly Active rating remains Very Inactive for ${1} consecutive weeks, the guild will automatically disband at 5 o'clock on Monday of week ${2} (the first 2 weeks after the guild is created do not count toward the inactivity period)	: หากคะแนนแอคทีฟรายสัปดาห์ของกิลด์ยังคงไม่แอ็คทีฟอย่างมากสำหรับสัปดาห์${1}ติดต่อกัน กิลด์จะยุบวงโดยอัตโนมัติเวลา 5 โมงเช้าของวันจันทร์ของสัปดาห์${2}(2 สัปดาห์แรกหลังจากสร้างกิลด์ จะไม่นับรวมในช่วงที่ไม่มีความเคลื่อนไหว)
26037	After taking lethal skill damage, you may choose whether to Revive. After Revive, Life/MP is immediately restored to @{1}%. Internal Cooldown: @{2} minutes. After the death-prevention effect triggers, Physical/Magic damage taken is reduced by @{3}% for @{4} seconds.	หลังจากได้รับความเสียหายจากทักษะที่ทำให้ถึงตายแล้ว คุณสามารถเลือกได้ว่าจะชุบชีวิตหรือไม่ หลังจากฟื้นคืนชีพ พลังชีวิต/MP จะถูกฟื้นฟูเป็น@{1}% ทันที คูลดาวน์ภายใน:@{2}นาที หลังจากที่เอฟเฟกต์ป้องกันการเสียชีวิตทริกเกอร์ ความเสียหายกายภาพ/เวทมนตร์ที่ได้รับจะลดลง@{3}% เป็นเวลา@{4}วินาที
26038	Moonlight Flower swings her Bell^{1}to smash the target area^{2}and sends out^{3}@{1} sound waves around her^{4}. The smash causes^{5}all Bells on the battlefield to resonate^{6}. Sound waves damage targets hit, and hitting a Bell causes^{7}the Bell to resonate^{8}.	ดอกแสงจันทร์ แกว่งกระดิ่ง^{1}เพื่อทุบพื้นที่เป้าหมาย^{2}และส่งออกไป^{3}@{1}คลื่นเสียงรอบตัวเธอ^{4}การทุบตีทำให้^{5}ระฆังทั้งหมดในสนามรบดังก้อง^{6}คลื่นเสียงสร้างความเสียหายให้กับเป้าหมายที่โดน และเมื่อกระทบกับกระดิ่ง จะทำให้^{7}กระดิ่งนั้นสะท้อน^{8}
26039	Place a Flasher at your location. It explodes when an enemy enters its @{1}-meter trigger radius, dealing ATK * ^{1}@{4}%^{2} damage to up to @{3} enemies within a @{2}-meter radius and inflicting ^{3}【Blind】^{4} for @{5} seconds. The Trap Hunter lasts @{6} seconds.	วาง Flasher ไว้ที่ตำแหน่งของคุณมันจะระเบิดเมื่อศัตรูเข้าไปในรัศมีทริกเกอร์@{1}- เมตร สร้าง ATK * ^{1}@{4}%^{2}สร้างความเสียหายให้กับศัตรูสูงสุด@{3}ภายในรัศมี@{2}- เมตรและสร้างความเสียหาย ^{3}【ตาบอด】^{4}เป็นเวลา@{5}วินาทีนักล่ากับดักคงอยู่@{6}วินาที
26040	Places a Flasher at the caster's location. When an enemy enters within @{1} m of the Trap Hunter, it explodes, dealing ATK * ^{1}@{4}%^{2} damage to up to @{3} enemies within a @{2} m radius and inflicting ^{3}【Blind】^{4} for @{5} sec. The Trap Hunter lasts @{6} sec.	วาง Flasher ไว้ที่ตำแหน่งของลูกล้อเมื่อศัตรูเข้ามาภายใน@{1}m ของ Trap Hunter มันจะระเบิด สร้าง ATK * ^{1}@{4}%^{2}สร้างความเสียหายให้กับศัตรูสูงสุด@{3}ภายในรัศมี@{2}m และสร้างความเสียหาย ^{3}【ตาบอด】^{4}สำหรับ@{5}วินาทีนักล่ากับดักคงอยู่@{6}วินาที
26041	When 【Enhance Camouflage】 ends, unleash a ring of light discs, dealing a total of @{3}% Physical damage to up to @{2} enemies within @{1} meters (the more targets in range, the less damage each target takes) and reducing their Movement Speed by @{4}% for @{5} seconds.	เมื่อ 【ปรับปรุงการพรางตัว】 สิ้นสุดลง ปล่อยวงแหวนแห่งแสง สร้างความเสียหายทางกายภาพรวม@{3}% ให้กับศัตรูสูงสุด@{2}ภายใน@{1}เมตร (ยิ่งเป้าหมายอยู่ในระยะมาก ความเสียหายที่เป้าหมายแต่ละเป้าหมายได้รับก็จะน้อยลง) และลดความเร็วในการเคลื่อนที่ของพวกมันลง@{4}% สำหรับ@{5}วินาที
26042	Owl Baron summons a massive lightning storm, dealing Neutral ranged magic damage equal to Magic ATK*^{1}${3}%^{2} per hit to up to ${2} enemies within ${1} meters for a total of ${4} hits, with a ^{3}${5}%^{4} Chance to inflict ^{5}^{6}【Stun】^{7}^{8} for ${6} seconds.	Owl Baron เรียกพายุฝนฟ้าคะนองขนาดใหญ่ สร้างความเสียหายเวทย์มนต์ระยะเป็นกลางเท่ากับพลังโจมตีเวทย์*^{1}${3}%^{2}ต่อการโจมตีสูงสุดถึง${2}ศัตรูที่อยู่ในระยะ${1}เมตร รวมจำนวนการโจมตี${4}โดยมี ^{3}${5}%^{4}มีโอกาสทำดาเมจ ^{5}^{6}【สตัน】^{7}^{8}เป็นเวลา${6}วินาที.
26043	You will spend <color=#C26B47>${1}*${2}</color> to create a guild. Creation Successful requires responses from <color=#C26B47>${4}</color> players within <color=#C26B47>${3}</color> hours. Create the guild? (The required items will be returned if guild creation fails.)	You will spend <color=#C26B47>${1}*${2}</color> to create a guild. Creation Successful requires responses from <color=#C26B47>${4}</color> players within <color=#C26B47>${3}</color> hours. Create the guild? (The required items will be returned if guild creation fails.)
26044	(Claps softly) That dance wasn't bad~ As for what Boya likes... When she was little, I think she especially loved fluffy things, particularly... ones with long ears? Ah! The church bells are ringing. It's my turn to patrol. (Smirks slyly) ^{1}PlayerName^{2}, good luck!	(ปรบมือเบา ๆ) การเต้นนั้นก็ไม่เลวเลย~ ส่วนสิ่งที่โบย่าชอบ... ตอนที่เธอยังเด็ก ฉันคิดว่าเธอชอบของขนนุ่มเป็นพิเศษ โดยเฉพาะ... หูยาวเหรอ? อ่า! ระฆังโบสถ์กำลังดังขึ้น ถึงเวลาที่ฉันจะต้องลาดตระเวนแล้ว (ยิ้มเจ้าเล่ห์) ^{1}PlayerName^{2}โชคดีนะ!
26045	^{1}【Divine Hope】^{2} has an area effect and applies to up to ${2} allies within a ${1}-meter radius of the owner. Only the owner additionally gains HP Lock while ^{3}【Divine Hope】^{4} is Active, preventing their HP from falling below ^{5}${3}%^{6}. Cooldown: ${4} sec.	^{1}【ความหวังอันศักดิ์สิทธิ์】^{2}มีเอฟเฟกต์พื้นที่และใช้กับพันธมิตร${2}สูงสุดภายในรัศมี${1}เมตรของเจ้าของมีเพียงเจ้าของเท่านั้นที่จะได้รับ HP Lock เพิ่มเติม ในขณะที่ ^{3}【Divine Hope】^{4}ทำงานอยู่ เพื่อป้องกันไม่ให้ HP ของพวกเขาลดลงต่ำกว่า ^{5}${3}%^{6}คูลดาวน์:${4}วินาที
26046	Summon a hymn that flies toward an ally, restoring ^{3}HP^{4} equal to MATK*^{1}${2}%+${6}^{2} to yourself and a designated ST ally within a ${1}-meter radius, and granting yourself a ^{7}Shield^{8} equal to MATK*^{5}${3}%^{6} for ${4} seconds. (Cooldown: ${5} seconds)	เรียกเพลงสรรเสริญที่บินไปหาพันธมิตร โดยฟื้นฟู ^{3}HP^{4}เท่ากับ MATK*^{1}${2}%+${6}^{2}ให้กับตัวคุณเองและพันธมิตร ST ที่กำหนดภายใน${1}-รัศมีเมตร และมอบ ^{7}Shield^{8}เท่ากับ MATK*^{5}${3}%^{6}เป็นเวลา${4}วินาที(คูลดาวน์:${5}วินาที)
26047	@{1}.Players can use Get Help to request cargo assistance from fellow guild members.\n@{2}.Guild members who help load cargo can earn rewards, so lend your friends a hand!\n@{3}.The number of times you can use Get Help or help others each day is limited, so plan wisely.	@{1} ผู้เล่นสามารถใช้ Get Help เพื่อขอความช่วยเหลือด้านการขนส่งสินค้าจากเพื่อนสมาชิกกิลด์\n@{2}สมาชิกกิลด์ที่ช่วยบรรทุกสินค้าจะได้รับรางวัล ดังนั้นให้ช่วยเพื่อนของคุณ!\n@{3}.จำนวนครั้งที่คุณสามารถใช้รับความช่วยเหลือหรือช่วยเหลือผู้อื่นในแต่ละวันนั้นมีจำกัด ดังนั้นควรวางแผนอย่างชาญฉลาด
26048	It's settled! The Swordsman team's month of Lineup practice won't go to waste. The Mage team will use Ice Fog for special Effects, and the Acolyte team will offer Blessings along the route—the Archer team wanted to shoot apples with their Bows, but I put a stop to that.	เรียบร้อยแล้ว!เดือนแห่งการฝึกซ้อมของทีม Swordsman จะไม่สูญเปล่าทีม Mage จะใช้ Ice Fog เพื่อสร้างเอฟเฟกต์พิเศษ และทีม Acolyte จะให้พรตลอดเส้นทาง ทีม Archer ต้องการยิงแอปเปิ้ลด้วยธนู แต่ฉันหยุดไว้แค่นั้น
26049	Concentrate light to increase nearby allies' Magic ATK by ^{1}${2}%^{2} for ${1} seconds, then Launch a light wave that deals Neutral ranged magic damage equal to Magic ATK*^{3}${6}%^{4} to up to ${5} enemies within a ${3}m*${4}m area ahead. This damage ignores shields.	รวมแสงเพื่อเพิ่ม ATK เวทย์มนตร์ของพันธมิตรที่อยู่ใกล้เคียง ^{1}${2}%^{2}เป็นเวลา${1}วินาที จากนั้นปล่อยคลื่นแสงที่สร้างความเสียหายเวทย์มนตร์ระยะเป็นกลางเท่ากับ Magic ATK*^{3}${6}%^{4}ไปจนถึง${5}ศัตรูภายในพื้นที่${3}m*${4}m ที่อยู่ข้างหน้าความเสียหายนี้ไม่สนใจโล่
26050	The shadows transform into mirage blades and rapidly circle you once, dealing a total of Physical ATK*^{1}${3}%*(@{1}+Attack Speed*@{2}）^{2} Neutral melee Physical damage to up to ${2} enemies within a ${1}-meter radius. You gain ^{3}Endure^{4} while casting this skill.	เงากลายร่างเป็นดาบภาพลวงตาและหมุนวนคุณอย่างรวดเร็วหนึ่งครั้ง สร้างความเสียหายทางกายภาพทั้งหมด*^{1}${3}%*(@{1}+ความเร็วการโจมตี*@{2})^{2}สร้างความเสียหายกายภาพระยะประชิดเป็นกลางสูงสุด${2}ศัตรูที่อยู่ในรัศมี${1}-เมตร คุณจะได้รับ ^{3}Endure^{4}ขณะร่ายทักษะนี้
26051	Restores ^{3}Life^{4} equal to MATK * ^{1}${2}% + ${3}^{2} for you and a designated ST ally within ${1} m. Each ^{5}Base Level^{6} increases ^{7}Healing Volume by ${4}%^{8}. When used on an ^{9}Undead^{10} enemy, deals MATK * ^{11}${5}% + ${6}^{12} Holy ranged Magic DMG.	คืนค่า ^{3}Life^{4}เท่ากับ MATK * ^{1}${2}% +${3}^{2}สำหรับคุณและพันธมิตร ST ที่กำหนดภายใน${1}m.แต่ละ ^{5}Base Level^{6}จะเพิ่ม ^{7}Healing Volume โดย${4}%^{8}เมื่อใช้กับ ^{9}Undead^{10}ศัตรู จะสร้างความเสียหาย MATK * ^{11}${5}% +${6}^{12}สร้างความเสียหายเวทมนตร์ระยะไกลอันศักดิ์สิทธิ์
26052	Summons Storm Gust within @{1} m, dealing ^{1}@{4}%^{2} damage per hit to up to @{3} enemies within a circular area with a @{2} m radius. The magic field lasts @{5} sec. and attacks @{6} times per sec. Each hit has a @{7}% Chance to inflict ^{3}【Freeze】^{4} for @{8} sec.	เรียก Storm Gust ในระยะ@{1}m สร้างความเสียหาย ^{1}@{4}%^{2}สร้างความเสียหายต่อการโจมตี สูงสุดถึง@{3}ศัตรูภายในพื้นที่วงกลมด้วยรัศมี@{2}mสนามเวทย์มนตร์คงอยู่@{5}วินาทีและโจมตี@{6}ครั้งต่อวินาทีการโจมตีแต่ละครั้งมีโอกาส@{7}% ที่จะสร้าง ^{3}【แช่แข็ง】^{4}เป็นเวลา@{8}วินาที
26053	The Demon Maid uses Launch to fire “Charming Sweetheart” at an ST enemy within ${2} meters and up to ${4} enemies within ${3} meters of the target, dealing Neutral ranged magic damage equal to Pet Magic ATK*^{1}${1}%^{2} and inflicting ${5} sec of ^{3}^{4}【Stun】^{5}^{6}.	"Demon Maid ใช้ Launch เพื่อยิง ""Charming Sweetheart"" ไปที่ศัตรู ST ในระยะ${2}เมตร และสูงสุด${4}ศัตรูที่อยู่ใน${3}เมตรของเป้าหมาย สร้างความเสียหายเวทย์ระยะเป็นกลางเท่ากับ Pet Magic ATK*^{1}${1}%^{2}และทำให้${5}วินาทีของ ^{3}^{4}【สตัน】^{5}^{6}"
26054	When casting a ^{1}Debuff-type^{2} or ^{3}Control-type^{4} Primary Battle Skill, the owner's Normal Attacks and skills deal Neutral melee ^{9}Adaptive Damage^{10} equal to the owner's ^{5}Adaptive Attack^{6}*^{7}${2}%^{8} to @{1} enemies for ${1} sec. Cooldown: ${3} sec.	เมื่อร่าย ^{1}Debuff-type^{2}หรือ ^{3}Control-type^{4}Primary Battle Skill การโจมตีปกติและทักษะของเจ้าของจะสร้างระยะประชิดที่เป็นกลาง ^{9}Adaptive Damage^{10}เท่ากับของเจ้าของ ^{5}การโจมตีแบบปรับได้^{6}*^{7}${2}%^{8}ถึงศัตรู@{1}สำหรับ${1}วินาทีคูลดาวน์:${3}วินาที
26055	Gain the accessory ^{1}【Sacrament】^{2}. Each time you cast ^{3}【Judex】^{4}, ^{5}【Sacrament】^{6} will Launch @{1}~@{2} ^{7}^{8}【Phrases】^{9}^{10} in sequence. Each HIT grants you one stack of ^{11}^{12}【Voice Part】^{13}^{14} and one stack of ^{15}^{16}【Low Hum】^{17}^{18}.	รับอุปกรณ์เสริม ^{1}【Sacrament】^{2}.แต่ละครั้งที่คุณร่าย ^{3}【Judex】^{4}, ^{5}【Sacrament】^{6}จะเปิดตัว@{1}~@{2}^{7}^{8}【Phrases】^{9}^{10}ตามลำดับHIT แต่ละครั้งจะทำให้คุณได้รับ ^{11}^{12}【ส่วนเสียง】^{13}^{14}หนึ่งสแต็ค และ ^{15}^{16}【Low Hum】^{17}^{18}หนึ่งสแต็ค
26056	When a Dagger is equipped, each Basic Attack has a ^{1}${1}%^{2} Chance to deal ${2} Extra hits of Neutral melee Physical damage equal to PATK * ^{3}${3}%^{4} (this damage is not considered a Normal Attack).\nWhen a Katar is equipped, increases CRIT Stat by ^{5}${4}^{6}.	เมื่อติดตั้งกริช การโจมตีพื้นฐานแต่ละครั้งจะมี ^{1}${1}%^{2}โอกาสในการสร้าง${2}การโจมตีพิเศษของความเสียหายทางกายภาพระยะประชิดที่เป็นกลางเท่ากับ PATK * ^{3}${3}%^{4}(ความเสียหายนี้ไม่ถือเป็นการโจมตีปกติ)\nเมื่อติดตั้ง Katar จะเพิ่ม CRIT Stat เป็น ^{5}${4}^{6}
26057	Maya ^{1}repeats this @{1} times^{2}, summoning ^{3}@{2} Petrify Mists^{4} around the target each time. After a brief delay, the mists move toward the target and damage ^{5}targets they touch^{6}. When the mists dissipate, they scatter into ^{7}numerous smaller mists^{8}.	Maya ^{1}ทำซ้ำ@{1}ครั้ง^{2}โดยเรียก ^{3}@{2}Petrify Mists^{4}ไปรอบๆ เป้าหมายในแต่ละครั้งหลังจากหน่วงเวลาสั้นๆ หมอกจะเคลื่อนไปยังเป้าหมายและสร้างความเสียหาย ^{5}เป้าหมายที่สัมผัส^{6}เมื่อหมอกสลายไป มันก็กระจายออกเป็นหมอกเล็กๆ ^{7}จำนวนมาก^{8}
26058	Two-handed Spear skill. Charge up spiral energy and hurl your Spear at a target enemy within ${1} meters, dealing Neutral ranged Physical damage equal to Physical ATK * ^{1}${2}%^{2}, pulling the enemy in front of you, and inflicting ^{3}【Immobilize】^{4} for ${3} seconds.	ทักษะหอกสองมือชาร์จพลังงานเกลียวแล้วเหวี่ยงหอกของคุณไปที่ศัตรูเป้าหมายภายในระยะ${1}เมตร สร้างความเสียหายทางกายภาพระยะเป็นกลางเท่ากับ Physical ATK * ^{1}${2}%^{2}ดึงศัตรูที่อยู่ข้างหน้าคุณ และสร้างความเสียหาย ^{3}【ทำให้เคลื่อนที่ไม่ได้】^{4}สำหรับ${3}วินาที
26059	^{1}^{2}【Frost Nova】^{3}^{4}'s area increases to ^{5}${1}^{6} meters and triggers 【Ice Spike】 @{1} times on all targets hit, dealing Water Ranged Magic damage equal to MATK*^{7}${2}%+${3}^{8}. Hitting enemies affected by ^{9}^{10}【Frozen】^{11}^{12} does not remove Frozen.	^{1}^{2}【Frost Nova】^{3}^{4}'s พื้นที่เพิ่มขึ้นเป็น ^{5}${1}^{6}เมตร และทริกเกอร์ 【Ice Spike】@{1}ครั้งของเป้าหมายทั้งหมดที่โดน สร้างความเสียหายเวทย์ Water Ranged เท่ากับ MATK*^{7}${2}%+${3}^{8}การโจมตีศัตรูที่ได้รับผลกระทบจาก ^{9}^{10}【Frozen】^{11}^{12}จะไม่ลบ Frozen
26060	Shield skill. Grants you 【Reflect Damage】. 【Reflect Damage】: When you are hit, deals Neutral Melee Physical DMG equal to PATK * ^{1}${2}%^{2} to up to ${3} enemies within a ${7}-meter radius. This effect can trigger up to ${5} times every ${4} seconds. Lasts ${1} seconds.	ทักษะโล่มอบ 【สะท้อนความเสียหาย】 ให้กับคุณ【สะท้อนความเสียหาย】: เมื่อคุณถูกโจมตี จะสร้างความเสียหายกายภาพระยะประชิดเป็นกลางเท่ากับ PATK * ^{1}${2}%^{2}ให้กับศัตรูสูงสุด${3}ภายในรัศมี${7}เมตรเอฟเฟกต์นี้สามารถทริกเกอร์ได้สูงสุด${5}เท่าทุกๆ${4}วินาทีคงอยู่${1}วินาที
26061	Zherlthsh attacks, dealing a total of ^{1}${3}%^{2} Neutral melee ^{3}Adaptive Damage^{4} to up to ${2} enemies within ${1} meters of the target area, and grants the master ^{5}^{6}[Zherlthsh's Execution]^{7}^{8}, increasing damage dealt by ^{9}${4}%^{10} for ${5} seconds.	Zherlthsh โจมตี สร้างความเสียหายรวม ^{1}${3}%^{2}ระยะประชิดเป็นกลาง ^{3}Adaptive Damage^{4}ให้กับศัตรูสูงสุด${2}ภายใน${1}เมตรของพื้นที่เป้าหมายและมอบมาสเตอร์ ^{5}^{6}[Zherlthsh's Execution]^{7}^{8}เพิ่มความเสียหายที่ทำได้ ^{9}${4}%^{10}เป็นเวลา${5}วินาที
26062	Garm Baby breathes wintry air, continuously dealing Neutral melee Physical damage equal to PATK*^{1}${4}%^{2} to up to ${3} enemies in a ${1}-meter-by-${2}-meter area in the designated direction, with a ^{3}${5}%^{4} Chance to inflict ^{5}^{6}【Frozen】^{7}^{8} for ${6} sec.	Garm Baby สูดอากาศหนาวเย็น สร้างความเสียหายทางกายภาพระยะประชิดที่เป็นกลางอย่างต่อเนื่องเท่ากับ PATK*^{1}${4}%^{2}จนถึงศัตรู${3}ในพื้นที่${1}-เมตร-ต่อ-${2}-เมตรในทิศทางที่กำหนดด้วย ^{3}${5}%^{4}โอกาสที่จะสร้าง ^{5}^{6}【แช่แข็ง】^{7}^{8}สำหรับ${6}วินาที
26063	1. When using a new Skill Build for the first time, you must reallocate skill points and equip skills. \n2. Skill Builds are independent. Switching Skill Builds also switches your skill point allocation and equipped skills. \n3. You cannot switch Skill Builds during combat.	1. เมื่อใช้ Skill Build ใหม่เป็นครั้งแรก คุณต้องจัดสรรคะแนนทักษะใหม่และติดตั้งทักษะ\n2. การสร้างทักษะมีความเป็นอิสระ การเปลี่ยนทักษะยังสลับการจัดสรรคะแนนทักษะและทักษะที่ติดตั้งอีกด้วย\n3. คุณไม่สามารถเปลี่ยน Skill Builds ในระหว่างการต่อสู้ได้
26064	Pheromone stability is positively correlated with the host's physiological state. The adrenaline or some other metabolic byproduct produced during the race must have interfered with normal pheromone receptor binding. This wasn't a failure—it eliminated one major false lead!	ความคงตัวของฟีโรโมนมีความสัมพันธ์เชิงบวกกับสถานะทางสรีรวิทยาของโฮสต์อะดรีนาลีนหรือผลพลอยได้จากการเผาผลาญอื่นๆ ที่เกิดขึ้นในระหว่างการแข่งขันจะต้องรบกวนการจับตัวรับฟีโรโมนตามปกตินี่ไม่ใช่ความล้มเหลว แต่เป็นการกำจัดเบาะแสที่ผิดพลาดที่สำคัญไปหนึ่งรายการ!
26065	Are you the investigator? Thank goodness! Please, you must help me recover the missing book. It's no ordinary spellbook—the knowledge it contains is extremely dangerous. If misused, the consequences could be catastrophic! I must take it back to Geffen Tower and seal it away.	คุณคือนักสืบใช่ไหม? ขอบคุณพระเจ้า! ได้โปรด คุณต้องช่วยฉันกู้คืนหนังสือที่หายไป ไม่ใช่หนังสือคาถาธรรมดา—ความรู้ที่มีอยู่นั้นอันตรายอย่างยิ่ง หากใช้ในทางที่ผิด ผลที่ตามมาอาจเป็นหายนะ! ฉันต้องนำมันกลับไปที่เกฟเฟนทาวเวอร์และปิดผนึกมันไว้
26066	Katar-exclusive skill. Throws a row of Rolling Cutter blades, dealing blade count (minimum @{1}) * PATK * ^{1}${2}% * (${3} + ASPD * ${4}%)^{2} as Neutral melee Physical damage to the targeted ST enemy within ${1} meters. At ${5} blades, ^{3}resets^{4} this skill's cooldown.	Katar ทักษะพิเศษเฉพาะขว้างใบมีด Rolling Cutter เรียงเป็นแถว จัดการกับจำนวนใบมีด (ขั้นต่ำ@{1}) * PATK * ^{1}${2}% * (${3}+ ASPD *${4}%)^{2}เป็นความเสียหายทางกายภาพระยะประชิดที่เป็นกลางแก่ศัตรู ST เป้าหมายภายใน${1}เมตรที่ใบมีด${5}^{3}จะรีเซ็ต^{4}คูลดาวน์ของทักษะนี้
26067	Katar-exclusive skill. Quickly spin in place, dealing PATK*^{1}${3}%*(${4}+ASPD*${5}%）^{2} Neutral melee Physical damage to up to ${2} enemies within a ${1}-meter radius, and gain ${6} Cross Ripper Slasher blades, up to ${7}. ^{3}This skill is considered a Normal Attack^{4}.	Katar ทักษะพิเศษเฉพาะหมุนเข้าที่อย่างรวดเร็ว สร้าง PATK*^{1}${3}%*(${4}+ASPD*${5}%）^{2}สร้างความเสียหายทางกายภาพระยะประชิดที่เป็นกลางให้กับศัตรู${2}ภายในรัศมี${1}เมตร และได้รับ${6}Cross Ripper Slasher จนถึง${7}. ^{3}ทักษะนี้ถือเป็นการโจมตีปกติ^{4}
26068	Unleashes several shadow slashes, dealing Neutral melee Physical damage equal to Physical ATK*^{1}${3}%*(@{1}+Attack Speed*@{2})^{2} to up to ${2} enemies within a ${1}-meter radius. You are ^{3}Invincible^{4} during this time. Immediately ^{5}refreshes 【Shadow Command】^{6}.	ปล่อยเงาฟันหลายอัน สร้างความเสียหายทางกายภาพระยะประชิดที่เป็นกลางเท่ากับพลังโจมตีทางกายภาพ*^{1}${3}%*(@{1}+ความเร็วการโจมตี*@{2})^{2}ไปจนถึงศัตรูสูงสุด${2}ภายใน${1}-รัศมีเมตรคุณคือ ^{3}Invincible^{4}ในช่วงเวลานี้ทันที ^{5}รีเฟรช 【Shadow Command】^{6}
26069	When 【Fire Bolt】, 【Cold Bolt】, 【Lightning Bolt】, or 【Earth Spike】 hits, there is a ${1}% Chance to trigger @{1} 【Elemental Shock】, dealing Neutral ranged magic damage equal to Magic ATK * ${4}% to up to ${3} enemies within a ${2}m radius. This effect has a ${5}-sec. Cooldown.	เมื่อ 【Fire Bolt】, 【Cold Bolt】, 【Lighting Bolt】 หรือ 【Earth Spike】 โดน มี${1}โอกาสที่จะกระตุ้น@{1}【Elemental Shock】 สร้างความเสียหายเวทย์มนต์ระยะเป็นกลางเท่ากับ Magic ATK *${4}% ไปจนถึงศัตรู${3}ภายใน${2}ม. รัศมีเอฟเฟกต์นี้มี${5}-วินาทีคูลดาวน์
26070	Leaps high into the air and lands in a designated area within @{1} m, dealing a total of ATK * ^{1}@{4}%^{2} damage to up to @{3} enemies within @{2} m of the target area and inflicting ^{3}【Immobilize】^{4} for @{5} sec. Gains ^{5}【Control Immunity】^{6} while using the skill.	กระโดดสูงไปในอากาศและตกลงมาในพื้นที่ที่กำหนดภายใน@{1}m สร้างความเสียหายรวมของ ATK * ^{1}@{4}%^{2}สร้างความเสียหายให้กับศัตรูสูงสุด@{3}ภายใน@{2}m ของพื้นที่เป้าหมาย และทำให้เกิดความเสียหาย ^{3}【ทำให้เคลื่อนที่ไม่ได้】^{4}สำหรับ@{5}วินาทีได้รับ ^{5}【ภูมิคุ้มกันควบคุม】^{6}ขณะใช้ทักษะ
26071	During the event, complete Activity Quests to earn Treasure Maps. Digging for treasure may unlock a Treasure Stage or summon monsters. Defeat them to earn generous rewards. Collect Treasure Map Fragments to craft a High-Grade Treasure Map and receive a guaranteed rare reward!	ในช่วงกิจกรรม ทำภารกิจกิจกรรมให้สำเร็จเพื่อรับแผนที่สมบัติการขุดหาสมบัติอาจปลดล็อคด่านสมบัติหรืออัญเชิญสัตว์ประหลาดเอาชนะพวกเขาเพื่อรับรางวัลมากมายรวบรวมชิ้นส่วนแผนที่สมบัติเพื่อสร้างแผนที่สมบัติระดับสูงและรับรางวัลหายากที่รับประกัน!
26072	Greatly increases gravity in a designated area with a ${2}-meter radius within ${1} meters, dealing Ghost-property ranged magic damage equal to Magic ATK*^{1}${4}%+${5}^{2} to up to ${3} enemies per wave. The gravity field lasts ${6} seconds and strikes a total of ${7} times.	เพิ่มแรงโน้มถ่วงอย่างมากในพื้นที่ที่กำหนดด้วยรัศมี${2}-meter ภายใน${1}เมตร สร้างความเสียหายทางเวทย์มนตร์ระยะไกลของ Ghost-property เท่ากับ Magic ATK*^{1}${4}%+${5}^{2}สูงสุดถึงศัตรู${3}ต่อคลื่นสนามแรงโน้มถ่วงคงอยู่${6}วินาทีและกระทบรวม${7}ครั้ง
26073	Artisans who turn gathered plant fibers and other supplementary materials into semi-finished cloth. Their products are widely used in equipment padding, structural components, and various advanced synthesis processes, making this a key Life Skill supporting equipment crafting.	ช่างฝีมือที่รวบรวมเส้นใยพืชและวัสดุเสริมอื่นๆ ให้เป็นผ้ากึ่งสำเร็จรูปผลิตภัณฑ์ของพวกเขาถูกนำมาใช้กันอย่างแพร่หลายในการเสริมอุปกรณ์ ส่วนประกอบโครงสร้าง และกระบวนการสังเคราะห์ขั้นสูงต่างๆ ทำให้สิ่งนี้เป็นทักษะชีวิตที่สำคัญในการสร้างอุปกรณ์สนับสนุน
26074	@{1}.Today's tax rate is updated daily at @{2}:@{3} and will remain unchanged for the rest of the day.\n@{4}.Trade tax is deducted at the rate in effect when the Trade is completed.\n@{5}.The tax rate increases in tiers based on Trade volume. Tax rate tiers reset every Monday.	@{1}.อัตราภาษีของวันนี้ได้รับการอัปเดตทุกวันที่ @{2}:@{3} และจะยังคงไม่เปลี่ยนแปลงในช่วงที่เหลือของวัน\n@{4}.ภาษีการค้าจะถูกหักออกตามอัตราที่มีผลเมื่อการค้าเสร็จสมบูรณ์\n@{5}.อัตราภาษีจะเพิ่มขึ้นตามระดับตามปริมาณการค้า ระดับอัตราภาษีจะรีเซ็ตทุกวันจันทร์
26075	Ilmata plays a true race against death and once again ^{1}summons a giant spinning wheel^{2}. The wheel has more obstacles, and ^{3}touching its mechanisms deals increased damage^{4}. Players must ^{5}nimbly evade the obstacles and damaging magic circles to pass the trial^{6}.	อิลมาตาเล่นแข่งกับความตายอย่างแท้จริงและเป็นอีกครั้งหนึ่ง ^{1}อัญเชิญวงล้อหมุนขนาดยักษ์^{2}วงล้อมีสิ่งกีดขวางมากขึ้น และ ^{3}การสัมผัสกลไกจะสร้างความเสียหายเพิ่มขึ้น^{4}ผู้เล่นจะต้อง ^{5}หลบเลี่ยงอุปสรรคและสร้างความเสียหายให้กับวงเวทย์อย่างว่องไวจึงจะผ่านการทดสอบ^{6}
26076	Bow-exclusive skill. Fires a hurricane Arrow in the designated direction across a ${1}-meter by ${2}-meter area, continuously dealing PATK * ^{1}${4}%^{2} Neutral Ranged Physical DMG to up to ${3} enemies in its path. While the skill is Active, MSPD increases by ^{3}${5}%^{4}.	ทักษะพิเศษเฉพาะคันธนูยิงลูกศรพายุเฮอริเคนในทิศทางที่กำหนดข้ามพื้นที่${1}เมตร x${2}เมตร สร้าง PATK อย่างต่อเนื่อง * ^{1}${4}%^{2}สร้างความเสียหายทางกายภาพระยะไกลสูงสุดไปยังศัตรู${3}ในเส้นทางของมันขณะที่ทักษะทำงานอยู่ MSPD จะเพิ่มขึ้น ^{3}${5}%^{4}
26077	Oh... You're with the scholar who came with the Knight? No wonder you're so confident. If you're determined to move Forward, then Please be careful. Ever since that glowing object appeared, every Monster in the Pyramid has gone Berserk, as if they'd been guzzling strong liquor.	โอ้... คุณอยู่กับนักวิชาการที่มาพร้อมกับอัศวินเหรอ?ไม่น่าแปลกใจที่คุณมั่นใจมากหากคุณมุ่งมั่นที่จะก้าวไปข้างหน้าโปรดใช้ความระมัดระวังนับตั้งแต่วัตถุเรืองแสงนั้นปรากฏขึ้น สัตว์ประหลาดทุกตัวในพีระมิดก็คลั่งไคล้ Berserk ราวกับว่าพวกมันดื่มเหล้าเข้มข้น
26078	Spits upward, then after a @{1}-second warning, 【Unidentified Digestive Matter】 falls from the sky at several random locations, dealing A damage within a circular area with a @{2}-meter radius. 【Unidentified Digestive Matter】 lasts @{3}s and slows players and monsters within it	ถ่มน้ำลายขึ้น จากนั้นหลังจากการเตือนครั้งที่สองของ@{1}【สารย่อยที่ไม่ปรากฏชื่อ】ตกลงมาจากท้องฟ้าในตำแหน่งสุ่มหลายแห่ง สร้างความเสียหาย A ภายในพื้นที่วงกลมด้วยรัศมี@{2}เมตร【Unidentified Digestive Matter】คงอยู่@{3}s และทำให้ผู้เล่นและมอนสเตอร์ภายในช้าลง
26079	Can only be used while riding a Demonic Wolf. Command the Demonic Wolf to bite @{2} designated targets within @{1} meters, dealing x% Neutral Physical damage and reducing their healing received by @{3}% for @{4} seconds. Damage dealt to controlled targets is increased by @{5}%.	สามารถใช้ได้ขณะขี่ Demonic Wolf เท่านั้นสั่งให้ปีศาจหมาป่ากัดเป้าหมายที่กำหนด@{2}ภายในระยะ@{1}เมตร สร้างความเสียหายทางกายภาพที่เป็นกลาง x% และลดการรักษาที่ได้รับลง@{3}% เป็นเวลา@{4}วินาทีความเสียหายที่ทำต่อเป้าหมายที่ถูกควบคุมจะเพิ่มขึ้น@{5}%
26080	Katar-exclusive skill. Locks onto an enemy target within @{1} meters and launches a row of spinning blades, dealing Neutral Physical damage equal to the number of blades (minimum @{2}) * Physical ATK * ^{1}@{3}%^{2}. At @{4} blade stacks, this skill's cooldown is ^{3}reset^{4}.	Katar ทักษะพิเศษเฉพาะล็อคเป้าหมายศัตรูในระยะ@{1}เมตร และปล่อยใบมีดหมุนเป็นแถว สร้างความเสียหายทางกายภาพที่เป็นกลางเท่ากับจำนวนใบมีด (ขั้นต่ำ@{2}) * พลังโจมตีทางกายภาพ * ^{1}@{3}%^{2}เมื่อใบมีด@{4}ซ้อนกัน คูลดาวน์ของทักษะนี้คือ ^{3}รีเซ็ต^{4}
26081	Complete a match to earn Protection Points.\nPlayers who perform well earn Extra Protection Points.\nProtection Points offset Victory Points lost after a defeat.\nYou can accumulate up to 99 Protection Points.\nPoint Protection no longer activates after reaching Dominator rank.	จบการแข่งขันเพื่อรับคะแนนการป้องกัน\nผู้เล่นที่ทำผลงานได้ดีจะได้รับคะแนนการป้องกันพิเศษคะแนนการป้องกัน\nจะชดเชยคะแนนชัยชนะที่สูญเสียไปหลังจากพ่ายแพ้\nคุณสามารถสะสมคะแนนการป้องกันได้สูงสุด 99 คะแนน\nPoint Protection จะไม่เปิดใช้งานอีกต่อไปหลังจากถึงอันดับ Dominator
26082	After solving every puzzle, you can pluck the strings and attempt to play the piece, but the melody will only sound if every note is correct.\nEach person can obtain only a limited number of Clues per day. Try asking others and sharing information—you might uncover more answers!	หลังจากไขปริศนาทุกปริศนาแล้ว คุณสามารถดึงสายแล้วลองเล่นท่อนนั้นได้ แต่ทำนองจะดังขึ้นก็ต่อเมื่อโน้ตทุกตัวถูกต้องเท่านั้น\nแต่ละคนสามารถรับเบาะแสได้ในจำนวนจำกัดต่อวัน ลองถามผู้อื่นและแบ่งปันข้อมูล คุณอาจค้นพบคำตอบเพิ่มเติม!
26083	Place an Anklesnare at your location. It explodes when an enemy enters its @{1}-meter trigger radius, dealing ATK * ^{1}@{4}%^{2} damage to up to @{3} enemies within a @{2}-meter radius and inflicting ^{3}【Immobilize】^{4} for @{5}^{5} seconds. The Trap Hunter lasts @{6} seconds.	วางสแนร์ข้อเท้าในตำแหน่งของคุณมันจะระเบิดเมื่อศัตรูเข้าไปในรัศมีทริกเกอร์@{1}- เมตร สร้าง ATK * ^{1}@{4}%^{2}สร้างความเสียหายให้กับศัตรูสูงสุด@{3}ภายในรัศมี@{2}- เมตรและสร้างความเสียหาย ^{3}【ตรึงการเคลื่อนที่】^{4}สำหรับ@{5}^{5}วินาทีนักล่ากับดักคงอยู่@{6}วินาที
26084	Unleash Soul Buster and Enter the ^{1}^{2}【Intense Telekinesis】^{3}^{4} state for ${1} seconds. During this time, your Ghost Damage increases by ^{5}${2}%^{6}, Soul Expansion's Cooldown is reduced by ${3}%, and Psychokinetic Astral Body acquisition efficiency increases by ${4}%.	ปลดปล่อย Soul Buster และเข้าสู่สถานะ ^{1}^{2}【Intense Telekinesis】^{3}^{4}state เป็นเวลา${1}วินาทีในช่วงเวลานี้ ความเสียหายของ Ghost ของคุณจะเพิ่มขึ้น ^{5}${2}%^{6}, คูลดาวน์ของ Soul Expansion จะลดลง${3}% และประสิทธิภาพการรับ Psychokinetic Astral Body เพิ่มขึ้น${4}%
26085	Deals ATK * ^{3}@{4}%^{4} damage and ^{1}【Knockback】^{2} to up to @{3} enemies in a @{1} m * @{2} m area ahead, then moves @{5} m in that direction and deals ATK * ^{7}@{6}%^{8} damage and ^{5}【Knock-up】^{6} to the targets. Gains ^{9}【Control Immunity】^{10} while using the skill.	สร้างพลังโจมตี * ^{3}@{4}%^ ความเสียหายของ{4}และ ^{1}【กระเด็นกลับ】^{2}ไปจนถึงศัตรู@{3}ใน@{1}m *@{2}mพื้นที่ข้างหน้า จากนั้นเคลื่อน@{5}m ไปในทิศทางนั้นและสร้าง ATK * ^{7}@{6}%^ ความเสียหาย{8}และ ^{5}【น็อคอัพ】^{6}ไปยังเป้าหมายได้รับ ^{9}【ภูมิคุ้มกันควบคุม】^{10}ขณะใช้ทักษะ
26086	When the Active Skill is cast, the master gains a 【Fairy Shield】 equal to Max Life * ^{1}${1}%^{2} for ${3} seconds. Exclusive Trigger: 【Fairy Shield】's shield value is increased to ^{3}${2}%^{4}. While 【Fairy Shield】 is active, the master gains ^{5}^{6}【Debuff Immunity】^{7}^{8}.	เมื่อร่ายสกิลใช้งาน มาสเตอร์จะได้รับ 【Fairy Shield】 เท่ากับพลังชีวิตสูงสุด * ^{1}${1}%^{2}เป็นเวลา${3}วินาทีทริกเกอร์พิเศษ: ค่าโล่ของ 【Fairy Shield】 เพิ่มขึ้นเป็น ^{3}${2}%^{4}ในขณะที่ 【Fairy Shield】 ทำงานอยู่ มาสเตอร์จะได้รับ ^{5}^{6}【ภูมิคุ้มกันดีบัฟ】^{7}^{8}
26087	Places an Anklesnare at the caster's location. When an enemy enters within @{1} m of the Trap Hunter, it explodes, dealing ATK * ^{1}@{4}%^{2} damage to up to @{3} enemies within a @{2} m radius and inflicting ^{3}【Immobilize】^{4} for @{5}^{5} sec. The Trap Hunter lasts @{6} sec.	วาง Anklesnare ไว้ที่ตำแหน่งของลูกล้อเมื่อศัตรูเข้ามาภายใน@{1}m ของ Trap Hunter มันจะระเบิด สร้าง ATK * ^{1}@{4}%^{2}สร้างความเสียหายให้กับศัตรูสูงสุด@{3}ภายในรัศมี@{2}m และสร้างความเสียหาย ^{3}【ตรึงการเคลื่อนที่】^{4}สำหรับ@{5}^{5}วินาทีนักล่ากับดักคงอยู่@{6}วินาที
26088	Attack Speed is permanently increased by ${4}%. Gain 1 stack of 【Momentum】 every ${1} sec. 【Momentum】: Increases Movement Speed by ${2}%. The next attack skill deals Extra Neutral melee Physical damage equal to ${3}% of Physical ATK to the primary target. Removed after attacking.	ความเร็วในการโจมตีเพิ่มขึ้นอย่างถาวรโดย${4}%ได้รับ 【Momentum】 1 สแต็คทุกๆ${1}วินาที【โมเมนตัม】: เพิ่มความเร็วในการเคลื่อนที่ขึ้น${2}%ทักษะการโจมตีครั้งต่อไปจะสร้างความเสียหายทางกายภาพระยะประชิดที่เป็นกลางเป็นพิเศษเท่ากับ${3}% ของ ATK กายภาพไปยังเป้าหมายหลักลบออกหลังจากการโจมตี
26089	@{1}.Tap an item or select a filter to choose items for dismantling. \n@{2}.Tap it again or clear the filter to deselect it. \n@{3}.Certain Rare items are excluded from batch dismantling filters. \n@{4}.Dismantling cannot be undone. Carefully select the items you want to dismantle.	@{1}.แตะรายการหรือเลือกตัวกรองเพื่อเลือกรายการสำหรับการรื้อ \n@{2}.แตะอีกครั้งหรือล้างตัวกรองเพื่อยกเลิกการเลือก \n@{3}.สินค้าหายากบางรายการไม่รวมอยู่ในตัวกรองแบบแยกส่วน \n@{4}.การรื้อถอนไม่สามารถยกเลิกได้ เลือกรายการที่คุณต้องการรื้ออย่างระมัดระวัง
26090	Capable of using more powerful magics. Although their poor close-quarter combat ability being their weakness as past, by mastering the four elemental stats of Water, Earth, Fire, and Air, they can still be a powerful addition to the team with their incredibly wide-range AOE magics.	สามารถใช้เวทมนตร์ที่ทรงพลังยิ่งขึ้นได้แม้ว่าความสามารถในการต่อสู้ระยะประชิดที่ย่ำแย่ของพวกเขาจะเป็นจุดอ่อนเหมือนในอดีต แต่ด้วยการควบคุมสถานะธาตุทั้งสี่ ได้แก่ น้ำ ดิน ไฟ และอากาศ พวกเขายังคงสามารถเป็นส่วนเสริมที่ทรงพลังให้กับทีมด้วยเวทมนตร์ AOE ที่มีพิสัยกว้างอย่างไม่น่าเชื่อ
26091	Immediately enters the ^{1}【Camouflage】【Hiding】^{2} state upon use, becoming invisible and untargetable while increasing Movement Speed by ^{3} @{1}%^{4} for @{2} seconds.\nThe ^{5}【Camouflage】【Hiding】^{6} state ends immediately after dealing or taking damage a total of @{3} times.	เข้าสู่สถานะ ^{1}【Camouflage】【Hiding】^{2}ทันทีเมื่อใช้งาน จะมองไม่เห็นและไม่สามารถกำหนดเป้าหมายได้ในขณะที่เพิ่มความเร็วในการเคลื่อนที่ ^{3}@{1}%^{4}สำหรับ@{2}วินาที\n^{5}【Camouflage】【Hiding】^{6}สถานะจะสิ้นสุดลงทันทีหลังจากจัดการหรือรับความเสียหายรวมเป็น@{3}ครั้ง
26092	Piamette summons a Bunny Doll, increasing the master's Physical and Magic DEF by ^{1}${2}%^{2} for ${1} sec. During this time, if the master is attacked while their Life is below ${3}% of Max Life, restores Life equal to Max Life * ^{3}${4}%^{4}. Can only trigger once per duration.	Piamette เรียกตุ๊กตากระต่ายออกมา เพิ่ม DEF กายภาพและเวทมนตร์ของปรมาจารย์ขึ้น ^{1}${2}%^{2}เป็นเวลา${1}วินาทีในช่วงเวลานี้ หากมาสเตอร์ถูกโจมตีในขณะที่พลังชีวิตต่ำกว่า${3}% ของพลังชีวิตสูงสุด จะฟื้นฟูพลังชีวิตเท่ากับพลังชีวิตสูงสุด * ^{3}${4}%^{4}สามารถทริกเกอร์ได้เพียงครั้งเดียวต่อระยะเวลา
26093	Draw a holy light magic circle with an Exorciser spell, dealing Holy ranged magic damage equal to Magic ATK*^{1}${4}%^{2} to up to ${3} enemies within a ${2}-meter radius within ${1} meters of you. This skill gains one ^{3}Uses:^{4} every ${5} seconds and can stack up to two times.	วาดวงกลมเวทย์มนตร์แสงศักดิ์สิทธิ์ด้วยคาถา Exorciser สร้างความเสียหายเวทย์มนตร์ระยะไกลเท่ากับพลังโจมตีเวทย์*^{1}${4}%^{2}ไปจนถึงศัตรู${3}ภายในรัศมี${2}เมตร ภายใน${1}เมตรจากคุณทักษะนี้จะได้รับ ^{3}ใช้:^{4}ทุกๆ${5}วินาทีและสามารถซ้อนได้สูงสุดสองครั้ง
26094	When 【Enhance Camouflage】 ends, unleash a ring of discs that deals a total of ^{1}@{3}%^{2} Physical damage to up to @{2} enemies within @{1} meters (the more targets within range, the less damage each target takes) and reduces their Movement Speed by ^{3}@{4}%^{4} for @{5} seconds	เมื่อ 【ปรับปรุงการพรางตัว】 สิ้นสุดลง ปล่อยวงแหวนของดิสก์ที่สร้างความเสียหายรวม ^{1}@{3}%^{2}สร้างความเสียหายทางกายภาพให้กับศัตรูสูงสุด@{2}ภายใน@{1}เมตร (ยิ่งเป้าหมายอยู่ในระยะมาก ความเสียหายที่เป้าหมายแต่ละเป้าหมายได้รับก็จะน้อยลง) และลดความเร็วในการเคลื่อนที่ของพวกมันลง ^{3}@{4}%^{4}สำหรับ@{5}วินาที
26095	@{1}.Rankings are updated in real time.\n@{2}.Each leaderboard is ranked according to criteria specific to that game mode. Some leaderboards allow you to click a column header to sort in ascending or descending order.\n@{3}.Click a character on the leaderboard to view their profile.	@{1}.การจัดอันดับจะได้รับการอัปเดตแบบเรียลไทม์\n@{2}.แต่ละกระดานผู้นำจะได้รับการจัดอันดับตามเกณฑ์เฉพาะสำหรับโหมดเกมนั้น บอร์ดผู้นำบางบอร์ดอนุญาตให้คุณคลิกส่วนหัวของคอลัมน์เพื่อเรียงลำดับจากน้อยไปหามากหรือจากมากไปน้อย\n@{3}คลิกที่ตัวละครบนกระดานผู้นำเพื่อดูโปรไฟล์ของพวกเขา
26096	@{1}.The first time you use a new Skill Build, you must reallocate skill points and equip skills again. \n@{2}.Each Skill Build is independent. Switching Skill Builds also switches your skill point allocation and equipped skills. \n@{3}.Skill Builds cannot be switched during combat.	@{1}ในครั้งแรกที่คุณใช้ Skill Build ใหม่ คุณจะต้องจัดสรรคะแนนทักษะใหม่และติดตั้งทักษะอีกครั้ง \n@{2}.ทักษะแต่ละอย่างมีความเป็นอิสระ การเปลี่ยนทักษะยังสลับการจัดสรรคะแนนทักษะและทักษะที่ติดตั้งอีกด้วย \n@{3}.ไม่สามารถสลับการสร้างทักษะระหว่างการต่อสู้ได้
26097	When the bell tolls, Clock removes all control effects from its master and grants ${1} sec. of ^{1}^{2}【Control Immunity】^{3}^{4}. It also has a ^{5}${2}%^{6} Chance to inflict ^{9}^{10}【Silence】^{11}^{12} for ^{7}${5}^{8} sec. on up to ${4} enemies within ${3} meters of its master.	เมื่อระฆังดัง นาฬิกาจะลบเอฟเฟกต์การควบคุมทั้งหมดออกจากต้นแบบและให้สิทธิ์${1}วินาทีของ ^{1}^{2}【การควบคุมภูมิคุ้มกัน】^{3}^{4}นอกจากนี้ยังมี ^{5}${2}%^{6}มีโอกาสที่จะทำดาเมจ ^{9}^{10}【ความเงียบ】^{11}^{12}สำหรับ ^{7}${5}^{8}วินาทีบนศัตรูสูงสุด${4}ภายใน${3}เมตรจากต้นแบบ
26098	Perform to manifest the Holy Spirit's true form, increasing your ^{1}${1}%^{2} Holy damage for ${2} seconds. During this time, ^{3}^{4}【Twin Holy Light】^{5}^{6} has a ^{7}${3}%^{8} Chance to trigger, and ^{9}^{10}【Voice Part】^{11}^{12} always remains at the maximum number of Floors.	ดำเนินการเพื่อแสดงรูปร่างที่แท้จริงของพระวิญญาณบริสุทธิ์ โดยเพิ่ม ^{1}${1}%^{2} ความเสียหายศักดิ์สิทธิ์ของคุณเป็นเวลา ${2} วินาที ในช่วงเวลานี้ ^{3}^{4}【Twin Holy Light】^{5}^{6} มีโอกาส ^{7}${3}%^{8} ที่จะทริกเกอร์ และ ^{9}^{10}【Voice Part】^{11}^{12} จะยังคงอยู่ในจำนวนชั้นสูงสุดเสมอ
26099	●After successfully defending the dragon's seal, you can venture into the heart of Dragon Casket Isle to hunt the dragon. Some Adventurers must enter the Inner Area and face the dragon directly. Not all Adventurers can fight the dragon, so the guild must assign members appropriately.	●หลังจากปกป้องผนึกมังกรได้สำเร็จ คุณสามารถผจญภัยเข้าไปในใจกลางของ Dragon Casket Isle เพื่อล่ามังกรได้นักผจญภัยบางคนจะต้องเข้าไปในพื้นที่ชั้นในและเผชิญหน้ากับมังกรโดยตรงนักผจญภัยบางคนไม่สามารถต่อสู้กับมังกรได้ ดังนั้นกิลด์จะต้องมอบหมายสมาชิกอย่างเหมาะสม
26100	After charging up, Cat o' Nine-Tail slams the designated ST enemy within ${1} meters, dealing a total of the master's ^{1}Adaptive ATK^{2}*^{3}${2}%^{4} Neutral melee ^{5}Adaptive Damage^{6}. For ${3} seconds, the master's next ${4} instances of damage deal ^{7}${5}%^{8} more damage.	หลังจากชาร์จเต็มแล้ว แคทโอไนน์เทลก็โจมตีศัตรู ST ที่กำหนดในระยะ${1}เมตร สร้างความเสียหายรวมของอาจารย์ ^{1}Adaptive ATK^{2}*^{3}${2}%^{4}ระยะประชิดที่เป็นกลาง ^{5}ความเสียหายแบบปรับได้^{6}เป็นเวลา${3}วินาที อินสแตนซ์ของความเสียหาย${4}ถัดไปของต้นแบบจะสร้างความเสียหาย ^{7}${5}%^{8}ความเสียหายมากขึ้น
26101	Summons Demon Flame, dealing Neutral melee Magic damage equal to the enemy's Max HP*^{1}${3}%^{2} to up to ${2} enemies within a ${1}-meter radius, up to the Pet's MATK*^{3}${4}%^{4}, and inflicting 【Demonic Corrosion】: reduces all Elemental DMG Bonuses by ^{5}${5}%^{6} for ${6} sec.	เรียกเปลวไฟปีศาจ สร้างความเสียหายเวทย์ระยะประชิดที่เป็นกลางเท่ากับ HP สูงสุดของศัตรู*^{1}${3}%^{2}ไปจนถึงศัตรู${2}ภายในรัศมี${1}เมตร สูงสุด MATK ของสัตว์เลี้ยง*^{3}${4}%^{4}และทำให้เกิด 【การกัดกร่อนแบบปีศาจ】: ลดโบนัสความเสียหายธาตุทั้งหมดลง ^{5}${5}%^{6}สำหรับ${6}วินาที
26102	Skipping can be enabled manually during the preparation phase.\nIf the stage is too difficult, you can abandon it and select a different difficulty after enabling this option.\nThe rally Function lets you post a stage rally in the Guild Channel and invite Guild Members to participate.	การข้ามสามารถเปิดใช้งานได้ด้วยตนเองในระหว่างขั้นตอนการเตรียมการ\nหากด่านยากเกินไป คุณสามารถละทิ้งและเลือกระดับความยากอื่นได้หลังจากเปิดใช้งานตัวเลือกนี้\nฟังก์ชั่นแรลลี่ช่วยให้คุณโพสต์แรลลี่บนเวทีในช่องกิลด์และเชิญสมาชิกกิลด์ให้เข้าร่วมได้
26103	Grants yourself and a designated ST ally within a ${1}-meter radius a ^{3}Physical damage absorption shield^{4} equal to your Magic ATK*^{1}${2}%^{2} for ${3} seconds. A target protected by ^{5}【Kyrie Eleison】^{6} immediately loses the shield when hit by ^{7}^{8}【Holy Light】^{9}^{10}.	ให้สิทธิ์ตัวเองและพันธมิตร ST ที่ได้รับมอบหมายภายในรัศมี${1}เมตร ^{3}โล่ดูดซับความเสียหายทางกายภาพ^{4}เท่ากับพลังโจมตีเวทย์ของคุณ*^{1}${2}%^{2}เป็นเวลา${3}วินาทีเป้าหมายที่ได้รับการปกป้องโดย ^{5}【Kyrie Eleison】^{6}จะสูญเสียเกราะทันทีเมื่อโดน ^{7}^{8}【แสงศักดิ์สิทธิ์】^{9}^{10}
26104	Fires repeatedly, dealing Neutral ranged Physical damage totaling Pet Physical ATK*^{1}${4}%^{2} to up to ${3} enemies in a ${1}-meter-by-${2}-meter rectangular area ahead, reducing their healing dealt and received by ^{3}${5}%^{4} and Crit Resistance by ^{5}${6}^{6} for ${7} seconds.	ยิงซ้ำๆ สร้างความเสียหายทางกายภาพในระยะเป็นกลาง รวม ATK ทางกายภาพของสัตว์เลี้ยง*^{1}${4}%^{2}สูงสุดถึง${3}ศัตรูใน${1}- เมตร - เมตร -${2}- พื้นที่สี่เหลี่ยมข้างหน้า ลดการรักษาที่ได้รับและได้รับ โดย ^{3}${5}%^{4}และความต้านทานคริติคอลโดย ^{5}${6}^{6}สำหรับ${7}วินาที
26105	Draw on the power of the god of hunting and archery to increase ranged Physical ATK by ^{1}${1}%^{2}, Crit Chance by ^{3}${2}%^{4}, and Movement Speed by ^{5}${3}%^{6} for ${4} seconds. During this time, Enhance ^{7}【Aimed Shot】^{8}, increasing its damage multiplier by ^{9}${5}%^{10}.	ดึงพลังของเทพเจ้าแห่งการล่าสัตว์และการยิงธนู เพื่อเพิ่ม ATK ทางกายภาพระยะไกล โดย ^{1}${1}%^{2}, อัตราคริติคอล โดย ^{3}${2}%^{4}และ ความเร็วในการเคลื่อนที่ โดย ^{5}${3}%^{6}สำหรับ${4}วินาทีในช่วงเวลานี้ ปรับปรุง ^{7}【Aimed Shot】^{8}โดยเพิ่มตัวคูณความเสียหายด้วย ^{9}${5}%^{10}
26106	For ${1} sec after activating the skill, taking melee damage from an enemy player reflects the damage to nearby enemies, dealing Neutral Physical melee damage equal to *^{1}${4}%^{2} of the damage taken to up to ${3} enemies within a ${2}-meter radius. Can trigger once every ${5} sec.	สำหรับ${1}วินาทีหลังจากเปิดใช้งานทักษะ การได้รับความเสียหายระยะประชิดจากผู้เล่นศัตรูจะสะท้อนความเสียหายต่อศัตรูที่อยู่ใกล้เคียง สร้างความเสียหายระยะประชิดทางกายภาพที่เป็นกลางเท่ากับ *^{1}${4}%^{2}ของความเสียหายที่ได้รับสูงสุดกับศัตรู${3}ภายใน${2}-รัศมีเมตรสามารถทริกเกอร์ได้ทุกๆ${5}วินาที
26107	1. Enter skill allocation mode to allocate skill points. Skill points from your current Job Advance stage can only be allocated to skills from that stage. \n2. Use a recommended build to allocate points automatically.\n3. Switch Skill Builds to quickly change the build Currently Using.	1. เข้าสู่โหมดการจัดสรรทักษะเพื่อจัดสรรคะแนนทักษะ คะแนนทักษะจากระดับความก้าวหน้างานปัจจุบันของคุณสามารถจัดสรรให้กับทักษะจากระดับนั้นเท่านั้น\n2. ใช้บิลด์ที่แนะนำเพื่อจัดสรรคะแนนโดยอัตโนมัติ\n3. สลับ Skill Builds เพื่อเปลี่ยน build ที่ใช้งานอยู่อย่างรวดเร็ว
26108	Finally, I'll need ^{1}【Eddga's Mane】^{2} for the balancing bristles. That big cat has been prowling around the bamboo forest lately, terrifying the villagers... and making so much noise I can't focus on my experiments! Go bring me some of its mane—and quiet it down while you're at it.	สุดท้ายนี้ ฉันต้องใช้ ^{1}【Eddga's Mane】^{2}สำหรับขนแปรงที่สมดุลช่วงนี้เจ้าแมวตัวใหญ่เดินด้อม ๆ มองๆ ไปทั่วป่าไผ่ ทำให้ชาวบ้านหวาดกลัว... และทำเสียงดังมากจนฉันไม่สามารถมุ่งความสนใจไปที่การทดลองของตัวเองได้!ไปเอาแผงคอของมันมาให้ฉันหน่อย—แล้วทำให้มันเงียบลงในขณะที่คุณอยู่ที่นั่น
26109	Unleashes the power of thunder, dealing ATK * ^{1}@{4}%^{2} damage to up to @{3} enemies in a target area with a @{2} m radius within @{1} m, with a @{5}% Chance to inflict ^{3}【Stun】^{4} for @{6} sec. ^{5}【Stun】^{6}: Interrupts movement, casting, and skills. Cannot move or use skills.	ปลดปล่อยพลังแห่งสายฟ้า สร้าง ATK * ^{1}@{4}%^{2}สร้างความเสียหายให้กับศัตรูสูงสุด@{3}ในพื้นที่เป้าหมายด้วยรัศมี@{2}m ภายใน@{1}m ด้วย@{5}% โอกาสที่จะสร้าง ^{3}【สตัน】^{4}สำหรับ@{6}วินาที^{5}【Stun】^{6}: ขัดจังหวะการเคลื่อนไหว การร่าย และทักษะไม่สามารถเคลื่อนย้ายหรือใช้ทักษะได้
26110	The Watcher observes the target area, dealing Neutral ranged ^{5}Adaptive Damage^{6} equal to the master's ^{1}Adaptive ATK^{2}*^{3}${3}%^{4} to up to ${2} enemies within a ${1}-meter radius of the target area and reducing their Physical and Magic ATK by ^{7}${4}%^{8} for ${5} seconds.	ผู้เฝ้าสังเกตพื้นที่เป้าหมาย สร้างระยะเป็นกลาง ^{5}ความเสียหายแบบปรับได้^{6}เท่ากับของต้นแบบ ^{1}Adaptive ATK^{2}*^{3}${3}%^{4}ไปจนถึง${2}ศัตรูภายในรัศมี${1}เมตรของพื้นที่เป้าหมาย และลด ATK กายภาพและเวทมนตร์ของพวกมันลง ^{7}${4}%^{8}เป็นเวลา${5}วินาที
26111	【Brilliant Holy Light】can be Enhanced into 【Angel Incarnate】, reducing its Cooldown. Upon casting, transform into an Angel of Divine Light and convert Highness Heal into 【Manifestation】 for @{1}s. During this time, gain damage reduction and bonus Move SPD, float, and cast while moving.	【Brilliant Holy Light】สามารถเสริมประสิทธิภาพเป็น 【Angel Incarnate】 ซึ่งจะลดคูลดาวน์ลงเมื่อร่าย จะแปลงร่างเป็น Angel of Divine Light และเปลี่ยน Highness Heal เป็น 【Manifestation】 สำหรับ@{1}ในช่วงเวลานี้ ได้รับการลดความเสียหายและโบนัส SPD เคลื่อนที่ ลอย และร่ายขณะเคลื่อนที่
26112	Creates a pillar of fire with a ${2}-meter radius at a designated location within ${1} meters of you. Every second, it deals Magic ATK*^{1}${4}%+${5}^{2} Fire ranged magic damage to up to ${3} enemies within its area. The pillar lasts ${6} seconds. Up to ${7} pillars can exist at once.	สร้างเสาเพลิงที่มีรัศมี${2}เมตร ณ ตำแหน่งที่กำหนดภายใน${1}เมตรจากคุณทุกวินาที มันจะสร้างความเสียหายเวทย์*^{1}${4}%+${5}^{2}สร้างความเสียหายเวทย์จากการยิงระยะไกล สูงสุดถึง${3}ศัตรูที่อยู่ในพื้นที่ของมันเสาคงอยู่${6}วินาทีสามารถมีเสาได้สูงสุด${7}ในคราวเดียว
26113	@{1}.Once the character reaches the required Base Lv. and Job Lv., you can complete the Job Advance quest from this screen to perform a Job Advance.\n@{2}.Use the Job descriptions and preview videos on this screen to learn about each Job's features.\n@{3}.Job Advance cannot be reversed.	@{1}เมื่อตัวละครถึง Base Lv ที่ต้องการ และ Job Lv. คุณสามารถทำภารกิจ Job Advance จากหน้าจอนี้เพื่อดำเนินการ Job Advance ได้\n@{2}.ใช้คำอธิบายงานและวิดีโอตัวอย่างบนหน้าจอนี้เพื่อเรียนรู้เกี่ยวกับคุณลักษณะของแต่ละงาน\n@{3}.Job Advance ไม่สามารถย้อนกลับได้
26114	For ${1} seconds after casting ^{1}^{2}[Grimtooth]^{3}^{4}, the percentage damage multiplier of your next ${2} casts of ^{5}^{6}[Basic Attack]^{7}^{8}, ^{9}^{10}[Sonic Blow]^{11}^{12}, or ^{13}^{14}[Envenomed Blade]^{15}^{16} increases by ${3}%, and their fixed damage increases by ${4}.	สำหรับ${1}วินาทีหลังจากการร่าย ^{1}^{2}[Grimtooth]^{3}^{4}เปอร์เซ็นต์ตัวคูณความเสียหายของ${2}ร่ายครั้งต่อไปของ ^{5}^{6}[การโจมตีขั้นพื้นฐาน]^{7}^{8}, ^{9}^{10}[Sonic Blow]^{11}^{12}หรือ ^{13}^{14}[Envenomed Blade]^{15}^{16}เพิ่มขึ้น${3}% และความเสียหายคงที่ของพวกมันเพิ่มขึ้น${4}
26115	Your guild did not meet the requirements for Auction Rewards in this match. Be sure to participate more often~\nAuction Rewards Requirements: At the end of the match, your guild must have at least ${1} win/loss points, and at least ${2} Guild Members must have participated in the match.	กิลด์ของคุณไม่ตรงตามข้อกำหนดสำหรับรางวัลการประมูลในแมตช์นี้อย่าลืมเข้าร่วมบ่อยขึ้น~ ข้อกำหนดของรางวัลการประมูล\n: เมื่อสิ้นสุดการแข่งขัน กิลด์ของคุณต้องมีคะแนนชนะ/แพ้อย่างน้อย${1}และสมาชิกกิลด์${2}อย่างน้อยต้องเข้าร่วมในการแข่งขัน
26116	In the glow of the Bonfire, the words in the manual seem to dance. After reading a few lines, your body begins to feel unfamiliar yet adorable again...\n^{1}Effect: Can only be used after you Transform at the Poring Party. Use it to randomly change your transformed appearance again.^{2}	ท่ามกลางแสงกองไฟ ถ้อยคำในคู่มือดูเหมือนจะเต้นระรัวหลังจากอ่านไปสองสามบรรทัด ร่างกายของคุณก็เริ่มรู้สึกไม่คุ้นเคยแต่ก็น่ารักอีกครั้ง...\n^{1}เอฟเฟกต์: สามารถใช้ได้หลังจากคุณแปลงร่างที่ Poring Party เท่านั้นใช้มันเพื่อสุ่มเปลี่ยนรูปลักษณ์ที่แปลงร่างของคุณอีกครั้ง^{2}
26117	Places a Flasher within ${1}m. When an enemy enters the Trap's ${2}m trigger radius, it explodes, dealing Physical ATK*^{1}${5}%+${6}^{2} Wind ranged Physical damage to up to ${4} enemies within a ${3}m radius and inflicting ^{3}^{4}【Blind】^{5}^{6} for ${7} sec. The Trap lasts ${8} sec.	วาง Flasher ภายใน${1}m.เมื่อศัตรูเข้าไปในรัศมีทริกเกอร์${2}m ของกับดัก มันจะระเบิด สร้างความเสียหายทางกายภาพ*^{1}${5}%+${6}^{2}ลมสร้างความเสียหายทางกายภาพให้กับศัตรูสูงสุด${4}ภายในรัศมี${3}m และทำให้เกิดความเสียหาย ^{3}^{4}【ตาบอด】^{5}^{6}สำหรับ${7}วินาทีกับดักคงอยู่${8}วินาที
26118	Sohee unleashes spectral power, dealing Neutral ranged magic damage equal to Pet Magic ATK*^{1}${3}%^{2} every @{1} seconds to up to ${2} enemies within a ${1}-meter radius, and gains a shield equal to Pet Magic ATK*^{3}${4}%^{4} and ^{5}^{6}【Control Immunity】^{7} ^{8} for ${5} seconds.	Sohee ปลดปล่อยพลังสเปกตรัม สร้างความเสียหายเวทย์ระยะเป็นกลางเท่ากับ Pet Magic ATK*^{1}${3}%^{2}ทุกๆ@{1}วินาทีไปจนถึงศัตรู${2}ภายในรัศมี${1}เมตร และได้รับโล่เท่ากับ Pet Magic ATK*^{3}${4}%^{4}และ ^{5}^{6}【ควบคุมภูมิคุ้มกัน】^{7}^{8}เป็นเวลา${5}วินาที
26119	Drive your weapon into the ground, continuously pulling in enemy targets within a @{1}-meter radius and dealing damage. Damage over Time deals a total of @{2}% melee Fire Physical damage. Then unleash a Burst attack that deals @{3}% melee Fire Physical damage and knocks enemies airborne	ขับอาวุธของคุณลงบนพื้น ดึงเป้าหมายศัตรูอย่างต่อเนื่องภายในรัศมี@{1}เมตรและสร้างความเสียหายความเสียหายต่อเนื่องจะสร้างความเสียหายทางกายภาพจากไฟระยะประชิด@{2}% ทั้งหมดจากนั้นปล่อยการโจมตีแบบ Burst ที่สร้างความเสียหายทางกายภาพด้วยไฟระยะประชิด@{3}% และกระแทกศัตรูให้ลอยอยู่ในอากาศ
26120	Captain Aikuni, do you see this? Such a gentle temperament! Such a powerful physique! This will be a revolutionary innovation! Giant ants could become stronger, more Excellent mounts than Peco Pecos. And according to my research, their adaptability to difficult terrain is also Excellent.	กัปตันไอคุนิ เห็นมั้ย?นิสัยอ่อนโยนขนาดนี้!ร่างกายที่ทรงพลังขนาดนี้!นี่จะเป็นนวัตกรรมที่ปฏิวัติวงการ!มดยักษ์จะแข็งแกร่งขึ้นและมีพาหนะที่ยอดเยี่ยมกว่า Peco Pecosจากการวิจัยของฉัน ความสามารถในการปรับตัวเข้ากับภูมิประเทศที่ยากลำบากก็ยอดเยี่ยมเช่นกัน
26121	The ultimate evolution of the Crusader path. Royal Guards are not only the kingdom's mightiest warriors, but also engines of destruction that shatter enemy lines. They can withstand and deal heavy damage, crash repeatedly through enemy formations, or serve as the core of their own party.	สุดยอดวิวัฒนาการของเส้นทาง CrusaderRoyal Guards ไม่เพียงแต่เป็นนักรบที่แข็งแกร่งที่สุดของอาณาจักรเท่านั้น แต่ยังเป็นเครื่องมือแห่งการทำลายล้างที่จะทำลายแนวศัตรูอีกด้วยพวกเขาสามารถต้านทานและสร้างความเสียหายอย่างหนัก ชนซ้ำแล้วซ้ำอีกผ่านการก่อตัวของศัตรู หรือทำหน้าที่เป็นแกนหลักของปาร์ตี้ของพวกเขาเอง
26122	Create a ^{1}circular magic barrier^{2} with a ${2}-meter radius within ${1} meters of yourself. The barrier blocks ^{3}ranged Physical damage^{4} taken by a single ally standing inside it. It lasts ${3} seconds, can block up to ${4} instances of damage, and only one can exist at a time.	สร้าง ^{1}แผงกั้นเวทย์มนตร์ทรงกลม^{2}ด้วยรัศมี${2}เมตรภายใน${1}เมตรจากตัวคุณเองสิ่งกีดขวาง ^{3}สร้างความเสียหายทางกายภาพ^{4}โดนพันธมิตรคนเดียวที่ยืนอยู่ข้างในใช้งานได้นาน${3}วินาที สามารถบล็อกความเสียหายได้สูงสุด${4}และสามารถมีอยู่ได้ครั้งละหนึ่งรายการเท่านั้น
26123	@{1}.Certain classes have unique class items.\n@{2}.After meeting the specified requirements, Merchants can use carts, Knight classes can ride Peco Pecos, and Archer classes can bring Falcons.\n@{3}.Each class item serves a different purpose. Adventurers, go explore and Discover them all!	@{1}.คลาสบางคลาสมีไอเท็มคลาสที่ไม่ซ้ำกัน\n@{2}.หลังจากปฏิบัติตามข้อกำหนดที่ระบุแล้ว พ่อค้าจะสามารถใช้รถเข็นได้ คลาส Knight สามารถขี่ Peco Pecos และคลาส Archer สามารถนำ Falcons มาได้\n@{3}.ไอเท็มคลาสแต่ละรายการมีจุดประสงค์ที่แตกต่างกัน นักผจญภัยไปสำรวจและค้นพบพวกเขาทั้งหมด!
26124	@{1}. The Hidden Land unlocks at Lv. @{2}.\n@{3}. When challenging the Hidden Land, you will face ^{1}one randomly selected BOSS from a Hard dungeon^{2}.\n@{4}. Defeating ^{3}a BOSS that has not yet been cleared for the first time^{4} also grants that BOSS's First Clear and clear rewards.	@{1} ดินแดนที่ซ่อนอยู่จะปลดล็อคเมื่อเลเวล @{2}.\n@{3} เมื่อท้าทายดินแดนที่ซ่อนอยู่ คุณจะต้องเผชิญ ^{1}บอสหนึ่งตัวที่ได้รับการสุ่มเลือกจากดันเจี้ยนระดับยาก^{2}.\n@{4} การเอาชนะ ^{3}บอสที่ยังไม่ได้เคลียร์เป็นครั้งแรก^{4} จะทำให้ได้รับรางวัลจากการเคลียร์ครั้งแรกของบอสด้วย
26125	For ${1} seconds after casting a ^{1}Healing-type^{2} or ^{3}Dispel-type^{4} Primary Battle Skill, when the owner Deals DMG, restores ^{5}Adaptive Attack^{6} * ^{7}${4}%^{8} ^{9}HP^{10} to this unit and up to ${3} allies within a ${2}-meter radius. (This effect has a ${5}-second Cooldown.)	สำหรับ${1}วินาทีหลังจากร่าย ^{1}Healing-type^{2}หรือ ^{3}Dispel-type^{4}Primary Battle Skill เมื่อเจ้าของสร้าง DMG ได้ จะฟื้นฟู ^{5}Adaptive Attack^{6}*^{7}${4}%^{8}^{9}HP^{10}สำหรับยูนิตนี้และพันธมิตร${3}ภายในรัศมี${2}-เมตร(เอฟเฟกต์นี้มีคูลดาวน์วินาทีของ${5})
26126	Aliza launches blades, dealing Neutral ranged Physical damage equal to Physical ATK * ^{1}${4}%^{2} to up to ${3} enemies in a ${1} × ${2} m rectangular area ahead. She also increases the Physical ATK of up to ${3} allies within a ${5} m radius of herself by ^{3}${6}%^{4} for ${7} seconds.	Aliza ปล่อยดาบ สร้างความเสียหายทางกายภาพในระยะเป็นกลางเท่ากับ ATK กายภาพ * ^{1}${4}%^{2}ไปจนถึงศัตรูสูงสุด${3}ในพื้นที่สี่เหลี่ยมด้านหน้า${1}×${2}ม. เธอยังเพิ่ม ATK ทางกายภาพของพันธมิตรสูงสุดถึง${3}ภายในรัศมี${5}m ของตัวเองโดย ^{3}${6}%^{4}เป็นเวลา${7}วินาที
26127	Each stronghold has a banner that attackers can damage. The guild of the player who deals the final blow temporarily takes control of the stronghold. If no other guild captures it within a certain period, the stronghold will be locked, giving that guild final control for the current battle.	ที่มั่นแต่ละแห่งมีธงที่ผู้โจมตีสามารถสร้างความเสียหายได้กิลด์ของผู้เล่นที่ทำการโจมตีครั้งสุดท้ายจะเข้าควบคุมฐานที่มั่นชั่วคราวหากไม่มีกิลด์อื่นยึดครองได้ภายในระยะเวลาหนึ่ง ฐานที่มั่นจะถูกล็อค เพื่อให้กิลด์นั้นควบคุมการต่อสู้ปัจจุบันได้ในที่สุด
26128	Are you sure you want to Leave Guild?\n1. After you Leave Guild, your Guild Funds Donation records will be cleared. If you rejoin this guild within two weeks, your Guild Funds records will be restored.\n2. If you Leave Guild before an auction ends, you will not receive the Auction Dividend.	คุณแน่ใจหรือไม่ว่าต้องการออกจากกิลด์?\n1. หลังจากที่คุณออกจากกิลด์ บันทึกการบริจาคกองทุนกิลด์ของคุณจะถูกล้างหากคุณกลับเข้าร่วมกิลด์นี้ภายในสองสัปดาห์ บันทึกกองทุนกิลด์ของคุณจะถูกกู้คืน\n2. หากคุณออกจากกิลด์ก่อนที่การประมูลจะสิ้นสุด คุณจะไม่ได้รับเงินปันผลจากการประมูล
26129	No, that's impossible! It completely contradicts the fundamental principles of Non-Sapient Creature Behavior! It was so docile, and spectral analysis of its purring showed that it was completely relaxed! Could... could all of this have been some kind of higher-dimensional mimicry disguise?!	ไม่ นั่นเป็นไปไม่ได้!มันขัดแย้งกับหลักการพื้นฐานของพฤติกรรมของสิ่งมีชีวิตที่ไม่มีปัญญาโดยสิ้นเชิง!มันเชื่องมากและการวิเคราะห์สเปกตรัมของเสียงฟี้อย่างแมวก็แสดงให้เห็นว่ามันผ่อนคลายอย่างยิ่ง!เป็นไปได้ไหมว่าทั้งหมดนี้อาจเป็นการปลอมตัวเลียนแบบมิติที่สูงกว่า?!
26130	Can only be used while mounted on the Demonic Wolf. Commands ${1} wolf followers to attack the designated ST target within ${2}m, dealing ${3} hits of Neutral melee Physical damage totaling Physical ATK*^{1}${4}%^{2}. If you are more than ${5}m from the target, you also dash in front of it.	สามารถใช้ได้ขณะขี่ Demonic Wolf เท่านั้นสั่งให้ผู้ติดตามหมาป่า${1}โจมตีเป้าหมาย ST ที่กำหนดไว้ภายใน${2}m สร้างความเสียหายทางกายภาพระยะประชิดของ${3}ที่เป็นกลาง รวมพลังโจมตีกายภาพ*^{1}${4}%^{2}หากคุณอยู่ห่างจากเป้าหมายมากกว่า${5}m คุณจะพุ่งไปด้านหน้าเป้าหมายด้วย
26131	Can only be used while riding a Madogear Pilot. Mount ${1} cannons on its shoulders and Launch ${6} shells at ${3} designated enemies within ${2} meters and up to ${5} other enemies within ${4} meters of them, dealing total Neutral ranged Physical damage equal to Physical ATK*^{1}${7}%^{2}.	สามารถใช้ได้ขณะขี่ Madogear Pilot เท่านั้นติดปืนใหญ่${1}บนไหล่และยิงกระสุน${6}ที่${3}ศัตรูที่กำหนดภายใน${2}เมตร และสูงสุด${5}ศัตรูอื่นๆ ภายใน${4}เมตร สร้างความเสียหายทางกายภาพระยะกลางรวมเท่ากับ ATK ทางกายภาพ*^{1}${7}%^{2}.
26132	Don't just take my word for it—please accept this invitation. We're hosting an exclusive welcome gala at the most luxurious venue in town, the 【Oak Tavern】! There'll be endless gourmet food and fine wine, not to mention countless elite Members who've already achieved the life of their dreams!	อย่าเพิ่งเชื่อคำพูดของฉัน โปรดตอบรับคำเชิญนี้เรากำลังจัดงานกาล่าต้อนรับสุดพิเศษในสถานที่ที่หรูหราที่สุดในเมือง 【Oak Tavern】!จะมีอาหารกูร์เมต์และไวน์ชั้นดีมากมายนับไม่ถ้วน ไม่ต้องพูดถึงสมาชิกชั้นสูงจำนวนนับไม่ถ้วนที่ประสบความสำเร็จในชีวิตตามความฝัน!
26133	When the bell tolls, Clock removes all control effects from its master and, for ${1} seconds, becomes ^{1}immune to all control effects^{2}. It also has a ^{3}${2}%^{4} Chance to inflict ^{5}${5}^{6} seconds of ^{7}^{8}【Silence】^{9}^{10} on up to ${4} enemies within ${3} meters of its master.	เมื่อระฆังดัง นาฬิกาจะลบเอฟเฟกต์การควบคุมทั้งหมดออกจากต้นแบบ และสำหรับ${1}วินาที จะกลายเป็น ^{1}ต้านทานเอฟเฟกต์การควบคุมทั้งหมด^{2}นอกจากนี้ยังมี ^{3}${2}%^{4}โอกาสในการทำดาเมจ ^{5}${5}^{6}วินาทีของ ^{7}^{8}【ความเงียบ】^{9}^{10}โจมตีศัตรูสูงสุด${4}ภายใน${3}เมตรจากต้นแบบ
26134	The Watcher summons a curtain of light, dealing total Neutral ranged Magic damage equal to Magic ATK*^{1}${3}%^{2} to up to ${2} enemies within a ${1}-meter radius, inflicting ^{3}^{4}【Immobilize】^{5}^{6} for ${4} seconds, and reducing Physical and Magic ATK by ^{7}${5}%^{8} for ${6} seconds.	ผู้เฝ้าดูเรียกม่านแสง สร้างความเสียหายทางเวทย์มนตร์ระยะไกลรวมเท่ากับพลังโจมตีเวทย์*^{1}${3}%^{2}ไปจนถึงศัตรู${2}ภายในรัศมี${1}เมตร ทำให้เกิดความเสียหาย ^{3}^{4}【ตรึงการเคลื่อนที่】^{5}^{6}สำหรับ${4}วินาที และลด ATK ทางกายภาพและเวทมนตร์ลง ^{7}${5}%^{8}สำหรับ${6}วินาที
26135	@{1}.A Member with rally permissions can send a Guild Rally pop-up to every Guild Member.\n@{2}.After accepting the rally, Guild Members will immediately be teleported to the initiating Member's location.\n@{3}.The ^{1}Guild Rally Cooldown is @{4} minutes^{2} and is shared by the entire guild.	@{1}.สมาชิกที่มีสิทธิ์การชุมนุมสามารถส่งป๊อปอัป Guild Rally ไปยังสมาชิกกิลด์ทุกคน\n@{2}หลังจากยอมรับการชุมนุม สมาชิกกิลด์จะถูกเคลื่อนย้ายไปยังตำแหน่งของสมาชิกที่เริ่มต้นทันที\n@{3} ^{1}คูลดาวน์ Guild Rally คือ @{4} นาที^{2} และจะถูกแชร์โดยทั้งกิลด์
26136	Question three. After facing countless dangers and battling terrifying monsters, you finally emerge victorious! Now a dust-covered treasure chest lies before you, with light shining through its keyhole! You rub your hands together, your heart pounding. What treasure do you hope to find inside?	คำถามที่สามหลังจากเผชิญกับอันตรายนับไม่ถ้วนและต่อสู้กับสัตว์ประหลาดที่น่าสะพรึงกลัว ในที่สุดคุณก็ได้รับชัยชนะ!ตอนนี้หีบสมบัติที่ปกคลุมไปด้วยฝุ่นอยู่ตรงหน้าคุณ โดยมีแสงส่องผ่านรูกุญแจ!คุณถูมือเข้าด้วยกัน หัวใจของคุณเต้นแรงคุณหวังว่าจะพบสมบัติอะไรอยู่ข้างใน?
26137	Miguel Initiates an attack, dealing a total of the owner's ^{1}Adaptive Attack^{2} * ^{3}${3}%^{4} Neutral melee ^{5}Adaptive Damage^{6} to ${2} designated enemies within ${1} meters. Also grants the owner ^{7}^{8}【Raging Gale】^{9}^{10}, providing an ^{11}${4}%^{12} DMG Bonus for ${5} seconds.	Miguel เริ่มต้นการโจมตี สร้างความเสียหายรวมของเจ้าของ ^{1}Adaptive Attack^{2}* ^{3}${3}%^{4}ระยะประชิดที่เป็นกลาง ^{5}ความเสียหายจากการปรับตัว^{6}ถึง${2}กำหนดศัตรูภายในระยะ${1}เมตรยังมอบสิทธิ์ให้เจ้าของ ^{7}^{8}【Raging Gale】^{9}^{10}โดยมอบ ^{11}${4}%^{12}DMG Bonus สำหรับ${5}วินาที
26138	A core Member of the Church who has begun taking on more practical duties. After mastering basic Divine Light magic, the Praiser Priest gains the ability to Revive allies, use AoE Divine Light, and provide shields. Their AoE buffs are also comprehensively Enhanced, making them a capable healer.	สมาชิกหลักของศาสนจักรที่เริ่มปฏิบัติหน้าที่ในทางปฏิบัติมากขึ้น หลังจากเชี่ยวชาญเวทมนตร์แสงศักดิ์สิทธิ์ขั้นพื้นฐานแล้ว Praiser Priest จะได้รับความสามารถในการฟื้นคืนชีพพันธมิตร ใช้แสงศักดิ์สิทธิ์แบบ AoE และมอบโล่ บัฟ AoE ของพวกเขายังได้รับการปรับปรุงอย่างครอบคลุม ทำให้พวกเขาเป็นผู้รักษาที่มีความสามารถ
26139	Places a Freezing Trap within ${1}m. When an enemy enters the Trap's ${2}m trigger radius, it explodes, dealing Physical ATK*^{1}${5}%+${6}^{2} Water ranged Physical damage to up to ${4} enemies within a ${3}m radius and inflicting ^{3}^{4}【Freeze】^{5}^{6} for ${7} sec. The Trap lasts ${8} sec.	วางกับดักเยือกแข็งภายใน${1}ม.เมื่อศัตรูเข้าไปในรัศมีทริกเกอร์${2}m ของกับดัก มันจะระเบิด สร้างความเสียหายทางกายภาพ*^{1}${5}%+${6}^{2}สร้างความเสียหายกายภาพจากน้ำไปยังศัตรูสูงสุด${4}ภายในรัศมี${3}m และทำให้ ^{3}^{4}【แช่แข็ง】^{5}^{6}สำหรับ${7}วินาทีกับดักคงอยู่${8}วินาที
26140	High Orc stomps the ground, dealing the master's ^{1}Adaptive ATK^{2}*^{3}${3}%^{4} Neutral melee ^{5}Adaptive Damage^{6} to up to ${2} enemies within ${1} meters of the master and increasing the damage dealt by up to ${5} allies within ${4} meters of High Orc by ^{7}${6}%^{8} for ${7} seconds.	High Orc กระทืบพื้น จัดการกับปรมาจารย์ ^{1}Adaptive ATK^{2}*^{3}${3}%^{4}ระยะประชิดเป็นกลาง ^{5}Adaptive Damage^{6}ไปจนถึง${2}ศัตรูที่อยู่ในระยะ${1}เมตรของมาสเตอร์ และเพิ่มความเสียหายที่ทำได้โดยพันธมิตร${5}สูงสุดภายใน${4}เมตรของ High Orc โดย ^{7}${6}%^{8}สำหรับ${7}วินาที
26141	When casting a ^{1}Shield-type^{2} Primary Battle Skill, Deals Neutral Ranged ^{7}Adaptive Damage^{8} equal to the owner's ^{3}Adaptive Attack^{4}*^{5}${3}%^{6} to up to ${2} enemies within ${1} meters of the owner and reduces their Healing Done and Healing Taken by ^{9}${4}%^{10} for ${5} sec.	เมื่อร่าย ^{1}Shield-type^{2}ทักษะการต่อสู้หลัก สร้างความเสียหายแบบเป็นกลาง ^{7}Adaptive Damage^{8}เท่ากับเจ้าของ ^{3}Adaptive Attack^{4}*^{5}${3}%^{6}ไปจนถึง${2}ศัตรูที่อยู่ในระยะ${1}เมตรของเจ้าของ และลดการรักษาที่เสร็จสิ้นและการรักษาที่ดำเนินการโดย ^{9}${4}%^{10}สำหรับ${5}วินาที
26142	When casting a ^{1}Buff-type^{2} Primary Battle Skill, inflicts 【Undead Convergence】 on up to ${3} enemies within a ${2}-meter radius of the owner for ${4} sec. While Active, increases all Elemental Damage they take by ^{3}${5}%^{4} and inflicts ^{5}【Sluggish】^{6} ${6}%^{7}. Cooldown: ${7} sec.	เมื่อร่าย ^{1}Buff-type^{2}Primary Battle Skill จะทำให้ศัตรู 【Undead Convergence】 โจมตีศัตรูสูงสุด${3}ภายในรัศมี${2}เมตรของเจ้าของเป็นเวลา${4}วินาทีขณะที่ใช้งาน จะเพิ่มความเสียหายธาตุทั้งหมดที่พวกเขาได้รับ ^{3}${5}%^{4}และสร้างความเสียหาย ^{5}【เฉื่อยชา】^{6}${6}%^{7}คูลดาวน์:${7}วินาที
26143	@{1}.Each class has multiple builds, and each build comes with @{2} skills.\n@{3}.All builds can use universal skills.\n@{4}.The Unlock Requirement for each skill is to use or pick it up during Kafra: Battle of the Survivors!\n@{5}.These skills can only be used in Kafra: Battle of the Survivors.	@{1}.แต่ละคลาสมีหลายบิลด์ และแต่ละบิลด์มาพร้อมกับ @{2} ทักษะ\n@{3}.บิลด์ทั้งหมดสามารถใช้ทักษะสากลได้\n@{4}.ข้อกำหนดการปลดล็อคสำหรับแต่ละทักษะคือการใช้หรือรับมันในระหว่าง Kafra: Battle of the Survivors!\n@{5} ทักษะเหล่านี้สามารถใช้ได้ใน Kafra: Battle of the Survivors เท่านั้น
26144	Create a ^{1}circular magic barrier^{2} with a radius of ${2} meters within ${1} meters of yourself, protecting one ally within its area from incoming ^{3}melee Physical damage^{4}. The barrier lasts ${3} seconds and can block up to ^{5}${4}^{6} instances of damage. Only one can exist at a time.	สร้าง ^{1}แผงกั้นเวทย์มนตร์ทรงกลม^{2}ด้วยรัศมี${2}เมตร ภายใน${1}เมตรจากตัวคุณเอง ปกป้องพันธมิตรหนึ่งคนภายในพื้นที่จากความเสียหายทางกายภาพระยะประชิด ^{3}เข้ามา ^{4}แผงกั้นคงอยู่${3}วินาทีและสามารถบล็อกอินสแตนซ์ของความเสียหายได้สูงสุด ^{5}${4}^{6}มีเพียงคนเดียวเท่านั้นที่สามารถมีอยู่ได้ในแต่ละครั้ง
26145	Consumes ${1}% of current HP to Curse nearby enemies, reducing the Physical and Magic DEF of up to ${3} enemies within a ${2}-meter radius by ^{1}${4}%^{2} for ${5} seconds. For the next ${6} seconds, damage dealt increases by ^{3}${7}%^{4} for every @{1}% HP lost, up to ${8}%, for ${9} seconds.	ใช้${1}% ของ HP ปัจจุบันเพื่อสาปศัตรูใกล้เคียง ลด DEF กายภาพและเวทมนตร์ของศัตรูสูงสุดถึง${3}ศัตรูภายในรัศมี${2}-เมตร ^{1}${4}%^{2}สำหรับ${5}วินาทีในวินาทีถัดไป${6}ความเสียหายที่เกิดขึ้นจะเพิ่มขึ้น ^{3}${7}%^{4}สำหรับทุก ๆ@{1}% HP ที่สูญเสียไป จนถึง${8}% เป็นเวลา${9}วินาที
26146	Rainbow Ferus breathes flames, continuously dealing Neutral melee ^{5}Adaptive Damage^{6} equal to the owner's ^{1}Adaptive Attack^{2}*^{3}${4}%^{4} to up to ${3} enemies in a ${1}-meter-by-${2}-meter area in the designated direction and reducing their damage dealt by ^{7}${5}%^{8} for ${6} sec.	Rainbow Ferus พ่นเปลวไฟ สร้างความเสียหายระยะประชิดที่เป็นกลางอย่างต่อเนื่อง ^{5}Adaptive Damage^{6}เท่ากับเจ้าของ ^{1}Adaptive Attack^{2}*^{3}${4}%^{4}ไปจนถึง${3}ศัตรูในพื้นที่${1}เมตรต่อ${2}เมตรในทิศทางที่กำหนด และลดความเสียหายที่เกิดขึ้น ^{7}${5}%^{8}สำหรับ${6}วินาที
26147	Katar-exclusive skill. Rapidly attacks the target, dealing Neutral melee Physical damage equal to PATK * ^{1}${2}%+${3}^{2} to the designated ST enemy within ${1} meters. If the target's HP is at or below ^{3}${4}%^{4}, increases the percentage damage multiplier of 【Sonic Blow】 by ^{5}${5}%^{6}.	Katar ทักษะพิเศษเฉพาะโจมตีเป้าหมายอย่างรวดเร็ว สร้างความเสียหายทางกายภาพระยะประชิดที่เป็นกลางเท่ากับ PATK * ^{1}${2}%+${3}^{2}ไปยังศัตรู ST ที่กำหนดภายในระยะ${1}เมตรหาก HP ของเป้าหมายอยู่ที่หรือต่ำกว่า ^{3}${4}%^{4}จะเพิ่มเปอร์เซ็นต์ตัวคูณความเสียหายของ 【Sonic Blow】 เป็น ^{5}${5}%^{6}
26148	The BOSS creates @{1} Stone Pillars, then pulls players toward the center. It simultaneously creates @{2} arena-wide circular AOEs from the edge. Finally, after a @{3}-second warning, it unleashes a sandstorm lasting @{4} seconds that pulls players toward the center and inflicts Damage over Time	บอสสร้างเสาหิน@{1}จากนั้นดึงผู้เล่นไปทางตรงกลางมันสร้าง AOE แบบวงกลมทั่วทั้งสนาม@{2}จากขอบไปพร้อมๆ กันในที่สุด หลังจากการเตือนครั้งที่สองของ@{3}มันจะปล่อยพายุทรายที่ยาวนาน@{4}วินาที ซึ่งจะดึงผู้เล่นไปยังศูนย์กลางและสร้างความเสียหายต่อเนื่อง
26149	● ^{1}Fafnir^{2} is a powerful Boss that dwells on Dragon Coffin Island. It appears at a fixed time after the match begins.\n \n● Landing the First Strike or Final Blow on ^{3}Fafnir^{4} grants Extra Score.\n \n● Players also Score each time they deal a certain amount of damage to ^{5}Fafnir.^{6}	● ^{1}Fafnir^{2}เป็นบอสที่ทรงพลังซึ่งอาศัยอยู่บนเกาะ Dragon Coffinจะปรากฏในเวลาที่กำหนดหลังจากการแข่งขันเริ่มต้นขึ้น\n\n● โจมตีครั้งแรกหรือโจมตีครั้งสุดท้ายบน ^{3}Fafnir^{4}จะได้รับคะแนนพิเศษ\n\n● ผู้เล่นยังทำคะแนนทุกครั้งที่สร้างความเสียหายให้กับ ^{5}Fafnir^{6}
26150	${1} minutes of bonus auto-battle time have been added today. You currently have ${2} minutes remaining. (You can store up to ${3} minutes of bonus auto-battle time. Any time exceeding this limit will not be stored.)\n^{1}^{2}^{3}Tap here to view a summary of your auto-battle earnings^{4}^{5}^{6}	${1}นาทีแล้ว ขณะนี้คุณเหลือ${2}นาที (คุณสามารถเก็บเวลาโบนัสการต่อสู้อัตโนมัติได้สูงสุด${3}นาที เวลาที่เกินขีดจำกัดนี้จะไม่ถูกจัดเก็บ)\n^{1}^{2}^{3}แตะที่นี่เพื่อดูสรุปรายได้จากการต่อสู้อัตโนมัติของคุณ^{4}^{5}^{6}
26151	Unleashes a powerful Holy Light, dealing your Magic ATK *^{1}${4}%^{2} as ranged Holy magic damage to up to ${3} enemies in a targeted area with a ${2}-meter radius within ${1} meters of you, and inflicting ^{3}^{4}【Immobilize】^{5}^{6} and ^{7}^{8}【Blind】^{9}^{10} on enemies hit for ${5} seconds.	ปลดปล่อยแสงศักดิ์สิทธิ์อันทรงพลัง สร้างพลังโจมตีเวทย์มนตร์ของคุณ *^{1}${4}%^{2}สร้างความเสียหายเวทย์มนตร์ศักดิ์สิทธิ์ระยะไกลให้กับศัตรูสูงสุด${3}ในพื้นที่เป้าหมายด้วยรัศมี${2}เมตรภายใน${1}เมตรจากคุณ และสร้างความเสียหาย ^{3}^{4}【ทำให้เคลื่อนที่ไม่ได้】^{5}^{6}และ ^{7}^{8}【ตาบอด】^{9}^{10}กับศัตรูที่ถูกโจมตีสำหรับ${5}วินาที
26152	During the event, guilds compete based on their total accumulated Contribution. Spending Contribution will not reduce this total. Each Member must reach the base Contribution requirement to claim rewards. If you switch guilds during the event, your base Contribution will be recalculated from zero.	ในระหว่างกิจกรรม กิลด์จะแข่งขันกันตามผลงานสะสมทั้งหมดเงินสมทบการใช้จ่ายจะไม่ลดยอดรวมนี้สมาชิกแต่ละคนจะต้องบรรลุข้อกำหนดการบริจาคพื้นฐานเพื่อรับรางวัลหากคุณเปลี่ยนกิลด์ในระหว่างกิจกรรม เงินสมทบฐานของคุณจะถูกคำนวณใหม่จากศูนย์
26153	1. When listing items at a Stall, a 7% Stall fee applies when the Currency is Diamonds, and an 8% Stall fee applies when the Currency is Zeny.\n2. For Diamonds, the minimum is 700 Meow Fruits and the maximum is 50000 Meow Fruits.\n3. For Zeny, the minimum is 800 Zeny and the maximum is 10000 Zeny.	1. เมื่อลงรายการสินค้าที่แผงลอย จะมีค่าธรรมเนียมแผงลอย 7% เมื่อสกุลเงินเป็นเพชร และจะมีค่าธรรมเนียมแผงลอย 8% เมื่อสกุลเงินเป็น Zeny\n2. สำหรับเพชร ขั้นต่ำคือ 700 Meow Fruits และสูงสุดคือ 50,000 Meow Fruits\n3. สำหรับ Zeny ขั้นต่ำคือ 800 Zeny และสูงสุดคือ 10,000 Zeny
26154	Protected by the Sacred Tree Spirit, when you take ^{1}lethal damage^{2}, you gain one chance to ^{3}^{4}【Respawn】^{5}^{6}. When triggered, you recover ^{7}${2}% Life^{8} and enter the ^{9}【Withered】^{10} state for ${3} minutes. During this time, ^{11}^{12}【Respawn】^{13}^{14} cannot trigger again.	ได้รับการคุ้มครองโดย Sacred Tree Spirit เมื่อคุณรับ ^{1}ความเสียหายร้ายแรง^{2}คุณจะได้รับโอกาสหนึ่งที่จะทำให้ ^{3}^{4}【เกิดใหม่】^{5}^{6}เมื่อทริกเกอร์ คุณจะฟื้นตัว ^{7}${2}% Life^{8}และป้อน ^{9}【Withered】^ สถานะ{10}สำหรับ${3}นาทีในช่วงเวลานี้ ^{11}^{12}【Respawn】^{13}^{14}ไม่สามารถทริกเกอร์ได้อีก
26155	Explore the region associated with the Movement and use Interaction on objects marked with a musical note to obtain ^{1}Lost Notes^{2}.\nWhile the event is active, Lost Notes may also drop randomly from ^{3}AFK monster hunting^{4} and ^{5}Life Skill gathering^{6}. You can obtain up to @{1} per day.	สำรวจพื้นที่ที่เกี่ยวข้องกับการเคลื่อนไหวและใช้การโต้ตอบกับวัตถุที่มีเครื่องหมายโน้ตดนตรีเพื่อรับ ^{1}Lost Notes^{2}\nในขณะที่กิจกรรมดำเนินอยู่ Lost Notes อาจสุ่มดรอปจาก ^{3}AFK การล่ามอนสเตอร์^{4}และ ^{5}การรวบรวม Life Skill^{6}คุณสามารถรับได้สูงสุด@{1}ต่อวัน
26156	Dagger-only skill. The user's shadow transforms into illusory blades that swiftly circle them once, dealing Neutral melee Physical damage equal to PATK*^{1}${3}%*(${4}+ASPD*${5}%)^{2} to up to ${2} enemies within a ${1}-meter radius. The user gains ^{3}^{4}[Endure]^{5}^{6} while casting this skill.	ทักษะเฉพาะกริชเท่านั้นเงาของผู้ใช้แปลงร่างเป็นดาบลวงตาที่หมุนวนอย่างรวดเร็วหนึ่งครั้ง สร้างความเสียหายทางกายภาพระยะประชิดที่เป็นกลางเท่ากับ PATK*^{1}${3}%*(${4}+ASPD*${5}%)^{2}ไปจนถึงศัตรูสูงสุด${2}ภายใน${1}-รัศมีเมตรผู้ใช้จะได้รับ ^{3}^{4}[อดทน]^{5}^{6}ขณะร่ายทักษะนี้
26157	Requires a Dagger. Your shadow transforms into illusory blades and rapidly circles you, dealing a total of Physical ATK*^{1}${3}%*(${4}+Attack Speed*${5}%)^{2} Neutral melee Physical damage to up to ${2} enemies within a ${1}-meter radius. You gain ^{3}^{4}【Endure】^{5}^{6} while casting this skill.	ต้องใช้กริชเงาของคุณแปลงร่างเป็นดาบลวงตาและวนเวียนรอบตัวคุณอย่างรวดเร็ว สร้างความเสียหายทางกายภาพทั้งหมด*^{1}${3}%*(${4}+ความเร็วการโจมตี*${5}%)^{2}สร้างความเสียหายกายภาพระยะประชิดที่เป็นกลางให้กับศัตรูสูงสุด${2}ภายใน${1}-รัศมีเมตรคุณได้รับ ^{3}^{4}【Endure】^{5}^{6}ขณะร่ายสกิลนี้
26158	Countdown rhythm circles appear in the arena. While standing inside one, players gain the Interaction skill [Dance Move].\nDepending on when the Interaction skill is used, ^{1}trigger [perfect]^{2}\nand gain the perfect status for @{1} seconds: ^{3}Gain @{2}% increased Movement Speed and damage^{4}.	วงกลมจังหวะนับถอยหลังปรากฏขึ้นในสนามประลองในขณะที่ยืนอยู่ข้างใน ผู้เล่นจะได้รับทักษะการโต้ตอบ [ท่าเต้น]\nขึ้นอยู่กับว่าจะใช้ทักษะการโต้ตอบเมื่อใด ^{1}ทริกเกอร์ [สมบูรณ์แบบ]^{2}\nและได้รับสถานะสมบูรณ์แบบเป็นเวลา@{1}วินาที: ^{3}ได้รับ@{2}% เพิ่มความเร็วในการเคลื่อนที่และความเสียหาย^{4}.
26159	Shield skill. Grants you 【Shield Reflect】 for ${3} seconds. 【Shield Reflect】: When you take Melee Physical DMG from an attacker within ${5} meters, deals Neutral Melee Physical DMG equal to your PATK * ^{1}${2}%^{2} + ^{3}${6}^{4} to the attacker. This effect can trigger up to ${4} times per second.	ทักษะโล่มอบ 【Shield Reflect】 ให้กับคุณเป็นเวลา${3}วินาที【การสะท้อนของโล่】: เมื่อคุณรับความเสียหายทางกายภาพระยะประชิดจากผู้โจมตีภายในระยะ${5}เมตร จะสร้างความเสียหายทางกายภาพระยะประชิดที่เป็นกลางเท่ากับ PATK ของคุณ * ^{1}${2}%^{2}+ ^{3}${6}^{4}ไปยังผู้โจมตีเอฟเฟกต์นี้สามารถทริกเกอร์ได้สูงสุด${4}ครั้งต่อวินาที
26160	Multiplies 【Turbid Soul Impact】's DEF reduction by ^{1}${1}^{2} and additionally inflicts ^{3}^{4}【Stun】^{5}^{6} for @{2} seconds on enemies above @{1}% HP. If the target's HP is no higher than @{3}% or the target was not Stunned, reduces its Physical and Magic ATK by ^{7}${2}%^{8} for ${3} seconds.	คูณการลด DEF ของ 【Turbid Soul Impact】 ด้วย ^{1}${1}^{2}และทำดาเมจเพิ่มเติม ^{3}^{4}【Stun】^{5}^{6}สำหรับ@{2}วินาทีกับศัตรูที่สูงกว่า@{1}% HPหาก HP ของเป้าหมายไม่สูงกว่า@{3}% หรือเป้าหมายไม่มึนงง ให้ลด ATK กายภาพและเวทมนตร์ลง ^{7}${2}%^{8}เป็นเวลา${3}วินาที
26161	@{1}.After choosing a style, you may select any location on the mode map as your Spawn.\n@{2}.You can see your teammates' and enemies' Spawn locations, allowing you to adjust your Spawn strategy as the situation changes.\n@{3}.In Team Mode, you may invite teammates to follow you or follow a teammate.	@{1}.หลังจากเลือกรูปแบบแล้ว คุณสามารถเลือกตำแหน่งใดก็ได้บนแผนที่โหมดเป็นจุดเกิดของคุณ\n@{2}.คุณสามารถดูตำแหน่งวางไข่ของเพื่อนร่วมทีมและศัตรูได้ ซึ่งช่วยให้คุณปรับกลยุทธ์การวางไข่เมื่อสถานการณ์เปลี่ยนไป\n@{3}.ในโหมดทีม คุณอาจเชิญเพื่อนร่วมทีมให้ติดตามคุณหรือติดตามเพื่อนร่วมทีม
26162	●Many ferocious monsters have appeared on Dragon Sarcophagus Isle, intent on breaking the dragon's seal. Before challenging the dragon, you must first stop the endless onslaught. Monsters will continuously pour from the purple portals. Only by deploying Adventurers wisely can you repel their assault.	●สัตว์ประหลาดดุร้ายมากมายได้ปรากฏตัวบนเกาะโลงศพมังกร โดยตั้งใจที่จะทำลายผนึกของมังกรก่อนที่จะท้าทายมังกร คุณต้องหยุดการโจมตีที่ไม่มีที่สิ้นสุดก่อนมอนสเตอร์จะหลั่งไหลมาจากพอร์ทัลสีม่วงอย่างต่อเนื่องมีเพียงการส่งนักผจญภัยอย่างชาญฉลาดเท่านั้นจึงจะสามารถต้านทานการโจมตีของพวกเขาได้
26163	A novice practitioner and new Member of the Church, the Exorciser Acolyte can use Divine Light on themselves and allies while providing numerous buffs and removing debuffs. They are also highly effective against Undead and Demon monsters, making them well suited for auto-battle leveling in the field.	ผู้ฝึกหัดมือใหม่และสมาชิกใหม่ของศาสนจักร Exorciser Acolyte สามารถใช้แสงศักดิ์สิทธิ์กับตัวเองและพันธมิตรได้ พร้อมทั้งมอบบัฟมากมายและลบดีบัฟออกไป พวกมันยังมีประสิทธิภาพสูงในการต่อสู้กับมอนสเตอร์ประเภท Undead และ Demon ทำให้พวกมันเหมาะสำหรับการเก็บเลเวลการต่อสู้อัตโนมัติในสนาม
26164	Places an Anklesnare within ${1}m. When an enemy enters the Trap's ${2}m trigger radius, it explodes, dealing Physical ATK*^{1}${5}%+${6}^{2} Earth ranged Physical damage to up to ${4} enemies within a ${3}m radius and inflicting ^{3}^{4}【Immobilize】^{5}^{6} for ${7}^{7} sec. The Trap lasts ${8} sec.	วางสแนร์ข้อเท้าไว้ภายใน${1}ม.เมื่อศัตรูเข้าไปในรัศมีทริกเกอร์${2}m ของกับดัก มันจะระเบิด สร้างความเสียหายทางกายภาพ*^{1}${5}%+${6}^{2}โลกสร้างความเสียหายทางกายภาพให้กับศัตรูสูงสุด${4}ภายในรัศมี${3}m และทำให้เกิดความเสียหาย ^{3}^{4}【ตรึง】^{5}^{6}สำหรับ${7}^{7}วินาทีกับดักคงอยู่${8}วินาที
26165	Nightmare appears, dealing Neutral ranged ^{5}adaptive damage^{6} equal to the master's ^{1}Adaptive ATK^{2}*^{3}${4}%^{4} to up to ${3} enemies in a targeted area with a ${2}-meter radius within ${1} meters, and inflicts ^{7}^{8}【Immobilize】^{9}^{10} and ^{11}^{12}【Blind】^{13}^{14} for ${5} seconds.	Nightmare ปรากฏขึ้น สร้างความเสียหายในระยะเป็นกลาง ^{5}ความเสียหายแบบปรับตัว^{6}เท่ากับปรมาจารย์ ^{1}Adaptive ATK^{2}*^{3}${4}%^{4}ขึ้นไปถึงศัตรู${3}ในพื้นที่เป้าหมายด้วยรัศมี${2}เมตร ภายใน${1}เมตร และสร้างความเสียหาย ^{7}^{8}【ตรึง】^{9}^{10}และ ^{11}^{12}【ตาบอด】^{13}^{14}เป็นเวลา${5}วินาที
26166	Create a circular magic barrier with a ${2}-meter radius at a location within ${1} meters of yourself, protecting up to ${3} allies within the area from incoming melee Physical damage. The barrier lasts ^{1}${4}^{2} seconds and can block up to ^{3}${5}^{4} hits. Up to ${6} barriers can exist at once.	สร้างบาเรียเวทย์มนตร์ทรงกลมที่มีรัศมี${2}เมตร ณ ตำแหน่งภายใน${1}เมตรจากตัวคุณเอง ปกป้องพันธมิตร${3}ภายในพื้นที่จากความเสียหายทางกายภาพระยะประชิดที่เข้ามาสิ่งกีดขวางคงอยู่ ^{1}${4}^{2}วินาทีและสามารถบล็อกการเข้าชมได้สูงสุด ^{3}${5}^{4}การเข้าชมสามารถมีอุปสรรคได้สูงสุด${6}ในคราวเดียว
26167	@{1}.This is an @{2}VS@{3} Faction Battle mode.\n@{4}.After you Enter Battlefield, there will be a @{5}-second Ready period.\n@{6}.When the Battle phase Countdown ends, the Faction with the higher Total Points wins.\n@{7}.Inactive behavior during a match will be penalized. Please participate actively!	@{1} นี่คือโหมด @{2}VS@{3} Faction Battle\n@{4} หลังจากที่คุณเข้าสู่ Battlefield แล้ว จะมีช่วงเตรียมพร้อม @{5} วินาที\n@{6}.เมื่อการนับถอยหลังช่วงการรบสิ้นสุดลง ฝ่ายที่มีคะแนนรวมสูงกว่าจะเป็นผู้ชนะ\n@{7} พฤติกรรมที่ไม่ใช้งานในระหว่างการแข่งขันจะถูกลงโทษ กรุณามีส่วนร่วมอย่างแข็งขัน!
26168	Ilmata plays a melody of surging undercurrents, calling upon the great whale to unleash a combo attack. A Blackhole ^{1}pulls players toward the center of the field^{2} as a tide of fins surges from it. ^{3}Countless fins swim around the field^{4}, and ^{5}players who touch them take minor damage^{6}.	Ilmata เล่นทำนองของกระแสน้ำที่ไหลเชี่ยว เรียกร้องให้วาฬตัวใหญ่โจมตีคอมโบหลุมดำ ^{1}ดึงผู้เล่นไปที่กึ่งกลางสนาม^{2}ขณะที่กระแสน้ำพุ่งขึ้นมาจากมัน↑{3}ครีบจำนวนนับไม่ถ้วนที่ว่ายอยู่รอบสนาม^{4}และ ^ ผู้เล่น{5}ที่สัมผัสพวกมันจะได้รับความเสียหายเล็กน้อย^{6}
26169	Two-handed Spear skill. Charge up to generate spiraling energy, then hurl your Spear at the target, dealing Neutral ranged Physical damage equal to Physical ATK * ^{1}${2}%^{2} to the targeted enemy within ${1} meters. Pulls the enemy in front of you and inflicts ^{3}【Immobilize】^{4} for ${3} seconds.	ทักษะหอกสองมือชาร์จพลังเพื่อสร้างพลังงานหมุนวน จากนั้นเหวี่ยงหอกของคุณไปยังเป้าหมาย สร้างความเสียหายทางกายภาพระยะเป็นกลางเท่ากับพลังโจมตีกายภาพ * ^{1}${2}%^{2}ไปยังศัตรูเป้าหมายที่อยู่ในระยะ${1}เมตรดึงศัตรูที่อยู่ข้างหน้าคุณและสร้างความเสียหาย ^{3}【ทำให้เคลื่อนที่ไม่ได้】^{4}เป็นเวลา${3}วินาที
26170	Dagger-only skill. Initiate several shadow slashes around you, dealing a total of PATK*^{1}${3}%*(${4}+ASPD*${5}%)^{2} Neutral melee Physical damage to up to ${2} enemies within a ${1}-meter radius. You remain ^{3}^{4}[Invincible]^{5}^{6} during this time. Immediately ^{7}refreshes [Shadow Guard]^{8}.	ทักษะเฉพาะกริชเท่านั้นฟาดเงารอบๆ ตัวคุณ สร้างความเสียหาย PATK*^{1}${3}%*(${4}+ASPD*${5}%)^{2}สร้างความเสียหายทางกายภาพระยะประชิดที่เป็นกลางให้กับศัตรูสูงสุด${2}ภายในระยะ${1}-meterรัศมีคุณยังคงอยู่ ^{3}^{4}[อยู่ยงคงกระพัน]^{5}^{6}ในช่วงเวลานี้ทันที ^{7}รีเฟรช [Shadow Guard]^{8}
26171	@{1}.On the Recommended Monster screen, click the favorite button in the upper-left corner of a monster's info to add it to your favorites. You can favorite up to @{2} monsters\n@{3}.In your monster favorites, click a monster's Portrait to open the Recommended Monster screen and quickly Locate its info	@{1}.บนหน้าจอมอนสเตอร์ที่แนะนำ ให้คลิกปุ่มรายการโปรดที่มุมซ้ายบนของข้อมูลมอนสเตอร์เพื่อเพิ่มลงในรายการโปรดของคุณ คุณสามารถตั้งรายการโปรดให้กับสัตว์ประหลาดได้ถึง @{2} ตัว\n@{3} ในรายการโปรดของสัตว์ประหลาดของคุณ คลิกภาพของสัตว์ประหลาดเพื่อเปิดหน้าจอสัตว์ประหลาดที่แนะนำและค้นหาข้อมูลของมันอย่างรวดเร็ว
26172	You're the only one who managed to Activate the Stone Pillar in the city. I spent months tinkering with it and got no response. So... would you like to try touching this? Don't worry, I have Isis standing by over there. If it throws you back, his sturdy frame should probably—maybe—be able to catch you.	คุณเป็นคนเดียวที่สามารถเปิดใช้งาน Stone Pillar ในเมืองได้ฉันใช้เวลาหลายเดือนในการซ่อมแซมและไม่มีการตอบสนองแล้ว...คุณอยากลองสัมผัสสิ่งนี้ไหม?ไม่ต้องห่วง ฉันมีไอซิสยืนอยู่ตรงนั้นถ้ามันเหวี่ยงคุณกลับไป โครงที่แข็งแกร่งของเขาก็น่าจะจับคุณได้
26173	Katar-exclusive skill. Quickly spins in place, dealing Neutral melee Physical damage equal to PATK * ^{1}${3}%*(${4}+ASPD*${5}%)^{2} to up to ${2} enemies within a ${1}-meter radius of You, and adds ${6} blades to Cross Ripper Slasher, up to ${7} blades. ^{3}This skill is considered a Basic Attack^{4}.	Katar ทักษะพิเศษเฉพาะหมุนอย่างรวดเร็วอยู่กับที่ สร้างความเสียหายทางกายภาพระยะประชิดที่เป็นกลางเท่ากับ PATK * ^{1}${3}%*(${4}+ASPD*${5}%)^{2}ให้กับศัตรูสูงสุด${2}ภายในรัศมี${1}เมตรจากคุณ และเพิ่มใบมีด${6}ให้กับ Cross Ripper Slasher สูงสุดถึงใบมีด${7}^{3}ทักษะนี้ถือเป็นการโจมตีพื้นฐาน^{4}
26174	Two-Handed Spear skill. Deals Neutral Melee Physical DMG equal to PATK * ^{1}${3}%^{2} to up to ${2} enemies within a ${1}-meter radius. For every ${6}% ASPD, this DMG increases by ^{3}${4}%^{4}, up to @{1}% ASPD. This skill counts as a Basic Attack and has an ASPD effectiveness ratio of ^{5}${5}%^{6}.	ทักษะหอกสองมือสร้างความเสียหายกายภาพระยะประชิดเป็นกลางเท่ากับ PATK * ^{1}${3}%^{2}ให้กับศัตรูสูงสุด${2}ภายในรัศมี${1}เมตรสำหรับทุก${6}% ASPD DMG นี้จะเพิ่มขึ้น ^{3}${4}%^{4}สูงถึง@{1}% ASPDทักษะนี้นับเป็นการโจมตีพื้นฐานและมีอัตราส่วนประสิทธิภาพของ ASPD ที่ ^{5}${5}%^{6}
26175	(No Translation Needed@{1}.Tap an item or select a filter to choose items for dismantling. \n@{2}.Tap it again or clear the filter to deselect it. \n@{3}.Certain Rare items are excluded from batch dismantling filters. \n@{4}.Dismantling cannot be undone. Carefully select the items you want to dismantle.	(ไม่จำเป็นต้องแปล@{1}.แตะรายการหรือเลือกตัวกรองเพื่อเลือกรายการสำหรับการรื้อ \n@{2}.แตะอีกครั้งหรือล้างตัวกรองเพื่อยกเลิกการเลือก \n@{3}.รายการที่หายากบางรายการจะไม่รวมอยู่ในตัวกรองการแยกส่วนแบบกลุ่ม \n@{4}.การแยกส่วนไม่สามารถยกเลิกได้ โปรดเลือกรายการที่คุณต้องการรื้ออย่างระมัดระวัง
26176	Unlike priests who devote themselves to the gods and focus on the training of the power of mind and magic, they hone their physical body to its peak, focusing on the combat techniques instead. Through achieving the balance of their chi within and utilizing it, they are capable of dealing massive damage.	ต่างจากนักบวชที่อุทิศตนให้กับเทพเจ้าและมุ่งเน้นไปที่การฝึกพลังแห่งจิตใจและเวทมนตร์ พวกเขาฝึกฝนร่างกายของตนให้ถึงจุดสูงสุดโดยมุ่งเน้นไปที่เทคนิคการต่อสู้แทนด้วยการบรรลุความสมดุลของพลังชี่ภายในและการใช้มัน พวกเขาสามารถสร้างความเสียหายมหาศาลได้
26177	Instantly calls down Divine Light, restoring HP equal to your MATK * ^{1}${3}%^{2} ^{3}to You and up to ${2} allies within a ${1}-meter radius, prioritizing Party Members (^{4}^{5}Dexterity Resonance ${6}%^{6}^{7})^{8}. Also grants a Shield equal to your MATK * ^{9}${4}%^{10}^{11}^{12} for ${5} seconds.	เรียก Divine Light ลงมาทันที ฟื้นฟู HP เท่ากับ MATK ของคุณ * ^{1}${3}%^{2}^{3}ให้คุณและพันธมิตร${2}ภายในรัศมี${1}เมตร โดยจัดลำดับความสำคัญของสมาชิกปาร์ตี้ (^{4}^{5}เสียงสะท้อนความคล่องแคล่ว${6}%^{6}^{7})^{8}ยังมอบโล่เท่ากับ MATK ของคุณ * ^{9}${4}%^{10}^{11}^{12}เป็นเวลา${5}วินาที
26178	Summons cursed spirits all around, dealing @{1} hits of Neutral ranged magic damage totaling Pet Magic ATK*^{1}${3}%^{2} to up to ${2} enemies within a ${1}-meter radius and inflicting ${5}% ^{3}【Slow】^{4} for ${4} seconds. Increases the caster's Physical and Magic DEF by ^{5}${6}%^{6} for ${7} seconds.	เรียกวิญญาณต้องสาปมารอบๆ สร้างความเสียหายเวทย์มนตร์ระยะไกลที่เป็นกลางให้กับ@{1}รวมเป็น ATK ของ Pet Magic*^{1}${3}%^{2}ให้กับศัตรูสูงสุด${2}ภายในรัศมี${1}-meter และทำให้${5}% ^{3}【ช้า】^{4}เป็นเวลา${4}วินาทีเพิ่ม DEF กายภาพและเวทมนตร์ของผู้ร่าย ^{5}${6}%^{6}เป็นเวลา${7}วินาที
26179	Chimera summons a Holy Light Field for its master. Every ${1} sec., it grants the master and up to ${3} allies within ${2} meters a shield equal to the master's Max Life * ^{1}${4}%^{2}. While active, the master can gain ^{3}^{4}[Control Immunity]^{5}^{6} ${5} times. The Holy Light Field lasts ${6} sec.	Chimera เรียกสนามแสงศักดิ์สิทธิ์มาให้เจ้านายทุก ๆ${1}วินาที จะมอบโล่ให้กับมาสเตอร์และพันธมิตรสูงสุด${3}ภายใน${2}เมตร โล่เท่ากับพลังชีวิตสูงสุดของมาสเตอร์ * ^{1}${4}%^{2}ในขณะที่แอ็คทีฟ ต้นแบบจะได้รับ ^{3}^{4}[Control Immunity]^{5}^{6}${5}เท่าทุ่งแสงศักดิ์สิทธิ์คงอยู่${6}วินาที
26180	Follow Nysha and her dance partners\nMove in one of four random directions to the beat\nMove correctly to ^{1}trigger [perfect]^{2} and gain the ^{3}perfect status for @{1} seconds^{4}, granting ^{5}@{2}% increased Movement Speed and damage^{6}. If you\nmove incorrectly or take no action, trigger [MISS].	ติดตาม Nysha และคู่เต้นรำของเธอ\nเคลื่อนที่ไปในหนึ่งในสี่ทิศทางแบบสุ่มตามจังหวะ\nย้ายอย่างถูกต้องไปที่ ^ ทริกเกอร์{1}[สมบูรณ์แบบ]^{2}และได้รับ ^ สถานะที่สมบูรณ์แบบ ^{3}สำหรับ@{1}วินาที^{4}ทำให้ ^{5}@{2}% เพิ่มความเร็วในการเคลื่อนที่และความเสียหาย^{6}หากคุณ\nเคลื่อนที่ไม่ถูกต้องหรือไม่ดำเนินการใดๆ ให้ทริกเกอร์[MISS]
26181	Cart-exclusive skill. Deals Physical ATK * ^{1}${1}% + ${5}^{2} Neutral melee Physical DMG to a designated ST enemy within @{1} m. Has a ${2}% Chance to inflict Stun for ${3} sec. When used while under ^{3}^{4}【Cart Boost】^{5}^{6}, High Speed Cart Ram can be cast while moving and deals ${4}% more damage.	ทักษะพิเศษเฉพาะรถเข็นสร้างความเสียหายทางกายภาพ * ^{1}${1}% +${5}^{2}สร้างความเสียหายกายภาพระยะประชิดเป็นกลางไปยังศัตรู ST ที่กำหนดภายใน@{1}ม.มีโอกาส${2}% ที่จะสร้างสถานะมึนงงเป็นเวลา${3}วินาทีเมื่อใช้ขณะอยู่ใต้ ^{3}^{4}【Cart Boost】^{5}^{6}, High Speed ​​Cart Ram สามารถร่ายได้ขณะเคลื่อนที่และสร้างความเสียหายมากขึ้น${4}%
26182	Can only be used while riding Madogear. Bombard a ${1} * ${2}-meter area in the specified direction. You have 【Immunity】 while using the skill and deal Neutral Ranged Physical DMG totaling PATK * ^{1}${4}%^{2} to up to ${3} enemies along the path. Increases MSPD by ^{3}${5}%^{4} for the skill's duration.	ใช้ได้ขณะขี่ Madogear เท่านั้นระดมยิงพื้นที่${1}*${2}เมตรในทิศทางที่กำหนดคุณมี 【ภูมิคุ้มกัน】 ในขณะที่ใช้ทักษะและทำความเสียหายทางกายภาพระยะไกลที่เป็นกลางรวม PATK * ^{1}${4}%^{2}ไปจนถึงศัตรู${3}ตามเส้นทางเพิ่ม MSPD โดย ^{3}${5}%^{4}สำหรับระยะเวลาของทักษะ
26183	Two-Handed Spear skill. Consumes @{1} stack of 【Enhance Hundred Spear Pierce】 charge to summon a barrage of Spears toward the locked target, dealing ${4} hits of Neutral ranged Physical damage equal to Physical Attack*^{1}${5}%^{2} in total to up to ${3} enemies within a ${1}m*${2}m area in front of you.	ทักษะหอกสองมือใช้การสะสมของ 【Enhance Hundred Spear Pierce】 ของ@{1}เพื่อเรียกหอกพุ่งเข้าหาเป้าหมายที่ถูกล็อค สร้างความเสียหายทางกายภาพในระยะเป็นกลางของ${4}เท่ากับการโจมตีทางกายภาพ*^{1}${5}%^{2}สูงสุดศัตรู${3}ภายในพื้นที่${1}m*${2}m ด้านหน้าคุณ
26184	Replaces 【Soul Expansion】 with 【Voice of the Soul】, increasing each Musical Note's skill multiplier by ^{1}${1}%^{2}. During 【Intense Telekinesis】, each Musical Note can ricochet up to ^{5}${3}^{6} times among targets within ^{3}${2}^{4} meters, with damage to subsequent targets reduced by ^{7}${4}%^{8}.	แทนที่ 【Soul Expansion】 ด้วย 【Voice of the Soul】 ซึ่งจะเพิ่มตัวคูณทักษะของโน้ตดนตรีแต่ละตัวด้วย ^{1}${1}%^{2}ในช่วง 【Intense Telekinesis】 โน้ตดนตรีแต่ละตัวสามารถเด้งกลับได้สูงสุดถึง ^{5}${3}^{6}เท่าของเป้าหมายภายใน ^{3}${2}^{4}เมตร โดยความเสียหายต่อเป้าหมายถัดไปจะลดลง ^{7}${4}%^{8}.
26185	@{1}.Equipment Forging, defeating monsters, and other activities may yield unidentified equipment.\n@{2}.Identifying equipment does not consume any materials. Its attributes are randomized upon identification. Tap the ^{1}Equipment Forging Info^{2} button to view the possible attributes for the equipment.	@{1}.การตีอุปกรณ์ การเอาชนะสัตว์ประหลาด และกิจกรรมอื่น ๆ อาจทำให้ได้อุปกรณ์ที่ไม่ระบุชื่อ\n@{2}.การระบุอุปกรณ์ไม่ต้องใช้วัสดุใดๆ คุณลักษณะของมันถูกสุ่มเมื่อมีการระบุตัวตน แตะปุ่ม ^{1}ข้อมูลการตีอุปกรณ์^{2} เพื่อดูคุณลักษณะที่เป็นไปได้สำหรับอุปกรณ์
26186	1. After a gift is sent, both friends will gain the corresponding values.\n2. Popularity: The value gained by the gift recipient after receiving a gift.\n3. Affection: The value gained by the sender after sending a gift.\n4. Intimacy: The value gained by both the sender and recipient after a gift is sent.	1. หลังจากส่งของขวัญแล้ว เพื่อนทั้งสองคนจะได้รับค่าที่สอดคล้องกัน\n2. ความนิยม: มูลค่าที่ผู้รับของขวัญได้รับหลังจากได้รับของขวัญ\n3. ความรัก: มูลค่าที่ผู้ส่งได้รับหลังจากส่งของขวัญ\n4. ความใกล้ชิด: มูลค่าที่ทั้งผู้ส่งและผู้รับได้รับหลังจากส่งของขวัญแล้ว
26187	Unique Effect: Casting a skill or using a Normal Attack grants maximum Floors of the 【Icebound Protection】 defensive buff. Initial limit: @{1} Floors. Duration: @{2} sec. Each Floor increases your DEF by @{3}% and has a @{4}% Chance to Slow enemies that hit you by @{5}% for @{6} sec. (Cooldown: @{7} sec.)	เอฟเฟกต์เฉพาะ: การร่ายทักษะหรือใช้การโจมตีปกติจะทำให้พื้นของบัฟการป้องกัน 【Icebound Protection】 สูงสุดขีดจำกัดเริ่มต้น: พื้น@{1}ระยะเวลา:@{2}วินาทีแต่ละชั้นจะเพิ่ม DEF ของคุณโดย@{3}% และมีโอกาส@{4}% ที่จะทำให้ศัตรูช้าลงที่โจมตีคุณ@{5}% เป็นเวลา@{6}วินาที(คูลดาวน์:@{7}วินาที)
26188	Their stopping power is enough to crush frontline enemies in the blink of an eye, and they are the most powerful force of The Knights. Not only do they excel in both offensive and defensive positions, once they are in rampage, they're able to massively increase their physique within a short amount of time.	พลังหยุดของพวกมันเพียงพอที่จะบดขยี้ศัตรูแนวหน้าได้ในพริบตา และพวกมันคือพลังที่ทรงพลังที่สุดของ The Knights พวกเขาไม่เพียงแค่เก่งทั้งในตำแหน่งรุกและตั้งรับเท่านั้น เมื่อพวกมันออกอาละวาดแล้ว พวกมันยังสามารถเพิ่มขนาดร่างกายได้อย่างมหาศาลภายในระยะเวลาอันสั้น
26189	After ^{1}^{2}【Fire Bolt】^{3}^{4}, ^{5}^{6}【Cold Bolt】^{7}^{8}, ^{9}^{10}【Lightning Bolt】^{11}^{12}, or ^{13}^{14}【Earth Spike】^{15}^{16} hits, it triggers 【Elemental Pursuit】 @{1} times, dealing Neutral Ranged Magic damage equal to MATK*^{17}${1}%+${2}^{18} to the target. Cooldown: ^{19}${3}^{20} seconds.	หลังจาก ^{1}^{2}【โบลต์ไฟ】^{3}^{4}, ^{5}^{6}【โบลท์เย็น】^{7}^{8}, ^{9}^{10}【Lightning Bolt】^{11}^{12}, หรือ ^{13}^{14}【Earth Spike】^{15}^{16}โดน, มันจะทริกเกอร์ 【Elemental Pursuit】@{1}ครั้ง, จัดการเป็นกลาง สร้างความเสียหายเวทย์มนตร์ระยะไกลเท่ากับ MATK*^{17}${1}%+${2}^{18}ไปยังเป้าหมาย คูลดาวน์: ^{19}${3}^{20}วินาที
26190	Summons a storm that goes Flying in the designated direction, dealing ^{1}@{2}%^{2} damage to enemies within a @{1}-meter radius along its path and ^{3}【knocking them airborne】^{4}. After being ^{5}【knocked airborne】^{6}, four equipped items are randomly selected, each with a @{3}% Chance to ^{7}【drop】^{8}.	เรียกพายุที่พัดไปในทิศทางที่กำหนด สร้าง ^{1}@{2}%^{2}สร้างความเสียหายให้กับศัตรูภายในรัศมี@{1}-เมตร ตามเส้นทางของมัน และ ^{3}【กระแทกพวกมันให้ลอยไปในอากาศ】^{4}หลังจากที่ ^{5}【ถูกกระแทกในอากาศ】^{6}ไอเทมที่สวมใส่สี่ชิ้นจะถูกสุ่มเลือก โดยแต่ละรายการจะมีโอกาส@{3}% ที่จะ ^{7}【ดรอป】^{8}
26191	Question one. Imagine you're leaving your village to seek adventure. Dawn has just broken, and your pack is on your back. The village is still asleep, except for a few early-rising little Porings chirping away. You stand at the village entrance, where the road leads out into the wider world. What do you do?	คำถามที่หนึ่งลองจินตนาการว่าคุณกำลังออกจากหมู่บ้านเพื่อแสวงหาการผจญภัยรุ่งอรุณเพิ่งพัง และกระเป๋าของคุณก็อยู่บนหลังของคุณหมู่บ้านยังคงหลับใหล ยกเว้น Poring ตัวน้อยสองสามตัวที่ตื่นเช้าส่งเสียงร้องคุณยืนอยู่ที่ทางเข้าหมู่บ้าน ซึ่งเป็นถนนที่นำไปสู่โลกกว้างคุณทำงานอะไร?
26192	Focuses psychic power to distort space, dealing Magic ATK * ^{1}${4}%^{2} Ghost-property ranged magic damage to a designated ST enemy within ${1}m and up to ${3} other enemies within ${2}m of the target. While in ^{3}【Reading】^{4}, consumes ${5} stacks of ^{5}【Pages】^{6} to cast this skill ${6} Extra times.	เน้นพลังจิตเพื่อบิดเบือนพื้นที่ สร้างพลังโจมตีเวทย์ * ^{1}${4}%^{2}ทรัพย์สินผีสร้างความเสียหายทางเวทย์มนตร์ไปยังศัตรู ST ที่กำหนดภายในระยะ${1}m และมากถึง${3}ศัตรูอื่น ๆ ภายใน${2}m ของเป้าหมายขณะที่อยู่ใน ^{3}【Reading】^{4}จะใช้${5}stacks ของ ^{5}【Pages】^{6}เพื่อร่ายทักษะนี้${6}เพิ่มเวลา
26193	@{1}.Every @{2} levels, a Soul Echo unlocks an element and gains a random attribute\n@{3}.You can equip up to @{4} Soul Echoes\n@{5}.The elements of equipped Soul Echoes can activate Elemental Resonance. Each Elemental Resonance can reach up to Lv. @{6}, requiring @{7}, @{8}, and @{9} elements, respectively.	@{1}.ทุกระดับ @{2} Soul Echo จะปลดล็อคองค์ประกอบและได้รับแอตทริบิวต์แบบสุ่ม\n@{3}คุณสามารถสวมใส่ได้ถึง @{4} Soul Echoes\n@{5} องค์ประกอบของ Soul Echoes ที่สวมใส่สามารถเปิดใช้งาน Elemental Resonance ได้ เสียงสะท้อนแต่ละองค์ประกอบสามารถเข้าถึงได้ถึงระดับ @{6} ซึ่งต้องการองค์ประกอบ @{7}, @{8} และ @{9} ตามลำดับ
26194	Ilmata plays an echo of summoning. Almakia circles the field and gathers waves while spirits ^{1}periodically appear around the waves' central area and fire piercing lasers^{2}. Players can only evade the spirits' attacks within the space inside the waves. ^{3}Players hit by a laser take moderate damage^{4}.	อิลมาตาเล่นเสียงสะท้อนแห่งการอัญเชิญอัลมาเกียวนรอบสนามและรวบรวมคลื่น ขณะที่วิญญาณ ^{1}ปรากฏขึ้นรอบๆ พื้นที่ส่วนกลางของคลื่นเป็นระยะและมีเลเซอร์เจาะไฟ^{2}ผู้เล่นสามารถหลบเลี่ยงการโจมตีของวิญญาณภายในพื้นที่ภายในคลื่นเท่านั้น↑{3}ผู้เล่นที่ถูกยิงด้วยเลเซอร์จะได้รับความเสียหายปานกลาง^{4}
26195	Dear Player,\nPlease collect your Purchased items from the attachment.\nIf you have any payment issues or other questions, please contact Customer Support.\nWe will respond as soon as possible after receiving your inquiry.\n\n*Once the items have been claimed, the associated payment order cannot be refunded.	เรียน ผู้เล่น\nกรุณารวบรวมรายการที่ซื้อของคุณจากไฟล์แนบ\nหากคุณมีปัญหาในการชำระเงินหรือมีคำถามอื่นๆ โปรดติดต่อฝ่ายสนับสนุนลูกค้า\nเราจะตอบกลับโดยเร็วที่สุดหลังจากได้รับคำถามของคุณ\n\n*เมื่อมีการอ้างสิทธิ์รายการแล้ว จะไม่สามารถขอคืนเงินตามคำสั่งชำระเงินที่เกี่ยวข้องได้
26196	Zherlthsh attacks, dealing a total of the master's ^{1}Adaptive ATK^{2}*^{3}${3}%^{4} Neutral melee ^{5}Adaptive Damage^{6} to up to ${2} enemies within ${1} meters of the target area, and grants the master ^{7}^{8}[Zherlthsh's Execution]^{9}^{10}, increasing damage dealt by ^{11}${4}%^{12} for ${5} seconds.	Zherlthsh โจมตี สร้างความเสียหายรวมของปรมาจารย์ ^{1}Adaptive ATK^{2}*^{3}${3}%^{4}ระยะประชิดเป็นกลาง ^{5}Adaptive Damage^{6}สูงถึง${2}ศัตรูที่อยู่ในระยะ${1}เมตรของพื้นที่เป้าหมาย และมอบมาสเตอร์ ^{7}^{8}[การประหารชีวิตของ Zherlthsh]^{9}^{10}เพิ่มความเสียหายที่ทำได้โดย ^{11}${4}%^{12}สำหรับ${5}วินาที
26197	@{1}.The Codex System includes multiple collections, such as the Monster Codex and Card Codex.\n@{2}.Defeating a Monster for the first time or Obtaining a Card for the first time grants Collection Points.\n@{3}.After accumulating enough Collection Points, you can increase your Collection Lv. and earn rewards.	@{1}.ระบบ Codex มีคอลเลกชันหลายรายการ เช่น Monster Codex และ Card Codex\n@{2}.การเอาชนะมอนสเตอร์เป็นครั้งแรกหรือการได้รับการ์ดเป็นครั้งแรกจะทำให้ได้รับคะแนนคอลเลกชัน\n@{3}.หลังจากสะสมคะแนนคอลเลกชันเพียงพอแล้ว คุณจะสามารถเพิ่ม Lv คอลเลกชันของคุณได้ และรับรางวัล
26198	Inflict ^{1}【Knockback】^{2} and deal ATK * ^{3}@{4}%^{4} damage to up to @{3} enemies in a @{1}-meter by @{2}-meter area ahead while moving @{5} meters in that direction. Then inflict ^{5}【Knock-up】^{6} and deal ATK * ^{7}@{6}%^{8} damage to the targets. Gain ^{9}【Control Immunity】^{10} while using the skill.	ทำดาเมจ ^{1}【กระเด็นกลับ】^{2}และทำ ATK * ^{3}@{4}%^{4}สร้างความเสียหายให้กับศัตรู@{3}สูงสุดในระยะ@{1}- เมตร@{2}-พื้นที่เมตรข้างหน้าขณะเคลื่อนที่@{5}เมตรไปในทิศทางนั้นจากนั้นทำดาเมจ ^{5}【น็อคอัพ】^{6}และทำ ATK * ^{7}@{6}%^{8}สร้างความเสียหายให้กับเป้าหมายได้รับ ^{9}【Control Immunity】^{10}ขณะใช้ทักษะ
26199	Immediately enters the ^{1}【Camouflage】【Hiding】^{2} states upon use, becoming invisible and untargetable and increasing Movement Speed by ^{3}@{1}%^{4} for @{2} sec.\nThe ^{5}【Camouflage】【Hiding】^{6} states end immediately after dealing or taking damage a total of @{3} times. Skill Cooldown: ^{7}@{4}^{8} sec.	เข้าสู่สถานะ ^{1}【ลายพราง】【ซ่อน】^ ทันที เมื่อใช้งาน{2}จะมองไม่เห็นและไม่สามารถกำหนดเป้าหมายได้ และเพิ่มความเร็วในการเคลื่อนที่ขึ้น ^{3}@{1}%^{4}สำหรับ@{2}วินาที\n^{5}【Camouflage】【ซ่อน】^{6}ระบุว่าสิ้นสุดทันทีหลังจากจัดการหรือรับความเสียหายรวม@{3}ครั้งคูลดาวน์ทักษะ: ^{7}@{4}^{8}วินาที
26200	Deals Neutral melee Physical damage equal to Physical ATK *^{1}${3}%^{2} to up to ${2} enemy targets within a ${1}-meter radius around you (damage increases by ^{3}${4}%^{4} for every ${6}% Attack Speed you have). This skill is treated as a Normal Attack and has an Attack Speed scaling ratio of ^{5}${5}%^{6}.	สร้างความเสียหายทางกายภาพระยะประชิดที่เป็นกลางเท่ากับ ATK ทางกายภาพ *^{1}${3}%^{2}สูงสุดถึง${2}เป้าหมายศัตรูภายในรัศมี${1}- เมตรรอบตัวคุณ (ความเสียหายเพิ่มขึ้น ^{3}${4}%^{4}สำหรับทุก ๆ${6}% ความเร็วการโจมตีที่คุณมี)ทักษะนี้ถือเป็นการโจมตีปกติและมีอัตราส่วนความเร็วในการโจมตี ^{5}${5}%^{6}
26201	Plant timed Dynamite on a designated ST enemy within ${1} meters. After ${2} seconds, deal Physical ATK * ^{1}${5}%^{2} Poison ranged Physical damage that ignores FLEE to the designated enemy and up to ${4} other enemies within a ${3}-meter radius, and inflict 【^{3}^{4}【Poisoned】^{5}^{6} damage on the target.	วางระเบิดไดนาไมต์ตามเวลาที่กำหนดบนศัตรู ST ที่กำหนดภายในระยะ ${1} เมตร หลังจากผ่านไป ${2} วินาที สร้าง ATK กายภาพ * ^{1}${5}%^{2} พิษสร้างความเสียหายกายภาพระยะไกล โดยไม่สนใจ FLEE ต่อศัตรูที่กำหนดและศัตรูอื่นสูงสุด ${4} ภายในรัศมี ${3} เมตร และสร้างความเสียหาย 【^{3}^{4}【พิษ】^{5}^{6} กับเป้าหมาย
26202	Summons a mud pit with a radius of ${2} meters at a designated area within ${1} meters of you, reducing the ASPD of up to ${3} enemies inside by ^{1}${4}%^{2} and their Movement Speed by ^{3}${5}%^{4}. Units entering the mud pit have their Movement Speed and ASPD buffs removed. The mud pit lasts ${6} seconds.	เรียกหลุมโคลนที่มีรัศมี${2}เมตร ในพื้นที่ที่กำหนดภายใน${1}เมตรจากคุณ ซึ่งจะลด ASPD ของศัตรูที่อยู่ภายในได้สูงสุดถึง${3}^{1}${4}%^{2}และความเร็วในการเคลื่อนที่ของพวกมันโดย ^{3}${5}%^{4}.ยูนิตที่เข้าไปในหลุมโคลนจะถูกลบความเร็วในการเคลื่อนที่และบัฟ ASPD ออกหลุมโคลนกินเวลา${6}วินาที
26203	Underage players may only Login ROO <color=#cc762a>from 20:00 to 21:00 on Fridays, Saturdays, Sundays, and legal holidays</color>. You have been verified as an underage player and <color=#cc762a>cannot enter the game at this time</color>. For details, please see the official Anti-Addiction System announcement.	Underage players may only Login ROO <color=#cc762a>from 20:00 to 21:00 on Fridays, Saturdays, Sundays, and legal holidays</color>. You have been verified as an underage player and <color=#cc762a>cannot enter the game at this time</color>. For details, please see the official Anti-Addiction System announcement.
26204	When the 【Enhance Camouflage】 status is removed by dealing or taking damage, unleash a ring of discs around yourself, dealing Neutral melee Physical damage equal to Physical ATK * ^{1}${3}%^{2} to up to ${2} enemies within a ${1}-meter radius and reducing their Movement Speed by ^{3}${4}%^{4} for ${5} seconds.	เมื่อสถานะ 【ปรับปรุงการพรางตัว】 ถูกลบออกโดยการจัดการหรือรับความเสียหาย ปล่อยวงแหวนของดิสก์รอบตัวคุณ สร้างความเสียหายทางกายภาพระยะประชิดที่เป็นกลางเท่ากับการโจมตีทางกายภาพ * ^{1}${3}%^{2}ไปยังศัตรูสูงสุด${2}ภายในรัศมีและลดลงของ${1}เมตรความเร็วในการเคลื่อนที่ของพวกเขาโดย ^{3}${4}%^{4}สำหรับ${5}วินาที
26205	"...The Nail of Order is by no means a natural creation. Ancient records from Juno state that the ancient civilization of Juperos possessed technology capable of converting Life Emotions (thought forms) into physical energy. I theorize that activating the Nail requires some Ultra form of ""conviction"" as the key."	"...The Nail of Order ไม่ใช่การสร้างสรรค์ตามธรรมชาติแต่อย่างใด บันทึกโบราณจากจูโนระบุว่าอารยธรรมโบราณของจูเปรอสมีเทคโนโลยีที่สามารถเปลี่ยนอารมณ์ชีวิต (รูปแบบความคิด) ให้เป็นพลังงานทางกายภาพได้ ฉันตั้งทฤษฎีว่าการเปิดใช้งาน Nail ต้องใช้ ""ความเชื่อมั่น"" รูปแบบ Ultra บางอย่างเป็นกุญแจสำคัญ"
26206	"Spend <link=""${3}""><sprite name=""${1}""><color=${2}>X${4}</color></link> to Create Guild?\n\n(After creating the guild, receive responses from <color=#C26B47>3 players</color> within <color=#C26B47>24 hours</color> for Creation Successful. If creation fails, the items spent to Create Guild will Return via mail.)"	"Spend <link=""${3}""><sprite name=""${1}""><color=${2}>X${4}</color></link> to Create Guild?\n\n(After creating the guild, receive responses from <color=#C26B47>3 players</color> within <color=#C26B47>24 hours</color> for Creation Successful. If creation fails, the items spent to Create Guild will Return via mail.)"
26207	The BOSS creates @{1} Stone Pillars, then pulls players toward the center. It creates arena-wide circular AOEs from the edge @{2} times at @{3}-second intervals. Finally, after a @{4}-second warning, it unleashes a sandstorm lasting @{5} seconds that pulls players toward the center and inflicts Damage over Time	บอสสร้างเสาหิน@{1}จากนั้นดึงผู้เล่นเข้าหาศูนย์กลางมันสร้าง AOE แบบวงกลมทั่วทั้งอารีน่าจากขอบ@{2}คูณด้วย@{3}- ช่วงเวลาวินาทีในที่สุด หลังจากการเตือนครั้งที่สองของ@{4}มันจะปล่อยพายุทรายที่ยาวนาน@{5}วินาที ซึ่งจะดึงผู้เล่นไปยังศูนย์กลางและสร้างความเสียหายต่อเนื่อง
26208	Can only be used while under ^{1}^{2}【Camouflage】^{3}^{4}. Deals Physical ATK * ^{5}${3}% + ${4}^{6} Neutral melee Physical DMG to up to ${2} enemies within a ${1} m radius, with a ${5}% Chance to inflict ^{7}^{8}【Stun】^{9}^{10} for ${6} sec and a ${7}% Chance to inflict ^{11}^{12}【Blind】^{13}^{14} for ${8} sec.	ใช้ได้เฉพาะภายใต้ ^{1}^{2}【ลายพราง】^{3}^{4}.สร้างความเสียหายทางกายภาพ * ^{5}${3}% +${4}^{6}สร้างความเสียหายกายภาพระยะประชิดที่เป็นกลาง สูงสุด${2}ศัตรูภายในรัศมี${1}m โดยมีโอกาสสร้างความเสียหาย${5}%{7}^{8}【สตัน】^{9}^{10}สำหรับ${6}วินาทีและ${7}% โอกาสที่จะสร้าง ^{11}^{12}【ตาบอด】^{13}↑{14}สำหรับ${8}วินาที
26209	After using ^{1}^{2}【Heaven's Drive】^{3}^{4}, the next ^{5}^{6}【Meteor Storm】^{7}^{8} used within ${1} seconds creates an 【Ember Zone】 lasting ^{9}${2}^{10} seconds. Every ^{11}${3}^{12} seconds, it deals Fire Ranged Magic damage equal to MATK*^{15}${5}%+${6}^{16} to up to ^{13}${4}^{14} enemies within the area.	หลังจากใช้ ^{1}^{2}【Heaven's Drive】^{3}^{4}, ถัดไป ^{5}^{6}【Meteor Storm】^{7}^{8}ใช้ภายใน วินาที${1}จะสร้าง 【Ember Zone】 ที่ยาวนาน ^{9}${2}^{10}วินาที ทุกๆ ^{11}${3}^{12}วินาที จะสร้างความเสียหายเวทย์ Fire Ranged เท่ากับ MATK*^{15}${5}%+${6}^{16}สูงสุดถึง ^{13}${4}↑{14}ศัตรูภายในพื้นที่
26210	@{1}.Authorized Guild Management personnel can send Notification Mail to every Guild Member.\n@{2}.Group Mail can be sent ^{1}@{3} times per day^{2}. ^{3}The limit resets daily at @{4} a.m.^{4}.\n@{5}.The number of emails available is tied to the Guild, so Guild Management should plan the mailing schedule wisely~	@{1}.บุคลากรการจัดการกิลด์ที่ได้รับอนุญาตสามารถส่งจดหมายแจ้งเตือนไปยังสมาชิกกิลด์ทุกคน\n@{2}.สามารถส่งจดหมายกลุ่มได้ ^{1}@{3} ครั้งต่อวัน^{2} ^{3}ขีดจำกัดจะรีเซ็ตทุกวันเวลา @{4} a.m.^{4}.\n@{5} จำนวนอีเมลที่มีอยู่นั้นเชื่อมโยงกับกิลด์ ดังนั้นฝ่ายบริหารกิลด์ควรวางแผนกำหนดการส่งจดหมายอย่างชาญฉลาด~
26211	The Silver Moon Witch summons moonlight to strike enemies, increasing the ranged damage of up to ${3} allies within ${2} meters by ^{1}${5}%^{2} for ${6} seconds and dealing Neutral ranged magic damage equal to Pet Magic ATK * ^{3}${4}%^{4} to up to ${3} enemies in a ${1}-meter-by-${2}-meter area in front of her.	แม่มดพระจันทร์สีเงินเรียกแสงจันทร์มาโจมตีศัตรู เพิ่มความเสียหายระยะไกลให้กับพันธมิตร${3}ภายใน${2}เมตร ^{1}${5}%^{2}เป็นเวลา${6}วินาที และสร้างความเสียหายเวทย์มนตร์ระยะเป็นกลางเท่ากับ Pet Magic ATK *↑{3}${4}%^{4}ไปจนถึงศัตรู${3}ในระยะ${1}-เมตร-คูณ-${2}-พื้นที่เมตรข้างหน้าเธอ
26212	@{1}.After a gift is sent, both friends receive the corresponding stat increases.\n@{2}.Popularity: The stat gained by the recipient after receiving a gift.\n@{3}.Heart Points: The stat gained by the sender after sending a gift.\n@{4}.Intimacy: The stat gained by both the sender and recipient after a gift is sent.	@{1}.หลังจากส่งของขวัญ เพื่อนทั้งสองจะได้รับสถิติที่เพิ่มขึ้น\n@{2}.ความนิยม: สถิติที่ผู้รับได้รับหลังจากได้รับของขวัญ\n@{3}.คะแนนหัวใจ: สถิติที่ผู้ส่งได้รับหลังจากส่งของขวัญ\n@{4}.ความใกล้ชิด: สถิติที่ได้รับจากทั้งผู้ส่งและผู้รับหลังจากส่งของขวัญ
26213	Participate in the Spirit Tower during the event to earn ranking rewards at Settlement. The higher your rank, the better the rewards!\n@{1}. Players who reach higher Floors will rank higher.\n@{2}. Players who complete the same number of Floors will be ranked by completion time, with faster players ranking higher.	เข้าร่วม Spirit Tower ระหว่างกิจกรรมเพื่อรับรางวัลอันดับใน Settlementยิ่งอันดับของคุณสูง รางวัลก็ยิ่งดี!\n@{1}.ผู้เล่นที่ไปถึงชั้นที่สูงกว่าจะมีอันดับที่สูงขึ้น\n@{2}.ผู้เล่นที่ทำสำเร็จในจำนวนชั้นเท่ากันจะได้รับการจัดอันดับตามเวลาที่ทำสำเร็จ โดยผู้เล่นที่เร็วกว่าจะได้อันดับที่สูงกว่า
26214	Garm Baby breathes wintry air, continuously dealing Neutral melee ^{5}Adaptive Damage^{6} equal to the owner's ^{1}Adaptive Attack^{2}*^{3}${4}%^{4} to up to ${3} enemies in a ${1}-meter-by-${2}-meter area in the designated direction, with a ^{7}${5}%^{8} Chance to inflict ^{9}^{10}【Frozen】^{11}^{12} for ${6} sec.	Garm Baby สูดอากาศหนาวเย็น สร้างความเสียหายระยะประชิดที่เป็นกลางอย่างต่อเนื่อง ^{5}Adaptive Damage^{6}เท่ากับของเจ้าของ ^{1}Adaptive Attack^{2}*^{3}${4}%^{4}ไปจนถึง${3}ศัตรูในพื้นที่${1}เมตรต่อ${2}เมตรในทิศทางที่กำหนด โดยมี ^{7}${5}%^{8}โอกาสที่จะสร้าง ^{9}^{10}【แช่แข็ง】^{11}^{12}สำหรับ${6}วินาที
26215	When using ^{1}【Wolf Hunt】^{2} against an enemy more than @{1} meters away, summon an Extra @{2} wolf followers to charge the target, dealing Neutral melee Physical DMG equal to Physical ATK * ^{3}${1}%^{4}. Cooldown: @{3} sec. When used against Boss monsters, ^{5}【Wolf Hunt】^{6} ignores this Distance requirement.	เมื่อใช้ ^{1}【Wolf Hunt】^{2}กับศัตรูที่อยู่ห่างออกไปมากกว่า@{1}เมตร ให้เรียกผู้ติดตามหมาป่า Extra@{2}มาโจมตีเป้าหมาย สร้าง DMG กายภาพระยะประชิดที่เป็นกลางเท่ากับ ATK กายภาพ * ^{3}${1}%^{4}.คูลดาวน์:@{3}วินาทีเมื่อใช้กับมอนสเตอร์ประเภท Boss ^{5}【Wolf Hunt】^{6}จะไม่สนใจข้อกำหนดด้านระยะห่างนี้
26216	Unleash the power of thunder, dealing ATK * ^{1}@{4}%^{2} damage to up to @{3} enemies within a targeted @{2}-meter-radius area located within @{1} meters, with a @{5}% Chance to inflict ^{3}【Stun】^{4} for @{6} seconds. ^{5}【Stun】^{6}: Interrupts movement, casting, and skills. The target Cannot move or cast skills.	ปลดปล่อยพลังแห่งสายฟ้า สร้าง ATK * ^{1}@{4}%^{2}สร้างความเสียหายให้กับศัตรูสูงสุด@{3}ภายในเป้าหมาย@{2}- พื้นที่รัศมีเมตร ซึ่งอยู่ภายใน@{1}เมตร โดยมี@{5}% โอกาสที่จะสร้าง ^{3}【สตัน】^{4}เป็นเวลา@{6}วินาที^{5}【Stun】^{6}: ขัดจังหวะการเคลื่อนไหว การร่าย และทักษะเป้าหมายไม่สามารถเคลื่อนที่หรือร่ายทักษะได้
26217	When a ^{1}Debuff-type^{2} or ^{3}Control-type^{4} Primary Battle Skill Deals DMG, the owner's attacks deal Extra Neutral melee damage equal to the owner's ^{5}Adaptive Attack^{6}*^{7}${2}%^{8} for the next ${1} sec, with a ${3}% Chance to inflict ^{9}^{10}【Stun】^{11}^{12} for ${4} sec. Internal Cooldown: ${5} sec.	เมื่อ ^{1}Debuff-type^{2}หรือ ^{3}Control-type^{4}Primary Battle Skill สร้างความเสียหาย การโจมตีของเจ้าของจะสร้างความเสียหายระยะประชิดที่เป็นกลางพิเศษเท่ากับของเจ้าของ ^{5}Adaptive Attack^{6}*^{7}${2}%^{8}สำหรับ${1}วินาทีถัดไป โดยมี${3}% โอกาสที่จะสร้าง ^{9}^{10}【Stun】^{11}^{12}สำหรับ${4}วินาทีคูลดาวน์ภายใน:${5}วินาที
26218	@{1}.When an item listed in a raid auction is purchased, the Currency spent is distributed proportionally among the raid Members as Auction Dividends;\n@{2}.If an item listed in a raid auction receives no bids, it is randomly assigned to a raid Member;\n@{3}.If every Member taps Pass, the item can quickly go unsold;	@{1}เมื่อมีการซื้อรายการที่อยู่ในการประมูลปล้น สกุลเงินที่ใช้จะถูกกระจายตามสัดส่วนระหว่างสมาชิกการโจมตีเป็นเงินปันผลการประมูล\n@{2}หากรายการที่อยู่ในการประมูลปล้นไม่ได้รับการเสนอราคา จะมีการสุ่มกำหนดให้กับสมาชิกการโจมตี\n@{3}หากสมาชิกทุกคนแตะผ่าน รายการนั้นก็จะขายไม่ออกอย่างรวดเร็ว
26219	Dear Player:\nThe System detected an irregularity in your Trade Market transaction at ${8} 【Trade Item:${1}, Trade Amount:${5}, Order No.:${7}】.\nAs you are a veteran player, the System will not penalize you for this Trade. However, to maintain a fair Trade environment, please refrain from violating the Trade rules.	เรียน ผู้เล่น:\nระบบตรวจพบความผิดปกติในการทำธุรกรรมในตลาดการค้าของคุณที่${8}【รายการการค้า:${1}, จำนวนการค้า:${5}, หมายเลขคำสั่งซื้อ:${7}】\nเนื่องจากคุณเป็นผู้เล่นที่มีประสบการณ์ ระบบจะไม่ลงโทษคุณสำหรับการแลกเปลี่ยนนี้อย่างไรก็ตาม เพื่อรักษาสภาพแวดล้อมการค้าที่เป็นธรรม โปรดอย่าละเมิดกฎการค้า
26220	When casting ^{1}any type^{2} of Primary Battle Skill, triggers 【Slash】: Deals Neutral melee ^{7}Adaptive Damage^{8} equal to the owner's ^{3}Adaptive Attack^{4}*^{5}${3}%^{6} to up to ${2} enemies within a ${1}-meter radius, and inflicts 【Corrupted Soul Impact】: reduces Physical and Magic DEF by ${4}% for ${5} sec.	เมื่อทำการร่าย ^{1}ประเภทใดก็ได้^{2}ของทักษะการต่อสู้หลัก จะทำให้เกิด [Slash]: สร้างความเสียหายระยะประชิดที่เป็นกลาง ^{7}Adaptive Damage^{8}เท่ากับเจ้าของ ^{3}Adaptive Attack^{4}*^{5}${3}%^{6}ไปจนถึงศัตรู${2}ภายในรัศมี${1}เมตร และสร้าง 【Corrupted Soul Impact】: ลด DEF กายภาพและเวทมนตร์ลง${4}% เป็นเวลา${5}วินาที
26221	You can earn only a limited number of Competition Medals each week. Once you reach This Week's Limit, you cannot earn any more. You can earn up to 20,000 points per week; any excess will be discarded. This resets every Monday. You can carry up to 100,000 points; any points earned beyond this limit will be discarded.	คุณสามารถรับเหรียญรางวัลการแข่งขันได้ในจำนวนจำกัดในแต่ละสัปดาห์เมื่อคุณถึงขีดจำกัดของสัปดาห์นี้แล้ว คุณจะไม่สามารถสร้างรายได้อีกต่อไปคุณสามารถรับคะแนนสูงสุด 20,000 คะแนนต่อสัปดาห์ส่วนเกินใด ๆ จะถูกทิ้งสิ่งนี้จะรีเซ็ตทุกวันจันทร์คุณสามารถพกพาคะแนนได้มากถึง 100,000 คะแนนคะแนนที่ได้รับเกินขีดจำกัดนี้จะถูกยกเลิก
26222	Summons a meteor shower within ${1} meters of you, dealing Magic ATK*^{1}${4}%+${5}^{2} Fire ranged magic damage per wave to up to ${3} targets in a circular area with a ${2}-meter radius. The meteor shower strikes in ${6} waves, each with a ${7}% Chance to inflict ^{3}^{4}【Stun】^{5}^{6} on targets for ${8} seconds.	เรียกฝนดาวตกในระยะ${1}เมตรจากคุณ สร้างความเสียหายเวทย์*^{1}${4}%+${5}^{2}ยิงความเสียหายเวทระยะไกลต่อคลื่นสูงสุดถึงเป้าหมาย${3}ในพื้นที่วงกลมโดยมี${2}-รัศมีเมตรฝนดาวตกตกลงมาในคลื่น${6}โดยแต่ละครั้งมีโอกาส${7}% ที่จะสร้างความเสียหาย ^{3}^{4}【สตัน】^{5}^{6}ใส่เป้าหมายเป็นเวลา${8}วินาที
26223	Warlocks are the ultimate form of the Mage path and the most complex class in the entire Magic system. They combine absolute mastery of the four Elements with the secrets of Soul Buster. A Warlock can weave the four Elements into an Entrapping Net or crush a single target through sheer force of will with Soul Buster.	Warlocks เป็นรูปแบบขั้นสูงสุดของเส้นทาง Mage และเป็นคลาสที่ซับซ้อนที่สุดในระบบเวทมนตร์ทั้งหมดพวกเขารวมความเชี่ยวชาญที่แท้จริงของธาตุทั้งสี่เข้ากับความลับของ Soul BusterWarlock สามารถสานธาตุทั้งสี่เข้าด้วยกันเป็นตาข่ายดักจับ หรือบดขยี้เป้าหมายเดียวด้วยพลังแห่งความตั้งใจด้วย Soul Buster
26224	The Silver Moon Witch summons moonlight to strike enemies, increasing the ranged damage of up to ${3} allies within ${7} meters by ^{1}${5}%^{2} for ${6} seconds and dealing Neutral ranged magic damage equal to Pet Magic ATK * ^{3}${4}%^{4} to up to ${3} enemies within a ${1}-meter by ${2}-meter area in front of her.	แม่มดพระจันทร์สีเงินเรียกแสงจันทร์มาโจมตีศัตรู เพิ่มความเสียหายระยะไกลให้กับพันธมิตร${3}ภายใน${7}เมตร ^{1}${5}%^{2}เป็นเวลา${6}วินาที และสร้างความเสียหายเวทย์มนตร์ระยะไกลเท่ากับ Pet Magic ATK *↑{3}${4}%^{4}ไปจนถึง${3}ศัตรูภายในระยะ${1}-เมตร โดย${2}-พื้นที่เมตรข้างหน้าเธอ
26225	@{1}.When listing an item at a Stall, a @{2}% Stall fee is charged if the Currency is Meowfruit, while a @{3}% fee is charged if the Currency is Zeny.\n@{4}.For Meowfruit, the minimum price is @{5} Meowfruit and the maximum is @{6} Meowfruit.\n@{7}.For Zeny, the minimum price is @{8} Zeny and the maximum is @{9} Zeny.	@{1}.เมื่อลงรายการสินค้าที่แผงลอย จะมีการเรียกเก็บค่าธรรมเนียม @{2}% ของแผงหากสกุลเงินคือ Meowfruit ในขณะที่จะมีการเรียกเก็บค่าธรรมเนียม @{3}% หากสกุลเงินเป็น Zeny\n@{4}สำหรับ Meowfruit ราคาขั้นต่ำคือ @{5} Meowfruit และสูงสุดคือ @{6} Meowfruit\n@{7}สำหรับ Zeny ราคาขั้นต่ำคือ @{8} Zeny และสูงสุดคือ @{9} Zeny
26226	The Death Witch summons a giant scythe to crash down, dealing her Magic ATK*^{1}${4}%^{2} Neutral ranged Magic damage to the designated ST enemy within ${1}m and up to ${3} enemies within ${2}m of the target. Enemies hit receive ^{3}${5}%^{4} less healing and have their Magic DEF reduced by ^{5}${6}%^{6} for ${7} sec.	แม่มดแห่งความตายเรียกเคียวยักษ์มาฟาดลงมา สร้างพลังโจมตีเวทย์ของเธอ*^{1}${4}%^{2}สร้างความเสียหายด้วยเวทมนตร์ระยะไกลแก่ศัตรู ST ที่กำหนดภายใน${1}m และศัตรูสูงสุด${3}ภายใน${2}m ของเป้าหมายศัตรูที่ถูกโจมตีจะได้รับ ^{3}${5}%^{4}การรักษาน้อยลง และ DEF เวทย์ของพวกเขาลดลง ^{5}${6}%^{6}สำหรับ${7}วินาที
26227	【Holy Spirit Surge】 becomes 【Evil Spirit Possession】. When activated, you enter the 【Embrace of Sin】 state, raising a cross behind you that launches a coordinated attack whenever you deal damage. (Cooldown: @{1}s)\nWhen the coordinated attack scores a HIT, a wisp of 【Will】 flies back and restores charge to 【Stigmata】.	【Holy Spirit Surge】 กลายเป็น 【ครอบครองวิญญาณชั่วร้าย】เมื่อเปิดใช้งาน คุณจะเข้าสู่สถานะ 【โอบกอดบาป】 โดยยกกากบาทขึ้นด้านหลังคุณ และจะเริ่มการโจมตีแบบประสานงานทุกครั้งที่คุณสร้างความเสียหาย(คูลดาวน์:@{1}s)\nเมื่อการโจมตีที่ประสานกันทำคะแนน HIT จำนวนเล็กน้อยของ 【Will】 จะบินกลับไปและฟื้นฟูการชาร์จให้กับ 【สติกมาตา】
26228	@{1}.Drops are independent for each player and their teammates.\n@{2}.When a teammate uses Auto Mode on the same map, there is a Chance that the Monster's Drops will also be shared with the player.\n@{3}.Drops shared by teammates are shown Below each item on this screen with “Teammate:” followed by the quantity shared.	"@{1}.ดรอปจะขึ้นอยู่กับผู้เล่นแต่ละคนและเพื่อนร่วมทีม\n@{2}.เมื่อเพื่อนร่วมทีมใช้โหมดอัตโนมัติบนแผนที่เดียวกัน มีโอกาสที่ Monster's Drops จะถูกแชร์กับผู้เล่นด้วย\n@{3}.ดรอปที่เพื่อนร่วมทีมแบ่งปันจะแสดงใต้แต่ละรายการบนหน้าจอนี้โดยมีคำว่า ""เพื่อนร่วมทีม:"" ตามด้วยจำนวนที่แบ่งปัน"
26229	Bongun claps its hands together to unleash demonic energy, dealing Neutral melee ^{5}adaptive damage^{6} equal to the master's ^{1}Adaptive ATK^{2}*^{3}${3}%^{4} to up to ${2} enemies within ${1} meters of the master, plus Poison melee ^{11}adaptive damage^{12} totaling the master's ^{7}Adaptive ATK^{8}*^{9}${4}%^{10}.	Bongun ปรบมือเพื่อปลดปล่อยพลังปีศาจ สร้างความเสียหายระยะประชิดที่เป็นกลาง ^{5}ความเสียหายแบบปรับตัว^{6}เท่ากับปรมาจารย์ ^{1}Adaptive ATK^{2}*^{3}${3}%^{4}ไปจนถึง${2}ศัตรูที่อยู่ในระยะ${1}เมตรของมาสเตอร์ บวกกับพิษระยะประชิด ^{11}ความเสียหายแบบปรับตัว^{12}รวมของอาจารย์ ^{7}Adaptive ATK^{8}*^{9}${4}%^{10}.
26230	Corrupted Wander Man slashes, dealing ranged Neutral ^{5}adaptive damage^{6} equal to the master's ^{1}Adaptive ATK^{2}*^{3}${4}%^{4} to up to ${3} enemies in a targeted area with a ${2}-meter radius within ${1} meters, and inflicts 【Turbid Soul Impact】: reduces Physical and Magic DEF by ^{7}${5}%^{8} for ${6} seconds.	Corrupted Wander Man เฉือน สร้างระยะเป็นกลาง ^{5}ความเสียหายแบบปรับได้^{6}เท่ากับของอาจารย์ ^{1}Adaptive ATK^{2}*^{3}${4}%^{4}โจมตีศัตรูได้สูงสุด${3}ในพื้นที่เป้าหมายด้วย${2}- รัศมีเมตรภายใน${1}เมตร และสร้างเอฟเฟ็กต์ 【Turbid Soul Impact】: ลด DEF กายภาพและเวทมนตร์ลง ^{7}${5}%^{8}สำหรับ${6}วินาที
26231	When a ^{1}Control-type^{2} Primary Battle Skill Deals DMG, it has a ^{3}${1}%^{4} Chance to inflict ^{5}^{6}【Petrify】^{7}^{8} on the target for ${2} sec. For the next ${3} sec, the owner's DMG Bonus against enemies affected by ^{9}^{10}【Petrify】^{11}^{12} or ^{13}^{14}【Sluggish】^{15}^{16} increases by ^{17}${4}%^{18}.	เมื่อ ^{1}ประเภทควบคุม^{2}ทักษะการต่อสู้หลักสร้างความเสียหาย จะมี ^{3}${1}%^{4}โอกาสที่จะสร้าง ^{5}^{6}【กลายเป็นหิน】^{7}^{8}บนเป้าหมายสำหรับ${2}วินาทีในวินาทีถัดไปของ${3}โบนัส DMG ของเจ้าของต่อศัตรูที่ได้รับผลกระทบจาก ^{9}^{10}【กลายเป็นหิน】^{11}^{12}หรือ ^{13}^{14}【ซบเซา】^{15}^{16}เพิ่มขึ้น ^{17}${4}%^{18}
26232	Can only be cast while riding a dragon. The dragon mount breathes a wintry orb, dealing ${4} hits of Water ranged Physical damage totaling Physical ATK * ^{1}${5}%^{2} to up to ${3} enemies within a ${1}m x ${2}m area in the target direction, with a ^{3}${6}%^{4} Chance to inflict ^{5}^{6}【Frozen】^{7}^{8} for ${7} sec.	ร่ายได้ขณะขี่มังกรเท่านั้นสัตว์พาหนะมังกรสูดลูกแก้วฤดูหนาว สร้างความเสียหายทางกายภาพให้กับ${4}โจมตีระยะไกลด้วยน้ำ รวมพลังโจมตีทางกายภาพ * ^{1}${5}%^{2}ไปจนถึงศัตรูสูงสุด${3}ภายในพื้นที่${1}m x${2}m ในทิศทางเป้าหมาย พร้อมด้วยa ^{3}${6}%^{4}โอกาสที่จะสร้าง ^{5}^{6}【แช่แข็ง】^{7}^{8}สำหรับ${7}วินาที
26233	Increases your Neutral, Ghost, Fire, Water, Wind, and Earth Element DMG Bonus by ^{1}${1}%^{2}. When a Boss target resists your ^{3}^{4}【Frozen】^{5}^{6}, ^{7}^{8}【Petrify】^{9}^{10}, or ^{11}^{12}【Stun】^{13}^{14}, respectively deals Water/Earth/Wind Ranged Magic damage equal to your MATK * ^{15}${2}%^{16} to the target.	เพิ่มโบนัส DMG ธาตุเป็นกลาง ผี ไฟ น้ำ ลม และดิน โดย ^{1}${1}%^{2}เมื่อเป้าหมายบอสต่อต้านคุณ ^{3}^{4}【แช่แข็ง】^{5}^{6}, ^{7}^{8}【กลายเป็นหิน】^{9}^{10}หรือ ^{11}^{12}【Stun】^{13}^{14}ตามลำดับสร้างความเสียหายเวทย์มนตร์น้ำ/ดิน/ลมเท่ากับ MATK ของคุณ * ^{15}${2}%^{16}ไปยังเป้าหมาย
26234	Elio performs a precise operation, dealing a total of ^{1}Adaptive ATK^{2}*^{3}${2}%^{4} Neutral melee ^{5}Adaptive Damage^{6} to the designated ST enemy within ${1} meters. Each attack drains the enemy's Life, restoring ^{7}Adaptive ATK^{8}*^{9}${5}%^{10} ^{11}Life^{12} to up to ${4} allies within a ${3}-meter radius.	Elio ดำเนินการอย่างแม่นยำ สร้างความเสียหายรวม ^{1}Adaptive ATK^{2}*^{3}${2}%^{4}ระยะประชิดที่เป็นกลาง ^{5}ความเสียหายจากการปรับตัว^{6}ไปยังกำหนดศัตรู ST ในระยะ${1}เมตรการโจมตีแต่ละครั้งจะดูดพลังชีวิตของศัตรู ฟื้นฟู ^{7}Adaptive ATK^{8}*^{9}${5}%^{10}^{11}Life^{12}ไปจนถึงพันธมิตร${4}ภายใน${3}-รัศมีเมตร
26235	Maya first pulls players back to the center, then ^{1}summons meteors that fall to the ground^{2}. After the meteors land, Maya gathers ^{3}a quicksand storm^{4}. Players pulled into the center ^{5}take Damage over Time^{6} and must use ^{7}the stone pillars generated on the field^{8} to avoid the meteors and quicksand.	Maya ดึงผู้เล่นกลับมาที่ศูนย์กลางก่อน จากนั้น ^{1}เรียกอุกกาบาตที่ตกลงสู่พื้น^{2}หลังจากที่อุกกาบาตตกลงมา มายาก็รวบรวม ^{3}พายุทรายดูด^{4}ผู้เล่นถูกดึงเข้ามาตรงกลาง ^{5}ได้รับความเสียหายเมื่อเวลาผ่านไป^{6}และต้องใช้ ^{7}เสาหินที่สร้างขึ้นในสนาม^{8}เพื่อหลีกเลี่ยงอุกกาบาตและทรายดูด
26236	Draw a holy light magic circle with an Exorciser incantation, dealing Holy ranged magic damage equal to Magic ATK * ^{1}${4}%^{2} to up to ${3} enemies within the targeted ${2}-meter-radius area within ${1} meters of you (^{3}^{4}DEX Resonance ${6}%^{5}^{6}). For this skill, ^{7}Uses:^{8} +1 every ${5} seconds, up to 2.	วาดวงกลมเวทย์มนตร์แสงศักดิ์สิทธิ์ด้วยคาถา Exorciser สร้างความเสียหายเวทย์มนต์ศักดิ์สิทธิ์เท่ากับพลังโจมตีเวทย์ * ^{1}${4}%^{2}ไปจนถึงศัตรู${3}ภายในเป้าหมาย${2}- พื้นที่รัศมีเมตรภายในเป้าหมาย${1}เมตรของคุณ (^{3}^{4}DEX Resonance${6}%^{5}^{6})สำหรับทักษะนี้ ^{7}ใช้:^{8}+1 ทุก ๆ${5}วินาที สูงสุด 2
26237	The naked young woman suddenly transforms into a giant ant—she was the Ant Queen all along!\nShe unleashes an attack skill and summons several Pieres to surround the Professor.\nA cocoon gradually envelops the Professor, and the ants drag them toward a mysterious opening. The Ant Queen follows them inside and disappears.	จู่ๆ หญิงสาวเปลือยก็กลายร่างเป็นมดยักษ์—เธอเป็นราชินีมดมาโดยตลอด!\nเธอปลดปล่อยทักษะการโจมตีและเรียกปิแอร์หลายตัวมาล้อมศาสตราจารย์\nรังไหมจะค่อยๆ ห่อหุ้มศาสตราจารย์ และมดก็ลากพวกมันไปยังช่องลึกลับราชินีมดติดตามพวกเขาเข้าไปข้างในแล้วหายตัวไป
26238	Can only be used while riding Madogear. Launch Pile Bunker at ${2} selected enemies within ${1} meters of you and up to ${4} enemies within ${3} meters of them, dealing Neutral Ranged Physical DMG equal to PATK * ^{1}${5}%^{2}, inflicting ${6}-meter Knockback, and inflicting Stun for ${7} seconds. DMG increases with STR.	ใช้ได้ขณะขี่ Madogear เท่านั้นเปิดตัว Pile Bunker ที่${2}เลือกศัตรูที่อยู่ในระยะ${1}เมตรจากคุณ และศัตรูสูงสุด${4}ภายใน${3}เมตร สร้างความเสียหายทางกายภาพระยะไกลเท่ากับ PATK * ^{1}${5}%^{2}ทำให้เกิดความเสียหาย${6}-เมตรกระเด็น และทำให้มึนงงเป็นเวลา${7}วินาทีDMG เพิ่มขึ้นตาม STR
26239	Range: @{1}-@{2} m\nVertical Firing Arc: @{3}-@{4} degrees\nHorizontal Firing Arc: @{5} degrees\nAmmo Capacity: @{6} rounds\nRounds per Launch: @{7}\nAim Time: @{8} sec\nReload Time: @{9} sec\nDamage: Low\nAdditional Effect: Burn\nCannot move after construction. Find a good spot to build it and unleash its full firepower.	ช่วง:@{1}-@{2}m\nส่วนโค้งการยิงแนวตั้ง:@{3}-@{4}องศา\nส่วนโค้งยิงแนวนอน:@{5}องศา\nความจุกระสุน:@{6}รอบ\nรอบต่อการเปิดตัว:@{7}\nเวลาเป้าหมาย:@{8}วินาที\nเวลาโหลดซ้ำ:@{9}วินาที\nความเสียหาย: ต่ำ\nผลกระทบเพิ่มเติม: เบิร์น\nไม่สามารถเคลื่อนที่ได้หลังการก่อสร้างค้นหาจุดที่ดีเพื่อสร้างมันและปลดปล่อยพลังการยิงเต็มที่
26240	A skill exclusive to two-handed Spears. Charge up to generate a spiral of energy, then hurl your Spear at the target, dealing Neutral ranged Physical damage equal to Physical ATK * ^{1}${2}%^{2} to the targeted enemy within ${1} meters, pulling them in front of you and inflicting ^{3}^{4}【Immobilize】^{5}^{6} for ${3} sec.	ทักษะเฉพาะของหอกสองมือ ชาร์จพลังเพื่อสร้างเกลียวพลังงาน จากนั้นเหวี่ยงหอกของคุณไปยังเป้าหมาย สร้างความเสียหายทางกายภาพระยะเป็นกลางเท่ากับการโจมตีทางกายภาพ * ^{1}${2}%^{2}ไปยังศัตรูเป้าหมายภายในระยะ${1}เมตร ดึงพวกมันไปด้านหน้าคุณและสร้างความเสียหาย ^{3}^{4}【ทำให้เคลื่อนที่ไม่ได้】^{5}^{6}สำหรับ${3}วินาที
26241	For ${1} sec after casting a ^{1}Buff-type^{2} Primary Battle Skill, inflicts 【Undead Convergence】 on up to ${3} members of the Enemy Team within a ${2}-meter radius of the owner for ${4} sec. While Active, increases all Elemental Damage they take by ^{3}${5}%^{4} and inflicts ^{5}【Sluggish】^{6} ${6}%. Cooldown: ${7} sec.	สำหรับ${1}วินาทีหลังจากร่าย ^{1}Buff-type^{2}ทักษะการต่อสู้หลัก จะทำให้ 【Undead Convergence】 มากถึงสมาชิก${3}ของทีมศัตรูภายในรัศมี${2}- เมตรของเจ้าของ${4}วินาทีขณะที่ใช้งาน จะเพิ่มความเสียหายธาตุทั้งหมดที่พวกเขาได้รับ ^{3}${5}%^{4}และสร้างความเสียหาย ^{5}【เฉื่อยชา】^{6}${6}%คูลดาวน์:${7}วินาที
26242	Range: @{1}-@{2} m\nVertical Firing Arc: @{3}-@{4} degrees\nHorizontal Firing Arc: @{5} degrees\nAmmo Capacity: @{6} rounds\nRounds per Launch: @{7}\nAim Time: @{8} sec\nReload Time: @{9} sec\nDamage: High\nAdditional Effect: Burn\nCannot move after construction. Find a good spot to build it and unleash its full firepower.	ช่วง:@{1}-@{2}m\nส่วนโค้งการยิงแนวตั้ง:@{3}-@{4}องศา\nส่วนโค้งยิงแนวนอน:@{5}องศา\nความจุกระสุน:@{6}รอบ\nรอบต่อการเปิดตัว:@{7}\nเวลาเป้าหมาย:@{8}วินาที\nเวลาโหลดซ้ำ:@{9}วินาที\nความเสียหาย: สูง\nผลกระทบเพิ่มเติม: เบิร์น\nไม่สามารถเคลื่อนที่ได้หลังการก่อสร้างค้นหาจุดที่ดีเพื่อสร้างมันและปลดปล่อยพลังการยิงเต็มที่
26243	Axe and Mace skill. Throw flying axes around you, dealing Neutral Melee Physical DMG totaling PATK * ^{1}${3}%^{2} to up to ${2} members of the Enemy Team within a ${1}-meter radius. For every @{1} enemies hit, reduce Axe Tornado's Cooldown by ${4} seconds and gain 【Immunity】 while casting your next unenhanced Axe Tornado.	ทักษะขวานและกระบองขว้างขวานบินไปรอบๆ ตัวคุณ สร้างความเสียหายทางกายภาพระยะประชิดที่เป็นกลาง รวมเป็น PATK * ^{1}${3}%^{2}ไปจนถึงสมาชิก${2}ของทีมศัตรูภายในรัศมี${1}เมตรสำหรับทุก ๆ ศัตรูที่โจมตี@{1}จะลดคูลดาวน์ของ Ax Tornado ลง${4}วินาที และได้รับ 【ภูมิคุ้มกัน】 ในขณะที่ร่าย Axe Tornado ที่ไม่ได้รับการปรับปรุงถัดไปของคุณ
26244	After using ^{1}^{2}【Storm Gust】^{3}^{4}, immediately triggers 【Frost Explosion】 @{1} times, dealing Water Ranged Magic damage equal to MATK*^{9}${3}%+${4}^{10} to up to ^{7}${2}^{8} enemies within a ^{5}${1}^{6}-meter radius, with a ^{11}${5}%^{12} Chance to inflict ^{13}^{14}【Frozen】^{15}^{16} for ^{17}${6}^{18} seconds.	หลังจากใช้ ^{1}^{2}【Storm Gust】^{3}^{4}จะเปิดใช้งาน 【Frost Explosion】@{1}ครั้งทันที สร้างความเสียหายเวทย์ Water Ranged Magic เท่ากับ MATK*^{9}${3}%+${4}^{10}ถึง ^{7}${2}^{8}ศัตรูภายใน ^{5}${1}^{6}- รัศมีเมตร โดยมี ^{11}${5}%^{12}โอกาสที่จะสร้าง ^{13}^{14}【แช่แข็ง】^{15}^{16}เป็นเวลา ^{17}${6}^{18}วินาที.
26245	Cooking success is affected by several factors. Higher-quality dishes have lower success rates. If cooking fails, you will receive one ^{1}Yor's Kitchen Creation.^{2}\nBase Success Rate: ^{3}Green-@{1}%^{4}, ^{5}Blue-@{2}%^{6}, ^{7}Purple-@{3}%^{8}, ^{9}Orange-@{4}%^{10}\nChef title skills also affect cooking success rates.	ความสำเร็จในการทำอาหารได้รับผลกระทบจากหลายปัจจัยอาหารคุณภาพสูงมีอัตราความสำเร็จต่ำกว่าหากทำอาหารล้มเหลว คุณจะได้รับ ^{1}Yor's Kitchen Creation^{2}\nBase Success Rate: ^{3}Green-@{1}%^{4}, ^{5}Blue-@{2}%^{6}, ^{7}สีม่วง-@{3}%^{8}, ^{9}สีส้ม-@{4}%^{10}\nทักษะตำแหน่งเชฟยังส่งผลต่ออัตราความสำเร็จในการทำอาหารด้วย
26246	Range: @{1}-@{2} m\nVertical Firing Arc: @{3}-@{4} degrees\nHorizontal Firing Arc: @{5} degrees\nAmmo Capacity: @{6} rounds\nRounds per Launch: @{7}\nAim Time: @{8} sec\nReload Time: @{9} sec\nDamage: High\nAdditional Effect: Blind\nCannot move after construction. Find a good spot to build it and unleash its full firepower.	ช่วง:@{1}-@{2}m\nส่วนโค้งยิงแนวตั้ง:@{3}-@{4}องศา\nส่วนโค้งยิงแนวนอน:@{5}องศา\nความจุกระสุน:@{6}รอบ\nรอบต่อการเปิดตัว:@{7}\nเวลาเป้าหมาย:@{8}วินาที\nเวลาโหลดซ้ำ:@{9}วินาที\nความเสียหาย: สูง\nผลกระทบเพิ่มเติม: ตาบอด\nไม่สามารถเคลื่อนที่ได้หลังการก่อสร้างค้นหาจุดที่ดีเพื่อสร้างมันและปลดปล่อยพลังการยิงเต็มที่
26247	Enhance the next 【Crimson Rock】, 【Jack Frost】, 【Thunderclap】, or 【Earth Strain】, adding Ranged Magic damage equal to MATK * ^{1}${1}%^{2} of the corresponding Element. The Chance to trigger ^{3}^{4}Meteor^{5}^{6}, ^{7}^{8}Frozen^{9}^{10}, ^{11}^{12}Petrify^{13}^{14}, or ^{15}^{16}Stun^{17}^{18} increases to ^{19}${2}%^{20}.	ปรับปรุง 【Crimson Rock】, 【Jack Frost】, 【Thunderclap】 หรือ 【Earth Strain】 เพิ่มความเสียหายเวทย์ระยะไกลเท่ากับ MATK * ^{1}${1}%^{2}ขององค์ประกอบที่เกี่ยวข้องโอกาสที่จะทริกเกอร์ ^{3}^{4}Meteor^{5}^{6}, ^{7}^{8}Frozen^{9}^{10}, ^{11}^{12}กลายเป็นหิน^{13}^{14}หรือ ^{15}^{16}สตัน^{17}^{18}เพิ่มขึ้นเป็น ^{19}${2}%^{20}.
26248	@{1}.When you obtain a Divine Art Totem, its stats and skills are randomized.\n@{2}.Use Skill Books for Learning Skills to add or replace Divine Art Totem skills.\n@{3}.Use designated items to reroll its stats.\n@{4}.Divine Art Totems of the same quality can be combined. The resulting totem's stats and skills are randomized.	@{1}.เมื่อคุณได้รับโทเท็มศิลปะศักดิ์สิทธิ์ สถิติและทักษะของโทเท็มนั้นจะถูกสุ่ม\n@{2}.ใช้หนังสือทักษะสำหรับทักษะการเรียนรู้เพื่อเพิ่มหรือแทนที่ทักษะโทเท็มศิลปะศักดิ์สิทธิ์\n@{3}.ใช้รายการที่กำหนดเพื่อสุ่มค่าสถานะของมัน\n@{4}.โทเท็มศิลปะศักดิ์สิทธิ์ที่มีคุณภาพเท่ากันสามารถนำมารวมกันได้ สถิติและทักษะของโทเท็มที่เกิดขึ้นจะถูกสุ่ม
26249	● Turn it in to the guild for guild Currency rewards.\n● It cannot be taken out of the Realm Sandbox and will drop from your inventory when you leave.● Upon dying in an Orange Zone, you will drop @{1}% of the total amount you are carrying.● Upon dying in a Black Zone, you will drop @{2}% of the total amount you are carrying.	● มอบรางวัลให้กับกิลด์เพื่อรับรางวัลสกุลเงินกิลด์\n● ไม่สามารถนำออกจาก Realm Sandbox ได้ และจะดรอปจากสินค้าคงคลังของคุณเมื่อคุณออกไป ● เมื่อตายใน Orange Zone คุณจะดรอป@{1}% ของจำนวนทั้งหมดที่คุณถืออยู่ ● เมื่อตายใน Black Zone คุณจะดรอป@{2}% ของจำนวนทั้งหมดที่คุณถืออยู่
26250	Party members who defeat monsters together on the same field map receive Extra bonuses\n2-player party: Base EXP, Job EXP, and item drop rate +20%\n3-player party: Base EXP, Job EXP, and item drop rate +30%\n4-player party: Base EXP, Job EXP, and item drop rate +40%\n5-player party: Base EXP, Job EXP, and item drop rate +50%	สมาชิกปาร์ตี้ที่กำจัดมอนสเตอร์ด้วยกันบนแผนที่สนามเดียวกันจะได้รับโบนัสพิเศษ\nปาร์ตี้ผู้เล่น 2 คน: Base EXP, Job EXP และอัตราการดรอปไอเทม +20%\nปาร์ตี้ผู้เล่น 3 คน: Base EXP, Job EXP และอัตราการดรอปไอเทม +30%\nปาร์ตี้ผู้เล่น 4 คน: Base EXP, Job EXP และอัตราการดรอปไอเทม +40%\nปาร์ตี้ผู้เล่น 5 คน: Base EXP, Job EXP และอัตราการดรอปไอเทม +50%
26251	During Guild League placement This Week, your guild did not meet the placement requirements. Please increase your guild's membership and Active rating to qualify. Guilds that fail to meet the placement requirements for @{1} consecutive placements will be unable to participate in the Guild League competition. Please take note!	ระหว่างการวางตำแหน่งกิลด์ลีกในสัปดาห์นี้ กิลด์ของคุณไม่ตรงตามข้อกำหนดตำแหน่งกรุณาเพิ่มสมาชิกกิลด์ของคุณและคะแนนที่ใช้งานอยู่เพื่อให้มีคุณสมบัติกิลด์ที่ไม่ตรงตามข้อกำหนดตำแหน่งสำหรับตำแหน่งติดต่อกันของ@{1}จะไม่สามารถเข้าร่วมการแข่งขันกิลด์ลีกได้โปรดทราบ!
26252	Restores ^{3}Life^{4} equal to your Magic ATK * ^{1}${2}% + ${3}^{2} for you and the designated ST ally within ${1}m. Each ^{5}Base Lv.^{6} gained increases ^{7}Healing Volume by ${4}%^{8}. When used on an ^{9}Undead-property^{10} enemy, deals Holy-property ranged magic damage equal to your Magic ATK * ^{11}${5}% + ${6}^{12}.	ฟื้นฟู ^{3}Life^{4}เท่ากับ Magic ATK ของคุณ * ^{1}${2}% +${3}^{2}สำหรับคุณและพันธมิตร ST ที่กำหนดภายใน${1}mแต่ละ ^{5}Base Lv.^{6}เพิ่มขึ้น ^{7}Healing Volume โดย${4}%^{8}เมื่อใช้กับ ^{9}Undead-property^{10}ศัตรู จะสร้างความเสียหายเวทย์มนต์จากคุณสมบัติ Holy เท่ากับพลังโจมตีเวทย์ของคุณ * ^{11}${5}% +${6}^{12}
26253	Can only be used while riding Madogear. Equip ${1} Arm Cannons on the Madogear's shoulders and Launch ${6} Cannon shells at ${3} selected enemies within ${2} meters and up to ${5} Other enemies within ${4} meters of them, dealing Neutral Ranged Physical DMG totaling PATK * ^{1}${7}%^{2} (^{3}^{4}Luck Resonance ${8}%^{5}^{6}).	ใช้ได้ขณะขี่ Madogear เท่านั้นติดตั้ง${1}Arm Cannons บนไหล่ของ Madogear และยิงกระสุนปืนใหญ่${6}ที่${3}เลือกศัตรูที่อยู่ในระยะ${2}เมตร และสูงถึง${5}ศัตรูอื่นๆ ภายใน${4}เมตร สร้างความเสียหายทางกายภาพระยะไกลแบบเป็นกลาง รวมเป็น PATK * ^{1}${7}%^{2}(^{3}^{4}เสียงสะท้อนของโชค${8}%^{5}^{6})
26254	Issti begins singing an ocean concerto, applying a musical-note movement to all players and summoning numerous bubbles that move toward the center. A bubble ^{1}disappears upon touching a player with the matching note^{2}, granting that player increased damage for a time. If a bubble ^{3}touches a Crystal orb, it explodes^{4}.	Issti เริ่มร้องเพลงคอนแชร์โตในมหาสมุทร โดยให้ผู้เล่นทุกคนเคลื่อนไหวด้วยโน้ตดนตรี และเรียกฟองสบู่จำนวนมากที่เคลื่อนเข้าหาศูนย์กลางฟอง ^{1}จะหายไปเมื่อสัมผัสผู้เล่นที่มีโน้ตตรงกัน^{2}ทำให้ผู้เล่นคนนั้นได้รับความเสียหายเพิ่มขึ้นชั่วระยะเวลาหนึ่งหากฟอง ^{3}สัมผัสกับคริสตัลออร์บ มันจะระเบิด^{4}
26255	Use telekinesis to Summon White Imprison around ${1} enemies within ${2} meters of you, dealing Ghost Ranged Magic DMG equal to MATK * ^{1}${3}%^{2}, inflicting ^{3}^{4}【Immobilize】^{5}^{6} for ${4} seconds, and applying ^{7}^{8}【Prison】^{9}^{10} for ${5} seconds. Targets with 【Prison】 take ${6}% increased DMG from the caster.	ใช้พลังจิตเพื่อเรียก White Imprison รอบๆ ศัตรู${1}ที่อยู่ในระยะ${2}เมตรจากตัวคุณ สร้างความเสียหายเวทย์มนต์ Ghost Ranged เท่ากับ MATK * ^{1}${3}%^{2}สร้างความเสียหาย ^{3}^{4}【ตรึง】^{5}^{6}สำหรับ${4}วินาที และใช้ ^{7}^{8}【เรือนจำ】^{9}^{10}สำหรับ${5}วินาทีเป้าหมายที่มี 【เรือนจำ】 จะได้รับความเสียหายเพิ่มขึ้นจากผู้ร่าย${6}%
26256	The appearance of the Sky Rift heralds the arrival of a new world. That unknown land holds immense energy, and the magical power of Arcane Crystals may be the key to defending ourselves against the unknown. If we all work together to gather Arcane Crystals, we may be able to withstand the power that is about to descend upon us.	การปรากฏตัวของ Sky Rift เป็นการประกาศการมาถึงของโลกใหม่ดินแดนที่ไม่รู้จักนั้นมีพลังมหาศาล และพลังเวทย์มนตร์ของ Arcane Crystals อาจเป็นกุญแจสำคัญในการปกป้องตนเองจากสิ่งที่ไม่รู้จักหากเราทุกคนร่วมมือกันเพื่อรวบรวม Arcane Crystals เราก็อาจจะสามารถต้านทานพลังที่กำลังจะลงมาบนเราได้
26257	Range: @{1}-@{2} m\nVertical Firing Arc: @{3}-@{4} degrees\nHorizontal Firing Arc: @{5} degrees\nAmmo Capacity: @{6} rounds\nRounds per Launch: @{7}\nAim Time: @{8} sec\nReload Time: @{9} sec\nDamage: High\nAdditional Effect: Knockback\nCannot move after construction. Find a good spot to build it and unleash its full firepower.	ช่วง:@{1}-@{2}m\nส่วนโค้งยิงแนวตั้ง:@{3}-@{4}องศา\nส่วนโค้งยิงแนวนอน:@{5}องศา\nความจุกระสุน:@{6}รอบ\nรอบต่อการเปิดตัว:@{7}\nเวลาเป้าหมาย:@{8}วินาที\nเวลาโหลดซ้ำ:@{9}วินาที\nความเสียหาย: สูง\nผลกระทบเพิ่มเติม:น็อคแบ็ค\nไม่สามารถเคลื่อนที่ได้หลังการก่อสร้างค้นหาจุดที่ดีเพื่อสร้างมันและปลดปล่อยพลังการยิงเต็มที่
26258	The Ranger can rent a loyal Demonic Wolf. While mounted on the Demonic Wolf, Movement Speed increases by ^{1}${1}%^{2} and Normal Attack becomes ^{3}^{4}【Warg Strike】^{5}^{6}. When the Demonic Wolf is not mounted and follows the Ranger, it howls every ${2} sec, increasing the Ranger's Physical ATK by ^{7}${3}%^{8} for ${4} sec.	The Ranger สามารถเช่า Demonic Wolf ที่ภักดีได้ขณะที่ขี่ Demonic Wolf ความเร็วในการเคลื่อนที่จะเพิ่มขึ้น ^{1}${1}%^{2}และการโจมตีปกติจะกลายเป็น ^{3}^{4}【Warg Strike】^{5}^{6}เมื่อไม่ได้ขี่ Demonic Wolf และติดตาม Ranger มันจะหอนทุกๆ${2}วินาที และเพิ่ม ATK ทางกายภาพของ Ranger ขึ้น ^{7}${3}%^{8}สำหรับ${4}วินาที
26259	The Demon Attendant appears beside its master and grants them 【Demonic Aura】 for ${2} seconds. 【Demonic Aura】: Reduces damage taken from all elements by ^{1}${5}%^{2}. Every ${7} seconds, deals Neutral melee ^{7}Adaptive Damage^{8} equal to the master's ^{3}Adaptive ATK^{4}*^{5}${3}%^{6} to up to ${6} enemies within ${1} meters.	Demon Attendant ปรากฏตัวข้างเจ้านายและมอบ 【Demonic Aura】 ให้กับพวกเขาเป็นเวลา${2}วินาที【ออร่าปีศาจ】: ลดความเสียหายที่ได้รับจากทุกองค์ประกอบโดย ^{1}${5}%^{2}ทุก ๆ${7}วินาที จะสร้างความเสียหายระยะประชิดที่เป็นกลาง ^{7}Adaptive Damage^{8}เท่ากับมาสเตอร์ ^{3}Adaptive ATK^{4}*^{5}${3}%^{6}ขึ้นไปสูงสุดศัตรู${6}ในระยะ${1}เมตร
26260	After using Interaction with the rope, the players reach Almagia's back and Discover Ilmata!\n@{1}. ^{1}The battle against Parasitic Divine Vessel Ilmata begins.^{2}\n@{2}. Once the battle begins, hordes of monsters appear in the sky. Some players must remain on the airship and ^{3}operate the Rapid-Fire Cannon to fight them.^{4}	หลังจากใช้ปฏิสัมพันธ์กับเชือกแล้ว ผู้เล่นก็ไปถึงหลังของอัลมาเกียและค้นพบอิลมาตา!\n@{1}. ↑{1}การต่อสู้กับ Parasitic Divine Vessel Ilmata ได้เริ่มต้นขึ้นแล้ว^{2}\n@{2}เมื่อการต่อสู้เริ่มต้นขึ้น ฝูงสัตว์ประหลาดก็ปรากฏขึ้นบนท้องฟ้า ผู้เล่นบางคนต้องอยู่บนเรือเหาะและ ^{3}ใช้ Rapid-Fire Cannon เพื่อต่อสู้กับพวกเขา^{4}
26261	When Morale reaches @{1}/@{2}/@{3}, all Members on the Main Battlefield and Sub-Battlefield gain @{4}%/@{5}%/@{6}% DMG Reduction. The following actions grant Morale on the Sub-Battlefield:\nDefeat a player: @{7} Morale/player\nDefeat a Guard: @{8} Morale each\nDefeat a Commander: @{9} Morale each\nDefeat a Boss: @{10} Morale each	เมื่อขวัญถึง@{1}/@{2}/@{3}สมาชิกทุกคนในสนามรบหลักและสนามรบย่อยจะได้รับ@{4}%/@{5}%/@{6}% การลดความเสียหายการกระทำต่อไปนี้จะทำให้ขวัญกำลังใจในสนามรบย่อย:\nกำจัดผู้เล่น:@{7}ขวัญกำลังใจ/ผู้เล่น\nกำจัดผู้พิทักษ์:@{8}ขวัญกำลังใจแต่ละคน\nกำจัดผู้บัญชาการ:@{9}ขวัญกำลังใจแต่ละคน\nกำจัดบอส:@{10}ขวัญกำลังใจกัน
26262	【Quick Cast】PC Mode only. Press the button to cast the skill immediately at the mouse cursor;\n【Standard Cast】PC Mode only. Press the button to display an indicator that follows the mouse cursor, then click the left mouse button again to cast;\n【Smart Cast】Press the skill to cast it on the Selected Target without using the mouse.	【Quick Cast】โหมด PC เท่านั้นกดปุ่มเพื่อร่ายทักษะทันทีที่เคอร์เซอร์ของเมาส์\n【Standard Cast】โหมด PC เท่านั้นกดปุ่มเพื่อแสดงตัวบ่งชี้ที่ตามเคอร์เซอร์ของเมาส์ จากนั้นคลิกปุ่มซ้ายของเมาส์อีกครั้งเพื่อส่ง\n【Smart Cast】กดทักษะเพื่อร่ายไปยังเป้าหมายที่เลือกโดยไม่ต้องใช้เมาส์
26263	Last week's guild activity was ${1}, with an Active rating of [Very Inactive]. Guilds that maintain an Active rating of [Very Inactive] (weekly activity < @{2}) for @{1} consecutive weeks will be automatically disbanded. Guild Members can earn activity by participating in daily activities, so please encourage everyone to join in!	กิจกรรมกิลด์ของสัปดาห์ที่แล้วคือ${1}โดยมีคะแนนใช้งานอยู่ที่ [ไม่ใช้งานมาก]กิลด์ที่รักษาระดับแอคทีฟไว้ที่ [ไม่ใช้งานมาก] (กิจกรรมรายสัปดาห์ <@{2}) สำหรับ@{1}สัปดาห์ติดต่อกันจะถูกยกเลิกโดยอัตโนมัติสมาชิกกิลด์สามารถรับกิจกรรมได้จากการเข้าร่วมกิจกรรมประจำวัน ดังนั้นโปรดสนับสนุนให้ทุกคนเข้าร่วม!
26264	Range: @{1}-@{2} m\nVertical Firing Arc: @{3}-@{4} degrees\nHorizontal Firing Arc: @{5} degrees\nAmmo Capacity: @{6} rounds\nRounds per Launch: @{7}\nAim Time: @{8} sec\nReload Time: @{9} sec\nDamage: Medium\nAdditional Effect: Knockback\nCannot move after construction. Find a good spot to build it and unleash its full firepower.	ช่วง:@{1}-@{2}m\nส่วนโค้งยิงแนวตั้ง:@{3}-@{4}องศา\nส่วนโค้งยิงแนวนอน:@{5}องศา\nความจุกระสุน:@{6}รอบ\nรอบต่อการเปิดตัว:@{7}\nเวลาเป้าหมาย:@{8}วินาที\nเวลาโหลดซ้ำ:@{9}วินาที\nความเสียหาย: ปานกลาง\nผลกระทบเพิ่มเติม:น็อคแบ็ค\nไม่สามารถเคลื่อนที่ได้หลังการก่อสร้างค้นหาจุดที่ดีเพื่อสร้างมันและปลดปล่อยพลังการยิงเต็มที่
26265	Fox Immortal summons a refreshing breeze in a ${1}-meter-by-${2}-meter rectangular area ahead, dealing a total of ^{1}Adaptive ATK^{2}*^{3}${4}%^{4} Neutral ranged ^{5}Adaptive Damage^{6} to up to ${3} enemies. Hit enemies deal ^{7}${5}%^{8} less Wind damage, while the master's damage increases by ^{9}${6}%^{10} for ${7} seconds.	Fox Immortal เรียกสายลมอันสดชื่นมาในพื้นที่${1}ขนาดเมตรต่อ${2}เมตรข้างหน้า คิดเป็น ^{1}Adaptive ATK^{2}*^{3}${4}%^{4}เป็นกลาง ^{5}ความเสียหายแบบปรับได้ ^{6}ไปจนถึงศัตรูสูงสุด${3}โจมตีศัตรูจะสร้างความเสียหาย ^{7}${5}%^{8}ความเสียหายจากลมน้อยลง ในขณะที่ความเสียหายของอาจารย์เพิ่มขึ้น ^{9}${6}%^{10}เป็นเวลา${7}วินาที
26266	Secret ore from the dwarven realm of Vartalheim, said in Legend to share the same origin as the world itself. It is every craftsperson's lifelong pursuit.\n^{1}Use: Used to refine weapons and accessories. Increases the refinement success rate; on failure, the Refine Level will not decrease and the equipment will not be damaged^{2}	แร่ลับจากอาณาจักรคนแคระแห่ง Vartalheim กล่าวในตำนานว่ามีต้นกำเนิดเดียวกันกับโลกเป็นการแสวงหาตลอดชีวิตของช่างฝีมือทุกคน\n^{1}ใช้: ใช้ปรับแต่งอาวุธและอุปกรณ์เสริมเพิ่มอัตราความสำเร็จในการปรับแต่งหากล้มเหลว ระดับ Refine จะไม่ลดลง และอุปกรณ์จะไม่ได้รับความเสียหาย^{2}
26267	Deals PATK * ^{1}${2}%^{2} Neutral melee Physical DMG to the designated ST enemy within ${1} meters. If you are more than ${6} meters from the target, you also Charge directly in front of it. This skill's cast speed is unaffected by ASPD, but every ${3}% ASPD grants an Extra ^{3}${4}%^{4} Skill Damage Multiplier, up to ${5}% ASPD.	สร้าง PATK * ^{1}${2}%^{2} สร้างความเสียหายกายภาพระยะประชิดเป็นกลางแก่ศัตรู ST ที่กำหนดภายในระยะ ${1} เมตร หากคุณอยู่ห่างจากเป้าหมายมากกว่า ${6} เมตร คุณจะชาร์จตรงหน้าเป้าหมายด้วย ความเร็วในการร่ายของทักษะนี้ไม่ได้รับผลกระทบจาก ASPD แต่ทุกๆ ${3}% ASPD จะให้ตัวคูณความเสียหายพิเศษ ^{3}${4}%^{4} สูงสุดถึง ${5}% ASPD
26268	Shield skill. Deals Neutral Melee Physical DMG equal to PATK * ^{5}${2}%^{6} to the selected ST enemy within ${4} meters and inflicts ^{1}^{2}【Stun】^{3}^{4} for ${1} seconds. This skill greatly increases Monster aggro, with a greater increase than Provoke. Against Monsters, the percentage DMG multiplier increases by ^{7}${6}%^{8}.	ทักษะโล่สร้างความเสียหายกายภาพระยะประชิดเป็นกลางเท่ากับ PATK * ^{5}${2}%^{6}ไปยังศัตรู ST ที่เลือกภายในระยะ${4}เมตร และทำดาเมจ ^{1}^{2}【Stun】^{3}^{4}สำหรับ${1}วินาทีทักษะนี้เพิ่มความก้าวร้าวให้กับมอนสเตอร์อย่างมาก โดยเพิ่มขึ้นมากกว่า Provoidเมื่อเทียบกับมอนสเตอร์ เปอร์เซ็นต์ตัวคูณ DMG จะเพิ่มขึ้น ^{7}${6}%^{8}
26269	Guild League Elite Rules:\n@{1}.On this screen, you can designate elite players who may participate in Guild League arena modes.\n@{2}.Quick Team Formation sends a team invitation to each Member. Members will not be added to the team in the order shown on the elite settings screen, so the team leader must adjust the lineup manually.	:\n@{1}บนหน้าจอนี้ คุณสามารถกำหนดผู้เล่นชั้นยอดที่อาจเข้าร่วมในโหมดอารีน่าของลีกกิลด์ได้\n@{2}.Quick Team Formation จะส่งคำเชิญเข้าร่วมทีมไปยังสมาชิกแต่ละคนสมาชิกจะไม่ถูกเพิ่มเข้าทีมตามลำดับที่แสดงบนหน้าจอการตั้งค่าระดับหัวกะทิ ดังนั้นหัวหน้าทีมจะต้องปรับเปลี่ยนรายชื่อผู้เล่นด้วยตนเอง
26270	The ultimate evolution of the Crusader path. Royal Guards are not only the kingdom's mightiest warriors, but also engines of Destroy that can shatter enemy Formations on the battlefield. They can both withstand and deal heavy damage, charging through enemy ranks to break their Formation or serving as the core of their own Formation.	สุดยอดวิวัฒนาการของเส้นทาง CrusaderRoyal Guards ไม่เพียงแต่เป็นนักรบที่แข็งแกร่งที่สุดของอาณาจักรเท่านั้น แต่ยังรวมถึงเครื่องยนต์แห่งการทำลายล้างที่สามารถทำลายการก่อตัวของศัตรูในสนามรบได้อีกด้วยพวกเขาสามารถต้านทานและสร้างความเสียหายอย่างหนัก บุกโจมตีศัตรูเพื่อทำลายรูปแบบของพวกเขาหรือทำหน้าที่เป็นแกนหลักของรูปแบบของพวกเขาเอง
26271	Deals ^{1}knockback^{2} and Physical ATK * ^{3}${3}% + ${7}^{4} Neutral melee Physical DMG to up to ${6} enemy targets in a ${2}m × ${1}m area ahead, then moves ${12}m in that direction and deals ^{5}knock-up^{6} and Physical ATK * ^{7}${5}% + ${7}^{8} Neutral melee Physical DMG to the targets. Immune to crowd control while casting.	ทำข้อตกลง ^{1}กระเด็นกลับ^{2}และ ATK กายภาพ * ^{3}${3}% +${7}^{4}สร้างความเสียหายกายภาพระยะประชิดที่เป็นกลางให้กับเป้าหมายศัตรูสูงสุด${6}ใน${2}m ×${1}m พื้นที่ข้างหน้า จากนั้นเคลื่อน${12}m ไปในทิศทางนั้นและทำข้อตกลง ^{5}น็อคอัพ^{6}และ Physical ATK * ^{7}${5}% +${7}^{8}สร้างความเสียหายกายภาพระยะประชิดเป็นกลางแก่เป้าหมายภูมิคุ้มกันต่อการควบคุมฝูงชนขณะร่าย
26272	When casting an ^{1}Offensive-type^{2} or ^{3}Buff-type^{4} Primary Battle Skill, Summons ${2} Lightning Strikes every ${1} sec to attack random enemies within ${3} meters, Summoning ^{5}${4}^{6} Lightning Strikes in total. Each Lightning Strike Deals Neutral Ranged damage equal to the owner's ^{7}Adaptive Attack^{8}*^{9}${5}%^{10}.	เมื่อร่าย ^{1}ประเภทรุก^{2}หรือ ^{3}Buff-type^{4}ทักษะการต่อสู้หลัก เรียก${2}Lightning Strikes ทุกๆ${1}วินาทีเพื่อโจมตีศัตรูแบบสุ่มภายใน${3}เมตร การเรียก ^{5}${4}^{6}สายฟ้าฟาดทั้งหมดLightning Strike แต่ละครั้งจะสร้างความเสียหายในระยะเป็นกลางเท่ากับเจ้าของ ^{7}Adaptive Attack^{8}*^{9}${5}%^{10}
26273	After being dragged into Ilmata's dream, the players arrive in Almagia's midsection. ^{1}They must break through the obstacles ahead and escape the dream quickly^{2}.\nWhen the game begins, a Vessel Protector appears behind the players and ^{3}cannot be attacked^{4}. Approaching the Vessel Protector continuously deals massive damage.	หลังจากถูกลากเข้าสู่ความฝันของอิลมาตา ผู้เล่นก็มาถึงบริเวณลำตัวของอัลมาเกีย ^{1}พวกเขาจะต้องฝ่าฟันอุปสรรคที่อยู่ข้างหน้าและหลบหนีจากความฝันอย่างรวดเร็ว^{2}\nเมื่อเกมเริ่มต้น Vessel Protector จะปรากฏขึ้นด้านหลังผู้เล่น และ ^{3}ไม่สามารถถูกโจมตีได้^{4}การเข้าใกล้ Vessel Protector จะสร้างความเสียหายมหาศาลอย่างต่อเนื่อง
26274	Range: @{1}-@{2} m\nVertical Firing Arc: @{3}-@{4} degrees\nHorizontal Firing Arc: @{5} degrees\nAmmo Capacity: @{6} rounds\nRounds per Launch: @{7}\nAim Time: @{8} sec\nReload Time: @{9} sec\nDamage: High\nAdditional Effect: Chain Lightning\nCannot move after construction. Find a good spot to build it and unleash its full firepower.	ช่วง:@{1}-@{2}m\nส่วนโค้งการยิงแนวตั้ง:@{3}-@{4}องศา\nส่วนโค้งยิงแนวนอน:@{5}องศา\nความจุกระสุน:@{6}รอบ\nรอบต่อการเปิดตัว:@{7}\nเวลาเป้าหมาย:@{8}วินาที\nเวลาโหลดซ้ำ:@{9}วินาที\nความเสียหาย: สูง\nผลกระทบเพิ่มเติม: สายฟ้าแบบโซ่\nไม่สามารถเคลื่อนที่ได้หลังการก่อสร้างค้นหาจุดที่ดีเพื่อสร้างมันและปลดปล่อยพลังการยิงเต็มที่
26275	The Headless Knight summons a charging duplicate ahead, dealing Neutral melee Physical damage equal to Physical ATK*^{1}${1}%^{2} to up to ${6} enemies within a ${4}*${5} rectangular area. The master gains ^{3}${2}%^{4} damage reduction for ${3} seconds. Hitting a monster with this skill greatly increases its aggro toward the master.	อัศวินหัวขาดเรียกการโจมตีซ้ำซ้อนไปข้างหน้า สร้างความเสียหายทางกายภาพระยะประชิดที่เป็นกลางเท่ากับพลังโจมตีทางกายภาพ*^{1}${1}%^{2}ไปจนถึงศัตรู${6}ภายในพื้นที่สี่เหลี่ยม${4}*${5}ต้นแบบได้รับ ^{3}${2}%^{4}การลดความเสียหายเป็นเวลา${3}วินาทีการตีมอนสเตอร์ด้วยทักษะนี้จะเพิ่มความรุนแรงต่อมาสเตอร์อย่างมาก
26276	Summons a golden Sacred Tree of Life at the caster's location, increasing damage reduction by ^{1}@{2}%^{2} for self and party Members within a @{1} m radius for @{3} sec. If self or a party Member takes ^{3}fatal damage^{4} while the effect is active, triggers ^{5}【Death Immunity】^{6} once and sets Life to ^{7}@{4}% of Max Life^{8}.	เรียกต้นไม้ศักดิ์สิทธิ์แห่งชีวิตสีทองมาที่ตำแหน่งของนักเวทย์ เพิ่มการลดความเสียหายโดย ^{1}@{2}%^{2}สำหรับตนเองและสมาชิกปาร์ตี้ภายในรัศมี@{1}m เป็นเวลา@{3}วินาทีหากตนเองหรือสมาชิกปาร์ตี้ได้รับ ^{3}fataldamage^{4}ขณะที่เอฟเฟกต์ทำงาน ทริกเกอร์ ^{5}【Death Immunity】^{6}หนึ่งครั้งและตั้งค่า Life เป็น ^{7}@{4}% ของ Max Life^{8}
26277	When casting a ^{1}Buff-type^{2} Primary Battle Skill, grants the owner 【Demonic Aura】 for ${1} sec: reduces all Elemental Damage taken by ^{3}${2}%^{4} and, every ${3} sec, Deals Neutral melee ^{9}Adaptive Damage^{10} equal to the owner's ^{5}Adaptive Attack^{6}^{7}${6}%^{8} to up to ${5} members of the Enemy Team within ${4} meters.	เมื่อร่าย ^{1}Buff-type^{2}Primary Battle Skill จะให้สิทธิ์แก่เจ้าของ 【Demonic Aura】 เป็นเวลา${1}วินาที: ลดความเสียหายธาตุทั้งหมดที่ได้รับโดย ^{3}${2}%^{4}และทุกๆ${3}วินาที สร้างความเสียหายระยะประชิดที่เป็นกลาง ^{9}Adaptive Damage^{10}เท่ากับเจ้าของ ^{5}Adaptive Attack^{6}^{7}${6}%^{8}ขึ้นไปสูงสุด${5}สมาชิกของทีมศัตรูในระยะ${4}เมตร
26278	Two-handed Spear skill. Consumes @{1} charges of 【Hundred Spears】 to summon a barrage of spears toward the locked target, dealing ${4} hits of Neutral ranged Physical damage totaling Physical ATK*^{1}${5}%^{2} to up to ${3} enemies within a ${1}m*${2}m area in front of you. Restores @{2} charges of 【Hundred Spears】 every ${6} seconds.	ทักษะหอกสองมือ ใช้ @{1} ชาร์จของ 【Hundred Spears】 เพื่อเรียกหอกออกมาโจมตีเป้าหมายที่ถูกล็อค สร้างความเสียหายทางกายภาพระยะไกล ${4} ครั้ง รวมพลังโจมตีกายภาพ*^{1}${5}%^{2} ไปยังศัตรูสูงสุด ${3} ภายในพื้นที่ ${1}m*${2}m ที่อยู่ข้างหน้าคุณ ฟื้นฟูชาร์จ @{2} ของ 【Hundred Spears】 ทุก ๆ ${6} วินาที
26279	Instantly unleashes a sacred chorus of primal notes, restoring HP equal to MATK*^{1}${3}%^{2} to yourself and ${2} allies within a ${1}-meter radius, with priority given to each party Member (^{3}^{4}Dexterity Resonance ${6}%^{5}^{6}), and granting a Shield equal to MATK*^{7}${4}%^{8} that absorbs all types of damage for ${5} seconds.	ปล่อยเสียงร้องประสานเสียงอันศักดิ์สิทธิ์ของโน้ตปฐมกาล ฟื้นฟู HP เท่ากับ MATK*^{1}${3}%^{2}ให้กับตัวคุณเองและพันธมิตร${2}ภายในรัศมี${1}เมตร โดยให้ความสำคัญกับสมาชิกปาร์ตี้แต่ละฝ่าย (^{3}^{4}Dexterity Resonance${6}%^{5}^{6}) และมอบ Shield เท่ากับ MATK*^{7}${4}%^{8}ที่ดูดซับความเสียหายทุกประเภทสำหรับ${5}วินาที
26280	Chants a powerful purification spell, removing ^{1}【Movement Restriction】^{2} and ^{3}【Abnormal Status】^{4} effects from self and party Members within a @{1} m radius. For the next @{2} sec., grants immunity to up to ^{5}@{3}^{6} ^{7}【Movement Restriction】^{8} and ^{9}【Abnormal Status】^{10} effects. Skill Cooldown: ^{11}@{4}^{12} sec.	ร่ายคาถาชำระล้างอันทรงพลัง ลบ ^{1}【ข้อจำกัดการเคลื่อนไหว】^{2}และ ^{3}【สถานะผิดปกติ】^ เอฟเฟกต์{4}จากตนเองและสมาชิกปาร์ตี้ภายในรัศมี@{1}mสำหรับ@{2}วินาทีถัดไป ให้ภูมิคุ้มกันสูงสุดถึง ^{5}@{3}^{6}^{7}【Movement Restriction】^{8}และ ^{9}【สถานะผิดปกติ】^ เอฟเฟกต์{10}คูลดาวน์ทักษะ: ^{11}@{4}^{12}วินาที
26281	Guild Points are the sum of the individual Contribution Points earned by all Members of the Guild. Each player's Contribution Points are proportional to the number of Crystals contributed. Open Activity Chests in the Event Calendar and participate in MVP challenges, Daily Activity, and Guild Recruitment to earn more Contribution Points!	คือผลรวมของคะแนนการมีส่วนร่วมที่ได้รับจากสมาชิกทุกคนในกิลด์คะแนนการมีส่วนร่วมของผู้เล่นแต่ละคนจะแปรผันตามจำนวนคริสตัลที่บริจาคเปิดหีบกิจกรรมในปฏิทินกิจกรรมและเข้าร่วมการท้าทาย MVP กิจกรรมรายวัน และการรับสมัครกิลด์เพื่อรับคะแนนการมีส่วนร่วมมากขึ้น!
26282	Range: @{1}-@{2} m\nVertical Firing Arc: @{3}-@{4} degrees\nHorizontal Firing Arc: @{5} degrees\nAmmo Capacity: @{6} rounds\nRounds per Launch: @{7}\nAim Time: @{8} sec\nReload Time: @{9} sec\nDamage: Low\nAdditional Effect: Heals allied targets\nCannot move after construction. Find a good spot to build it and unleash its full firepower.	ช่วง:@{1}-@{2}m\nส่วนโค้งการยิงแนวตั้ง:@{3}-@{4}องศา\nส่วนโค้งยิงแนวนอน:@{5}องศา\nความจุกระสุน:@{6}รอบ\nรอบต่อการเปิดตัว:@{7}\nเวลาเป้าหมาย:@{8}วินาที\nเวลาโหลดซ้ำ:@{9}วินาที\nความเสียหาย: ต่ำ\nผลกระทบเพิ่มเติม: การรักษาเป้าหมายพันธมิตร\nไม่สามารถเคลื่อนที่ได้หลังการก่อสร้างค้นหาจุดที่ดีเพื่อสร้างมันและปลดปล่อยพลังการยิงเต็มที่
26283	Strike the target with soul power, Launching ${2} bursts of soul energy at the designated ST enemy within ${1} meters and dealing @{1} instances of Ghost-property ranged magic damage equal to Magic ATK *^{1}${3}%^{2}; while in the ^{3}^{4}【Reading】^{5}^{6} state, consume @{2} stacks of ^{7}【Book Page】^{8} to cast this skill 1 Extra time.	โจมตีเป้าหมายด้วยพลังวิญญาณ เปิดตัว${2}ระเบิดพลังวิญญาณใส่ศัตรู ST ที่กำหนดภายในระยะ${1}เมตร และสร้างอินสแตนซ์@{1}ของ Ghost-property ที่สร้างความเสียหายทางเวทย์มนตร์เท่ากับ Magic ATK *^{1}${3}%^{2};ในขณะที่อยู่ใน ^{3}^{4}【Reading】^{5}^{6}state ให้ใช้@{2}stacks ของ ^{7}【Book Page】^{8}เพื่อร่ายทักษะนี้ 1 ช่วงต่อเวลาพิเศษ
26284	Zherlthsh attacks with her Whip, dealing a total of PATK * ^{1}${5}%^{2} Neutral melee Physical DMG to ${2} designated enemies within ${1} meters of the target area and up to ${4} targets within a ${3}-meter radius of them. Grants her a ^{3}${6}%^{4} DMG Bonus for ${7} seconds, and the final hit inflicts ^{5}${8}^{6} meters of Knockback.	Zherlthsh โจมตีด้วยแส้ของเธอ สร้าง PATK ทั้งหมด * ^{1}${5}%^{2}สร้างความเสียหายกายภาพระยะประชิดแบบเป็นกลางไปยัง${2}ศัตรูที่กำหนดภายใน${1}เมตรของพื้นที่เป้าหมาย และสูงสุด${4}เป้าหมายภายใน${3}-รัศมีเมตรของพวกเขามอบ ^{3}${6}%^{4}DMG Bonus ให้กับเธอเป็นเวลา${7}วินาที และการโจมตีครั้งสุดท้ายจะสร้างความเสียหาย ^{5}${8}^{6}เมตรของการกระเด็นกลับ
26285	Range: @{1}-@{2} m\nVertical Firing Arc: @{3}-@{4} degrees\nHorizontal Firing Arc: @{5} degrees\nAmmo Capacity: @{6} rounds\nRounds per Launch: @{7}\nAim Time: @{8} sec\nReload Time: @{9} sec\nDamage: High\nAdditional Effect: Heals allied targets\nCannot move after construction. Find a good spot to build it and unleash its full firepower.	ช่วง:@{1}-@{2}m\nส่วนโค้งการยิงแนวตั้ง:@{3}-@{4}องศา\nส่วนโค้งยิงแนวนอน:@{5}องศา\nความจุกระสุน:@{6}รอบ\nรอบต่อการเปิดตัว:@{7}\nเวลาเป้าหมาย:@{8}วินาที\nเวลาโหลดซ้ำ:@{9}วินาที\nความเสียหาย: สูง\nผลกระทบเพิ่มเติม: การรักษาเป้าหมายพันธมิตร\nไม่สามารถเคลื่อนที่ได้หลังการก่อสร้างค้นหาจุดที่ดีเพื่อสร้างมันและปลดปล่อยพลังการยิงเต็มที่
26286	Bokba unleashes a barrage, dealing @{2} hits of Neutral ranged ^{5}adaptive damage^{6} totaling the master's ^{1}Adaptive ATK^{2}*^{3}${4}%^{4} every @{1} seconds to up to ${3} enemies in a targeted area with a ${2}-meter radius within ${1} meters. Each hit reduces the target's healing dealt and received by ^{7}${5}%^{8} for ${6} seconds.	Bokba ปล่อยการโจมตี สร้างความเสียหายให้กับ@{2}ในระยะเป็นกลาง ^{5}ความเสียหายแบบปรับตัว^{6}รวมพลังของอาจารย์ ^{1}Adaptive ATK^{2}*^{3}${4}%^{4}ทุก ๆ@{1}วินาที สูงสุดถึง${3}ศัตรูในพื้นที่เป้าหมายด้วยรัศมี${2}เมตร ภายใน${1}เมตรการโจมตีแต่ละครั้งจะลดการรักษาของเป้าหมายและได้รับ ^{7}${5}%^{8}เป็นเวลา${6}วินาที
26287	1. A pet's level cannot exceed the Adventurer's level.\n2. Tap the Level-up button to automatically raise the pet to the specified level. Lower-quality Pet EXP Books will be consumed first.\n3. If the Pet EXP Books consumed provide more EXP than required for the Level-up, the excess will be converted into Pet EXP Books of equivalent value.	1. เลเวลของสัตว์เลี้ยงต้องไม่เกินเลเวลของนักผจญภัย\n2. แตะปุ่มเพิ่มเลเวลเพื่อยกระดับสัตว์เลี้ยงให้ถึงระดับที่กำหนดโดยอัตโนมัติ หนังสือ EXP สัตว์เลี้ยงคุณภาพต่ำจะถูกใช้ก่อน\n3. หากหนังสือ EXP สัตว์เลี้ยงที่ใช้ไปแล้วให้ EXP มากกว่าที่จำเป็นสำหรับการเลื่อนระดับ ส่วนที่เกินจะถูกแปลงเป็นหนังสือ EXP สัตว์เลี้ยงที่มีมูลค่าเท่ากัน
26288	The BOSS targets @{1}/@{2}/@{3} players and fires silk projectiles. On HIT, they link @{4}/@{5} players (@{6} players are linked in pairs). Linked players are pulled back together when the Distance between them exceeds @{7}m. (When only @{8} players remain, the two players are linked. When only @{9} players remain, this mechanic is skipped.)	BOSS กำหนดเป้าหมายผู้เล่น@{1}/@{2}/@{3}และยิงกระสุนไหมใน HIT จะเชื่อมโยงผู้เล่น@{4}/@{5}( ผู้เล่น@{6}จะเชื่อมโยงกันเป็นคู่)ผู้เล่นที่เชื่อมโยงจะถูกดึงกลับมารวมกันเมื่อระยะห่างระหว่างพวกเขาเกิน@{7}m(เมื่อเหลือเพียงผู้เล่น@{8}ผู้เล่นทั้งสองจะเชื่อมโยงกัน เมื่อเหลือเพียงผู้เล่น@{9}กลไกนี้จะถูกข้ามไป)
26289	To ensure fair play, improper Trade practices are prohibited (including offline transactions and transactions at abnormal prices intended to transfer Currency or items).\nImproper Trade practices may result in penalties including, but not limited to, suspension of the Trade Function or account bans.\nWe need your support to keep the game fair!	เพื่อให้มั่นใจถึงการเล่นที่ยุติธรรม ห้ามปฏิบัติทางการค้าที่ไม่เหมาะสม (รวมถึงธุรกรรมออฟไลน์และธุรกรรมในราคาที่ผิดปกติซึ่งมีจุดประสงค์เพื่อโอนสกุลเงินหรือรายการ)\nการปฏิบัติทางการค้าที่ไม่เหมาะสมอาจส่งผลให้เกิดการลงโทษ รวมถึงแต่ไม่จำกัดเพียงการระงับฟังก์ชันการค้าหรือการแบนบัญชี\nเราต้องการการสนับสนุนจากคุณเพื่อให้เกมยุติธรรม!
26290	@{1}.Select filters to bulk-discard equipment and skills that match them. \n@{2}.Click a selected filter again or clear its checkbox to deselect it. \n@{3}.Items in the Item category, equipped gear, and equipped skills cannot be bulk-discarded. \n@{4}.Tap Confirm Discard to discard every item in your Backpack that matches the selected filters.	@{1} เลือกตัวกรองเพื่อทิ้งอุปกรณ์และทักษะที่ตรงกับตัวกรองเหล่านั้นจำนวนมาก \n@{2}คลิกตัวกรองที่เลือกอีกครั้งหรือล้างช่องทำเครื่องหมายเพื่อยกเลิกการเลือก \n@{3}.ไอเท็มในหมวดไอเท็ม อุปกรณ์ที่สวมใส่ และทักษะที่สวมใส่ไม่สามารถทิ้งจำนวนมากได้ \n@{4}แตะยืนยันทิ้งเพื่อทิ้งทุกรายการในกระเป๋าเป้ของคุณที่ตรงกับตัวกรองที่เลือก
26291	A Two-Handed Spear-exclusive skill. Deals Neutral melee Physical damage equal to PATK*^{1}${3}%^{2} to up to ${2} Enemy Team targets within a ${1}-meter radius around You (every ${6}% ASPD grants this damage a ^{3}${4}%^{4} DMG Bonus, Active up to @{1}% ASPD). This skill counts as a Normal Attack and has an ASPD scaling ratio of ^{5}${5}%^{6}.	ทักษะเฉพาะหอกสองมือ สร้างความเสียหายทางกายภาพระยะประชิดที่เป็นกลางเท่ากับ PATK*^{1}${3}%^{2}สูงสุดถึง${2}ทีมศัตรูกำหนดเป้าหมายภายในรัศมี${1}- เมตรรอบตัวคุณ (ทุกๆ${6}% ASPD จะสร้างความเสียหายนี้ ^{3}${4}%^ โบนัสความเสียหาย{4}ใช้งานได้สูงสุด@{1}% ASPD) ทักษะนี้นับเป็นการโจมตีปกติและมีอัตราส่วนสเกล ASPD ที่ ^{5}${5}%^{6}
26292	Bidding Fund Rules:\n@{1}.Escort missions convert Guild Supplies into Bidding Funds.\n@{2}.Eligibility for Stronghold War and Siege War can only be obtained by bidding with Bidding Funds.\n@{3}.Bidding Funds can be accumulated without limit during the Season.\n@{4}.Bidding Funds will be reset when the Season ends, so be sure to use them in time.	กฎกองทุนการประมูล:\n@{1}. ภารกิจคุ้มกันแปลงอุปกรณ์กิลด์เป็นกองทุนการประมูล\n@{2}. คุณสมบัติสำหรับสงครามฐานที่มั่นและสงครามยึดครองสามารถรับได้จากการประมูลด้วยกองทุนการประมูลเท่านั้น\n@{3}. เงินทุนการประมูลสามารถสะสมได้โดยไม่มีขีดจำกัดในระหว่างฤดูกาล\n@{4}. เงินทุนการประมูลจะถูกรีเซ็ตเมื่อฤดูกาลสิ้นสุดลง ดังนั้นโปรดใช้ให้ทันเวลา
26293	Ilmata plays a deadly tune and targets one player, causing piccolos to continuously fall at that player's location for a time. ^{1}After a brief delay, each piccolo explodes^{2} and ^{3}releases a large number of fins in three directions^{4}. The fins swim toward the outer edge of the field, ^{5}dealing minor damage to any player they touch^{6}.	Ilmata เล่นเพลงที่อันตรายและกำหนดเป้าหมายไปที่ผู้เล่นหนึ่งคน ทำให้พิคโคลอสตกลงไปที่ตำแหน่งของผู้เล่นคนนั้นอย่างต่อเนื่องชั่วระยะเวลาหนึ่ง↑{1}หลังจากหน่วงเวลาสั้นๆ พิคโคโลแต่ละตัวจะระเบิด^{2}และ ^{3}ปล่อยครีบจำนวนมากในสามทิศทาง^{4}ครีบว่ายไปทางขอบด้านนอกของสนาม ^{5}สร้างความเสียหายเล็กน้อยให้กับผู้เล่นทุกคนที่สัมผัส^{6}
26294	The stone pillars drain your power, leaving you floating helplessly in midair. The pillars in Prontera and other cities shatter, revealing enormous nail-shaped sculptures within. The nails then plunge a short Distance into the ground, causing the entire continent to quake. The shock wave sends you flying, but Ji suddenly appears and catches you.	เสาหินจะระบายพลังของคุณ ทำให้คุณลอยอยู่กลางอากาศอย่างช่วยไม่ได้เสาหลักในพรอนเทราและเมืองอื่นๆ แตกกระจาย เผยให้เห็นรูปปั้นเล็บขนาดมหึมาภายในจากนั้นตะปูก็พุ่งลงสู่พื้นเป็นระยะทางสั้น ๆ ส่งผลให้ทั้งทวีปสั่นสะเทือนคลื่นกระแทกทำให้คุณกระเด็น แต่จู่ๆ Ji ก็ปรากฏตัวขึ้นและจับคุณไว้
26295	Replaces 【White Imprison】 with 【Resonance Focus】, increasing the duration of 【Immobilize】 by ^{1}${1}%^{2}. When the target takes damage from 【Soul Expansion】 within ^{3}${2}^{4} seconds, triggers @{1} instance of Ghost Ranged Magic damage equal to MATK * ^{7}${4}%^{8} in a ^{5}${3}^{6}-meter radius, up to @{2} times every ^{9}${5}^{10} seconds.	แทนที่ 【White Imprison】 ด้วย 【Resonance Focus】 ซึ่งจะทำให้ระยะเวลาของ 【Immobilize】 เพิ่มขึ้น ^{1}${1}%^{2}เมื่อเป้าหมายได้รับความเสียหายจาก 【Soul Expansion】 ภายใน ^{3}${2}^{4}วินาที ทริกเกอร์@{1}ของ Ghost Ranged Magic จะสร้างความเสียหายเท่ากับ MATK * ^{7}${4}%^{8}ใน ^{5}${3}^{6}-รัศมีเมตร สูงสุด@{2}คูณทุกๆ ^{9}${5}^{10}วินาที
26296	You spin your battle axe to create a hurricane filled with axe trails. Targets hit are inflicted with ${1} stacks of ${2}% Slow (cannot stack) for ${3} seconds. The hurricane deals ${6} instances of ${7}% Physical damage to up to ${5} enemies within a ${4}-meter radius. Each instance that hits ${8} targets grants you ${9} stacks of 【Blade Mark】.	คุณหมุนขวานต่อสู้ของคุณเพื่อสร้างพายุเฮอริเคนที่เต็มไปด้วยเส้นทางขวานเป้าหมายที่โดนจะสร้างความเสียหายด้วยสแต็ค${1}ของ${2}% ช้า (ไม่สามารถสแต็คได้) เป็นเวลา${3}วินาทีพายุเฮอริเคนสร้างความเสียหายทางกายภาพให้กับ${6}ของ${7}% ให้กับศัตรูสูงสุด${5}ภายในรัศมี${4}เมตรแต่ละอินสแตนซ์ที่เข้าถึงเป้าหมาย${8}จะทำให้คุณได้รับสแต็คของ 【Blade Mark】 ให้กับคุณ${9}
26297	Swing your weapon to unleash a blade of energy, dealing ${3} hits of Neutral melee Physical damage equal to Physical ATK * ^{1}${4}%^{2} to up to ${2} enemies within a ${1}-meter radius. Increases your Movement Speed by ^{3}${5}%^{4} for ${6} seconds. This skill is treated as a Normal Attack and is affected by ^{5}${7}%^{6} of your Attack Speed.	เหวี่ยงอาวุธของคุณเพื่อปล่อยดาบแห่งพลังงาน สร้างความเสียหายทางกายภาพระยะประชิดที่เป็นกลางให้กับ${3}เท่ากับพลังโจมตีกายภาพ * ^{1}${4}%^{2}ไปยังศัตรูสูงสุด${2}ภายในรัศมี${1}เมตรเพิ่มความเร็วในการเคลื่อนที่ของคุณ ^{3}${5}%^{4}เป็นเวลา${6}วินาทีทักษะนี้ถือเป็นการโจมตีปกติ และได้รับผลจาก ^{5}${7}%^{6}ของความเร็วในการโจมตีของคุณ
26298	Dydre summons the undead, increasing the master's ^{3}all-element damage^{4} by ^{1}${1}%^{2} for ${2} seconds, and deals Neutral ranged ^{9}adaptive damage^{10} equal to the master's ^{5}Adaptive ATK^{6}*^{7}${5}%^{8} to up to ${4} enemies in a ${3}-meter cone ahead, increasing all elemental damage they take by ^{11}${6}%^{12} for ${7} seconds.	Dydre เรียกอันเดดออกมา เพิ่มความเสียหายทุกองค์ประกอบของอาจารย์ ^{3}^{4}โดย ^{1}${1}%^{2}เป็นเวลา${2}วินาที และทำความเสียหายในระยะเป็นกลาง ^{9}ความเสียหายแบบปรับตัว ^{10}เท่ากับของอาจารย์ ^{5}Adaptive ATK^{6}*^{7}${5}%^{8}ถึงศัตรู${4}ใน${3}- กรวยเมตรข้างหน้า เพิ่มความเสียหายองค์ประกอบทั้งหมดพวกเขาใช้เวลาโดย ^{11}${6}%^{12}เป็นเวลา${7}วินาที
26299	After casting ^{1}^{2}[Grimtooth]^{3}^{4}, there is a ${1}% Chance to Deals DMG equal to PATK * ${4}% + ${5} as Neutral Melee Physical damage to up to ${3} enemies within a ${2}-meter radius of the target. Cooldown: ${6} seconds. ^{5}^{6}[Grimtooth]^{7}^{8}'s percentage damage multiplier increases by ${7}%, and its fixed damage increases by ${8}.	หลังจากร่าย ^{1}^{2}[Grimtooth]^{3}^{4}มี${1}% โอกาสที่จะสร้าง DMG เท่ากับ PATK *${4}% +${5}เป็นความเสียหายทางกายภาพระยะประชิดเป็นกลางสูงสุด ศัตรู${3}ภายในรัศมี${2}เมตรของเป้าหมาย คูลดาวน์:${6}วินาที ^{5}^{6}[Grimtooth]^{7}^ ตัวคูณเปอร์เซ็นต์ความเสียหายของ{8}เพิ่มขึ้น${7}% และความเสียหายคงที่เพิ่มขึ้น${8}
26300	Fire Ninja Shinobi hurls a series of Dynamite blasts around itself, sequentially dealing Neutral ranged Physical damage equal to Pet Physical ATK * ^{1}${2}%^{2} to up to ${3} enemies within ${1}, ${4}, and ${5} meters and ^{3}knocking them back^{4}. The final hit also reduces the targets' Physical and Magic ATK by ^{5}${6}%^{6} for ${7} seconds.	นินจาไฟ ชิโนบิ ขว้างระเบิดไดนาไมต์ไปรอบ ๆ ตัวมันเอง สร้างความเสียหายทางกายภาพระยะเป็นกลางตามลำดับเท่ากับ ATK ทางกายภาพของสัตว์เลี้ยง * ^{1}${2}%^{2}ไปยังศัตรูสูงสุด${3}ภายใน${1}${4}และ${5}เมตร และ ^{3}ทำให้พวกเขาถอยกลับ^{4}การโจมตีครั้งสุดท้ายยังลด ATK กายภาพและเวทมนตร์ของเป้าหมายลง ^{5}${6}%^{6}เป็นเวลา${7}วินาที
26301	Fruit Tree Turtle lashes out with vines, restoring ^{1}${1}^{2} Life to its master every second for ${2} seconds. It also deals Neutral ranged ^{7}Adaptive Damage^{8} equal to the master's ^{3}Adaptive ATK^{4} *^{5}${5}%^{6} to up to ${4} enemies within a ${3}-meter radius. For every ${6} enemies hit, it restores ^{9}${7}^{10} Life to its master.	Fruit Tree Turtle โบกมือด้วยเถาวัลย์ ฟื้นฟู ^{1}${1}^{2}ใช้ชีวิตให้เจ้านายทุก ๆ วินาทีเป็นเวลา${2}วินาทีนอกจากนี้ยังสร้างความเสียหายแบบเป็นกลาง ^{7}Adaptive Damage^{8}เท่ากับมาสเตอร์ ^{3}Adaptive ATK^{4}*^{5}${5}%^{6}ไปจนถึงศัตรูสูงสุด${4}ภายใน${3}-รัศมีเมตรสำหรับทุก ๆ ศัตรูของ${6}ที่โดน มันจะฟื้นพลังชีวิต ^{9}${7}^{10}ไปสู่ต้นแบบของมัน
26302	Axe- and Mace-only skill. Rapidly spins the Axe, dealing total Neutral melee Physical damage equal to PATK * ^{1}${3}%^{2} to up to ${2} enemies within a ${1}-meter radius (^{3}^{4}Vitality Resonance ${5}%^{5}^{6}). While Enhance is Active, Axe Tornado lasts longer, increases your MSPD by ${4}%, and grants [Immunity] for the duration of the skill.	Axe- and Mace-only skill.หมุนขวานอย่างรวดเร็ว สร้างความเสียหายทางกายภาพระยะประชิดที่เป็นกลางทั้งหมดเท่ากับ PATK * ^{1}${3}%^{2}ไปจนถึงศัตรูสูงสุด${2}ภายในรัศมี${1}-meter (^{3}^{4}Vitality Resonance${5}%^{5}^{6})ในขณะที่เพิ่มประสิทธิภาพใช้งานอยู่ Ax Tornado จะอยู่ได้นานขึ้น เพิ่ม MSPD ของคุณขึ้น${4}% และได้รับ [ภูมิคุ้มกัน] ตลอดระยะเวลาของทักษะ
26303	The Goddess of Hope slashes through the air with a dark blade, dealing Neutral melee ^{5}Adaptive Damage^{6} equal to the master's ^{1}Adaptive ATK^{2}*^{3}${3}%^{4} to up to ${2} enemies within a ${1}-meter radius of the target area, and grants the master ^{7}【Divine Hope】^{8}, increasing Physical and Magic DEF by ^{9}${4}%^{10} for ${5} seconds.	เทพีแห่งความหวังฟาดฟันไปในอากาศด้วยดาบสีเข้ม สร้างความเสียหายระยะประชิดที่เป็นกลาง ^{5}Adaptive Damage^{6}เท่ากับปรมาจารย์ ^{1}Adaptive ATK^{2}*^{3}${3}%^{4}สูงถึง${2}ศัตรูภายในรัศมี${1}- เมตรของพื้นที่เป้าหมาย และมอบมาสเตอร์ ^{7}【Divine Hope】^{8}เพิ่ม DEF กายภาพและเวทมนตร์โดย ^{9}${4}%^{10}สำหรับ${5}วินาที
26304	After using ^{1}^{2}【Gravitation Field】^{3}^{4}, trigger 【Spatial Distortion】 @{1} times, dealing Ghost Ranged Magic damage equal to MATK * ^{9}${3}% + ${4}^{10} to up to ^{7}${2}^{8} enemies within a ^{5}${1}^{6}-meter radius. Has a ^{11}${5}%^{12} Chance to inflict 【Slow】 for ^{13}${6}^{14} seconds, reducing the target's MSPD by ^{15}${7}%^{16}.	หลังจากใช้ ^{1}^{2}【Gravitation Field】^{3}^{4}, ทริกเกอร์ 【Spatial Distortion】@{1}ครั้ง สร้างความเสียหายเวทย์ Ghost Ranged เท่ากับ MATK * ^{9}${3}% +${4}^{10}ถึง ^{7}${2}^{8}ศัตรูภายใน ^{5}${1}^{6}-รัศมีเมตร มี ^{11}${5}%^{12}มีโอกาสที่จะทำให้ 【ช้า】สำหรับ ^{13}${6}^{14}วินาที ลด MSPD ของเป้าหมายลง ^{15}${7}%^{16}.
26305	@{1}. If a BOSS has multiple Unlock Requirements, it will only unlock after all of them are met.\n@{2}. After a dungeon BOSS is unlocked, it receives one Initial Reward Count, and ^{1}its Reward Count will only increase at each refresh after it has been unlocked.^{2}\n@{3}. The party can Enter Dungeon only after every Member has unlocked that BOSS.	@{1} หากบอสมีข้อกำหนดในการปลดล็อคหลายข้อ มันจะปลดล็อคเมื่อมีคุณสมบัติครบตามที่กำหนดเท่านั้น\n@{2} หลังจากปลดล็อคบอสดันเจี้ยนแล้ว มันจะได้รับจำนวนรางวัลเริ่มต้นหนึ่งจำนวน และ ^{1}จำนวนรางวัลของมันจะเพิ่มขึ้นในการรีเฟรชแต่ละครั้งหลังจากที่ปลดล็อคแล้วเท่านั้น^{2}\n@{3} ปาร์ตี้สามารถเข้าสู่ดันเจี้ยนได้หลังจากที่สมาชิกทุกคนปลดล็อคบอสแล้วเท่านั้น
26306	Can only be used while in Ride mode on the Madogear Pilot. With ${1} Arm Cannons mounted on its shoulders, Launch ${6} Cannon rounds at ${3} designated enemies within ${2} meters and up to ${5} Other enemies within ${4} meters around them, dealing total Neutral Ranged Physical damage equal to PATK*^{1}${7}%^{2}^{3}^{4}Luck Resonance ${8}%^{5}^{6}).	สามารถใช้ได้ขณะอยู่ในโหมด Ride บน Madogear Pilot เท่านั้นด้วยการวางปืนใหญ่แขน${1}บนไหล่ของมัน ยิงปืนใหญ่${6}ออกไปที่ศัตรูที่กำหนด${3}ภายใน${2}เมตร และสูงถึง${5}ศัตรูอื่นๆ ภายใน${4}เมตรรอบๆ พวกเขา สร้างความเสียหายทางกายภาพระยะไกลรวมเท่ากับ PATK*^{1}${7}%^{2}^{3}^{4}เสียงสะท้อนแห่งโชค${8}%^{5}^{6})
26307	Can only be used while mounted on a Demonic Wolf. Command @{1} wolf companions to attack @{3} designated targets within @{2} meters, dealing @{4} hits of @{5}% Neutral Physical damage. If your Distance from the target exceeds @{6} meters, you will also charge toward the target. Every @{7} hits dealt by [Warg Strike] refreshes this skill's cooldown.	สามารถใช้ได้ขณะขี่ Demonic Wolf เท่านั้นออกคำสั่งสหายหมาป่า@{1}เพื่อโจมตีเป้าหมายที่กำหนด@{3}ภายในระยะ@{2}เมตร สร้างความเสียหายทางกายภาพที่เป็นกลางแก่@{4}ของ@{5}%หากระยะทางของคุณจากเป้าหมายเกิน@{6}เมตร คุณจะพุ่งเข้าหาเป้าหมายด้วยทุกการโจมตีของ@{7}ที่สร้างโดย [Warg Strike] จะรีเฟรชคูลดาวน์ของทักษะนี้
26308	Ilmata plays a harmonious score, ^{1}transforming players into red or blue musical notes^{2}. Within the allotted time, they must ^{3}touch the large note of the same color on the field^{4} to remove it. Touching a large note of a different color knocks them away. If a note remains when the countdown ends, ^{5}it explodes and deals heavy damage^{6}.	อิลมาตาเล่นดนตรีประสานเสียง ^{1}เปลี่ยนผู้เล่นให้เป็นโน้ตดนตรีสีแดงหรือสีน้ำเงิน^{2}ภายในเวลาที่กำหนด พวกเขาต้อง ^{3}แตะโน้ตขนาดใหญ่ที่มีสีเดียวกันบนสนาม^{4}เพื่อลบออกการแตะโน้ตขนาดใหญ่ที่มีสีต่างกันจะทำให้พวกเขากระเด็นออกไปหากข้อความยังคงอยู่เมื่อการนับถอยหลังสิ้นสุดลง ^{5}จะระเบิดและสร้างความเสียหายอย่างหนัก^{6}
26309	During This Week's Guild League placement, your guild did not meet the requirements and cannot participate in this season. Increase your Guild Member count and Active rating to qualify for the next season's placement. (Guilds that fail to meet the requirements for @{1} consecutive placements will be unable to participate in the Guild League season.)	ในระหว่างการจัดตำแหน่งกิลด์ลีกประจำสัปดาห์นี้ กิลด์ของคุณมีคุณสมบัติไม่ตรงตามข้อกำหนดและไม่สามารถเข้าร่วมในฤดูกาลนี้ได้เพิ่มจำนวนสมาชิกกิลด์และเรตติ้งที่ใช้งานอยู่เพื่อให้มีคุณสมบัติสำหรับตำแหน่งในฤดูกาลถัดไป(กิลด์ที่ไม่ปฏิบัติตามข้อกำหนดสำหรับตำแหน่งติดต่อกันของ@{1}จะไม่สามารถเข้าร่วมในฤดูกาลกิลด์ลีกได้)
26310	Instantly unleashes a sacred primal chorus, restoring Life equal to Magic ATK * ^{1}${3}%^{2} for you and up to ${2} allies within a ${1}-meter radius (prioritizing party Members), and granting a universal damage absorption shield equal to Magic ATK * ^{3}${4}%^{4} for ${5} sec. While active, increases the targets' damage reduction by ^{5}${6}%^{6}.	ปล่อยนักร้องประสานเสียงปฐมกาลศักดิ์สิทธิ์ทันที ฟื้นฟูพลังชีวิตเท่ากับพลังโจมตีเวทย์ * ^{1}${3}%^{2}สำหรับคุณและพันธมิตร${2}ภายในรัศมี${1}เมตร (จัดลำดับความสำคัญของสมาชิกปาร์ตี้) และมอบความเสียหายสากลเกราะป้องกันการดูดซึมเท่ากับพลังโจมตีเวทย์ * ^{3}${4}%^{4}สำหรับ${5}วินาทีขณะใช้งาน เพิ่มการลดความเสียหายของเป้าหมายขึ้น ^{5}${6}%^{6}
26311	Dagger-exclusive skill. Throws a poisoned blade, dealing Poison Ranged Physical damage equal to PATK * ^{1}${2}%+${3}^{2} to the designated ST enemy within ${1} meters. Then Launches a poisoned blade at a random enemy within ${4} meters of the target, dealing Poison Ranged Physical damage equal to PATK * ^{3}${5}%+${6}^{4}, up to ^{5}${7}^{6} times.	ทักษะเฉพาะกริชขว้างใบมีดอาบยาพิษ สร้างความเสียหายทางกายภาพที่มีระยะพิษเท่ากับ PATK * ^{1}${2}%+${3}^{2}ไปยังศัตรู ST ที่กำหนดภายในระยะ${1}เมตรจากนั้นปล่อยดาบอาบยาพิษใส่ศัตรูแบบสุ่มภายในระยะ${4}เมตรของเป้าหมาย สร้างความเสียหายทางกายภาพแบบ Poison Ranged เท่ากับ PATK * ^{3}${5}%+${6}^{4}สูงสุด ^{5}${7}^{6}ครั้ง
26312	Upon use, immediately enter the ^{1}^{2}【Camouflage】^{3} and ^{4}【Hiding】^{5}^{6} states, becoming invisible and untargetable and increasing Movement Speed by ^{7}${1}%^{8} for ${2} seconds.\nDealing or taking damage a total of ${3} times immediately ends 【Camouflage】 and 【Hiding】. Passive: Using Back Slide also grants 【Camouflage】 for ${4} seconds.	เมื่อใช้ ให้ป้อน ^{1}^{2}【Camouflage】^{3}และ ^{4}【Hiding】^{5}^{6}ระบุว่า กลายเป็นล่องหนและไม่สามารถกำหนดเป้าหมายได้ และเพิ่มความเร็วในการเคลื่อนที่ขึ้น ^{7}${1}%^{8}สำหรับ${2}วินาที\nการจัดการหรือรับความเสียหายรวมของ${3}ครั้งจะสิ้นสุดลงทันที 【Camouflage】 และ 【Hiding】ติดตัว: การใช้ Back Slide จะทำให้ได้รับ 【Camouflage】 เป็นเวลา${4}วินาที
26313	Summon a holy spirit that circles around you and locates one enemy within a ${1}-meter radius who is under the ^{1}^{2}[Disguise]^{3}^{4} Status Effect. Removes their ^{5}^{6}[Disguise]^{7}^{8} Status Effect and deals Holy Ranged Magic damage equal to MATK * ^{9}${2}%^{10}. The holy spirit lasts ${3} seconds and disappears after Discovering a target.	เรียกวิญญาณศักดิ์สิทธิ์ที่ล้อมรอบคุณและค้นหาศัตรูหนึ่งตัวภายในรัศมี${1}เมตรที่อยู่ภายใต้ ^{1}^{2}[ปลอมตัว]^{3}^{4}เอฟเฟกต์สถานะลบ ^{5}^{6}[ปลอมตัว]^{7}^{8}Status Effect และสร้างความเสียหายเวทย์มนต์ศักดิ์สิทธิ์เท่ากับ MATK * ^{9}${2}%^{10}วิญญาณศักดิ์สิทธิ์คงอยู่${3}วินาทีและหายไปหลังจากค้นพบเป้าหมาย
26314	Hey, Adventurer.\nI'm the programmer who stays up late fixing bugs every night. Your mail... was accidentally flung into a rift in space-time by a mysterious line of my code.\nKeep this quiet. Log In Again or contact Customer Support, and I'll secretly pull your mail back for you.\n\nA mysterious programmer who doesn't want to write an incident report	เฮ้ นักผจญภัย\nฉันเป็นโปรแกรมเมอร์ที่อยู่ดึกเพื่อแก้ไขข้อบกพร่องทุกคืนจดหมายของคุณ... บังเอิญถูกทิ้งลงในรอยแยกในอวกาศ-เวลาด้วยรหัสลึกลับของฉัน\nเงียบไว้นะเข้าสู่ระบบอีกครั้งหรือติดต่อฝ่ายสนับสนุนลูกค้า แล้วเราจะแอบดึงอีเมลของคุณกลับมาหาคุณ\n\nโปรแกรมเมอร์ลึกลับผู้ไม่อยากเขียนรายงานเหตุการณ์
26315	Summon a storm, sending it Flying in the designated direction. It deals ^{1}@{2}%^{2} damage to enemies within a @{1}-meter radius along its path and inflicts ^{3}【Knockback】^{4}. After ^{5}【Knockback】^{6}, four equipped items are selected at random, each with a @{3}% Chance to ^{7}【drop】^{8}, with a guaranteed ^{9}【drop】^{10} of ^{11}@{4}^{12} items.	เรียกพายุมาส่งมัน บินไปในทิศทางที่กำหนดสร้างความเสียหาย ^{1}@{2}%^{2}ให้กับศัตรูภายในรัศมี@{1}เมตรตามเส้นทางของมัน และสร้างความเสียหาย ^{3}【กระเด็นกลับ】^{4}หลังจาก ^{5}【Knockback】^{6}ไอเทมที่สวมใส่สี่ชิ้นจะถูกสุ่มเลือก โดยแต่ละรายการจะมี@{3}% โอกาสที่จะ ^{7}【ดรอป】^{8}พร้อมรับประกัน ^{9}【ดรอป】^{10}จาก ^{11}@{4}^ รายการ{12}
26316	He's been staying at the camp for the past week, leaving early and returning late every day. Oh! I even said hello to him before he left this morning. He headed west^{2} of the camp at dawn with his equipment^{1}, saying he was looking for something called [Memory Particles]. He's so stubborn—he wouldn't listen when I told him to find someone to help.	เขาอยู่ที่แคมป์ตลอดสัปดาห์ที่ผ่านมา ออกเร็วและกลับมาสายทุกวันโอ้!ฉันยังทักทายเขาก่อนที่เขาจะจากไปเมื่อเช้านี้เขามุ่งหน้าไปทางตะวันตก^{2}ของแคมป์ตอนรุ่งสางพร้อมอุปกรณ์ของเขา^{1}โดยบอกว่าเขากำลังมองหาบางสิ่งที่เรียกว่า [อนุภาคความทรงจำ]เขาหัวแข็งมาก—เขาไม่ยอมฟังเมื่อฉันบอกเขาให้หาคนมาช่วย
26317	Medusa releases a silver snake that ricochets between enemies, dealing Magic ATK*^{1}${2}%^{2} Neutral ranged magic damage to the first enemy within ${1}m and Magic ATK*^{3}${3}%^{4} Neutral ranged magic damage to subsequent targets. Ricochets up to ${4} times. Each HIT has a ^{5}${5}%^{6} Chance to inflict ^{7}^{8}【Petrify】^{9}^{10} for ${6} seconds.	Medusa ปล่อยงูเงินที่กระเด็นไปมาระหว่างศัตรู สร้าง ATK เวทย์มนตร์*^{1}${2}%^{2}สร้างความเสียหายเวทย์ระยะเป็นกลางแก่ศัตรูตัวแรกที่อยู่ในระยะ${1}m และ ATK เวทย์มนตร์*^{3}${3}%^{4}สร้างความเสียหายเวทแบบเป็นกลางไปยังเป้าหมายถัดไปแฉลบได้สูงสุด${4}เท่าHIT แต่ละครั้งมี ^{5}${5}%^{6}โอกาสในการสร้างความเสียหาย ^{7}^{8}【กลายเป็นหิน】^{9}^{10}เป็นเวลา${6}วินาที
26318	Use psychic power to summon White Imprison, trapping ${1} enemies within ${2} meters and dealing Ghost-property ranged magic damage equal to Magic ATK*^{1}${3}%^{2}. Inflicts ^{3}【Immobilize】^{4} for ${4} seconds and 【Prison】 for ${5} seconds. 【Prison】: Physical and magic damage taken increases by ${6}%. 【Immobilize】: Interrupts movement. Cannot move.	ใช้พลังจิตเพื่อเรียก White Imprison มาดักจับศัตรู${1}ในระยะ${2}เมตร และสร้างความเสียหายทางเวทมนตร์ระยะไกลที่มีคุณสมบัติผีเท่ากับพลังโจมตีเวทย์*^{1}${3}%^{2}ทำให้ ^{3}【ตรึง】^{4}เป็นเวลา${4}วินาที และ 【Prison】 เป็นเวลา${5}วินาที【คุก】: ความเสียหายกายภาพและเวทมนตร์ที่ได้รับเพิ่มขึ้น${6}%【ทำให้เคลื่อนที่ไม่ได้】: ขัดจังหวะการเคลื่อนไหวไม่สามารถย้ายได้
26319	Owl Baron gathers storm clouds and locks onto a ST enemy within ${1} meters, Summoning ${3} Lightning Strikes every ${2} sec to attack random ST enemies within a ${4}-meter radius of the target. Summons ^{1}${5}^{2} Lightning Strikes in total. Each Lightning Strike Deals Neutral Ranged damage equal to the owner's ^{3}Adaptive Attack^{4}*^{5}${6}%^{6}.	Owl Baron รวบรวมเมฆพายุและล็อคเข้ากับศัตรู ST ภายใน${1}เมตร เรียกสายฟ้า${3}โจมตีทุก ๆ${2}วินาทีเพื่อโจมตีศัตรู ST แบบสุ่มภายในรัศมี${4}เมตรของเป้าหมายเรียก ^{1}${5}^{2}สายฟ้าฟาดทั้งหมดLightning Strike แต่ละครั้งจะสร้างความเสียหายในระยะเป็นกลางเท่ากับเจ้าของ ^{3}Adaptive Attack^{4}*^{5}${6}%^{6}
26320	Gain Melt Down for ${1} seconds. While active, attacks against enemy players have a ${2}% Chance to cause ^{1}Weapon Damage^{2} (disabling all attributes, affixes, and Stunts on both main-hand and off-hand weapons) for ${3} seconds. Attacks against monsters instead have a ${4}% Chance to reduce their ^{3}${5}%^{4} Physical ATK and DEF for ${6} seconds.	ละลายลงเป็นเวลา${1}วินาทีในขณะที่ใช้งาน การโจมตีผู้เล่นศัตรูมีโอกาส${2}% ที่จะสร้าง ^{1}Weapon Damage^{2}(ปิดการใช้งานคุณลักษณะทั้งหมด สิ่งที่แนบมา และ Stunts ทั้งบนอาวุธมือหลักและอาวุธรอง) เป็นเวลา${3}วินาทีการโจมตีมอนสเตอร์แทนที่จะมีโอกาส${4}% ที่จะลด ^{3}${5}%^{4}Physical ATK และ DEF เป็นเวลา${6}วินาที
26321	Chant a powerful purification spell, removing ^{1}【Movement-Restricting Status Effects】^{2} and ^{3}【Control Status Effects】^{4} from yourself and party Members within a @{1}-meter radius. For the next @{2} seconds, they become immune to up to ^{5}@{3}^{6} instances of ^{7}【Movement-Restricting Status Effects】^{8} and ^{9}【Control Status Effects】^{10}.	ร่ายคาถาชำระล้างอันทรงพลัง ลบ ^{1}【เอฟเฟกต์สถานะจำกัดการเคลื่อนไหว】^{2}และ ^{3}【เอฟเฟกต์สถานะการควบคุม】^{4}จากตัวคุณเองและสมาชิกปาร์ตี้ภายในรัศมีเมตร@{1}ในวินาทีถัดไปของ@{2}พวกมันจะต้านทานต่อ ^{5}@{3}^{6}อินสแตนซ์ของ ^{7}【ผลกระทบสถานะที่จำกัดการเคลื่อนไหว】^{8}และ ^{9}【เอฟเฟกต์สถานะการควบคุม】^{10}.
26322	Angeling summons a radiant halo, restoring ^{1}Adaptive ATK^{2}*^{3}${3}%^{4} ^{5}Life^{6} to up to ${2} allies within ${1} meters and granting the master a ${4}-meter-radius ^{7}[Radiant Ring]^{8}. Allies within the area receive ^{9}${5}%^{10} more healing and periodically recover ^{11}Adaptive ATK^{12}*^{13}${6}%^{14} ^{15}Life^{16} for ${7} seconds.	Angeling เรียกรัศมีที่เปล่งประกาย คืนค่า ^{1}Adaptive ATK^{2}*^{3}${3}%^{4}^{5}Life^{6}ขึ้นไปถึง${2}พันธมิตรภายใน${1}เมตร และมอบ${4}-รัศมีเมตร ^{7}[Radiant Ring]^{8}ให้กับต้นแบบพันธมิตรภายในพื้นที่จะได้รับ ^{9}${5}%^{10}การรักษามากขึ้นและฟื้นตัวเป็นระยะ ^{11}Adaptive ATK^{12}*^{13}${6}%^{14}^{15}Life^{16}เป็นเวลา${7}วินาที
26323	Explore the region associated with each movement to obtain <color=#ff6161>Melody Conches</color> and <color=#ff6161>Lost Notes</color>.\nDrag <color=#ff6161>Lost Notes</color> into the measure, and the corresponding story quest Can be unlocked.\nExchange <color=#ff6161>Melody Conches</color> for <color=#ff6161>Lost Notes</color> in the Exploration Shop.	Explore the region associated with each movement to obtain <color=#ff6161>Melody Conches</color> and <color=#ff6161>Lost Notes</color>.\nDrag <color=#ff6161>Lost Notes</color> into the measure, and the corresponding story quest Can be unlocked.\nExchange <color=#ff6161>Melody Conches</color> for <color=#ff6161>Lost Notes</color> in the Exploration Shop.
26324	@{1}.Trade Records Keep the @{2} most recent purchase and sale records.\n@{3}.Purchase records show the Shop Item Name, amount spent, order number, and Trade time.\n@{4}.Sale records show the Shop Item Name, net earnings, transaction fee, and Trade time.\n@{5}.When an item is sold, the System charges a percentage of the total price as a transaction fee.	@{1}.บันทึกการค้า เก็บ @{2} บันทึกการซื้อและการขายล่าสุด\n@{3}.บันทึกการซื้อแสดงชื่อสินค้าในร้านค้า จำนวนเงินที่ใช้ หมายเลขคำสั่งซื้อ และเวลาซื้อขาย\n@{4} บันทึกการขายแสดงชื่อสินค้าในร้านค้า รายได้สุทธิ ค่าธรรมเนียมการทำธุรกรรม และเวลาการค้า\n@{5}.เมื่อมีการขายสินค้า ระบบจะเรียกเก็บเงินเป็นเปอร์เซ็นต์ของราคาทั้งหมดเป็นค่าธรรมเนียมการทำธุรกรรม
26325	Summon continuous lightning strikes that deal Magic ATK*^{1}${4}%+${5}^{2} Wind-property ranged magic damage per wave to up to ${3} enemy targets in a circular area with a ${2}-meter radius within ${1} meters of you. The lightning lasts ${6} seconds and strikes ${7} times, with a ${8}% Chance to inflict the ^{3}^{4}【Blind】^{5}^{6} status for ${9} seconds.	เรียกสายฟ้าฟาดอย่างต่อเนื่องเพื่อสร้างความเสียหายทางเวทย์มนตร์*^{1}${4}%+${5}^{2}ทรัพย์สินทางลมสร้างความเสียหายเวทต่อคลื่นต่อเป้าหมายศัตรูสูงสุด${3}ในพื้นที่วงกลมโดยมีรัศมี${2}- เมตรอยู่ภายใน${1}เมตรของคุณฟ้าผ่ากินเวลา${6}วินาทีและโจมตี${7}ครั้ง โดยมีโอกาส${8}% ที่จะสร้าง ^{3}^{4}【ตาบอด】^{5}^{6}สถานะเป็นเวลา${9}วินาที
26326	Controls the Madogear Pilot to swing its weapon at enemies ahead in a three-hit combo. The first hit deals ^{1}@{3}%^{2} damage to up to @{2} enemies within @{1} meters, the second deals ^{3}@{6}%^{4} damage to up to @{5} enemies within @{4} meters, and the third deals ^{5}@{9}%^{6} damage to up to @{8} enemies within @{7} meters and inflicts ^{7}Slow^{8}.	ควบคุม Madogear Pilot ให้เหวี่ยงอาวุธใส่ศัตรูที่อยู่ข้างหน้าด้วยการโจมตีคอมโบสามครั้งการโจมตีครั้งแรกสร้างความเสียหาย ^{1}@{3}%^{2}สร้างความเสียหายให้กับศัตรูสูงสุด@{2}ภายใน@{1}เมตร ข้อตกลงที่สอง ^{3}@{6}%^{4}สร้างความเสียหายสูงสุด@{5}ศัตรูที่อยู่ในระยะ@{4}เมตร และครั้งที่สามสร้างความเสียหาย ^{5}@{9}%^{6}สร้างความเสียหายให้กับศัตรูสูงสุด@{8}ภายใน@{7}เมตร และสร้างความเสียหาย ^{7}Slow^{8}
26327	^{1}【Judex】^{2} cast by you has a ^{3}${1}%^{4} Chance to deal one Extra instance of Neutral ranged magic damage equal to your Magic ATK * ^{5}${2}%^{6} to the target, and a ^{7}${1}%^{8} Chance to deal one Extra instance of Neutral ranged Physical damage equal to your Magic ATK * ^{9}${3}%^{10} to the target. (The two Chances are calculated independently.)	^{1}【Judex】^{2}ที่คุณร่ายมี ^{3}${1}%^{4}มีโอกาสที่จะสร้างความเสียหายเวทย์มนต์ระยะเป็นกลางพิเศษหนึ่งตัวเท่ากับพลังโจมตีเวทย์ของคุณ * ^{5}${2}%^{6}ไปยังเป้าหมาย และ ^{7}${1}%^{8}มีโอกาสที่จะสร้างความเสียหายทางกายภาพระยะไกลพิเศษ 1 ครั้ง ซึ่งเท่ากับพลังโจมตีเวทมนตร์ของคุณ * ^{9}${3}%^{10}ไปยังเป้าหมาย(โอกาสทั้งสองจะคำนวณแยกกัน)
26328	The BOSS first casts a cone AOE in front with a @{1}s warning, a radius of @{2}m, and an angle of @{3}°, then casts a cone AOE behind with a @{4}s warning, a radius of @{5}m, and an angle of @{6}°. Finally, it targets all players and casts a rectangular AOE at each player's current location with a @{7}-second warning, a width of @{8}m, and a length of @{9}m	ขั้นแรก BOSS เหวี่ยง AOE กรวยไปด้านหน้าพร้อมคำเตือนของ@{1}รัศมี@{2}m และมุม@{3}° จากนั้นจึงเหวี่ยง AOE กรวยด้านหลังพร้อมคำเตือนของ@{4}รัศมี@{5}m และมุม@{6}°.สุดท้าย มันจะกำหนดเป้าหมายผู้เล่นทุกคนและร่าย AOE สี่เหลี่ยมที่ตำแหน่งปัจจุบันของผู้เล่นแต่ละคนโดยมี@{7}- คำเตือนครั้งที่สอง ความกว้าง@{8}m และความยาว@{9}m
26329	@{1}.Each equipment slot has fixed card slots. Base Level Increased automatically triggers their ^{1}Unseal^{2}.\n@{2}.Unsealed card slots can hold compatible cards.\n@{3}.When a card is inserted into an equipment slot's card slot and equipment is worn in that slot, the character gains the card's effects.\n@{4}.Select or drag cards to insert or replace them.	@{1}ช่องอุปกรณ์แต่ละช่องมีช่องเสียบการ์ดคงที่ ระดับฐานที่เพิ่มขึ้นจะทริกเกอร์ ^{1}การปิดผนึก^{2} โดยอัตโนมัติ\n@{2} ช่องการ์ดที่ปิดผนึกสามารถเก็บการ์ดที่ใช้งานร่วมกันได้\n@{3}.เมื่อการ์ดถูกเสียบเข้าไปในช่องการ์ดของอุปกรณ์และอุปกรณ์สวมใส่ในช่องนั้น ตัวละครจะได้รับเอฟเฟกต์ของการ์ด\n@{4} เลือกหรือลากการ์ดเพื่อใส่หรือเปลี่ยน
26330	After ^{1}^{2}【Fire Bolt】^{3}^{4}, ^{5}^{6}【Cold Bolt】^{7}^{8}, ^{9}^{10}【Lightning Bolt】^{11}^{12}, or ^{13}^{14}【Earth Spike】^{15}^{16} hits, it triggers 【Elemental Shock】 @{1} times, dealing Neutral Ranged Magic damage equal to MATK*^{21}${3}%+${4}^{22} to up to ^{19}${2}^{20} enemies within a ^{17}${1}^{18}-meter radius. Cooldown: ^{23}${5}^{24} seconds.	หลังจาก ^{1}^{2}【โบลต์ไฟ】^{3}^{4}, ^{5}^{6}【โบลท์เย็น】^{7}^{8}, ^{9}^{10}【Lightning Bolt】^{11}^{12}, หรือ ^{13}^{14}【Earth Spike】^{15}^{16}โดน, มันจะกระตุ้นให้เกิด 【Elemental Shock】@{1}ครั้ง, จัดการเป็นกลาง ความเสียหายเวทย์มนต์ระยะไกลเท่ากับ MATK*^{21}${3}%+${4}^{22}สูงสุด ^{19}${2}^{20}ศัตรูภายใน ^{17}${1}^{18}-รัศมีเมตร คูลดาวน์: ^{23}${5}^{24}วินาที
26331	Summon a ${2}m*${3}m cross within ${1}m of yourself. For the next ${4} sec., it deals Magic ATK*^{1}${7}%+${8}^{2} Holy ranged magic damage to up to ${6} enemies in the area every ${5} sec. Damage dealt to enemies of the ^{3}Undead Race^{4} or ^{5}Demon Race^{6}, or with the ^{7}Shadow property^{8} or ^{9}Undead property^{10}, is increased by ^{11}${9}%^{12}.	เรียก${2}m*${3}m ข้ามภายใน${1}m ของตัวคุณเองในช่วงเวลา${4}วินาทีถัดไป สร้างความเสียหายเวทย์มนต์*^{1}${7}%+${8}^{2}สร้างความเสียหายเวทย์มนตร์ระยะไกลอันศักดิ์สิทธิ์แก่ศัตรู${6}ในพื้นที่ทุก ๆ${5}วินาทีความเสียหายที่ทำกับศัตรูของ ^{3}Undead Race^{4}หรือ ^{5}Demon Race^{6}หรือด้วย ^{7}Shadow property^{8}หรือ ^{9}Undead property^{10}คือเพิ่มขึ้น ^{11}${9}%^{12}
26332	Summons a massive Comet from space, dealing Neutral Ranged Magic damage equal to MATK * ^{1}${4}%^{2} to up to ${3} enemies within a ${2}-meter radius of the target within ${1} meters of You (^{3}^{4}Dexterity Resonance ${6}%^{5}^{6}). While in the ^{7}^{8}【Reading】^{9}^{10} state, consumes ${5} stacks of ^{11}【Book Page】^{12} to cast this skill 1 Extra time.	เรียกดาวหางขนาดใหญ่จากอวกาศ สร้างความเสียหายเวทย์มนตร์ระยะไกลเท่ากับ MATK * ^{1}${4}%^{2}ไปจนถึงศัตรู${3}ภายในรัศมี${2}เมตรของเป้าหมายภายใน${1}เมตรจากคุณ (^{3}^{4}เสียงสะท้อนความคล่องแคล่ว${6}%^{5}^{6})ขณะที่อยู่ในสถานะ ^{7}^{8}【Reading】^{9}^{10}จะใช้${5}stacks ของ ^{11}【Book Page】^{12}เพื่อร่ายทักษะนี้ 1 ช่วงต่อเวลาพิเศษ
26333	Retribution summons a sword formation, dealing Neutral ranged Physical damage equal to Pet Physical ATK * ^{1}${4}%^{2} to up to ${3} enemies within a ${2}-meter-radius target area located within ${1} meters, reducing their Physical and Magic ATK by ^{3}${5}%^{4}, Physical and Magic DEF by ^{5}${5}%^{6}, and inflicting ^{7}【Slow】^{8} by ${6}% for ${7} seconds.	Retribution เรียกรูปแบบดาบ สร้างความเสียหายทางกายภาพในระยะเป็นกลางเท่ากับ ATK ทางกายภาพของสัตว์เลี้ยง * ^{1}${4}%^{2}ไปจนถึงศัตรู${3}ภายในพื้นที่เป้าหมาย${2}- รัศมีเมตร ซึ่งอยู่ภายใน${1}เมตร ซึ่งจะลดพวกมันลงพลังโจมตีกายภาพและเวทมนตร์โดย ^{3}${5}%^{4}, DEF กายภาพและเวทมนตร์โดย ^{5}${5}%^{6}และสร้างความเสียหาย ^{7}【ช้า】^{8}โดย${6}% สำหรับ${7}วินาที
26334	Two-Handed Spear skill. Deals @{1} hits of Neutral Melee Physical DMG equal to PATK * ^{1}${3}%^{2} to up to ${5} enemies within a ${1}-meter radius. For every ${6}% ASPD, this DMG increases by ^{3}${7}%^{4}, up to @{2}% ASPD. Pulls the targets ^{5}closer^{6} and grants you ^{7}^{8}【Over Brand】^{9} ^{10} for ${4} seconds. You can Move while casting this skill.	ทักษะหอกสองมือสร้างความเสียหายกายภาพระยะใกล้ระยะประชิด@{1}เท่ากับ PATK * ^{1}${3}%^{2}ไปจนถึงศัตรู${5}ภายในรัศมี${1}เมตรสำหรับทุก ๆ${6}% ASPD DMG นี้จะเพิ่มขึ้น ^{3}${7}%^{4}สูงถึง@{2}% ASPDดึงเป้าหมาย ^{5}เข้ามาใกล้^{6}และให้คุณ ^{7}^{8}【Over Brand】^{9}^{10}เป็นเวลา${4}วินาทีคุณสามารถเคลื่อนที่ได้ในขณะที่ร่ายทักษะนี้
26335	Shield-only skill. Deals Neutral melee Physical damage equal to PATK*^{3}${2}%^{4} and inflicts a ${1}-second^{1} Stun^{2} on up to ${5} enemies within a ${3}m*${4}m area in the target direction. This skill greatly increases the user's Monster aggro (more than Provoke) and increases its percentage-based damage multiplier against Monster targets by^{5}${6}%^{6}.	ทักษะเฉพาะโล่สร้างความเสียหายทางกายภาพระยะประชิดที่เป็นกลางเท่ากับ PATK*^{3}${2}%^{4}และก่อให้เกิด${1}-วินาที^{1}สตัน^{2}โจมตีศัตรูสูงสุด${5}ภายในระยะ${3}m*พื้นที่${4}ม. ในทิศทางเป้าหมายทักษะนี้เพิ่มความดุร้ายให้กับมอนสเตอร์ของผู้ใช้อย่างมาก (มากกว่ายั่วยุ) และเพิ่มตัวคูณความเสียหายตามเปอร์เซ็นต์ที่โจมตีเป้าหมายเป็นมอนสเตอร์ด้วย^{5}${6}%^{6}โล่
26336	@{1}. Choose your preferred style before entering battle. The styles available in Survivor Battle differ from traditional styles.\n@{2}. Each style is bound to two skills. These two skills can only be changed by switching styles during the mode.\n@{3}. In addition to style skills, you can find more skills during the mode and carry up to @{4} Extra custom skills.	@{1} เลือกสไตล์ที่คุณต้องการก่อนเข้าสู่การต่อสู้ สไตล์ที่มีใน Survivor Battle แตกต่างจากสไตล์ดั้งเดิม\n@{2} แต่ละสไตล์ผูกไว้กับสองทักษะ ทักษะทั้งสองนี้สามารถเปลี่ยนแปลงได้โดยการเปลี่ยนสไตล์ระหว่างโหมดเท่านั้น\n@{3} นอกจากทักษะด้านสไตล์แล้ว คุณยังสามารถค้นหาทักษะเพิ่มเติมในระหว่างโหมดและดำเนินการทักษะที่กำหนดเองเพิ่มเติมได้ถึง @{4}
26337	Bloody Butterfly dances, dealing @{1} hits of Neutral Ranged Magic damage equal to the Pet's MATK*^{1}${3}%^{2} to up to ${2} enemies within ${1} meters, then Deals Neutral Ranged Magic damage equal to the Pet's MATK*^{3}${7}%^{4} to up to ${6} enemies in a ${4}-meter-by-${5}-meter area ahead. Each hit restores Life equal to ${8}% of its Skill Damage Multiplier.	Bloody Butterfly เต้นระบำ สร้างความเสียหายด้วยเวทมนตร์ระยะไกลของ@{1}เท่ากับ MATK ของสัตว์เลี้ยง*^{1}${3}%^{2}ให้กับศัตรูสูงสุด${2}ภายใน${1}เมตร จากนั้นสร้างความเสียหายด้วยเวทมนตร์ระยะไกลเท่ากันไปจนถึง MATK ของสัตว์เลี้ยง*^{3}${7}%^{4}ไปจนถึงศัตรู${6}สูงสุดในพื้นที่${4}-เมตรต่อ-${5}-เมตรข้างหน้าการโจมตีแต่ละครั้งจะฟื้นฟูพลังชีวิตเท่ากับ${8}% ของตัวคูณความเสียหายของทักษะ
26338	Can only be used while mounted on the Demonic Wolf. Casting 【Warg Charge】 or 【Warg Hunt】 resets this skill's Cooldown. Commands the Demonic Wolf to dash ${1}m in the designated direction and increases your Movement Speed by ^{1}${2}%^{2} for ${3} sec. After casting 【Warg Charge】 or 【Warg Hunt】, your next movement instead casts this skill in the movement direction.	สามารถใช้ได้ขณะขี่ Demonic Wolf เท่านั้นการใช้ 【Warg Charge】 หรือ 【Warg Hunt】 จะรีเซ็ตคูลดาวน์ของทักษะนี้สั่งให้ Demonic Wolf พุ่ง${1}m ไปในทิศทางที่กำหนด และเพิ่มความเร็วในการเคลื่อนที่ของคุณ ^{1}${2}%^{2}เป็นเวลา${3}วินาทีหลังจากร่าย 【Warg Charge】 หรือ 【Warg Hunt】 การเคลื่อนไหวถัดไปของคุณจะร่ายทักษะนี้ไปในทิศทางการเคลื่อนที่แทน
26339	Dydre summons the undead, increasing the master's ^{3}all-element damage^{4} by ^{1}${1}%^{2} for ${2} seconds, and deals Neutral ranged ^{9}adaptive damage^{10} equal to the master's ^{5}Adaptive ATK^{6}*^{7}${5}%^{8} to up to ${4} enemies in a ${3}-meter cone ahead. Enemies hit gain ^{11}${6}%^{12} increased ^{13}all elemental damage taken^{14} for ${7} seconds.	Dydre เรียกอันเดดออกมา เพิ่มความเสียหายทุกองค์ประกอบของอาจารย์ ^{3}^{4}โดย ^{1}${1}%^{2}เป็นเวลา${2}วินาที และทำความเสียหายในระยะเป็นกลาง ^{9}ความเสียหายจากการปรับตัว^{10}เท่ากับมาสเตอร์ ^{5}พลังโจมตีแบบปรับได้^{6}*^{7}${5}%^{8}ไปจนถึงศัตรู${4}ในกรวย${3}-เมตรข้างหน้าศัตรูที่โจมตีได้รับ ^{11}${6}%^{12}เพิ่มขึ้น ^{13}ความเสียหายทุกองค์ประกอบที่ได้รับ^{14}เป็นเวลา${7}วินาที
26340	After casting, enter a Parry state for ${1} sec. While active, ^{1}^{2}【Immune to Debuffs】^{3}^{4}. When Parry ends, perform an Auto Counter against up to ${5} enemies within a ${6}m * ${7}m area ahead, dealing Physical ATK * ^{5}${2}% + ${3}^{6} Neutral melee Physical damage. If you take melee Physical damage while parrying, Auto Counter damage increases by ${4}%.	หลังจากร่ายแล้ว ให้เข้าสู่สถานะปัดป้องเป็นเวลา${1}วินาที ขณะใช้งาน ^{1}^{2}【ภูมิคุ้มกันต่อดีบัฟ】^{3}^{4}เมื่อการปัดป้องสิ้นสุดลง ให้ทำการตอบโต้อัตโนมัติกับศัตรูสูงสุด${5}ภายในพื้นที่${6}m *${7}m ที่อยู่ข้างหน้า สร้าง ATK ทางกายภาพ * ^{5}${2}% +${3}^{6}ความเสียหายทางกายภาพระยะประชิดที่เป็นกลาง หากคุณได้รับความเสียหายทางกายภาพระยะประชิดขณะปัดป้อง ความเสียหายจากตัวนับอัตโนมัติจะเพิ่มขึ้น${4}%
26341	Eve slashes the designated ST enemy within ${1} meters with her giant scythe @{1} times, then throws it, dealing @{3} hits to up to @{2} targets in a ^{1}${2}^{2}*^{3}${3}^{4}-meter rectangular area ahead. Deals a total of ^{5}Adaptive ATK^{6}*^{7}${4}%^{8} Neutral melee ^{9}Adaptive Damage^{10} and reduces Physical and Magic DEF by ^{11}${5}%^{12} for ${6} seconds.	Eve ฟันศัตรู ST ที่กำหนดในระยะ${1}เมตรด้วยเคียวยักษ์ของเธอ@{1}ครั้ง แล้วขว้างมัน สร้างความเสียหายให้กับ@{3}โจมตีเป้าหมายสูงสุด@{2}ใน ^{1}${2}^{2}*^{3}${3}^{4}-พื้นที่สี่เหลี่ยมเมตรข้างหน้าสร้าง ^{5}Adaptive ATK^{6}*^{7}${4}%^{8}ระยะประชิดที่เป็นกลาง ^{9}Adaptive Damage^{10}และลด DEF กายภาพและเวทมนตร์ลง ^{11}${5}%^{12}สำหรับ${6}วินาที
26342	Gain ${1} stacks of Shield, each equal to your Max HP*^{1}${2}%^{2}, then charge toward the target area and ram back and forth. Each hit Deals Neutral melee Physical damage equal to PATK*^{3}${6}%^{4} to up to ${5} enemies in a ${3}-meter-by-${4}-meter area in the designated direction. Each hit grants an Extra ${7} Shield stacks, up to ${8} stacks, lasting ${9} sec.	ได้รับโล่ซ้อน${1}ซึ่งแต่ละอันเท่ากับ HP สูงสุดของคุณ*^{1}${2}%^{2}จากนั้นชาร์จไปยังพื้นที่เป้าหมายและชนไปมาการโจมตีแต่ละครั้งจะสร้างความเสียหายทางกายภาพระยะประชิดที่เป็นกลางเท่ากับ PATK*^{3}${6}%^{4}ให้กับศัตรูสูงสุด${5}ในพื้นที่${3}-เมตรต่อ-${4}-เมตรในทิศทางที่กำหนดการโจมตีแต่ละครั้งจะทำให้ได้รับสแต็กโล่${7}พิเศษ สูงสุดถึง${8}สแต็ก ซึ่งคงอยู่นาน${9}วินาที
26343	The Mutant roars loudly, dealing Neutral melee Physical damage equal to Pet Physical ATK*^{1}${3}%^{2} to up to ${2} enemies within a ${1}-meter radius, then increasing its Life Steal by ${4}%. Its Normal Attacks also trigger Extra area damage, dealing the same damage as the Normal Attack to the target and up to @{2} enemies within @{1} meters of it for ${5} seconds.	พวกกลายพันธุ์คำรามเสียงดัง สร้างความเสียหายทางกายภาพระยะประชิดที่เป็นกลางเท่ากับ ATK ทางกายภาพของสัตว์เลี้ยง*^{1}${3}%^{2}ไปจนถึงศัตรูสูงสุด${2}ภายในรัศมี${1}เมตร จากนั้นเพิ่มการดูดเลือดของมันขึ้น${4}%การโจมตีปกติของมันยังทำให้เกิดความเสียหายในพื้นที่พิเศษ สร้างความเสียหายเช่นเดียวกับการโจมตีปกติไปยังเป้าหมายและศัตรูสูงสุด@{2}ภายใน@{1}เมตร เป็นเวลา${5}วินาที
26344	How to Obtain Guild Funds:\n@{1}.Guild Funds are extremely important and will be ^{1}used to purchase essential Currency and items, such as Guild Supplies, in Guild Territory War^{2}.\n@{2}.During Guild Caravan, Guild Members can earn Guild Funds by submitting requested items.\n@{3}.Completing a full round of caravan item requests grants a large amount of Guild Funds.	วิธีรับกองทุนกิลด์:\n@{1}.กองทุนกิลด์มีความสำคัญอย่างยิ่งและจะเป็น ^{1}ที่ใช้ในการซื้อสกุลเงินและไอเท็มที่จำเป็น เช่น อุปกรณ์กิลด์ ในสงครามดินแดนกิลด์^{2}\n@{2}.ในช่วงคาราวานกิลด์ สมาชิกกิลด์สามารถรับกองทุนกิลด์ได้โดยส่งไอเท็มที่ร้องขอ\n@{3}การทำคำขอไอเท็มคาราวานให้ครบรอบจะทำให้ได้รับเงินทุนกิลด์จำนวนมาก
26345	Demon Maid appears beside the master, removing their control effects and granting them ^{1}^{2}[Control Immunity]^{3}^{4} for ${1} seconds. She deals Neutral melee ^{9}Adaptive Damage^{10} equal to the master's ^{5}Adaptive ATK^{6}*^{7}${4}%^{8} to up to ${3} enemies within a ${2}-meter radius and inflicts ^{11}^{12}[Silence]^{13}^{14} on enemies hit for ${6} seconds.	Demon Maid ปรากฏตัวข้างๆ มาสเตอร์ ลบเอฟเฟกต์ควบคุมออก และมอบสิทธิ์ ^{1}^{2}[ภูมิคุ้มกันควบคุม]^{3}^{4}เป็นเวลา${1}วินาทีเธอสร้างความเสียหายระยะประชิดที่เป็นกลาง ^{9}Adaptive Damage^{10}เท่ากับมาสเตอร์ ^{5}Adaptive ATK^{6}*^{7}${4}%^{8}ให้กับศัตรูสูงสุด${3}ภายใน${2}-รัศมีเมตรและสร้าง ^{11}^{12}[เงียบ]^{13}^{14}กับศัตรูที่ถูกโจมตีเป็นเวลา${6}วินาที
26346	All pets and their master gain ^{1}^{2}Anti-Stealth^{3}^{4} for ${1} sec., allowing them to detect hidden enemies within ^{5}${2} meters^{6}. They also gain ^{7}【Alert Recon】^{8} for ${3} sec. While active, each hit taken increases ^{9}Physical DEF by ${4}%^{10} and ^{11}Magic DEF by ${5}%^{12}, stacking up to ^{13}${6}^{14} times. Each stack lasts ^{15}${7}^{16} sec.	สัตว์เลี้ยงทุกตัวและเจ้านายของพวกมันจะได้รับ ^{1}^{2}Anti-Stealth^{3}^{4}สำหรับ${1}วินาที ทำให้พวกมันสามารถตรวจจับศัตรูที่ซ่อนอยู่ภายใน ^{5}${2}เมตร^{6}พวกเขายังได้รับ ^{7}【Alert Recon】^{8}สำหรับ${3}วินาที ในขณะที่ใช้งาน การโจมตีแต่ละครั้งที่ได้รับจะเพิ่มขึ้น ^{9}Physical DEF โดย${4}%^{10}และ ^{11}Magic DEF โดย${5}%^{12}, ซ้อนกันได้ถึง ^{13}${6}^{14}ครั้ง แต่ละสแต็กคงอยู่ ^{15}${7}^{16}วินาที
26347	@{1}. When any BOSS in the Final Trial is cleared, the game checks whether the challenge objectives were completed during that clear. Challenge objectives may be completed in any order.\n@{2}. ^{1}Each challenge objective can only be completed once^{2}. Complete an objective to claim its reward.\n@{3}. Trial Coins can be exchanged for items in the ^{3}[Trial Shop]^{4}.	@{1} เมื่อเคลียร์บอสใด ๆ ในการทดสอบครั้งสุดท้ายได้แล้ว เกมจะตรวจสอบว่าวัตถุประสงค์การท้าทายเสร็จสมบูรณ์หรือไม่ในระหว่างการเคลียร์นั้น วัตถุประสงค์ของการท้าทายอาจเสร็จสิ้นในลำดับใดก็ได้\n@{2} ^{1}แต่ละวัตถุประสงค์ของการท้าทายสามารถทำได้เพียงครั้งเดียวเท่านั้น^{2} ทำภารกิจให้สำเร็จเพื่อรับรางวัล\n@{3} เหรียญทดลองสามารถแลกเปลี่ยนเป็นไอเทมได้ใน ^{3}[Trial Shop]^{4}
26348	During this phase, players from opposing Factions cannot attack each other. Guild Members who do Not owned a stronghold may move through non-stronghold areas, while Guild Members who own a stronghold may move through any area. During this phase, you can gather intelligence before the battle, and battle commanders can use the command Function to deploy combat strategies.	ในช่วงนี้ ผู้เล่นจากฝ่ายตรงข้ามไม่สามารถโจมตีกันเองได้สมาชิกกิลด์ที่ไม่ได้เป็นเจ้าของฐานที่มั่นสามารถเคลื่อนที่ผ่านพื้นที่ที่ไม่ใช่ฐานที่มั่นได้ ในขณะที่สมาชิกกิลด์ที่เป็นเจ้าของฐานที่มั่นสามารถเคลื่อนที่ผ่านพื้นที่ใดก็ได้ในช่วงนี้ คุณสามารถรวบรวมข้อมูลก่อนการรบได้ และผู้บังคับการการรบสามารถใช้ฟังก์ชันคำสั่งเพื่อปรับใช้กลยุทธ์การต่อสู้ได้
26349	Can only be cast while riding a dragon. The dragon Mount breathes fire, dealing Fire Ranged Physical damage totaling PATK * ^{1}${5}%^{2} over ${4} hits to up to ${3} enemies in a ${1}-meter x ${2}-meter area in the designated direction, with a ^{3}${6}%^{4} Chance to Burn damaged enemies, dealing Fire Ranged Physical damage totaling PATK * ^{5}${7}%^{6} over @{1} hits.	ร่ายได้ขณะขี่มังกรเท่านั้นภูเขามังกรพ่นไฟ สร้างความเสียหายทางกายภาพระยะยิงรวมเป็น PATK * ^{1}${5}%^{2}บน${4}โจมตีศัตรูสูงสุด${3}ในพื้นที่${1}-meter x${2}-เมตร ในทิศทางที่กำหนด โดยมี ^{3}${6}%^{4}โอกาสในการเผาศัตรูที่เสียหาย สร้างความเสียหายทางกายภาพแบบ Fire Ranged รวม PATK * ^{5}${7}%^{6}มากกว่าการโจมตี@{1}
26350	Raise your shield for @{1} seconds to Fortify You, reducing DMG taken by ^{1}@{2}%^{2}. During this time, You suffer ^{3}【Slow】^{4} by @{3}% but gain ^{5}Immunity^{6}. Every @{6} seconds, up to @{5} Enemy Team members within @{4} meters in front of You are pushed @{7} meters in your Facing direction with ^{7}【Knockback】^{8} and take DMG equal to your ATK * ^{9}@{8}%^{10}.	ยกโล่ของคุณขึ้นเป็นเวลา@{1}วินาทีเพื่อเสริมความแข็งแกร่งให้กับคุณ ลดความเสียหายที่ได้รับจาก ^{1}@{2}%^{2}ในช่วงเวลานี้ คุณจะต้องทนทุกข์ทรมาน ^{3}【ช้า】^{4}โดย@{3}% แต่ได้รับ ^{5}Immunity^{6}ทุก ๆ@{6}วินาที จนถึง@{5}สมาชิกในทีมศัตรูที่อยู่ในระยะ@{4}เมตรข้างหน้า คุณจะถูกผลัก@{7}เมตรไปในทิศทางที่หันหน้าของคุณด้วย ^{7}【Knockback】^{8}และรับ DMG เท่ากับ ATK ของคุณ * ^{9}@{8}%^{10}.
26351	When you HIT a target with Shield Bash or Reflect Damage, you have a @{1}% and @{2}% Chance, respectively, to gain 1 stack of [Shield Momentum] for @{3} seconds. At @{4} stacks, your next @{5} Shield Bashes become [Powerful Shield Bash], increasing their damage by @{6}%. After each cast, gain a shield equal to Life Limit × @{8}% for @{7} seconds. This shield cannot stack.	เมื่อคุณโจมตีเป้าหมายด้วย Shield Bash หรือ Reflect Damage คุณมีโอกาส@{1}% และ@{2}% ตามลำดับ ที่จะได้รับ 1 สแต็คของ [Shield Momentum] เป็นเวลา@{3}วินาทีที่การสแต็ค@{4}Shield Bashes ถัดไปของคุณของ@{5}จะกลายเป็น [ทุบตีโล่อันทรงพลัง] ซึ่งเพิ่มความเสียหายเป็น@{6}%หลังจากการร่ายแต่ละครั้ง ได้รับโล่เท่ากับขีดจำกัดชีวิต ×@{8}% เป็นเวลา@{7}วินาทีโล่นี้ไม่สามารถซ้อนกันได้
26352	Stronghold Contest Phases:\n\nBattle Prep Phase: During this phase, attacks are prohibited. Players may move within the permitted area to gather information, discuss tactics, and coordinate battle plans.\n\nBattle Phase: During this phase, players may attack members of an opposing Faction. Capture the stronghold's banner and successfully defend it to occupy the stronghold.	Stronghold:\n\nระยะเตรียมการรบ: ในระหว่างระยะนี้ ห้ามการโจมตีผู้เล่นอาจเคลื่อนที่ภายในพื้นที่ที่ได้รับอนุญาตเพื่อรวบรวมข้อมูล หารือเกี่ยวกับยุทธวิธี และประสานงานแผนการรบ\n\nBattle Phase: ในช่วงนี้ ผู้เล่นอาจโจมตีสมาชิกของฝ่ายตรงข้ามได้ยึดธงของฐานที่มั่นและป้องกันได้สำเร็จเพื่อยึดครองฐานที่มั่น
26353	1. Chests are special items containing many rewards. Players can open chests to obtain these rewards.\n2. At set intervals, the Goddess blesses one type of chest. Blessed chests receive an opening bonus that grants Additional rewards based on the number opened. The cycle and order of the Goddess's chest blessings are fixed, so Adventurers can save their chests accordingly.	1. หีบสมบัติเป็นไอเทมพิเศษที่บรรจุรางวัลมากมาย ผู้เล่นสามารถเปิดหีบเพื่อรับรางวัลเหล่านี้ได้\n2. ในช่วงเวลาที่กำหนด เทพธิดาจะอวยพรหน้าอกประเภทหนึ่ง หีบศักดิ์สิทธิ์จะได้รับโบนัสการเปิดซึ่งจะให้รางวัลเพิ่มเติมตามจำนวนที่เปิด วงจรและลำดับการอวยพรหีบสมบัติของเทพธิดาได้รับการแก้ไขแล้ว ดังนั้นนักผจญภัยจึงสามารถเก็บหีบสมบัติได้ตามนั้น
26354	Welcome to the Bonfire Party! The event consists of @{1} stages. Stage @{2} is the preparation stage, during which Adventurers can collect Live Coals scattered throughout the territory and add them to the Bonfire to earn rewards. Stages @{3}-@{4} are the main party stages, during which Adventurers can defeat mischievous monsters to earn rewards and enter the prize drawing.	ยินดีต้อนรับสู่ปาร์ตี้กองไฟ!กิจกรรมประกอบด้วยด่าน@{1}ด่าน@{2}เป็นขั้นเตรียมการ ซึ่งในระหว่างนั้นนักผจญภัยสามารถรวบรวมถ่านมีชีวิตที่กระจัดกระจายไปทั่วดินแดนและเพิ่มลงในกองไฟเพื่อรับรางวัลด่าน@{3}-@{4}เป็นด่านปาร์ตี้หลัก ในระหว่างนี้นักผจญภัยสามารถเอาชนะสัตว์ประหลาดจอมซนเพื่อรับรางวัลและเข้าร่วมการจับรางวัล
26355	Quickly slash forward ${1} times, unleashing a massive blade of wind that deals ${3} hits of ${4}%, ${5}%, and ${6}% Physical damage to a single target within a ${2}-meter radius.\nThe third slash unleashes a blade of wind, dealing ${8}% Physical damage to up to ${7} targets in a rectangular area ahead. Each time damage hits ${9} targets, gain ${10} stacks of 【Blade Mark】.	ฟันไปข้างหน้าอย่างรวดเร็ว ${1} ครั้ง ปล่อยดาบลมขนาดใหญ่ที่สร้างความเสียหายทางกายภาพ ${3} ครั้งเป็นความเสียหายทางกายภาพ ${4}%, ${5}% และ ${6}% ไปยังเป้าหมายเดียวภายในรัศมี ${2} เมตร\nการฟันครั้งที่สามปล่อยดาบลม สร้างความเสียหายทางกายภาพ ${8}% ให้กับเป้าหมายสูงสุด ${7} ในพื้นที่สี่เหลี่ยมข้างหน้า ทุกครั้งที่สร้างความเสียหายถึงเป้าหมาย ${9} จะได้รับแต้มสะสม 【Blade Mark】 ${10}
26356	Deals Earth melee Physical damage equal to Physical ATK * ^{1}${1}%+${6}^{2} to up to ${5} enemies within ${4} meters and reduces their ^{3}Attack Speed and Move Speed by ${3}%^{4} for ${2} seconds. This skill reveals enemies in 【Hiding】 that it hits, greatly increases your threat toward monsters (more than Provoke), and increases damage dealt to monsters by ^{5}${7}%^{6}.	สร้างความเสียหายทางกายภาพระยะประชิดดินเท่ากับ ATK กายภาพ * ^{1}${1}%+${6}^{2}สูงสุดถึง${5}ศัตรูที่อยู่ในระยะ${4}เมตร และลด ^{3}ความเร็วโจมตีและความเร็วในการเคลื่อนที่ลง${3}%^{4}สำหรับ${2}วินาทีทักษะนี้เผยให้เห็นศัตรูใน 【ซ่อนตัว】 ที่โดนโจมตี เพิ่มภัยคุกคามต่อมอนสเตอร์อย่างมาก (มากกว่ายั่วยุ) และเพิ่มความเสียหายที่ทำกับมอนสเตอร์ ^{5}${7}%^{6}
26357	Deals Neutral ranged magic damage equal to Magic ATK^{1}${3}%^{2} to up to ${7} enemies in a designated area with a ${2}-meter radius within ${1} meters of you, reducing their Physical and Magic DEF by ${4}% for ${6}s^{3}^{4} and giving them a ${5}% Chance to suffer one random effect for ${8}s^{5}:^{6}【Freeze】^{7}^{8} ^{9}^{10}【Petrify】^{11}^{12} ^{13}^{14}【Stun】^{15}^{16}.	สร้างความเสียหายเวทย์มนตร์ระยะกลางเท่ากับ Magic ATK^{1}${3}%^{2}สูงสุดถึง${7}ศัตรูในพื้นที่ที่กำหนดด้วยรัศมี${2}เมตรภายใน${1}เมตรจากคุณ ซึ่งจะลด DEF กายภาพและเวทมนตร์ของพวกมันลง${4}% สำหรับ${6}s^{3}^{4}และให้โอกาส${5}% ที่จะได้รับเอฟเฟกต์แบบสุ่มสำหรับ${8}s^{5}:^{6}【แช่แข็ง】^{7}^{8}^{9}^{10}【กลายเป็นหิน】^{11}^{12}^{13}^{14}【สตัน】^{15}^{16}.
26358	"This purchase exceeds <color=#cc762a>RMB 50</color>, so the top-up failed. Please spend responsibly and top up in moderation.\n\nAccording to the ""Notification on Preventing Minors from Becoming Addicted to Online Games"" issued by the National Press and Publication Administration, players aged 8 to under 16 may top up no more than RMB 50 per transaction and RMB 200 per month."	"This purchase exceeds <color=#cc762a>RMB 50</color>, so the top-up failed. Please spend responsibly and top up in moderation.\n\nAccording to the ""Notification on Preventing Minors from Becoming Addicted to Online Games"" issued by the National Press and Publication Administration, players aged 8 to under 16 may top up no more than RMB 50 per transaction and RMB 200 per month."
26359	Range: @{1}-@{2} m\nVertical Firing Arc: @{3}-@{4} degrees\nHorizontal Firing Arc: @{5} degrees\nAmmo Capacity: @{6} rounds\nRounds per Launch: @{7}\nAim Time: @{8} sec\nReload Time: @{9} sec\nDamage: Medium\nAdditional Effect: Poring shells Split into more Poring shells upon landing\nCannot move after construction. Find a good spot to build it and unleash its full firepower.	ช่วง:@{1}-@{2}m\nส่วนโค้งการยิงแนวตั้ง:@{3}-@{4}องศา\nส่วนโค้งยิงแนวนอน:@{5}องศา\nความจุกระสุน:@{6}รอบ\nรอบต่อการเปิดตัว:@{7}\nเวลาเป้าหมาย:@{8}วินาที\nเวลาโหลดซ้ำ:@{9}วินาที\nความเสียหาย: ปานกลาง\nผลกระทบเพิ่มเติม: การเจาะทะลุกระสุนแตกออกเป็นกระสุน Poring มากขึ้นเมื่อลงจอด\nไม่สามารถเคลื่อนที่ได้หลังการก่อสร้างค้นหาจุดที่ดีเพื่อสร้างมันและปลดปล่อยพลังการยิงเต็มที่
26360	Warriors who walk the path of holy war, wielding faith and Spear as their sharpest weapons. After Job Advance from Swordsman, Crusaders Keep their formidable melee capabilities while further specializing in Spear weapons. They develop two distinct combat styles: an Attack-type Spear build that trades blood for damage, and a defensive shield build that protects allies in peril.	นักรบที่เดินบนเส้นทางแห่งสงครามศักดิ์สิทธิ์ ถือความศรัทธาและหอกเป็นอาวุธที่แหลมคมที่สุดหลังจาก Job Advance จาก Swordsman พวก Crusaders ยังคงรักษาความสามารถในการโจมตีระยะประชิดอันน่าเกรงขามไว้ในขณะที่เชี่ยวชาญด้านอาวุธ Spear มากขึ้นพวกเขาพัฒนารูปแบบการต่อสู้ที่แตกต่างกันสองแบบ: โครงสร้างหอกประเภทโจมตีที่แลกเลือดเพื่อสร้างความเสียหาย และโครงสร้างโล่ป้องกันที่ปกป้องพันธมิตรที่ตกอยู่ในอันตราย
26361	Congratulations! You received a South Gate Reunion Invitation from the Novice Seven-Day Gifts during the Ignition Test. Players who receive this invitation will automatically gain Eligibility for the next test and may also log in to the official website before the next test begins to invite one Extra player to participate.\n^{1}^{2}^{3}Tap to view the detailed Rules^{4}^{5}^{6}	ยินดีด้วย!คุณได้รับคำเชิญการรวมตัวใหม่ของ South Gate จากของขวัญเจ็ดวันของ Novice ระหว่างการทดสอบการจุดระเบิดผู้เล่นที่ได้รับคำเชิญนี้จะได้รับสิทธิ์สำหรับการทดสอบครั้งต่อไปโดยอัตโนมัติ และอาจเข้าสู่ระบบเว็บไซต์อย่างเป็นทางการก่อนที่การทดสอบครั้งต่อไปจะเริ่มเชิญผู้เล่นพิเศษหนึ่งคนให้เข้าร่วม\n^{1}^{2}^{3}แตะเพื่อดูกฎโดยละเอียด^{4}^{5}^{6}
26362	Summon a ${2}m*${3}m Holy Spirit blessing area within ${1}m of yourself. For the next ${4} seconds, every ${5} seconds, it restores Life equal to your Magic ATK*^{1}${7}%+${8}^{2} points to up to ${6} allies within the area^{3}^{4}. ^{5}Undead-property^{6} and ^{7}Demon Race^{8} monsters within the area take ranged Holy magic damage equal to your Magic ATK*^{9}${9}%+${10}^{10}.	เรียก${2}m*${3}m พื้นที่อวยพรพระวิญญาณบริสุทธิ์ภายใน${1}m ของตัวคุณเองในวินาทีถัดไปของ${4}ทุก ๆ${5}วินาที มันจะฟื้นพลังชีวิตเท่ากับพลังโจมตีเวทย์ของคุณ*^{1}${7}%+${8}^{2}ชี้ไปที่พันธมิตร${6}สูงสุดในพื้นที่^{3}^{4}.↑{5}Undead-property^{6}และ ^{7}Demon Race^{8}มอนสเตอร์ที่อยู่ในพื้นที่ได้รับความเสียหายจากเวทมนตร์ศักดิ์สิทธิ์ระยะไกลเท่ากับพลังโจมตีเวทมนตร์ของคุณ*^{9}${9}%+${10}^{10}.
26363	Goddess of Hope briefly gathers flames before charging forward, dealing Neutral melee Physical damage equal to PATK*^{1}${4}%^{2} to up to ${3} enemies in a ${1}-meter-by-${2}-meter area in the designated direction. Grants the owner ^{3}【Divine Hope】^{4} for ${5} sec: increases Physical DEF and MDEF by ^{5}${6}%^{6}. While Active, the owner's HP cannot fall below ^{7}${7}%^{8}.	เทพีแห่งความหวังรวบรวมเปลวไฟชั่วครู่ก่อนที่จะพุ่งไปข้างหน้า สร้างความเสียหายทางกายภาพระยะประชิดที่เป็นกลางเท่ากับ PATK*^{1}${4}%^{2}ไปจนถึงศัตรูสูงสุด${3}ในพื้นที่${1}เมตรต่อเมตร${2}- เมตรในพื้นที่ทิศทางที่กำหนดมอบให้แก่เจ้าของ ^{3}【Divine Hope】^{4}สำหรับ${5}วินาที: เพิ่ม Physical DEF และ MDEF โดย ^{5}${6}%^{6}ในขณะที่ใช้งานอยู่ HP ของเจ้าของจะต้องไม่ต่ำกว่า ^{7}${7}%^{8}
26364	After using 【Sonic Burst】, you gain Musical Note for ${1} seconds. When 【Hundred Spear - Enhance】 hits, it adds ^{1}${2}^{2} stacks of Musical Note and refreshes the duration. Upon reaching ^{3}${3}^{4} stacks, your next 【Hundred Spear - Enhance】 becomes 【Ultimate Hundred Spear】, striking from multiple directions, and its percentage damage multiplier increases by ^{5}${4}%^{6}.	หลังจากใช้ 【Sonic Burst】 คุณจะได้รับโน้ตดนตรีเป็นเวลา${1}วินาที เมื่อ 【Hundred Spear - Enhance】 โจมตี มันจะเพิ่ม ^{1}${2}^{2}สแต็คโน้ตดนตรีและรีเฟรชระยะเวลา เมื่อถึง ^{3}${3}^{4}สแต็ค 【Hundred Spear - Enhance】 ถัดไปของคุณจะกลายเป็น 【Ultimate Hundred Spear】 โจมตีจากหลายทิศทาง และตัวคูณความเสียหายเป็นเปอร์เซ็นต์เพิ่มขึ้น ^{5}${4}%^{6}
26365	Shield skill. Deals Neutral Melee Physical DMG equal to PATK * ^{1}${7}%^{2} to up to ${6} enemies within a ${4}-degree, ${5}-meter area in front of you. Against Monster targets, the percentage DMG multiplier increases by ^{3}${12}%^{4}. During this time, you have Debuff Immunity, Monster DMG Reduction increases by ^{5}${2}%^{6}, and you gain ^{7}${3}%^{8} DEF and MDEF Increase.	ทักษะโล่สร้างความเสียหายกายภาพระยะประชิดเป็นกลางเท่ากับ PATK * ^{1}${7}%^{2}ไปจนถึงศัตรู${6}ภายในพื้นที่${4}- องศา,${5}- พื้นที่เมตรด้านหน้าคุณเมื่อเทียบกับเป้าหมายที่เป็นมอนสเตอร์ เปอร์เซ็นต์ตัวคูณ DMG จะเพิ่มขึ้น ^{3}${12}%^{4}ในช่วงเวลานี้ คุณมีภูมิคุ้มกันดีบัฟ การลดความเสียหายของมอนสเตอร์เพิ่มขึ้น ^{5}${2}%^{6}และคุณได้รับ ^{7}${3}%^{8}DEF และ MDEF เพิ่มขึ้น
26366	Ilmata plays a dramatic variation, periodically releasing shock waves at several ^{1}random locations on the field^{2}. Players must use Lope to evade them. A memory game also begins, ^{3}covering large areas of the field with attacks^{4}. Players must remember the affected areas and evade them in advance. ^{5}Shock waves and area-covering attacks deal moderate damage on hit^{6}.	อิลมาตาเล่นในรูปแบบที่น่าทึ่ง โดยปล่อยคลื่นกระแทกเป็นระยะๆ ที่ ^{1}สุ่มตำแหน่งต่างๆ บนสนาม^{2}ผู้เล่นต้องใช้ Lope เพื่อหลบเลี่ยงพวกเขาเกมแห่งความทรงจำก็เริ่มต้นขึ้น ^{3}ครอบคลุมพื้นที่ขนาดใหญ่ของสนามด้วยการโจมตี^{4}ผู้เล่นจะต้องจำพื้นที่ที่ได้รับผลกระทบและหลบเลี่ยงล่วงหน้า↑{5}คลื่นกระแทกและการโจมตีที่ครอบคลุมพื้นที่สร้างความเสียหายปานกลางเมื่อโจมตี^{6}
26367	This transaction exceeds <color=#cc762a>RMB 100</color>, so the top-up failed. Please spend responsibly and top up in moderation.\n\nAccording to the Notification on Preventing Minors from Becoming Addicted to Online Games issued by the National Press and Publication Administration, players aged 16 to under 18 may not top up more than RMB 100 per transaction or RMB 400 per month.	This transaction exceeds <color=#cc762a>RMB 100</color>, so the top-up failed. Please spend responsibly and top up in moderation.\n\nAccording to the Notification on Preventing Minors from Becoming Addicted to Online Games issued by the National Press and Publication Administration, players aged 16 to under 18 may not top up more than RMB 100 per transaction or RMB 400 per month.
26368	@{1}.After befriending other adventurers, Intimacy bonuses between friends can be unlocked.\n@{2}.Actions such as ^{1}Unfriend or adding a friend to Blocks^{2} will immediately ^{3}reset Intimacy^{4}. Proceed with caution.\n@{3}.The maximum Intimacy level between friends is ^{5}Lv. @{4}^{6}.\n@{5}.After unlocking other Connect relationships, higher Intimacy levels can be unlocked.	@{1}.หลังจากผูกมิตรกับนักผจญภัยคนอื่นๆ แล้ว โบนัสความสนิทสนมระหว่างเพื่อนจะสามารถปลดล็อคได้\n@{2}.การดำเนินการต่างๆ เช่น ^{1}เลิกเป็นเพื่อนหรือเพิ่มเพื่อนใน Blocks^{2} จะ ^{3}รีเซ็ตความสนิทสนม^{4} ทันที ดำเนินการด้วยความระมัดระวัง\n@{3}ระดับความใกล้ชิดสูงสุดระหว่างเพื่อนคือ ^{5}Lv. @{4}^{6}.\n@{5}หลังจากปลดล็อกความสัมพันธ์ Connect อื่นๆ แล้ว ระดับความใกล้ชิดที่สูงขึ้นจะสามารถปลดล็อกได้
26369	After using Interaction near the rope, the players reach Almagia's back and Discover Ilmata absorbing divine power to recover. Begin the battle!\n@{1}. ^{1}The battle against Parasitic Divine Vessel Ilmata begins.^{2}\n@{2}. Once the battle begins, hordes of monsters appear in the sky. Some players must remain on the airship and ^{3}operate the Rapid-Fire Cannon to fight them.^{4}	หลังจากใช้ Interaction ใกล้กับเชือก ผู้เล่นจะไปถึงหลังของ Almagia และค้นพบ Ilmata ที่ดูดซับพลังศักดิ์สิทธิ์เพื่อฟื้นฟู เริ่มการต่อสู้!\n@{1}. ↑{1}การต่อสู้กับ Parasitic Divine Vessel Ilmata ได้เริ่มต้นขึ้นแล้ว^{2}\n@{2}เมื่อการต่อสู้เริ่มต้นขึ้น ฝูงสัตว์ประหลาดก็ปรากฏขึ้นบนท้องฟ้า ผู้เล่นบางคนต้องอยู่บนเรือเหาะและ ^{3}ใช้ Rapid-Fire Cannon เพื่อต่อสู้กับพวกเขา^{4}
26370	@{1}.Use Skill Books in Learning Skills to add or replace Divine Arts Totem skills.\n@{2}.Learning Skills cannot exceed the Initial skill limit for the Totem's quality. Purple Totems can have up to @{3} skills, while Orange Totems can have up to @{4}. Once a Totem has reached its Initial skill limit, Skill Books can only replace skills.\n@{5}.Blue Totems cannot use Learning Skills.	@{1}.ใช้หนังสือทักษะในทักษะการเรียนรู้เพื่อเพิ่มหรือแทนที่ทักษะ Divine Arts Totem\n@{2}.ทักษะการเรียนรู้ต้องไม่เกินขีดจำกัดทักษะเริ่มต้นสำหรับคุณภาพของ Totem โทเทมสีม่วงสามารถมีได้ถึง @{3} ทักษะ ในขณะที่โทเทมสีส้มสามารถมีได้ถึง @{4} เมื่อ Totem ถึงขีดจำกัดทักษะเริ่มต้นแล้ว หนังสือทักษะจะสามารถแทนที่ทักษะได้เท่านั้น\n@{5}Blue Totems ไม่สามารถใช้ทักษะการเรียนรู้ได้
26371	After traveling aboard the airship, the players finally catch up with the fleeing Ilmata. To defeat Ilmata, they must first find a way onto the great beast's back...\n@{1}. ^{1}Use the airship's Heavy Cannon to make Almagia Weak.^{2}\n@{2}. While Almagia is Weak, use the Ballista to secure a rope to it, then ^{3}use Interaction with the rope to reach Almagia's back and explore.^{4}	หลังจากเดินทางบนเรือเหาะ ในที่สุดผู้เล่นก็ไล่ตามอิลมาตาที่หลบหนีไปได้ในที่สุด เพื่อเอาชนะอิลมาตา พวกเขาต้องหาทางขึ้นไปบนหลังของสัตว์ร้ายก่อน...\n@{1}↑{1}ใช้ Heavy Cannon ของเรือเหาะเพื่อทำให้ Almagia อ่อนแอ^{2}\n@{2}ขณะที่อัลมาเกียอ่อนแอ ให้ใช้บัลลิสต้าผูกเชือกไว้ จากนั้น ^{3}ใช้การโต้ตอบกับเชือกเพื่อไปถึงหลังของอัลมาเกียแล้วสำรวจ^{4}
26372	Guild Member ${1} has initiated impeachment proceedings against Guild Leader ${2}. Rally ${4} Guild Members to Respond to Impeachment within ${3} hours to achieve a Successful Impeachment. After a Successful Impeachment, ${5} will become this guild's Guild Leader. Go to the Guild Member screen and select 【Respond to Impeachment】 to open the Respond to Impeachment screen and respond.	สมาชิกกิลด์${1}ได้เริ่มดำเนินคดีฟ้องร้องหัวหน้ากิลด์${2}ระดมสมาชิกกิลด์${4}เพื่อตอบสนองต่อการกล่าวโทษภายในชั่วโมง${3}เพื่อให้การกล่าวโทษประสบความสำเร็จหลังจากการกล่าวโทษที่ประสบความสำเร็จ${5}จะกลายมาเป็นหัวหน้ากิลด์ของกิลด์นี้ไปที่หน้าจอสมาชิกกิลด์และเลือก 【ตอบสนองต่อการฟ้องร้อง】 เพื่อเปิดหน้าจอตอบสนองต่อการฟ้องร้องและตอบกลับ
26373	@{1}.Battle records are divided into Match Data and Season Data, both of which track contestants' performance in the reality show during the current Season.\n@{2}.Season Data provides an overview by tracking only cumulative and best results.\n@{3}.Match Data tracks detailed results for each match, separated into Team and Solo modes.\n@{4}.All data is cleared at the end of the Season.	@{1}.บันทึกการต่อสู้แบ่งออกเป็นข้อมูลการแข่งขันและข้อมูลฤดูกาล ซึ่งทั้งสองอย่างนี้ติดตามผลงานของผู้เข้าแข่งขันในรายการเรียลลิตี้ในช่วงฤดูกาลปัจจุบัน\n@{2}ข้อมูลฤดูกาลให้ภาพรวมโดยการติดตามเฉพาะผลลัพธ์สะสมที่ดีที่สุด\n@{3}.ข้อมูลการแข่งขันจะติดตามผลลัพธ์โดยละเอียดสำหรับการแข่งขันแต่ละนัด โดยแบ่งออกเป็นโหมดทีมและเดี่ยว\n@{4} ข้อมูลทั้งหมดจะถูกล้างเมื่อสิ้นสุดฤดูกาล
26374	He's been staying at the camp for the past week, leaving early and returning late every day. Oh! I even said hello to him before he left this morning. He took his equipment to ^{1}【Ant Hell】^{2} again at the crack of dawn, saying he was going to collect some kind of 【Memory Particles】. He's incredibly stubborn. I tried to convince him to take someone with him, but he wouldn't listen.	เขาอยู่ที่แคมป์ตลอดสัปดาห์ที่ผ่านมา ออกเร็วและกลับมาสายทุกวันโอ้!ฉันยังทักทายเขาก่อนที่เขาจะจากไปเมื่อเช้านี้เขานำอุปกรณ์ของเขาไปที่ ^{1}【Ant Hell】^{2}อีกครั้งตอนรุ่งสาง โดยบอกว่าเขากำลังจะรวบรวม 【Memory Particles】เขาเป็นคนดื้อรั้นอย่างไม่น่าเชื่อฉันพยายามโน้มน้าวให้เขาพาใครสักคนไปด้วย แต่เขาก็ไม่ฟัง
26375	1. The Tree Hollow channel offers an 【Anonymous】 mode.\n\n2. There is a Chance that your disguise will slip, revealing your true identity.\n\n3. A different anonymous theme is available each day. You will receive a random alias, including a name and Portrait, which refreshes the next day.\n\n4. We will Keep a strict moderation system in place. Please do not post inappropriate content.	1. ช่อง Tree Hollow มีโหมด 【Anonymous】\n\n2. มีโอกาสที่การปลอมตัวของคุณจะหลุดลอยเผยตัวตนที่แท้จริงของคุณ\n\n3. มีธีมที่ไม่ระบุชื่อที่แตกต่างกันในแต่ละวัน คุณจะได้รับนามแฝงแบบสุ่ม รวมถึงชื่อและรูปประจำตัว ซึ่งจะรีเฟรชในวันถัดไป\n\n4. เราจะคงระบบการกลั่นกรองที่เข้มงวดไว้ กรุณาอย่าโพสต์เนื้อหาที่ไม่เหมาะสม
26376	When cast, removes the master's ^{1}^{2}【Debuffs】^{3}^{4} and grants ^{5}^{6}【Crowd Control Immunity】^{7}^{8} for ${1} sec. The Death Witch then tears open a ${2}m-long void rift ahead, dealing @{1} hits of ^{9}Adaptive ATK^{10}*^{11}${4}%^{12} Neutral ranged ^{13}Adaptive Damage^{14} to up to ${3} enemies. Each enemy hit restores ^{15}Adaptive ATK^{16}*^{17}${5}%^{18} ^{19}Life^{20}.	เมื่อร่าย ลบต้นแบบ ^{1}^{2}【Debuffs】^{3}^{4}และมอบ ^{5}^{6}【ภูมิคุ้มกันควบคุมฝูงชน】^{7}^{8}สำหรับ${1}วินาทีจากนั้นแม่มดแห่งความตายก็หลั่งน้ำตาเปิด${2}รอยแยกโมฆะยาวหลายเมตรที่อยู่ข้างหน้า จัดการการโจมตี@{1}ของ ^{9}Adaptive ATK^{10}*^{11}${4}%^{12}อยู่ในระยะเป็นกลาง ^{13}สร้างความเสียหายแบบปรับได้^{14}ให้กับศัตรูสูงสุด${3}ศัตรูที่โจมตีแต่ละตัวจะฟื้นฟู ^{15}Adaptive ATK^{16}*^{17}${5}%^{18}^{19}Life^{20}
26377	Plants timed Dynamite on a designated ST enemy within ${1} meters. Each player can have up to @{1} timed Dynamite planted on them. After ${2} seconds, deals Physical ATK*^{1}${5}%+${6}^{2} Poison-element ranged Physical damage that ignores FLEE to the designated enemy and up to ${4} other enemies within a ${3}-meter radius, and inflicts ^{3}^{4}【Poisoned】^{5}^{6} damage on the targets.	วางระเบิดตามเวลาที่กำหนดบนศัตรู ST ที่กำหนดภายในระยะ${1}เมตร ผู้เล่นแต่ละคนสามารถปลูก Dynamite ตามเวลา@{1}ไว้บนพวกมันได้ หลังจาก${2}วินาที สร้างความเสียหายกายภาพ*^{1}${5}%+${6}^{2}ความเสียหายทางกายภาพในระยะไกลขององค์ประกอบพิษ โดยไม่สนใจ FLEE ไปยังศัตรูที่กำหนด และศัตรูสูงสุด${4}ภายในรัศมี${3}เมตร และทำดาเมจ ^{3}^{4}【พิษ】^{5}^{6}สร้างความเสียหายให้กับเป้าหมาย
26378	Ella finally understood. She gently buried the fruit beside the stream. In the morning light, glowing flowers bloomed all along the bank. They bore no fruit, but allowed everyone who passed to see their heart's true desire. From then on, no one in the forest fought over treasure, because everyone Discovered that the most precious magic had already quietly taken root within their hearts.	ในที่สุดเอลล่าก็เข้าใจเธอค่อย ๆ ฝังผลไม้ไว้ข้างลำธารยามเช้ามีดอกไม้บานสะพรั่งทั่วริมฝั่งพวกเขาไม่เกิดผล แต่อนุญาตให้ทุกคนที่ผ่านไปเห็นความปรารถนาที่แท้จริงของหัวใจตั้งแต่นั้นมา ไม่มีใครในป่าต่อสู้แย่งชิงสมบัติ เพราะทุกคนค้นพบว่าเวทมนตร์อันล้ำค่าที่สุดได้หยั่งรากลึกลงในหัวใจของพวกเขาแล้ว
26379	The Warlock periodically gathers energy, Auto-generating ${2} ^{1}^{2}【Psychokinetic Astral Bodies】^{3}^{4} every ${1} seconds, up to ${3}. If you already have ${4} ^{5}^{6}【Psychokinetic Astral Bodies】^{7}^{8}, hitting with Soul Expansion Launches all ^{9}^{10}【Psychokinetic Astral Bodies】^{11}^{12}. Each Deals Ghost Ranged Magic DMG equal to MATK * ^{13}${5}%^{14} to the target enemy.	Warlock รวบรวมพลังงานเป็นระยะ สร้างอัตโนมัติ${2}^{1}^{2}【Psychokinetic Astral Bodies】^{3}^{4}ทุกๆ${1}วินาที สูงสุด${3}หากคุณมี${4}^{5}^{6}【Psychokinetic Astral Bodies】^{7}^{8}การกดปุ่ม Soul Expansion จะเปิดตัวทั้งหมด ^{9}^{10}【Psychokinetic Astral Bodies】^{11}^{12}.แต่ละสร้างความเสียหายเวทมนตร์ระยะไกลของผีเท่ากับ MATK * ^{13}${5}%^{14}ไปยังศัตรูเป้าหมาย
26380	@{1}.Refining applies to equipment slots only. Changing Equipment does not affect Refine bonuses.\n@{2}.Slots can still be Refined without Equipment equipped, but Refine bonuses are only Active while Equipment is equipped.\n@{3}.Refining every equipment slot to the specified Refine Level will Activate Resonance stats. Equipment must still be equipped to receive the corresponding bonuses.	@{1}.การปรับแต่งใช้กับช่องอุปกรณ์เท่านั้น การเปลี่ยนอุปกรณ์จะไม่ส่งผลต่อโบนัสการขัดเกลา\n@{2} ช่องยังสามารถขัดเกลาได้โดยไม่ต้องติดตั้งอุปกรณ์ แต่โบนัสการขัดเกลาจะทำงานเฉพาะในขณะที่ติดตั้งอุปกรณ์อยู่เท่านั้น\n@{3} การปรับแต่งช่องอุปกรณ์ทุกช่องให้เป็นระดับการขัดเกลาที่ระบุจะเป็นการเปิดใช้งานสถิติการสั่นพ้อง ยังคงต้องติดตั้งอุปกรณ์เพื่อรับโบนัสที่เกี่ยวข้อง
26381	【Stigma】 becomes 【Black Feather Burst】, with enhanced visuals and damage. When 【Black Feather Burst】 has two charges, it becomes Enhanced. Casting it consumes both charges at once and deals skill damage twice, with the second hit covering a larger area. 【Divine Retribution】 becomes 【Demonic Judgment】. After it is cast, 【Black Feather Burst】 is automatically cast at the target's location.	【สติกมา】 กลายเป็น 【Black Feather Burst】 พร้อมด้วยภาพและความเสียหายที่ได้รับการปรับปรุงเมื่อ 【Black Feather Burst】 มีสองชาร์จ มันจะกลายเป็นการเสริมพลังการร่ายจะใช้ทั้งสองชาร์จพร้อมกันและสร้างความเสียหายให้กับทักษะสองครั้ง โดยการโจมตีครั้งที่สองจะครอบคลุมพื้นที่ที่ใหญ่ขึ้น【Divine Retribution】 กลายเป็น 【Demonic Judgement】หลังจากที่ร่ายแล้ว 【Black Feather Burst】 จะถูกร่ายไปยังตำแหน่งของเป้าหมายโดยอัตโนมัติ
26382	The BOSS first casts a cone AOE in front with a @{1}s warning, a radius of @{2}m, and an angle of @{3}°, then casts one behind with a @{4}s warning, a radius of @{5}m, and an angle of @{6}°. It then casts one toward @{7}° with a @{8}s warning, a radius of @{9}m, and an angle of @{10}°, and finally casts one toward -@{11}° with a @{12}s warning, a radius of @{13}m, and an angle of @{14}°.	ขั้นแรก BOSS เหวี่ยง AOE กรวยไปด้านหน้าพร้อมคำเตือนของ@{1}รัศมี@{2}m และมุม@{3}° จากนั้นจึงเหวี่ยงไปข้างหลังพร้อมคำเตือนของ@{4}รัศมี@{5}m และมุม@{6}°.จากนั้นมันจะเหวี่ยงอันหนึ่งไปทาง@{7}° พร้อมคำเตือนของ@{8}รัศมี@{9}m และมุม@{10}° และสุดท้ายก็เหวี่ยงอันหนึ่งไปทาง -@{11}° พร้อมคำเตือนของ@{12}รัศมี@{13}m และมุมของ@{14}°
26383	"Spend <link=""${3}""><sprite name=""${1}""><color=${2}>X${4}</color></link> to purchase <link=""${7}""><sprite name=""${5}""><color=${6}>X${8}</color></link> and Create Guild?\n\n(After creating the guild, receive responses from <color=#C26B47>3 players</color> within <color=#C26B47>24 hours</color> for Creation Successful. If creation fails, the items spent to Create Guild will Return via mail.)"	"Spend <link=""${3}""><sprite name=""${1}""><color=${2}>X${4}</color></link> to purchase <link=""${7}""><sprite name=""${5}""><color=${6}>X${8}</color></link> and Create Guild?\n\n(After creating the guild, receive responses from <color=#C26B47>3 players</color> within <color=#C26B47>24 hours</color> for Creation Successful. If creation fails, the items spent to Create Guild will Return via mail.)"
26384	@{1}.Guild War Technology^{1} applies to Territory War^{2}. More effects gradually unlock with each Guild Institute Level Increased milestone.\n@{2}.War Technology resets every Season. At the start of a new Season, Guild Supplies must be spent on Level-up again.\n@{3}.During Stronghold Battles, Convoy Escort Battles, and Siege Battles, War Technology affects the stats of every Guild Member.	@{1}.Guild War Technology^{1} นำไปใช้กับ Territory War^{2} เอฟเฟกต์เพิ่มเติมจะค่อยๆ ปลดล็อคตามเป้าหมายที่เพิ่มขึ้นของสถาบันกิลด์\n@{2} เทคโนโลยีสงครามจะรีเซ็ตทุกฤดูกาล เมื่อเริ่มต้นฤดูกาลใหม่ ต้องใช้เสบียงของกิลด์ในการเพิ่มเลเวลอีกครั้ง\n@{3}ในระหว่างการรบที่ฐานที่มั่น การต่อสู้คุ้มกันขบวน และการต่อสู้ปิดล้อม เทคโนโลยีสงครามจะส่งผลต่อสถานะของสมาชิกกิลด์ทุกคน
26385	@{1}.Select filters to define which items should be automatically dismantled. \n@{2}.After changing the conditions, tap Confirm to save your settings. \n@{3}.Once the conditions are set and Auto-Dismantle is enabled, items that match the filters will be automatically dismantled when they enter the Backpack.\n@{4}.Dismantling cannot be undone. Carefully review your Auto-Dismantle conditions.	@{1}.เลือกตัวกรองเพื่อกำหนดว่ารายการใดควรถูกแยกออกโดยอัตโนมัติ \n@{2}หลังจากเปลี่ยนเงื่อนไขแล้ว ให้แตะยืนยันเพื่อบันทึกการตั้งค่าของคุณ \n@{3}.เมื่อมีการตั้งค่าเงื่อนไขและเปิดใช้งานการแยกชิ้นส่วนอัตโนมัติ สิ่งของที่ตรงกับตัวกรองจะถูกแยกออกโดยอัตโนมัติเมื่อเข้าไปในกระเป๋าเป้สะพายหลัง\n@{4}.การแยกส่วนไม่สามารถยกเลิกได้ ตรวจสอบเงื่อนไขการแยกชิ้นส่วนอัตโนมัติของคุณอย่างรอบคอบ
26386	When the greedy lord heard about it, he stormed into the forest with an axe. But as he struck the trunk, all the fruit suddenly shattered at once, reflecting thousands of disappointed eyes—the eyes of every impoverished person in his domain. The Crystal tree dissolved into mist, leaving only the plainest fruit to roll into Ella's hand. Within it was a vision of the entire forest flourishing.	เมื่อลอร์ดผู้ละโมบได้ยินเรื่องนี้ เขาก็บุกเข้าไปในป่าด้วยขวานแต่ในขณะที่เขาโจมตีลำต้น ผลไม้ทั้งหมดก็แตกสลายในทันที สะท้อนดวงตาที่ผิดหวังนับพัน—ดวงตาของผู้ยากจนทุกคนในอาณาเขตของเขาต้นไม้คริสตัลสลายไปเป็นหมอก เหลือเพียงผลไม้ธรรมดาที่สุดเท่านั้นที่จะกลิ้งไปในมือของเอลล่าภายในนั้นมีนิมิตของป่าทั้งป่าที่เจริญรุ่งเรือง
26387	● ^{1}Battle of Dragon Coffin Island^{2} is an @{1}V@{2} multiplayer mode.\n \n● ^{3}In Battle of Dragon Coffin Island,^{4} you can Score by ^{5}picking up Dragonblood Crystals, participating in kills, attacking the Boss,^{6} and ^{7}killing Enemy Team players carrying the Demonic Dragon Soul.^{8}\n \n● When the Countdown at the top of the screen ends, the Faction with the higher Score wins.	● ^{1}การต่อสู้ของเกาะโลงศพมังกร^{2}คือโหมดผู้เล่นหลายคน@{1}V@{2}\n\n● ^{3}ในการต่อสู้ของ Dragon Coffin Island,^{4}ให้คะแนนโดย ^{5}หยิบ Dragonblood Crystals มีส่วนร่วมในการสังหาร โจมตีบอส^{6}และ ^{7}ฆ่าผู้เล่นในทีมศัตรูที่ถือวิญญาณมังกรปีศาจ^{8}\n\n● เมื่อการนับถอยหลังที่ด้านบนของหน้าจอสิ้นสุดลง ฝ่ายที่มีคะแนนสูงกว่าจะเป็นฝ่ายชนะ
26388	Summon a Golden Sacred Tree of Life at your location, increasing ^{5}damage reduction^{6} by ^{3}${2}%^{4} for you and ^{1}party Members^{2} within a ${1}-meter radius for ${3} seconds. While the effect is active, you and party Members can ^{9}^{10}【Respawn】^{11}^{12} once upon taking ^{7}lethal damage^{8}, returning with ^{13}${4}% of Max Life^{14}. (This skill is disabled in PVE dungeons.)	เรียกต้นไม้ศักดิ์สิทธิ์สีทองแห่งชีวิตมาที่ตำแหน่งของคุณ เพิ่ม ^{5}ลดความเสียหาย^{6}โดย ^{3}${2}%^{4}สำหรับคุณและ ^ สมาชิกปาร์ตี้{1}^{2}ภายใน${1}-รัศมีเมตรสำหรับ${3}วินาทีในขณะที่เอฟเฟกต์ทำงาน คุณและสมาชิกปาร์ตี้สามารถ ^{9}^{10}【เกิดใหม่】^{11}^{12}หนึ่งครั้งเมื่อได้รับ ^{7}ความเสียหายร้ายแรง^{8}กลับมาพร้อมกับ ^{13}${4}%ของแม็กซ์ไลฟ์^{14}.(ทักษะนี้ปิดการใช้งานในดันเจี้ยน PVE)
26389	Can only be cast while riding a Madogear. Equips ${1} Vulcan Arm on each hand and fires at ${3} designated enemies within ${2} m, dealing Physical ATK * ^{1}${5}%^{2} Neutral ranged Physical DMG ${4} times. Every ${6} casts of 【Vulcan Arm】 triggers 【Firepower Loading】 ${7} times.\n【Firepower Loading】: Increases the number of shells fired by each 【Arm Cannon】 Launch to ${8} for ${9} Launches.	สามารถร่ายได้ขณะขี่ Madogear เท่านั้นสวมใส่${1}Vulcan Arm บนมือแต่ละข้างแล้วยิงใส่ศัตรูที่กำหนด${3}ภายใน${2}m สร้างความเสียหายทางกายภาพ * ^{1}${5}%^{2}สร้างความเสียหายทางกายภาพในระยะเป็นกลาง${4}เท่าทุกๆ การร่ายของ 【Vulcan Arm】 ของ${6}จะกระตุ้นให้ 【กำลังโหลด】${7}ครั้ง\n【การโหลดพลังยิง】: เพิ่มจำนวนกระสุนที่ยิงโดยแต่ละปืนใหญ่ 【Arm】 เปิดตัวเป็น${8}สำหรับ${9}เปิดตัว
26390	Deals Holy melee Physical damage equal to the caster's Physical ATK*^{1}${2}%^{2}+^{3}${7}^{4} to a designated ST enemy within ${1} meters and has a ${3}% Chance to inflict ^{5}Blind^{6} for ${6} seconds. When the caster has a two-handed spear equipped, the damage multiplier is increased by an Extra ^{7}${4}%^{8}. This skill is treated as a Basic Attack and has an Attack Speed ratio of ${5}%.	สร้างความเสียหายทางกายภาพระยะประชิดศักดิ์สิทธิ์เท่ากับ ATK กายภาพของผู้ร่าย*^{1}${2}%^{2}+^{3}${7}^{4}ไปยังศัตรู ST ที่กำหนดภายในระยะ${1}เมตร และมี${3}% โอกาสที่จะสร้าง ^{5}Blind^{6}เป็นเวลา${6}วินาทีเมื่อผู้ร่ายติดตั้งหอกสองมือ ตัวคูณความเสียหายจะเพิ่มขึ้นเป็น Extra ^{7}${4}%^{8}ทักษะนี้ถือเป็นการโจมตีพื้นฐานและมีอัตราส่วนความเร็วในการโจมตีเท่ากับ${5}%
26391	Summons Baphomet Jr. to a designated location within ${1} meters, dealing ^{1}Adaptive ATK^{2}*^{3}${4}%^{4} Neutral ranged ^{5}Adaptive Damage^{6} to up to ${3} enemies within ${2} meters and applying a ^{7}${5}%^{8} ^{9}[Slow]^{10} for ${6} seconds. If a target is already ^{11}[Slowed]^{12}, there is a ^{13}${7}%^{14} Chance to apply the Extra ^{15}[Immobilize]^{16} effect for ${8} seconds.	เรียก Baphomet Jr. ไปยังตำแหน่งที่กำหนดภายในระยะ${1}เมตร จัดการ ^{1}Adaptive ATK^{2}*^{3}${4}%^{4}เป็นกลาง ^{5}ความเสียหายแบบปรับได้^{6}ไปจนถึงศัตรู${3}ภายใน${2}เมตร และใช้ ^{7}${5}%^{8}^{9}[ช้า]^{10}เป็นเวลา${6}วินาทีหากเป้าหมายอยู่แล้ว ^{11}[Slowed]^{12}มี ^{13}${7}%^{14}โอกาสที่จะใช้เอฟเฟกต์พิเศษ ^{15}[Immobilize]^{16}effect สำหรับ${8}วินาที
26392	Only usable with an Axe or Mace. Rapidly spins the Axe, dealing total Neutral melee Physical damage equal to PATK * ^{1}${3}%^{2} (^{3}^{4}Vitality Resonance ${5}%^{5}^{6}) to up to ${2} enemies within a ${1}-meter radius and periodically pulling them toward the tornado's center. While Enhance is active, Axe Tornado lasts longer, increases MSPD by ${4}%, and grants 【Immunity】 for the duration.	ใช้ได้กับขวานหรือกระบองเท่านั้นหมุนขวานอย่างรวดเร็ว สร้างความเสียหายทางกายภาพระยะประชิดที่เป็นกลางทั้งหมดเท่ากับ PATK * ^{1}${3}%^{2}(^{3}^{4}Vitality Resonance${5}%^{5}^{6}) ไปยังศัตรูสูงสุด${2}ภายในรัศมี${1}เมตร และดึงพวกมันเข้าหาศูนย์กลางพายุทอร์นาโดเป็นระยะๆในขณะที่เพิ่มประสิทธิภาพ Ax Tornado จะอยู่ได้นานขึ้น เพิ่ม MSPD ขึ้น${4}% และมอบ 【ภูมิคุ้มกัน】 ในช่วงเวลาดังกล่าว
26393	Your guild's First Match in the Guild League will begin soon. Only Elite Members may Enter the Main Battlefield. Since you have Elite Settings Permissions, please open the league screen and Tap the [Eligibility] Button to configure the Elite Members for the Main Battlefield. (If there are fewer than @{1} Elite Members before the match begins, the System will Auto fill the guild's Elite roster.)	การแข่งขันนัดแรกของกิลด์ของคุณในลีกกิลด์จะเริ่มขึ้นเร็วๆ นี้เฉพาะสมาชิกระดับสูงเท่านั้นที่สามารถเข้าสู่สนามรบหลักได้เนื่องจากคุณมีสิทธิ์ในการตั้งค่า Elite โปรดเปิดหน้าจอลีกแล้วแตะปุ่ม [คุณสมบัติ] เพื่อกำหนดค่าสมาชิก Elite สำหรับสนามรบหลัก(หากมีสมาชิก Elite Member น้อยกว่า@{1}ก่อนที่การแข่งขันจะเริ่มต้น ระบบจะเติมบัญชีรายชื่อ Elite ของกิลด์โดยอัตโนมัติ)
26394	Dive toward a designated location within ${1} meters. Upon impact, deal Neutral Melee Physical DMG equal to ^{3}${6}%^{4} of Physical ATK to up to ${3} enemies within a ${2}-meter radius and inflict ^{1}${5}%【Slow】^{2} for ${4} seconds, plus ^{5}【Stun】^{6} for ${7} seconds. Each enemy hit grants a ^{9}【Shield】^{10} equal to ^{7}${7}%^{8} of your Max Life for ${8} seconds, up to ^{11}${9}%^{12}.	ดำดิ่งไปยังสถานที่ที่กำหนดภายในระยะ${1}เมตรเมื่อปะทะ สร้าง DMG กายภาพระยะประชิดเป็นกลางเท่ากับ ^{3}${6}%^{4}ของ ATK กายภาพ สูงสุด${3}ศัตรูภายในรัศมี${2}-เมตร และทำดาเมจ ^{1}${5}%【ช้า】^{2}สำหรับ${4}วินาที บวก ^{5}【Stun】^{6}สำหรับ${7}วินาทีศัตรูแต่ละตัวที่โจมตีจะได้รับ ^{9}【โล่】^{10}เท่ากับ ^{7}${7}%^{8}ของพลังชีวิตสูงสุดของคุณเป็นเวลา${8}วินาที สูงสุด ^{11}${9}%^{12}.
26395	The Warlock periodically gathers musical energy, automatically generating ${2} ^{1}^{2}【Psychokinetic Astral Body】^{3}^{4} every ${1} seconds, up to ${3}. If ${4} ^{5}^{6}【Psychokinetic Astral Body】^{7}^{8} are Owned when 【Soul Expansion】 hits, all ^{9}^{10}【Psychokinetic Astral Body】^{11}^{12} will Launch. Each deals Ghost Ranged Magic damage equal to MATK * ^{13}${5}%^{14} to the target enemy.	Warlock รวบรวมพลังทางดนตรีเป็นระยะ สร้าง${2}โดยอัตโนมัติ ^{1}^{2}【Psychokinetic Astral Body】^{3}^{4}ทุกๆ${1}วินาที สูงสุด${3}ถ้า${4}^{5}^{6}【Psychokinetic Astral Body】^{7}^{8}เป็นเจ้าของเมื่อ 【Soul Expansion】 โจมตี ทั้งหมด ^{9}^{10}【Psychokinetic Astral Body】^{11}^{12}จะเปิดตัวแต่ละอันจะสร้างความเสียหายเวทย์มนต์ Ghost Ranged เท่ากับ MATK * ^{13}${5}%^{14}ให้กับศัตรูเป้าหมาย
26396	Creates ${9} rectangular Fire Walls, each ${3}*${2}, at a designated location within ${1} meters of you. Each time an enemy touches a Fire Wall, it deals Magic ATK *^{1}${4}%+${10}^{2} Fire-property ranged magic damage and ^{3}knocks the enemy back^{4} ${5} meters. Fire Walls last ${6} seconds and disappear early after being touched by enemies ${7} times. Up to ${8} Fire Walls can exist at once.	สร้างกำแพงไฟสี่เหลี่ยม${9}แต่ละตัว${3}*${2}ณ ตำแหน่งที่กำหนดภายใน${1}เมตรจากคุณแต่ละครั้งที่ศัตรูสัมผัสกับกำแพงไฟ มันจะสร้างความเสียหายเวทย์ *^{1}${4}%+${10}^{2}ทรัพย์สินทางไฟสร้างความเสียหายเวทเป็นระยะไกล และ ^{3}กระแทกศัตรูถอยหลัง^{4}${5}เมตรกำแพงไฟคงอยู่${6}วินาทีและหายไปก่อนเวลาหลังจากถูกศัตรูแตะต้อง${7}ครั้งสามารถมี Fire Wall ได้สูงสุด${8}ในคราวเดียว
26397	Mummy uses Cursed Attack, dealing Neutral ranged ^{5}adaptive damage^{6} equal to the master's ^{1}Adaptive ATK^{2}*^{3}${4}%^{4} to up to ${3} enemies in a targeted area with a ${2}-meter radius within ${1} meters, and granting the master 【Evil Curse】 for ${5} seconds. When the master Kills an enemy, casts ^{7}^{8}【Malicious Curse】^{9}^{10} at that enemy's location. Can trigger up to ${6} times.	มัมมี่ใช้การโจมตีแบบสาป สร้างความเสียหายแบบเป็นกลาง ^{5}ความเสียหายแบบปรับได้^{6}เท่ากับของปรมาจารย์ ^{1}Adaptive ATK^{2}*^{3}${4}%^{4}ไปจนถึงศัตรูสูงสุด${3}ในพื้นที่เป้าหมายด้วยรัศมี${2}เมตร ภายใน${1}เมตร และให้สิทธิ์มาสเตอร์ 【Evil Curse】 เป็นเวลา${5}วินาทีเมื่อมาสเตอร์สังหารศัตรู ร่าย ^{7}^{8}【คำสาปที่เป็นอันตราย】^{9}^{10}ไปยังตำแหน่งของศัตรูนั้นสามารถทริกเกอร์ได้สูงสุด${6}ครั้ง
26398	After our last adventure in the desert, we've built an exceptionally solid foundation of trust.\nThe lovely Miss Aiquni told me that I could send any future requests your way and put you to work however I pleased. The more I thought about it, the more I liked the idea of making you my assistant for a while.\nCome find me near the fountain. I have an extremely urgent matter that requires your help.	หลังจากการผจญภัยครั้งสุดท้ายในทะเลทราย เราได้สร้างรากฐานแห่งความไว้วางใจที่แข็งแกร่งเป็นพิเศษ\nคุณ Aiquni ผู้น่ารักบอกฉันว่าฉันสามารถส่งคำขอใดๆ ในอนาคตได้ตามต้องการ และให้คุณทำงานได้ตามที่ฉันพอใจ ยิ่งคิดก็ยิ่งชอบความคิดที่จะให้คุณเป็นผู้ช่วยของฉันสักพัก\nมาหาฉันใกล้น้ำพุสิ ฉันมีเรื่องเร่งด่วนอย่างยิ่งที่ต้องการความช่วยเหลือจากคุณ
26399	Raise your Shield for @{1} seconds to Fortify yourself, reducing DMG taken by ^{1}@{2}%^{2}. During this time, your MSPD is ^{3}【reduced】^{4} by @{3}%, but you have ^{5}Immunity^{6}. Every @{6} seconds, inflict a @{7}-meter ^{7}【Knockback】^{8} in the direction you are Facing on up to @{5} members of the Enemy Team within @{4} meters in front of you and Deals DMG equal to your ATK * ^{9}@{8}%^{10}.	ยกโล่ของคุณขึ้นเป็นเวลา@{1}วินาทีเพื่อเสริมความแข็งแกร่งให้กับตัวคุณเอง ลดความเสียหายที่ได้รับจาก ^{1}@{2}%^{2}ในช่วงเวลานี้ MSPD ของคุณคือ ^{3}【ลดลง】^{4}โดย@{3}% แต่คุณมี ^{5}Immunity^{6}ทุก ๆ@{6}วินาที ทำดาเมจ@{7}เมตร ^{7}【กระเด็นกลับ】^{8}ไปในทิศทางที่คุณกำลังเผชิญหน้าจนถึงสมาชิก@{5}ของทีมศัตรูที่อยู่ในระยะ@{4}เมตรข้างหน้าคุณ และสร้าง DMG เท่ากับ ATK ของคุณ * ^{9}@{8}%^{10}.
26400	Can only be used while mounted on the Demonic Wolf. Casting 【Warg Charge】 or 【Warg Hunt】 resets this skill's Cooldown. Commands the Demonic Wolf to dash ${1}m in the designated direction and increases your Movement Speed by ^{1}${2}%^{2} for ${3} sec. When this skill reaches Lv. @{1}, after casting 【Warg Charge】 or 【Warg Hunt】, your next movement instead casts this skill in the movement direction.	สามารถใช้ได้ขณะขี่ Demonic Wolf เท่านั้นการใช้ 【Warg Charge】 หรือ 【Warg Hunt】 จะรีเซ็ตคูลดาวน์ของทักษะนี้สั่งให้ Demonic Wolf พุ่ง${1}m ไปในทิศทางที่กำหนด และเพิ่มความเร็วในการเคลื่อนที่ของคุณ ^{1}${2}%^{2}เป็นเวลา${3}วินาทีเมื่อทักษะนี้ถึงเลเวล@{1}หลังจากร่าย 【Warg Charge】 หรือ 【Warg Hunt】 การเคลื่อนไหวครั้งต่อไปของคุณจะร่ายสกิลนี้ไปในทิศทางการเคลื่อนที่แทน
26401	Life Skills include professions such as ^{1}【Miner】, 【Gardener】, and 【Chef】^{2}. You may learn any two of them.\nGathering or crafting with a Life Skill consumes ^{3}Vigor^{4} and grants profession EXP used to increase your profession level.\nOnce your profession Level Increased, more profession abilities Can be unlocked, including gathering higher-level resources and preparing higher-level recipes.	ทักษะชีวิตประกอบด้วยอาชีพต่างๆ เช่น ^{1}【Miner】, 【ชาวสวน】 และ 【Chef】^{2}คุณอาจเรียนรู้สองอย่างใดก็ได้\nการรวบรวมหรือประดิษฐ์ด้วยทักษะชีวิตต้องใช้ ^{3}Vigor^{4}และมอบ EXP อาชีพที่ใช้เพื่อเพิ่มระดับอาชีพของคุณ\nเมื่อระดับอาชีพของคุณเพิ่มขึ้น จะสามารถปลดล็อคความสามารถทางอาชีพได้มากขึ้น รวมถึงการรวบรวมทรัพยากรระดับสูงขึ้น และการเตรียมสูตรอาหารระดับสูงขึ้น
26402	Summons a Meteor, dealing Fire Ranged Magic damage equal to MATK * ^{1}${4}%^{2} to up to ${3} enemies within a ${2}-meter radius of the target within ${1} meters of You (^{3}^{4}Dexterity Resonance ${7}%^{5}^{6}), with a ${5}% Chance to trigger ^{7}^{8}Meteorite^{9}^{10}. While in the ^{11}^{12}【Reading】^{13}^{14} state, consumes ${6} stacks of ^{15}【Book Page】^{16} to cast this skill 1 Extra time.	เรียกดาวตก สร้างความเสียหายเวทย์มนตร์ Fire Ranged เท่ากับ MATK * ^{1}${4}%^{2}ให้กับศัตรูสูงสุด${3}ภายในรัศมี${2}เมตรของเป้าหมายภายใน${1}เมตรจากคุณ (^{3}^{4}เสียงสะท้อนความคล่องแคล่ว${7}%^{5}^{6}) โดยมีโอกาส${5}% ที่จะทริกเกอร์ ^{7}^{8}อุกกาบาต^{9}^{10}.ขณะที่อยู่ในสถานะ ^{11}^{12}【Reading】^{13}^{14}จะใช้${6}stacks ของ ^{15}【Book Page】^{16}เพื่อร่ายทักษะนี้ 1 ช่วงต่อเวลาพิเศษ
26403	Dagger-exclusive skill. Casting 【Shadow Guard】, 【Thousand Shadows】, or 【Looping Shadow】 ^{1}resets this skill's cooldown^{2}. Choose a direction to dash ${1} meters as a phantom, dealing Neutral melee Physical damage equal to PATK * ^{3}${4}%^{4} to up to @{1} enemies in a ${2}-meter-wide, ${3}-meter-long rectangular area in that direction. You gain ^{5}^{6}【Endure】^{7}^{8} while casting this skill.	ทักษะเฉพาะกริชการใช้ 【Shadow Guard】, 【Thousand Shadows】 หรือ 【Looping Shadow】 ^{1}รีเซ็ตคูลดาวน์ของทักษะนี้^{2}เลือกทิศทางที่จะพุ่ง${1}เมตรเป็นเงา สร้างความเสียหายทางกายภาพระยะประชิดที่เป็นกลางเท่ากับ PATK * ^{3}${4}%^{4}ไปจนถึงศัตรู@{1}ในพื้นที่${2}กว้างเมตร${3}- พื้นที่สี่เหลี่ยมยาวเมตรในทิศทางนั้นคุณได้รับ ^{5}^{6}【Endure】^{7}^{8}ขณะร่ายสกิลนี้
26404	1. Gifts can only be sent between players who are friends with each other.\n2. The recipient must be Online to receive a gift.\n3. You can switch recipients on the gifting screen.\n4. Each gift grants different amounts of Intimacy and Affection. Once sent, both friends will receive the corresponding bonuses.\n5. Only premium gifts allow custom messages and trigger a flashy Entire Server Notification.	1. ของขวัญสามารถส่งได้ระหว่างผู้เล่นที่เป็นเพื่อนกันเท่านั้น\n2. ผู้รับจะต้องออนไลน์เพื่อรับของขวัญ\n3. คุณสามารถสลับผู้รับบนหน้าจอของขวัญได้\n4. ของขวัญแต่ละชิ้นจะมอบความใกล้ชิดและความเสน่หาที่แตกต่างกันออกไป เมื่อส่งแล้ว เพื่อนทั้งสองคนจะได้รับโบนัสที่เกี่ยวข้อง\n5. เฉพาะของขวัญพรีเมี่ยมเท่านั้นที่อนุญาตให้ส่งข้อความแบบกำหนดเองและทริกเกอร์การแจ้งเตือนเซิร์ฟเวอร์ทั้งหมดที่ฉูดฉาด
26405	Congratulations! You've been appointed the guild's Charisma Baby! While serving as Charisma Baby, you'll enjoy the following Benefits:\nAn exclusive Portrait, Portrait Frame, Chat Bubble, and chat tag (all activated automatically)\nA Charisma Baby statue featuring your appearance and nickname will be erected in the guild area. We hope you'll lead everyone in building a warm, supportive guild community!	ยินดีด้วย!คุณได้รับแต่งตั้งให้เป็น Charisma Baby ของกิลด์!ในขณะที่ทำหน้าที่เป็น Charisma Baby คุณจะได้รับสิทธิประโยชน์ดังต่อไปนี้:\nภาพบุคคล กรอบรูปบุคคล ฟองแชท และแท็กแชทสุดพิเศษ (ทั้งหมดเปิดใช้งานโดยอัตโนมัติ)\nรูปปั้น Charisma Baby ที่มีรูปลักษณ์และชื่อเล่นของคุณจะถูกสร้างขึ้นในพื้นที่กิลด์เราหวังว่าคุณจะเป็นผู้นำทุกคนในการสร้างชุมชนกิลด์ที่อบอุ่นและให้การสนับสนุน!
26406	Swing your Weapon horizontally to unleash a blade of air, dealing ${3} hits of Neutral melee Physical DMG totaling PATK * ^{1}${4}%^{2} to up to ${2} enemies within a ${1}-meter radius. For every @{1}% ASPD, this attack gains ^{3}${8}%^{4} DMG Bonus, Active up to @{2}% ASPD. Increases your MSPD by ^{5}${5}%^{6} for ${6} seconds. This skill is treated as a Normal Attack, with ^{7}${7}%^{8} ASPD scaling.	เหวี่ยงอาวุธของคุณในแนวนอนเพื่อปล่อยดาบแห่งอากาศ สร้างความเสียหายทางกายภาพระยะประชิดที่เป็นกลางให้กับ${3}รวม PATK * ^{1}${4}%^{2}ไปยังศัตรูสูงสุด${2}ภายในรัศมี${1}เมตรสำหรับทุก ๆ@{1}% ASPD การโจมตีนี้จะได้รับ ^{3}${8}%^ โบนัส DMG{4}ใช้งานได้สูงสุดถึง@{2}% ASPDเพิ่ม MSPD ของคุณโดย ^{5}${5}%^{6}เป็นเวลา${6}วินาทีทักษะนี้ถือเป็นการโจมตีปกติ โดยมี ^{7}${7}%^{8}ASPD สเกล
26407	How to Earn Guild Contribution:\n@{1}. Guild Contribution can be used to ^{1}upgrade Guild Buildings. Higher-level Guild Buildings unlock more Guild Benefits^{2}.\n@{2}. Guild Members earn Weekly Guild Activity, Guild Contribution, and Personal Contribution by completing Guild Quests.\n@{3}. Personal Contribution can be exchanged for items in the Guild Shop and will not be cleared when leaving the guild.	วิธีรับเงินบริจาคจากกิลด์:\n@{1}.การบริจาคกิลด์สามารถใช้เพื่อ ^{1}อัพเกรดสิ่งปลูกสร้างกิลด์สิ่งปลูกสร้างกิลด์ระดับสูงจะปลดล็อกสิทธิประโยชน์ของกิลด์มากขึ้น^{2}\n@{2}.สมาชิกกิลด์จะได้รับกิจกรรมกิลด์รายสัปดาห์ การบริจาคกิลด์ และการบริจาคส่วนตัวโดยทำภารกิจกิลด์ให้สำเร็จ\n@{3}.การบริจาคส่วนบุคคลสามารถแลกเปลี่ยนเป็นไอเทมได้ในร้านค้ากิลด์ และจะไม่ถูกเคลียร์เมื่อออกจากกิลด์
26408	"Your spending this month has reached <color=#cc762a>${1} RMB</color>. This purchase would exceed the monthly top-up limit. Please spend responsibly and top up in moderation.\n\nUnder the National Press and Publication Administration's ""Notification on Preventing Minors from Becoming Addicted to Online Games,"" users ages 16 to under 18 may not top up more than RMB 100 per transaction or RMB 400 per month."	"Your spending this month has reached <color=#cc762a>${1} RMB</color>. This purchase would exceed the monthly top-up limit. Please spend responsibly and top up in moderation.\n\nUnder the National Press and Publication Administration's ""Notification on Preventing Minors from Becoming Addicted to Online Games,"" users ages 16 to under 18 may not top up more than RMB 100 per transaction or RMB 400 per month."
26409	@{1}. When the dungeon is cleared, whether party Members have a Reward Count for the current BOSS will affect the entire party's Auction Rewards.\n@{2}. First Clear rewards and personal rewards earned after clearing the dungeon are unaffected by other players' Reward Counts.\n@{3}. If ^{1}more than seven party Members have no Reward Count^{2}, the party ^{3}will receive no raid auction after clearing^{4}.	@{1} เมื่อเคลียร์ดันเจี้ยนแล้ว สมาชิกปาร์ตี้มีจำนวนรางวัลสำหรับบอสปัจจุบันหรือไม่ จะส่งผลต่อรางวัลการประมูลของทั้งปาร์ตี้หรือไม่\n@{2} รางวัลการเคลียร์ครั้งแรกและรางวัลส่วนตัวที่ได้รับหลังจากการเคลียร์ดันเจี้ยนจะไม่ได้รับผลกระทบจากจำนวนรางวัลของผู้เล่นคนอื่น\n@{3} หาก ^{1}สมาชิกปาร์ตี้มากกว่าเจ็ดคนไม่มีจำนวนรางวัล^{2} ปาร์ตี้ ^{3}จะไม่ได้รับการประมูลตรวจค้นหลังเคลียร์^{4}
26410	【Nearest】Prioritizes nearby targets. Recommended for close-range Jobs that fight on the front line;\n【Low HP】Prioritizes targets with low HP. Recommended for players looking to secure more kills;\n【Smart DPS】The System selects the optimal target. Recommended for players who prefer automatic target selection;\n【Smart Healing】Selects only party Members as targets. Recommended for players using healing Jobs.	【ใกล้ที่สุด】จัดลำดับความสำคัญของเป้าหมายใกล้เคียงแนะนำสำหรับงานระยะใกล้ที่ต่อสู้ในแนวหน้า\n【HP ต่ำ】จัดลำดับความสำคัญเป้าหมายที่มี HP ต่ำแนะนำสำหรับผู้เล่นที่ต้องการรักษาความปลอดภัยในการสังหารมากขึ้น\n【Smart DPS】ระบบจะเลือกเป้าหมายที่เหมาะสมที่สุดแนะนำสำหรับผู้เล่นที่ชอบเลือกเป้าหมายอัตโนมัติ\n【การรักษาที่ชาญฉลาด】เลือกเฉพาะสมาชิกปาร์ตี้เป็นเป้าหมายแนะนำสำหรับผู้เล่นที่ใช้งานการรักษา
26411	@{1}. 【Stigma】transforms into 【Blackwing Burst】, gaining improved effects and increased damage.\n@{2}. When 【Blackwing Burst】 has two charges, it gains Enhance. Casting it consumes both charges at once, dealing skill damage twice, with a larger area on the second hit.\n@{3}. 【Divine Retribution】 transforms into 【Demonic Judgment】. After casting, automatically casts 【Blackwing Burst】 at the target location.	@{1} 【สติกมา】แปลงร่างเป็น 【Blackwing Burst】 ได้รับเอฟเฟกต์ที่ดีขึ้นและความเสียหายที่เพิ่มขึ้น\n@{2} เมื่อ 【Blackwing Burst】 มีสองชาร์จ มันจะได้รับการเสริมพลัง การร่ายจะใช้ทั้งสองชาร์จพร้อมกัน สร้างความเสียหายให้กับทักษะสองครั้ง โดยมีพื้นที่มากขึ้นในการโจมตีครั้งที่สอง\n@{3} 【Divine Retribution】 แปลงร่างเป็น 【Demonic Judgement】 หลังจากร่าย จะร่าย 【Blackwing Burst】 ไปยังตำแหน่งเป้าหมายโดยอัตโนมัติ
26412	Fire Ninja Shinobi appears beside its master and uses a ninja art, removing control effects from its master and granting them ^{1}^{2}【Control Immunity】^{3}^{4} for ${1} seconds. It also moves its master ${2} meters in the designated direction, then increases their Movement Speed by ^{5}${4}%^{6} and grants Stealth for ${3} seconds (dealing damage or taking damage ${5} times during Stealth ends the effect).	Fire Ninja Shinobi ปรากฏตัวข้างๆ อาจารย์ของมัน และใช้ศิลปะนินจา ลบเอฟเฟกต์การควบคุมออกจากอาจารย์ของมัน และมอบให้พวกเขา ^{1}^{2}【ภูมิคุ้มกันควบคุม】^{3}^{4}เป็นเวลา${1}วินาทีนอกจากนี้ยังเคลื่อนมิเตอร์${2}หลักไปในทิศทางที่กำหนด จากนั้นเพิ่มความเร็วในการเคลื่อนที่ ^{5}${4}%^{6}และมอบสถานะล่องหนเป็นเวลา${3}วินาที (สร้างความเสียหายหรือรับความเสียหาย${5}ครั้งในช่วงที่เอฟเฟกต์ Stealth สิ้นสุดลง)
26413	While ^{1}^{2}[Aura Blade]^{3}^{4} is active, ^{5}^{6}[Bash]^{7}^{8}'s percentage damage multiplier increases by ${1}% and its fixed damage increases by ${2}; ^{9}^{10}[Magnum Break]^{11}^{12}'s percentage damage multiplier increases by ${3}% and its fixed damage increases by ${4}; and ^{13}^{14}[Bowling Bash]^{15}^{16}'s percentage damage multiplier increases by ${5}% and its fixed damage increases by ${6}.	ในขณะที่ ^{1}^{2}[Aura Blade]^{3}^{4}ทำงานอยู่ ^{5}^{6}[Bash]^{7}^{8}เปอร์เซ็นต์ความเสียหายตัวคูณเพิ่มขึ้น${1}% และความเสียหายคงที่เพิ่มขึ้น${2};^{9}^{10}[Magnum Break]^{11}^ ตัวคูณเปอร์เซ็นต์ความเสียหายของ{12}เพิ่มขึ้น${3}% และความเสียหายคงที่เพิ่มขึ้น${4};และ ^{13}^{14}[Bowling Bash]^{15}^ ตัวคูณเปอร์เซ็นต์ความเสียหายของ{16}เพิ่มขึ้น${5}% และความเสียหายคงที่เพิ่มขึ้น${6}
26414	@{1}.Once the Guild Auction begins, all Guild Members are eligible to participate.\n@{2}.After the auction ends, Members eligible for a dividend from the event will receive an Auction Dividend.\n@{3}.The Auction Dividend from each auction will be sent by mail, so be sure to check your inbox.\n@{4}.If you leave the guild before the Guild Auction ends, you will not receive an Auction Dividend from that auction.	@{1}.เมื่อการประมูลกิลด์เริ่มต้นขึ้น สมาชิกกิลด์ทุกคนจะมีสิทธิ์เข้าร่วม\n@{2}.หลังจากการประมูลสิ้นสุดลง สมาชิกที่มีสิทธิ์ได้รับเงินปันผลจากกิจกรรมจะได้รับเงินปันผลจากการประมูล\n@{3}.เงินปันผลจากการประมูลแต่ละครั้งจะถูกส่งทางไปรษณีย์ ดังนั้นอย่าลืมตรวจสอบกล่องจดหมายของคุณ\n@{4}.หากคุณออกจากกิลด์ก่อนที่การประมูลกิลด์จะสิ้นสุดลง คุณจะไม่ได้รับเงินปันผลจากการประมูลครั้งนั้น
26415	Can only be used while riding Madogear. Equip ${1} Vulcan Arm on each hand and Launch them at ${3} selected enemies up to ${2} meters away, dealing ${4} hits of Neutral Ranged Physical DMG equal to PATK * ^{1}${5}%^{2}. Every ${6} casts of 【Vulcan Arm】 trigger 【Firepower Loaded】 ${7} times.\n【Firepower Loaded】: Increases the number of Cannon shells Launched by each 【Arm Cannon】 attack to ${8} for ${9} attacks.	สามารถใช้ได้ขณะขี่ Madogear เท่านั้น ติดตั้ง ${1} Vulcan Arm ในแต่ละมือ และปล่อยพวกมันไปที่ศัตรูที่เลือก ${3} ที่อยู่ห่างออกไปสูงสุด ${2} เมตร สร้างความเสียหายทางกายภาพระยะไกล ${4} ครั้ง เท่ากับ PATK * ^{1}${5}%^{2} ทุกการร่าย ${6} ของ 【Vulcan Arm】 จะทำให้ 【Firepower Loaded】 ${7} ครั้ง\n【Firepower Loaded】: เพิ่มจำนวนกระสุนปืนใหญ่ที่ยิงโดยการโจมตีของ 【Arm Cannon】 แต่ละครั้งเป็น ${8} สำหรับการโจมตี ${9}
26416	Due to temporal and spatial instability (related to the setting), strange rifts have begun appearing in the Field at fixed times. If left open too long, dangerous Monsters will emerge from them. To preserve peace across the continent, the kingdom has commissioned the Eden Group to Post Gold-rank adventure requests, calling on experienced Adventurers to enter the rifts, defeat the Monsters, and Repair the rifts.	เนื่องจากความไม่แน่นอนทางเวลาและเชิงพื้นที่ (เกี่ยวข้องกับสภาพแวดล้อม) รอยแยกแปลกๆ ได้เริ่มปรากฏขึ้นในสนามตามเวลาที่กำหนดหากเปิดทิ้งไว้นานเกินไป มอนสเตอร์ที่อันตรายจะโผล่ออกมาจากพวกมันเพื่อรักษาสันติภาพทั่วทั้งทวีป ราชอาณาจักรได้มอบหมายให้ Eden Group โพสต์คำขอการผจญภัยระดับทอง โดยเรียกร้องให้นักผจญภัยผู้มีประสบการณ์เข้าสู่รอยแยก เอาชนะสัตว์ประหลาด และซ่อมแซมรอยแยก
26417	(No Translation Needed@{1}.Select filters to define which items should be automatically dismantled. \n@{2}.After changing the conditions, tap Confirm to save your settings. \n@{3}.Once the conditions are set and Auto-Dismantle is enabled, items that match the filters will be automatically dismantled when they enter the Backpack.\n@{4}.Dismantling cannot be undone. Carefully review your Auto-Dismantle conditions.	(ไม่จำเป็นต้องแปล@{1}.เลือกตัวกรองเพื่อกำหนดว่ารายการใดควรถูกแยกออกโดยอัตโนมัติ \n@{2}หลังจากเปลี่ยนเงื่อนไขแล้ว ให้แตะยืนยันเพื่อบันทึกการตั้งค่าของคุณ \n@{3}.เมื่อมีการตั้งค่าเงื่อนไขและเปิดใช้งานการแยกส่วนอัตโนมัติแล้ว รายการที่ตรงกับตัวกรองจะถูกแยกส่วนโดยอัตโนมัติเมื่อเข้าไปในกระเป๋าเป้สะพายหลัง\n@{4}.การแยกส่วนไม่สามารถยกเลิกได้ ตรวจสอบเงื่อนไขการแยกส่วนอัตโนมัติของคุณอย่างระมัดระวัง
26418	@{1}.Tap the Challenge button to begin the Dummy Challenge.\n@{2}.The Challenge has a time limit of @{3} seconds. When the Countdown ends, your Total DMG and Damage per Second during the Challenge will be calculated. Reach the required Damage per Second to earn the corresponding rewards.\n@{4}.Dummy Challenge results will be displayed in the Ranking, which includes an overall Ranking and separate class Rankings.	@{1}.แตะปุ่ม Challenge เพื่อเริ่ม Dummy Challenge\n@{2}.Challenge มีเวลาจำกัดที่ @{3} วินาที เมื่อการนับถอยหลังสิ้นสุดลง ความเสียหายรวมและความเสียหายต่อวินาทีระหว่างการท้าทายจะถูกคำนวณ เข้าถึงความเสียหายที่ต้องการต่อวินาทีเพื่อรับรางวัลที่เกี่ยวข้อง\n@{4} ผลการท้าทายจำลองจะแสดงในอันดับ ซึ่งรวมถึงอันดับโดยรวมและอันดับคลาสแยกกัน
26419	Shield skill. ^{1}【Powerful Auto Counter】^{2}: Deals Neutral Melee Physical DMG equal to PATK * ^{3}${7}%^{4} to up to ${6} enemies within a ${4}-degree, ${9}-meter area in front of you. Against Monster targets, the percentage DMG multiplier increases by ^{5}${12}%^{6}. During this time, you have Debuff Immunity, Monster DMG Reduction increases by ^{7}${2}%^{8}, and you gain ^{9}${3}%^{10} DEF and MDEF Increase.	ทักษะโล่^{1}【ตัวนับอัตโนมัติอันทรงพลัง】^{2}: สร้างความเสียหายทางกายภาพระยะประชิดที่เป็นกลางเท่ากับ PATK * ^{3}${7}%^{4}ไปจนถึงศัตรู${6}ภายในระดับ${4},${9}- พื้นที่เมตรอยู่ตรงหน้าคุณเมื่อเทียบกับเป้าหมายที่เป็นมอนสเตอร์ เปอร์เซ็นต์ตัวคูณ DMG จะเพิ่มขึ้น ^{5}${12}%^{6}ในช่วงเวลานี้ คุณมีภูมิคุ้มกันดีบัฟ, การลดความเสียหายของมอนสเตอร์เพิ่มขึ้น ^{7}${2}%^{8}และคุณได้รับ ^{9}${3}%^{10}DEF และ MDEF เพิ่มขึ้น
26420	Stores ^{3}@{2}^{4} stacks every ^{1}@{1}^{2} sec, up to ^{5}@{3}^{6} stacks. Locks onto an enemy within @{4} m and teleports to a position @{5} m in front of the target, ^{7}slowing^{8} them by @{6}% for @{7} sec and dealing ^{9}@{8}%^{10} * Physical ATK as Neutral Physical damage. Immediately gains @{9} Blade stacks, and increases the blade count * and damage of the next Cross Ripper Slasher by ^{11}@{10}%^{12}	ร้านค้า ^{3}@{2}^{4}สแต็กทุกๆ ^{1}@{1}^{2}วินาที สูงสุด ^{5}@{3}^{6}กองล็อคศัตรูที่อยู่ในระยะ@{4}m และเทเลพอร์ตไปยังตำแหน่ง@{5}m ด้านหน้าเป้าหมาย ^{7}ชะลอความเร็ว^{8}พวกเขาโดย@{6}% สำหรับ@{7}วินาทีและจัดการ ^{9}@{8}%^{10}* การโจมตีทางกายภาพเป็นความเสียหายทางกายภาพที่เป็นกลางได้รับ@{9}Blade stacks ทันที และเพิ่มจำนวน blade * และความเสียหายของ Cross Ripper Slasher ตัวถัดไปโดย ^{11}@{10}%^{12}
26421	Dear player, in accordance with the National Press and Publication Administration’s “Notification on Preventing Minors from Becoming Addicted to Online Games” and “Notification on Further Strengthening Regulations to Effectively Prevent Minors from Becoming Addicted to Online Games,” accounts without verified real-name registration cannot access the game. Please complete real-name registration as soon as possible.	"เรียน ผู้เล่น ตาม ""ประกาศเกี่ยวกับการป้องกันผู้เยาว์จากการติดเกมออนไลน์"" ของ National Press and Publication Administration และ ""ประกาศเกี่ยวกับกฎเกณฑ์การเสริมสร้างเพิ่มเติมเพื่อป้องกันไม่ให้ผู้เยาว์ติดเกมออนไลน์อย่างมีประสิทธิภาพ"" บัญชีที่ไม่มีการลงทะเบียนชื่อจริงที่ได้รับการยืนยันจะไม่สามารถเข้าถึงเกมได้กรุณาลงทะเบียนชื่อจริงโดยเร็วที่สุด"
26422	The League has eight tiers: Ragnarok, Diamond, Jade, Platinum, Gold, Silver, Bronze, and Black Iron. At the start of each tournament, the System assigns tiers based on each guild's group ranking from the previous tournament. Higher-ranked guilds are promoted, while lower-ranked guilds are demoted. Guilds in the same tier are then divided into groups and randomly matched within their group for the preliminary round.	ลีกมีแปดระดับ: Ragnarok, Diamond, Jade, Platinum, Gold, Silver, Bronze และ Black Ironในช่วงเริ่มต้นของแต่ละทัวร์นาเมนต์ ระบบจะกำหนดระดับตามอันดับกลุ่มของแต่ละกิลด์จากทัวร์นาเมนต์ครั้งก่อนกิลด์ที่มีอันดับสูงกว่าจะได้รับการเลื่อนขั้น ในขณะที่กิลด์ที่มีอันดับต่ำกว่าจะถูกลดระดับกิลด์ในระดับเดียวกันจะถูกแบ่งออกเป็นกลุ่มและสุ่มจับคู่ภายในกลุ่มของพวกเขาสำหรับรอบเบื้องต้น
26423	^{1}【King of the Pack】^{2} becomes ^{3}【Rhythmic King of the Pack】^{4}. While ^{5}【King of the Pack】^{6} is active, Physical damage dealt to non-player enemies increases by ^{7}${1}%^{8}. Killing a player resets the Cooldown of ^{9}【Warg Charge】【Warg Bite】^{10} and extends the duration of ^{11}【King of the Pack】^{12} by ${2} seconds. The duration of each ^{13}【King of the Pack】^{14} can be extended up to ${3} times.	^{1}【ราชาแห่งฝูง】^{2}กลายเป็น ^{3}【ราชาแห่งจังหวะ】^{4}ขณะที่ ^{5}【King of the Pack】^{6}ทำงานอยู่ ความเสียหายทางกายภาพที่ทำกับศัตรูที่ไม่ใช่ผู้เล่นจะเพิ่มขึ้น ^{7}${1}%^{8}การฆ่าผู้เล่นจะรีเซ็ตคูลดาวน์ของ ^{9}【Warg Charge】【Warg Bite】^{10}และขยายระยะเวลา ^{11}【King of the Pack】^{12}เป็น${2}วินาทีระยะเวลาของแต่ละ ^{13}【King of the Pack】^{14}สามารถขยายได้สูงสุด${3}เท่า
26424	This certifies that Novice ${1} has completed the Novice Combat Trial administered under the supervision of the Eden Group. The courage, skill, and determination demonstrated during the trial meet the kingdom's basic requirements for an officially recognized Job Advance.\nThe bearer of this certificate is hereby authorized to proceed to Criatura Academy for Job Advance.\nIssued by: Prontera Eden Group\nExaminer: Rhein	นี่เป็นการรับรองว่า Novice${1}ได้เสร็จสิ้นการทดลองรบ Novice ที่ดูแลภายใต้การดูแลของ Eden Groupความกล้าหาญ ทักษะ และความมุ่งมั่นที่แสดงให้เห็นระหว่างการพิจารณาคดีเป็นไปตามข้อกำหนดพื้นฐานของราชอาณาจักรสำหรับการเลื่อนตำแหน่งงานที่ได้รับการยอมรับอย่างเป็นทางการ\nผู้ถือใบรับรองนี้ได้รับอนุญาตให้ดำเนินการกับ Criatura Academy เพื่อความก้าวหน้างาน\nออกโดย: Prontera Eden Group\nผู้ตรวจสอบ: Rhein
26425	The mighty Fafnir is imprisoned in the Inner Area of Redrock Fortress. Thorough preparations are essential to defeating it. The first priority is repairing the Dragon-Hunting Cannons on the raised platforms, which are crucial for suppressing the beast. Meanwhile, other heroes must enter the Inner Area and face Fafnir directly. (Warning: Confronting Fafnir is extremely dangerous. Only the strongest heroes should enter.)	Fafnir ผู้ยิ่งใหญ่ถูกขังอยู่ในพื้นที่ด้านในของป้อม Redrockการเตรียมการอย่างละเอียดถี่ถ้วนถือเป็นสิ่งสำคัญในการเอาชนะมันสิ่งสำคัญอันดับแรกคือการซ่อมปืนใหญ่ล่ามังกรบนแท่นยกสูง ซึ่งมีความสำคัญอย่างยิ่งในการปราบปรามสัตว์ร้ายในขณะเดียวกัน ฮีโร่คนอื่นๆ จะต้องเข้าไปในพื้นที่ด้านในและเผชิญหน้ากับฟาฟเนียร์โดยตรง(คำเตือน: การเผชิญหน้ากับฟาฟเนียร์นั้นอันตรายอย่างยิ่ง ควรเข้าร่วมเฉพาะฮีโร่ที่แข็งแกร่งที่สุดเท่านั้น)
26426	Drive your weapon into the ground with tremendous force, unleashing a massive shockwave that deals ${4} hits of Neutral ranged Physical damage totaling Physical ATK *^{1}${5}%^{2} to up to ${3} enemies within a ${1}m * ${2}m area in front of you, knocking them airborne and inflicting ^{3}【Immobilize】^{4} for ${6} seconds. You enter ^{5}【Fury】^{6}. ^{7}【Fury】^{8}: Immediately gain @{1} charge of 【Enhance Hundred Spear】.	ขับอาวุธของคุณลงสู่พื้นด้วยพลังมหาศาล ปล่อยคลื่นกระแทกขนาดใหญ่ที่สร้างความเสียหายทางกายภาพระยะไกล ${4} ครั้ง รวมพลังโจมตีกายภาพ *^{1}${5}%^{2} ไปยังศัตรูสูงสุด ${3} ภายในพื้นที่ ${1}m * ${2}m ด้านหน้าคุณ ทำให้พวกเขากระเด็นไปในอากาศและทำให้ ^{3}【ทำให้เคลื่อนที่ไม่ได้】^{4} เป็นเวลา ${6} วินาที คุณเข้าสู่ ^{5}【Fury】^{6} ^{7}【Fury】^{8}: ได้รับชาร์จ @{1} ของ 【Enhance Hundred Spear】 ทันที
26427	When a pet is deployed in a Utility Slot, its Passive Skill always applies to the Adventurer, making the Main Skill more powerful. The Passive Skill's star rank also increases with the pet's star rank.\nSome pets have a Core Passive Skill. Only 1 Core Passive Skill effect can be active at a time. If multiple pets with Core Passive Skill effects are deployed, only the pet in the lowest-numbered Utility Slot takes effect.	เมื่อสัตว์เลี้ยงถูกใช้งานในช่องยูทิลิตี้ ทักษะติดตัวของมันจะใช้กับนักผจญภัยเสมอ ซึ่งจะทำให้ทักษะหลักมีประสิทธิภาพมากขึ้นอันดับดาวของทักษะติดตัวจะเพิ่มขึ้นตามอันดับดาวของสัตว์เลี้ยงด้วย\nสัตว์เลี้ยงบางตัวมี Core Passive Skillสามารถใช้เอฟเฟกต์คอร์พาสซีฟได้ครั้งละ 1 อันเท่านั้นหากมีการใช้งานสัตว์เลี้ยงหลายตัวที่มีเอฟเฟกต์ Core Passive Skill เฉพาะสัตว์เลี้ยงที่อยู่ในช่องยูทิลิตี้หมายเลขต่ำสุดเท่านั้นที่จะมีผล
26428	Chants a powerful purification spell, removing ^{3}^{4}[Status Effect]^{5}^{6} and ^{7}^{8}[Movement Restriction]^{9}^{10} effects from You and ^{1}Party Members^{2} within a ${1}-meter radius. For the next ${2} seconds, grants them Immunity to up to ^{11}${3}^{12} ^{13}^{14}[Status Effect]^{15}^{16} and ^{17}^{18}[Movement Restriction]^{19}^{20} effects. This skill cannot be cast while You are under any control effect.	ร่ายคาถาชำระล้างอันทรงพลัง ลบ ^{3}^{4}[เอฟเฟกต์สถานะ]^{5}^{6}และ ^{7}^{8}[ข้อจำกัดการเคลื่อนไหว]^{9}^เอฟเฟกต์{10}จากคุณและ ^ สมาชิกปาร์ตี้{1}^{2}ภายในรัศมี${1}เมตรในวินาทีถัดไป${2}ให้ภูมิคุ้มกันแก่พวกเขาสูงสุดถึง ^{11}${3}^{12}^{13}^{14}[Status Effect]^{15}^{16}และ ^{17}^{18}[ข้อจำกัดการเคลื่อนไหว]^{19}^ เอฟเฟ็กต์{20}ทักษะนี้ไม่สามารถร่ายได้ในขณะที่คุณอยู่ภายใต้การควบคุมเอฟเฟกต์ใดๆ
26429	Summons Storm Gust, dealing Water-property ranged magic damage equal to Magic ATK *^{1}${4}%+${5}^{2} per wave to up to ${3} enemies in a circular area with a radius of ${2} meters within ${1} meters of you. Enemies within Storm Gust are afflicted with ${6}% ^{3}^{4}【Slow】^{5}^{6}. Storm Gust lasts ${7} seconds and strikes ${8} times. Each strike has a ${9}% Chance to inflict ^{7}^{8}【Frozen】^{9}^{10} for ${10} seconds.	เรียก Storm Gust สร้างความเสียหายเวทย์มนตร์ระยะไกลที่มีคุณสมบัติทางน้ำเท่ากับพลังโจมตีเวทย์ *^{1}${4}%+${5}^{2}ต่อคลื่นไปยังศัตรูสูงสุด${3}ในพื้นที่วงกลมที่มีรัศมีภายใน${2}เมตร${1}เมตรของคุณศัตรูที่อยู่ใน Storm Gust จะติดสถานะ${6}% ^{3}^{4}【ช้า】^{5}^{6}Storm Gust คงอยู่${7}วินาทีและโจมตี${8}ครั้งการโจมตีแต่ละครั้งมีโอกาส${9}% ที่จะสร้าง ^{7}^{8}【แช่แข็ง】^{9}^{10}เป็นเวลา${10}วินาที
26430	A pet's level cannot exceed the Adventurer's level.\nTap the Level-up button to automatically reach the selected level. Lower-quality Pet EXP Books will be consumed first.\nIf the Pet EXP Books consumed during this Level-up provide more EXP than required, the excess will be converted into EXP Books of equal value.\nWhen the next Season begins, all pet levels will be reset and all EXP Books in the Backpack will be removed.	เลเวลของสัตว์เลี้ยงต้องไม่เกินเลเวลของนักผจญภัย\nแตะปุ่มเพิ่มเลเวลเพื่อไปถึงระดับที่เลือกโดยอัตโนมัติ หนังสือ EXP สัตว์เลี้ยงคุณภาพต่ำจะถูกใช้ก่อน\nหากหนังสือ EXP สัตว์เลี้ยงที่ใช้ระหว่างการอัปเลเวลนี้ให้ EXP มากกว่าที่กำหนด ส่วนที่เกินจะถูกแปลงเป็นหนังสือ EXP ที่มีมูลค่าเท่ากัน\nเมื่อฤดูกาลถัดไปเริ่มต้นขึ้น ระดับสัตว์เลี้ยงทั้งหมดจะถูกรีเซ็ต และหนังสือ EXP ทั้งหมดในกระเป๋าเป้สะพายหลังจะถูกลบออก
26431	Your spending this month has reached <color=#cc762a>${1} RMB</color>. This transaction would exceed the monthly top-up limit. Please spend responsibly and top up in moderation.\n\nAccording to the Notification on Preventing Minors from Becoming Addicted to Online Games issued by the National Press and Publication Administration, users aged 8 to under 16 may top up no more than RMB 50 per transaction and RMB 200 per month.	Your spending this month has reached <color=#cc762a>${1} RMB</color>. This transaction would exceed the monthly top-up limit. Please spend responsibly and top up in moderation.\n\nAccording to the Notification on Preventing Minors from Becoming Addicted to Online Games issued by the National Press and Publication Administration, users aged 8 to under 16 may top up no more than RMB 50 per transaction and RMB 200 per month.
26432	Deep in the forest lived a girl named Ella, who wove winter nests for small animals from fallen leaves each day. One snowy night, she rescued a frozen bluebird. When the bird awoke, it repaid her by spitting out a glowing seed. Ella buried the seed in the moss, and by the next day, it had grown into a Crystal tree. Silver fruit hung among its branches like dewdrops, each reflecting what people desired most in their hearts.	ลึกเข้าไปในป่ามีเด็กผู้หญิงชื่อเอลล่า เธอถักรังฤดูหนาวให้กับสัตว์ตัวเล็ก ๆ จากใบไม้ที่ร่วงหล่นในแต่ละวันคืนหนึ่งที่หิมะตก เธอช่วยนกบลูเบิร์ดที่กลายเป็นน้ำแข็งเมื่อนกตื่นขึ้น มันก็ตอบแทนเธอด้วยการพ่นเมล็ดเรืองแสงออกมาเอลล่าฝังเมล็ดพืชไว้ในตะไคร่น้ำ และในวันรุ่งขึ้น มันก็เติบโตเป็นต้นไม้คริสตัลผลไม้สีเงินแขวนอยู่ท่ามกลางกิ่งก้านเหมือนหยาดน้ำค้าง แต่ละผลสะท้อนถึงสิ่งที่ผู้คนปรารถนามากที่สุดในใจ
26433	You gain the [Melt Down] Effect for ${1} seconds. While [Melt Down] is Active, attacking an Enemy Team player has a ${2}% Chance to inflict ^{1}[Weapon Damage]^{2} for ${3} seconds. When attacking a Monster while [Melt Down] is Active, there is a ${4}% Chance to reduce its ^{3}PATK and DEF by ${5}%^{4} for ${6} seconds. [Weapon Damage]: The Initial stats and Affixes of Main/Off-Hand Weapons are not Active for the duration.	คุณได้รับเอฟเฟกต์ [ละลายลง] เป็นเวลา${1}วินาทีขณะที่ [Melt Down] ทำงานอยู่ การโจมตีผู้เล่นทีมศัตรูมีโอกาส${2}% ที่จะสร้าง ^{1}[ความเสียหายจากอาวุธ]^{2}เป็นเวลา${3}วินาทีเมื่อโจมตีมอนสเตอร์ในขณะที่ [Melt Down] ทำงานอยู่ มีโอกาส${4}% ที่จะลด ^{3}PATK และ DEF ของมันลง${5}%^{4}เป็นเวลา${6}วินาที[ความเสียหายของอาวุธ]: สถิติเริ่มต้นและค่าเสริมของอาวุธหลัก/อาวุธรองจะไม่ทำงานในช่วงเวลาดังกล่าว
26434	【Judex】transforms into 【Enlightenment】, gaining enhanced visuals and increased damage. When cast, it deals one instance of Extra ST damage to up to @{2} enemies within @{1} meters of the target.\n【Second Holy Light】transforms into 【Interwoven Light and Shadow】 and has a Chance to be triggered by the initial hit of 【Enlightenment】, dealing Physical or Magic damage. While in 【Divine Stance】, the trigger Chance becomes @{3}%.	【Judex】แปลงร่างเป็น 【การรู้แจ้ง】 ได้รับการมองเห็นที่ดีขึ้นและความเสียหายที่เพิ่มขึ้นเมื่อร่าย จะสร้างความเสียหาย ST พิเศษหนึ่งครั้งแก่ศัตรูสูงสุด@{2}ภายใน@{1}เมตรจากเป้าหมาย\n【แสงศักดิ์สิทธิ์ที่สอง】แปลงร่างเป็น 【แสงและเงาที่ผสานกัน】 และมีโอกาสที่จะถูกกระตุ้นโดยการโจมตีครั้งแรกของ 【การตรัสรู้】 สร้างความเสียหายทางกายภาพหรือเวทมนตร์ขณะที่อยู่ใน 【Divine Stance】 โอกาสทริกเกอร์จะกลายเป็น@{3}%
26435	Unleashes the power of thunder, dealing Wind Ranged Magic damage equal to MATK * ^{1}${4}%^{2} to up to ${3} enemies within a ${2}-meter radius of the target within ${1} meters of You (^{3}^{4}Dexterity Resonance ${8}%^{5}^{6}), with a ${5}% Chance to inflict ^{7}^{8}【Stun】^{9}^{10} for ${6} seconds. While in the ^{11}^{12}【Reading】^{13}^{14} state, consumes ${7} stacks of ^{15}【Book Page】^{16} to cast this skill 1 Extra time.	ปลดปล่อยพลังแห่งสายฟ้า สร้างความเสียหายเวทย์มนต์ Wind Ranged เท่ากับ MATK * ^{1}${4}%^{2}ให้กับศัตรูสูงสุด${3}ภายในรัศมี${2}เมตรของเป้าหมายภายใน${1}เมตรจากคุณ (^{3}^{4}Dexterity Resonance${8}%^{5}^{6}) โดยมีโอกาส${5}% ที่จะสร้างความเสียหาย ^{7}^{8}【สตัน】^{9}^{10}สำหรับ${6}วินาทีขณะที่อยู่ในสถานะ ^{11}^{12}【Reading】^{13}^{14}จะใช้${7}stacks ของ ^{15}【Book Page】^{16}เพื่อร่ายทักษะนี้ 1 ช่วงต่อเวลาพิเศษ
26436	Unleashes a Burst of frost, dealing Water Ranged Magic damage equal to MATK * ^{1}${4}%^{2}^{3} to up to ${3} enemies within a ${2}-meter radius of the target within ${1} meters of You (^{4}^{5}Dexterity Resonance ${8}%^{6}^{7}), with a ${5}% Chance to inflict ^{8}^{9}【Frozen】^{10}^{11} for ${6} seconds. While in the ^{12}^{13}【Reading】^{14}^{15} state, consumes ${7} stacks of ^{16}【Book Page】^{17} to cast this skill 1 Extra time.	ปล่อยระเบิดน้ำแข็ง สร้างความเสียหายเวทย์ Water Ranged Magic เท่ากับ MATK * ^{1}${4}%^{2}^{3}ไปจนถึงศัตรูสูงสุด${3}ภายในรัศมี${2}-เมตรของเป้าหมายภายใน${1}เมตรของคุณ (^{4}^{5}Dexterity Resonance${8}%^{6}^{7}) โดยมีโอกาสทำดาเมจ${5}% ^{8}^{9}【แช่แข็ง】^{10}^{11}เป็นเวลา${6}วินาทีขณะที่อยู่ในสถานะ ^{12}^{13}【Reading】^{14}^{15}จะใช้${7}stacks ของ ^{16}【Book Page】^{17}เพื่อร่ายทักษะนี้ 1 ช่วงต่อเวลาพิเศษ
26437	Dives toward a designated location within ${1} meters. Upon landing, deals Neutral melee Physical damage equal to PATK * ^{3}${6}%^{4} and applies a ^{1}${5}%【Slow】^{2} for ${4} seconds to up to ${3} enemies within a ${2}-meter radius. Every @{1}% ASPD increases this damage by ^{5}${10}%^{6}, up to @{2}% ASPD. For each enemy hit, You gain a ^{9}【Shield】^{10} equal to ^{7}${7}%^{8} of Max HP for ${8} seconds, up to ^{11}${9}%^{12}.	พุ่งไปยังตำแหน่งที่กำหนดภายในระยะ${1}เมตรเมื่อลงสู่พื้น สร้างความเสียหายทางกายภาพระยะประชิดที่เป็นกลางเท่ากับ PATK * ^{3}${6}%^{4}และใช้ ^{1}${5}%【ช้า】^{2}เป็นเวลา${4}วินาทีกับศัตรูสูงสุด${3}ภายในรัศมี${2}เมตรทุก ๆ@{1}% ASPD จะเพิ่มความเสียหายนี้โดย ^{5}${10}%^{6}ไปจนถึง@{2}% ASPDสำหรับการโจมตีของศัตรูแต่ละครั้ง คุณจะได้รับ ^{9}【โล่】^{10}เท่ากับ ^{7}${7}%^{8}ของ HP สูงสุดเป็นเวลา${8}วินาที สูงสุด ^{11}${9}%^{12}.
26438	The first guild to reach @{1} Guild Points wins. If both guilds have @{2} points, or if the scores are tied when the match ends, the guild with more total player defeats on the Main Battlefield wins. The following actions on the Main Battlefield grant Guild Points:\nDefeat a player: @{3} points/player\nCapture a point: @{4} points/capture\nHold a capture point: @{5} points/@{6} sec.\nSuccessfully deliver a flag: @{7} points/delivery	กิลด์แรกที่ไปถึงคะแนนกิลด์@{1}เป็นผู้ชนะหากทั้งสองกิลด์มีคะแนน@{2}หรือหากคะแนนเสมอกันเมื่อการแข่งขันจบลง กิลด์ที่มีจำนวนผู้เล่นที่พ่ายแพ้ในสนามรบหลักมากกว่าจะเป็นผู้ชนะการกระทำต่อไปนี้ในสนามรบหลักจะมอบคะแนนกิลด์:\nเอาชนะผู้เล่น: คะแนน@{3}/ผู้เล่น\nยึดครองจุด:@{4}แต้ม/ยึดครอง\nยึดจุดยึด:@{5}แต้ม/@{6}วินาที\nส่งแฟล็กสำเร็จ: คะแนน@{7}/การส่งมอบ
26439	Activity Dividend:\n@{1}.^{1}The weekly Guild Activity Dividend Settlement takes place every Monday at 5 AM^{2}. After Settlement, you can manually claim your dividend from the interface.\n@{2}.If you select Leave Guild without claiming last week's dividend, it will be sent to you by mail. Please check your inbox.\n\nAuction Dividend:\n@{3}.Every Monday at 5 AM, the Auction Dividend Settlement for the previous week will be displayed.	การจ่ายเงินปันผลของกิจกรรม:\n@{1}.^{1}การจ่ายเงินปันผลของกิจกรรมกิลด์รายสัปดาห์จะมีขึ้นทุกวันจันทร์ เวลา 5.00 น.^{2}หลังจากการชำระบัญชี คุณสามารถรับเงินปันผลได้ด้วยตนเองจากอินเทอร์เฟซ\n@{2}.หากคุณเลือกออกจากกิลด์โดยไม่รับเงินปันผลของสัปดาห์ที่แล้ว กิลด์จะถูกส่งถึงคุณทางไปรษณีย์ กรุณาตรวจสอบกล่องจดหมายของคุณ\n\nเงินปันผลการประมูล:\n@{3}.ทุกวันจันทร์ เวลา 05.00 น. จะมีการแสดงรายการชำระเงินปันผลการประมูลสำหรับสัปดาห์ก่อนหน้า
26440	"Can only be cast while riding a Madogear. Uses a flamethrower on ${2} designated enemies within ${1} m, dealing a total of Physical ATK * ^{1}${7}%^{2} Fire ranged Physical DMG over ${6} hits to up to ${5} targets in a ${3} * ${4} m rectangular area ahead. Immediately triggers 【Firepower Loading】 @{1} times after casting. 【Firepower Loading】: Increases the number of shells fired by each 【Arm Cannon】 Launch to ${8} for ""${9} Launches."	"สามารถร่ายได้ขณะขี่ Madogear เท่านั้นใช้เครื่องพ่นไฟกับศัตรูที่กำหนด${2}ภายใน${1}m สร้างความเสียหายทางกายภาพทั้งหมด * ^{1}${7}%^{2}สร้างความเสียหายกายภาพระยะไกลด้วยไฟเหนือ${6}โจมตีเป้าหมายสูงสุด${5}ใน${3}*${4}m พื้นที่สี่เหลี่ยมข้างหน้าเปิดใช้งาน 【Firepower Loading】 ทันที@{1}ครั้งหลังจากการร่าย【การโหลดพลังการยิง】: เพิ่มจำนวนกระสุนที่ยิงโดยปืนใหญ่แต่ละอันที่ยิงได้ ยิงไปยัง${8}สำหรับ ""${9}เปิดตัว"
26441	@{1}.Only players who are mutual friends can send each other gifts.\n@{2}.The recipient must be Online to receive a gift.\n@{3}.You can switch recipients on the Gift page.\n@{4}.Different gifts grant different amounts of Intimacy and Love. Once a gift is successfully sent, both friends will receive the corresponding bonuses.\n@{5}.Only premium gift items allow you to add a custom message and trigger a flashy Entire Server Notification.	@{1}.เฉพาะผู้เล่นที่เป็นเพื่อนร่วมกันเท่านั้นที่สามารถส่งของขวัญให้กันได้\n@{2}.ผู้รับต้องออนไลน์เพื่อรับของขวัญ\n@{3}.คุณสามารถสลับผู้รับได้ในหน้าของขวัญ\n@{4}.ของขวัญที่แตกต่างกันจะมอบความใกล้ชิดและความรักในปริมาณที่แตกต่างกัน เมื่อส่งของขวัญสำเร็จ เพื่อนทั้งสองจะได้รับโบนัสที่เกี่ยวข้อง\n@{5} เฉพาะของขวัญพรีเมียมเท่านั้นที่คุณสามารถเพิ่มข้อความที่กำหนดเองและทริกเกอร์การแจ้งเตือนทั้งเซิร์ฟเวอร์แบบฉูดฉาด
26442	Deals PATK * ^{1}${2}%^{2} Neutral melee Physical DMG to the designated ST enemy within ${1} meters. If you are more than ${6} meters from the target, you also Charge directly in front of it. After casting this skill @{1} times, the next 【Warg Strike】 becomes ^{3}^{4}【Empowered Warg Strike】^{5}^{6}. This skill's cast speed is unaffected by ASPD, but every ${3}% ASPD grants an Extra ^{7}${4}%^{8} Skill Damage Multiplier, up to ${5}% ASPD.	สร้าง PATK * ^{1}${2}%^{2} สร้างความเสียหายกายภาพระยะประชิดเป็นกลางแก่ศัตรู ST ที่กำหนดภายในระยะ ${1} เมตร หากคุณอยู่ห่างจากเป้าหมายมากกว่า ${6} เมตร คุณจะชาร์จตรงหน้าเป้าหมายด้วย หลังจากร่ายทักษะนี้ @{1} ครั้ง 【Warg Strike】 ครั้งถัดไปจะกลายเป็น ^{3}^{4}【Empowered Warg Strike】^{5}^{6} ความเร็วในการร่ายของทักษะนี้ไม่ได้รับผลกระทบจาก ASPD แต่ทุกๆ ${3}% ASPD จะได้รับตัวคูณความเสียหายพิเศษ ^{7}${4}%^{8} สูงสุดถึง ${5}% ASPD
26443	@{1}.Each card has unique stats or skill effects.\n@{2}.Insert a card into its designated equipment slot while that slot has equipment equipped to gain the card's effects.\n@{3}.Combine cards strategically to maximize your character's power.\n@{4}.Cards can be advanced to enhance their effects.\n@{5}.Cards of Purple Quality or higher can be added to the Collection. Collected cards feature stunning artwork and significantly enhanced effects.	@{1}. การ์ดแต่ละใบมีค่าสถานะหรือเอฟเฟกต์ทักษะเฉพาะตัว\n@{2}. ใส่การ์ดหนึ่งใบลงในช่องอุปกรณ์ที่กำหนดในขณะที่ช่องนั้นมีอุปกรณ์ที่ติดตั้งไว้เพื่อรับเอฟเฟกต์ของการ์ด\n@{3}. รวมการ์ดอย่างมีกลยุทธ์เพื่อเพิ่มพลังให้กับตัวละครของคุณ\n@{4}. การ์ดสามารถก้าวหน้าเพื่อเพิ่มเอฟเฟกต์ได้\n@{5}. การ์ดคุณภาพสีม่วงหรือสูงกว่าสามารถเพิ่มลงในคอลเลกชันได้ การ์ดที่รวบรวมมีงานศิลปะที่น่าทึ่งและเอฟเฟกต์ที่ได้รับการปรับปรุงอย่างมาก
26444	Stores ^{3}${2}^{4} stacks every ^{1}${1}^{2} sec, up to ^{5}${3}^{6} stacks. Charges to a point ${5} meters in front of the target ST enemy within ${4} meters, inflicting ^{7}【Slow】^{8} by ${6}% for ${7} sec and dealing Physical ATK * ^{9}${8}%^{10} as Neutral melee Physical damage. Immediately gains ${9} Blade stacks, multiplies the blade count of the next Cross Ripper Slasher by ${10}, and increases each hit's damage by ^{11}${11}%^{12}.	ร้านค้า ^{3}${2}^{4}สแต็กทุกๆ ^{1}${1}^{2}วินาที สูงสุด ^{5}${3}^{6}กองพุ่งไปที่จุด${5}เมตร ด้านหน้าศัตรู ST เป้าหมายในระยะ${4}เมตร ทำให้เกิดความเสียหาย ^{7}【ช้า】^{8}โดย${6}% เป็นเวลา${7}วินาที และทำการโจมตีทางกายภาพ * ^{9}${8}%^{10}เป็นความเสียหายทางกายภาพระยะประชิดที่เป็นกลางเพิ่มจำนวนใบมีดของ${9}ทันที เพิ่มจำนวนใบมีดของ Cross Ripper Slasher ครั้งถัดไปเป็นจำนวน${10}และเพิ่มความเสียหายของการโจมตีแต่ละครั้งขึ้น ^{11}${11}%^{12}
26445	Dagger-exclusive skill. Casting 【Shadow Guard】, 【Thousand Shadows】, or 【Circling Shadow】 will ^{1}reset this skill's cooldown^{2}. Choose a direction and dash in the Format of a phantom, gaining ${1} meters of Movement and dealing Neutral melee Physical damage equal to PATK*${4}% to up to @{1} enemies within a rectangular area ${2} meters wide and ${3} meters long in that direction. While casting this skill, you gain ^{3}^{4}【Endure】^{5}^{6}.	ทักษะเฉพาะกริชการใช้ 【Shadow Guard】, 【Thousand Shadows】 หรือ 【Circling Shadow】 จะ ^{1}รีเซ็ตคูลดาวน์ของทักษะนี้ ^{2}เลือกทิศทางและพุ่งในรูปแบบของปีศาจ เพิ่มระยะการเคลื่อนไหว${1}เมตร และสร้างความเสียหายทางกายภาพระยะประชิดที่เป็นกลางเท่ากับ PATK*${4}% สูงสุดถึง@{1}ศัตรูภายในพื้นที่สี่เหลี่ยม${2}เมตรกว้าง และ${3}เมตรยาวในทิศทางนั้นในขณะที่ร่ายสกิลนี้ คุณจะได้รับ ^{3}^{4}【Endure】^{5}^{6}
26446	Stores ^{1}@{2}^{2} stacks every ^{3}@{1}^{4} sec, up to ^{5}@{3}^{6} stacks. Locks on to an enemy within @{4} meters and teleports to a position @{5} meters in front of the target, ^{7}slowing^{8} them by @{6}% for @{7} sec and dealing ^{9}@{8}%^{10} * Physical ATK as Neutral Physical damage. Immediately gains @{9} Blade stacks, and the next Cross Ripper Slasher's hit count is multiplied by @{10} and its damage increases by ^{11}@{11}%^{12}.	ร้านค้า ^{1}@{2}^{2}สแต็คทุกๆ ^{3}@{1}^{4}วินาที สูงสุด ^{5}@{3}^{6}กองล็อคศัตรูที่อยู่ในระยะ@{4}เมตร และเทเลพอร์ตไปยังตำแหน่ง@{5}เมตร ด้านหน้าเป้าหมาย ^{7}ชะลอความเร็ว^{8}พวกเขาโดย@{6}% สำหรับ@{7}วินาทีและจัดการ ^{9}@{8}%^{10}* การโจมตีทางกายภาพเป็นความเสียหายทางกายภาพที่เป็นกลางได้รับแต้มสะสม@{9}Blade ทันที และจำนวนการโจมตีของ Cross Ripper Slasher ครั้งถัดไปจะถูกคูณด้วย@{10}และความเสียหายเพิ่มขึ้น ^{11}@{11}%^{12}
26447	Stores ^{3}${2}^{4} stacks every ^{1}${1}^{2} sec, up to ^{5}${3}^{6} stacks. Dash to a position ${5}m in front of a targeted ST enemy within ${4}m, reducing their ^{7}Movement Speed by ${6}%^{8} for ${7} sec and dealing Physical ATK * ^{9}${8}%^{10} as Neutral melee Physical damage. Immediately gain ${9} Blade stacks. The number of blades in the next Cross Ripper Slasher is multiplied by ${10}, and each hit deals ^{11}${11}%^{12} more damage.	ร้านค้า ^{3}${2}^{4}สแต็คทุกๆ ^{1}${1}^{2}วินาที สูงสุด ^{5}${3}^{6}กองพุ่งไปยังตำแหน่ง${5}m ข้างหน้าศัตรู ST เป้าหมายภายใน${4}m ซึ่งจะลดความเร็วในการเคลื่อนที่ ^{7}ของพวกมันลง${6}%^{8}สำหรับ${7}วินาทีและสร้าง ATK กายภาพ * ^{9}${8}%^{10}เป็นความเสียหายทางกายภาพระยะประชิดที่เป็นกลางได้รับ${9}Blade stacks ทันทีจำนวนใบมีดใน Cross Ripper Slasher ถัดไปจะถูกคูณด้วย${10}และการโจมตีแต่ละครั้งจะสร้างความเสียหาย ^{11}${11}%^{12}ความเสียหายมากขึ้น
26448	@{1}. Season Rank activities include Dungeons, Guilds, Territory War, Battle Royale, Treasure Hunting, and Secondary Professions.\n@{2}. Each activity awards its own points, which increase the corresponding rank and earn you rewards.\n@{3}. Rewards for each rank can be claimed up to @{4} times, so you can freely choose the activities you enjoy.\n@{5}. Season Ranks reset when a new Season begins, and new ranked activities may be added. Stay tuned.	@{1} กิจกรรมอันดับฤดูกาล ได้แก่ ดันเจี้ยน กิลด์ สงครามดินแดน แบทเทิลรอยัล การล่าสมบัติ และอาชีพรอง\n@{2} แต่ละกิจกรรมจะให้คะแนนของตัวเอง ซึ่งจะเป็นการเพิ่มอันดับที่เกี่ยวข้องและทำให้คุณได้รับรางวัล\n@{3} รางวัลสำหรับแต่ละอันดับสามารถรับได้สูงสุด @{4} ครั้ง ดังนั้นคุณจึงสามารถเลือกกิจกรรมที่คุณชื่นชอบได้อย่างอิสระ\n@{5} อันดับฤดูกาลจะรีเซ็ตเมื่อฤดูกาลใหม่เริ่มต้นขึ้น และกิจกรรมจัดอันดับใหม่อาจถูกเพิ่มเข้ามา คอยติดตาม
26449	There is no limit to the number of players who may Enter the Sub-Battlefield. All Members except Temporary Members may participate. Once the Battle begins, large numbers of Guards appear immediately. After @{1} minutes, more Guards and @{2} Commanders appear. After @{3} minutes, a Boss appears. Defeating Guards, Commanders, and the Boss grants Morale. Defeating Commanders and the Boss increases the Uses of Commander skills in the Main Battlefield.	ไม่มีการจำกัดจำนวนผู้เล่นที่อาจเข้าสู่ Sub-Battlefieldสมาชิกทุกคนยกเว้นสมาชิกชั่วคราวสามารถเข้าร่วมได้เมื่อการต่อสู้เริ่มต้นขึ้น ยามจำนวนมากก็ปรากฏตัวขึ้นทันทีหลังจาก@{1}นาที การ์ดและผู้บัญชาการ@{2}จะปรากฏขึ้นหลังจาก@{3}นาที บอสจะปรากฏขึ้นการเอาชนะทหารองครักษ์ ผู้บังคับการ และบอสจะทำให้ขวัญกำลังใจเพิ่มขึ้นการเอาชนะผู้บังคับการและบอสจะเพิ่มการใช้ทักษะของผู้บังคับบัญชาในสนามรบหลัก
26450	The Warlock periodically gathers energy, automatically generating ${2} ^{1}【Psychic Astral Body】^{2} every ${1} seconds, up to ${3}. If ${4} ^{3}【Psychic Astral Body】^{4} are Owned, the next ${5} times You deal Ghost Damage, all ^{5}【Psychic Astral Body】^{6} will Launch. Each deals Ghost Ranged Magic damage equal to MATK * ^{7}${8}%^{8} to the target enemy and up to ${7} Other enemies within ${6} meters, and applies a ${10}% Slow for ${9} seconds.	Warlock รวบรวมพลังงานเป็นระยะ สร้าง${2}โดยอัตโนมัติ ^{1}【Psychic Astral Body】^{2}ทุก ๆ${1}วินาที สูงสุด${3}หาก${4}^{3}【Psychic Astral Body】^{4}มีเจ้าของแล้ว${5}ครั้งถัดไปที่คุณสร้างความเสียหายจาก Ghost ทั้งหมด ^{5}【Psychic Astral Body】^{6}จะเปิดตัวแต่ละสร้างความเสียหายเวทย์มนต์ Ghost Ranged เท่ากับ MATK * ^{7}${8}%^{8}ให้กับศัตรูเป้าหมายและสูงสุด${7}ศัตรูอื่นๆ ที่อยู่ในระยะ${6}เมตร และใช้${10}% สโลว์ เป็นเวลา${9}วินาที
26451	Shield skill. Deals Earth Melee Physical DMG equal to PATK * ^{1}${1}%^{2} (^{3}^{4}Vitality Resonance ${6}%^{5}^{6}) to up to ${5} enemies within a ${4}-meter radius and reduces their ^{7}ASPD and MSPD^{8} by ${3}% for ${2} seconds. Enemies in 【Hiding】 hit by this skill are revealed. This skill greatly increases Monster aggro, with a greater increase than Provoke. Against Monster targets, the percentage DMG multiplier increases by ^{9}${7}%^{10}.	ทักษะโล่สร้างความเสียหายทางกายภาพระยะประชิด Earth Melee เท่ากับ PATK * ^{1}${1}%^{2}(^{3}^{4}Vitality Resonance${6}%^{5}^{6}) ขึ้นไปถึงศัตรู${5}ภายในรัศมี${4}เมตร และลด ^{7}ASPD และ MSPD^{8}ของพวกมันลง${3}% เป็นเวลา${2}วินาทีศัตรูใน 【ซ่อนตัว】 ที่ถูกโจมตีด้วยทักษะนี้จะถูกเปิดเผยทักษะนี้เพิ่มความก้าวร้าวให้กับมอนสเตอร์อย่างมาก โดยเพิ่มขึ้นมากกว่า Provoidเมื่อเทียบกับเป้าหมายที่เป็นมอนสเตอร์ เปอร์เซ็นต์ตัวคูณ DMG จะเพิ่มขึ้น ^{9}${7}%^{10}
26452	Can only be used while riding Madogear. Use Flame Launcher on ${2} selected enemies within ${1} meters of you, dealing ${6} hits of Fire Ranged Physical DMG totaling PATK * ^{1}${7}%^{2} to up to ${5} targets in a ${3} * ${4}-meter rectangular area in front of you. Immediately triggers 【Firepower Loaded】 @{1} times after casting. 【Firepower Loaded】: Increases the number of Cannon shells Launched by each 【Arm Cannon】 attack to ${8} for ${9} attacks.	ใช้ได้ขณะขี่ Madogear เท่านั้นใช้ Flame Launcher กับศัตรูที่เลือก${2}ในระยะ${1}เมตรจากคุณ สร้างความเสียหายกายภาพการยิงระยะไกลของ${6}รวม PATK * ^{1}${7}%^{2}จนถึงเป้าหมาย${5}ใน${3}*${4}-พื้นที่สี่เหลี่ยมเมตรด้านหน้าคุณเปิดใช้งาน 【Firepower Loaded】 ทันที@{1}ครั้งหลังจากการร่าย【พลังการยิงที่โหลดแล้ว】: เพิ่มจำนวนกระสุนปืนใหญ่ที่ปล่อยออกมาจากการโจมตีของ 【Arm Cannon】 แต่ละครั้งเป็น${8}สำหรับการโจมตี${9}
26453	Shield skill. Raise your Shield to block for ${1} seconds. During this time, you have Debuff Immunity, Monster DMG Reduction increases by ^{1}${2}%^{2}, and you gain ^{3}${3}%^{4} DEF and MDEF Increase. Tap this skill again while blocking or wait until the block ends to use ^{5}^{6}【Shield Auto Counter】^{7}^{8}. If you are attacked while blocking, ^{9}^{10}【Shield Auto Counter】^{11}^{12} is Enhanced into ^{13}^{14}【Powerful Auto Counter】^{15}^{16}.	ทักษะโล่ยกโล่ขึ้นเพื่อบล็อกเป็นเวลา${1}วินาทีในช่วงเวลานี้ คุณมีภูมิคุ้มกันดีบัฟ การลดความเสียหายของมอนสเตอร์เพิ่มขึ้น ^{1}${2}%^{2}และคุณได้รับ ^{3}${3}%^{4}DEF และ MDEF เพิ่มขึ้นแตะทักษะนี้อีกครั้งในขณะที่บล็อกหรือรอจนกว่าบล็อกจะสิ้นสุดเพื่อใช้ ^{5}^{6}【Shield Auto Counter】^{7}^{8}.หากคุณถูกโจมตีขณะบล็อก ^{9}^{10}【Shield Auto Counter】^{11}^{12}ได้รับการปรับปรุงเป็น ^{13}^{14}【ตัวนับอัตโนมัติอันทรงพลัง】^{15}^{16}
26454	1. Refinement applies to equipment slots only. Changing equipment does not affect refinement bonuses.\n2. Slots can still be refined when no equipment is worn, but refinement bonuses only take effect when equipment is equipped.\n3. The maximum Refine Level is equal to the character's Current Level.\n4. Refining all equipment slots to the specified level activates Resonance stats. The corresponding bonuses only take effect when equipment is equipped.	1. การปรับแต่งใช้กับช่องอุปกรณ์เท่านั้น การเปลี่ยนอุปกรณ์ไม่ส่งผลต่อโบนัสการขัดเกลา\n2. ช่องยังสามารถขัดเกลาได้เมื่อไม่ได้สวมใส่อุปกรณ์ แต่โบนัสการขัดเกลาจะมีผลเมื่อติดตั้งอุปกรณ์แล้วเท่านั้น\n3. ระดับการปรับแต่งสูงสุดจะเท่ากับเลเวลปัจจุบันของตัวละคร\n4. การปรับแต่งสล็อตอุปกรณ์ทั้งหมดให้อยู่ในระดับที่ระบุจะเปิดใช้งานสถิติเรโซแนนซ์ โบนัสที่เกี่ยวข้องจะมีผลเมื่อมีการติดตั้งอุปกรณ์เท่านั้น
26455	Enhance 【Cannon】 into 【Melody Cannon】. After a successful HIT, applies 【Melody Bubble】 to the target for @{1} sec. 【Melody Bubble】: Each time an enemy carrying 【Melody Bubble】 takes damage, the bubble expands. Upon reaching ^{1}@{2}^{2} stacks, it explodes, dealing @{3} instances of Neutral Ranged Physical DMG equal to Physical ATK*^{3}@{4}%^{4}. If 【Melody Bubble】 does not fully expand and explode, it explodes and deals damage when its duration ends.	ปรับปรุง 【Cannon】 ให้เป็น 【Melody Cannon】หลังจากโจมตีสำเร็จ ใช้งาน 【Melody Bubble】 กับเป้าหมายเป็นเวลา@{1}วินาที【Melody Bubble】: ทุกครั้งที่ศัตรูถือ 【Melody Bubble】 ได้รับความเสียหาย ฟองจะขยายออกเมื่อถึง ^{1}@{2}^{2}สแต็ค มันจะระเบิด สร้างอินสแตนซ์@{3}ของ DMG ทางกายภาพระยะไกลที่เป็นกลาง เท่ากับ ATK กายภาพ*^{3}@{4}%^{4}หาก 【Melody Bubble】 ไม่ขยายและระเบิดจนสุด มันจะระเบิดและสร้างความเสียหายเมื่อระยะเวลาหมดลง
26456	Causes the earth to rise, dealing Earth Ranged Magic damage equal to MATK * ^{1}${4}%^{2} to up to ${3} enemies in a ${1}-meter by ${2}-meter area in front of You (^{3}^{4}Dexterity Resonance ${8}%^{5}^{6}), with a ${5}% Chance to inflict ^{7}^{8}【Petrify】^{9}^{10} for ${6} seconds. Also reveals targets in ^{11}【Hiding】^{12}. While in the ^{13}^{14}【Reading】^{15}^{16} state, consumes ${7} stacks of ^{17}【Book Page】^{18} to cast this skill 1 Extra time.	ทำให้โลกสูงขึ้น สร้างความเสียหายเวทย์มนต์ Earth Ranged เท่ากับ MATK * ^{1}${4}%^{2}ไปจนถึงศัตรู${3}ในระยะ${1}- เมตร x${2}- พื้นที่เมตรด้านหน้าคุณ (^{3}^{4}Dexterity Resonance${8}%^{5}^{6}) โดยมีโอกาสสร้างความเสียหาย${5}% ^{7}^{8}【กลายเป็นหิน】^{9}^{10}สำหรับ${6}วินาทียังเปิดเผยเป้าหมายใน ^{11}【ซ่อนตัว】^{12}ขณะที่อยู่ในสถานะ ^{13}^{14}【Reading】^{15}^{16}จะใช้${7}stacks ของ ^{17}【Book Page】^{18}เพื่อร่ายทักษะนี้ 1 ช่วงต่อเวลาพิเศษ
26457	@{1}.If you are defeated for the first time within @{2} seconds after the battlefield officially opens, you receive one Extra opportunity to rejoin the battle.\n@{3}.After being defeated for the first time, you do not need another teammate's aid and may choose a new drop point.\n@{4}.There is a time limit for choosing a drop point with this Extra opportunity. If time expires, you will automatically Revive where you were defeated. Keep an eye on the timer.	@{1}.หากคุณพ่ายแพ้เป็นครั้งแรกภายใน @{2} วินาทีหลังจากสนามรบเปิดอย่างเป็นทางการ คุณจะได้รับโอกาสพิเศษหนึ่งครั้งในการเข้าร่วมการต่อสู้อีกครั้ง\n@{3}.หลังจากพ่ายแพ้ในครั้งแรก คุณไม่จำเป็นต้องได้รับความช่วยเหลือจากเพื่อนร่วมทีมคนอื่นและอาจเลือกจุดดรอปใหม่\n@{4}.มีเวลาจำกัดในการเลือกจุดดรอปด้วยโอกาสพิเศษนี้ หากหมดเวลา คุณจะฟื้นคืนชีพโดยอัตโนมัติในจุดที่คุณพ่ายแพ้ จับตาดูตัวจับเวลา
26458	The first guild to reach @{1} Guild Points on the Main Battlefield wins. If both guilds have @{2} Points, or if their Points are tied when the match ends, the guild with more total player Defeats on the Main Battlefield wins. The following actions grant Guild Points on the Main Battlefield:\nDefeat a player: @{3} Points/player\nCapture a Stronghold: @{4} Points/time\nMaintain control: @{5} Points/@{6} seconds\nFlag Delivered Successfully: @{7} Points/time	กิลด์แรกที่ไปถึงคะแนนกิลด์@{1}ในสนามรบหลักจะเป็นผู้ชนะหากทั้งสองกิลด์มีคะแนน@{2}หรือหากคะแนนเท่ากันเมื่อการแข่งขันจบลง กิลด์ที่มีจำนวนผู้เล่นที่พ่ายแพ้มากกว่าในสนามรบหลักจะเป็นผู้ชนะการกระทำต่อไปนี้จะมอบคะแนนกิลด์ในสนามรบหลัก:\nเอาชนะผู้เล่น:@{3}คะแนน/ผู้เล่น\nยึดฐานที่มั่น:@{4}คะแนน/เวลา\nรักษาการควบคุม:@{5}คะแนน/@{6}วินาทีส่งธง\nสำเร็จแล้ว:@{7}คะแนน/เวลา
26459	@{1}. Auto Bid can be configured during the preparation phase and will automatically place bids once the auction begins.\n@{2}. After each failed qualification attempt, the bid will automatically Increase Bid based on the fixed tier multiplier until it exceeds the threshold price.\n@{3}. If none of the tiers exceed the threshold price, Auto Bid will stop and send a Notification to the Guild.\n@{4}. Bid Style determines the delay before each automatic bid.	@{1} การเสนอราคาอัตโนมัติสามารถกำหนดค่าได้ในระหว่างขั้นตอนการเตรียมการ และจะเสนอราคาโดยอัตโนมัติเมื่อการประมูลเริ่มต้นขึ้น\n@{2} หลังจากความพยายามในการรับรองแต่ละครั้งล้มเหลว การเสนอราคาจะเพิ่มการเสนอราคาโดยอัตโนมัติตามตัวคูณระดับคงที่จนกว่าจะเกินราคาเกณฑ์\n@{3} หากไม่มีระดับใดเกินราคาเกณฑ์ การประมูลอัตโนมัติจะหยุดและส่งการแจ้งเตือนไปยังกิลด์\n@{4} รูปแบบการเสนอราคาจะกำหนดความล่าช้าก่อนการประมูลอัตโนมัติแต่ละครั้ง
26460	\n@{1}.After the MVP is Defeated, Points are calculated for all participating parties based on Damage dealt, Damage taken, Healing Volume, and death count Data. Deaths deduct a small number of Points. All participating parties are then ranked by Points.\n@{2}.If a party includes Members with no Remaining Ranking Reward or Participation Reward Counts, the total score is Decayed by a certain percentage. The more such Members there are, the greater the Decay.	\n@{1}หลังจากที่ MVP พ่ายแพ้แล้ว คะแนนจะถูกคำนวณสำหรับทุกฝ่ายที่เข้าร่วมโดยพิจารณาจากความเสียหายที่เกิดขึ้น ความเสียหายที่ได้รับ ปริมาณการรักษา และข้อมูลจำนวนการตายการเสียชีวิตจะถูกหักคะแนนจำนวนเล็กน้อยฝ่ายที่เข้าร่วมทั้งหมดจะได้รับการจัดอันดับตามคะแนน\n@{2}หากปาร์ตี้รวมสมาชิกที่ไม่มีรางวัลอันดับคงเหลือหรือรางวัลการเข้าร่วม คะแนนรวมจะลดลงตามเปอร์เซ็นต์ที่กำหนดยิ่งมีสมาชิกมากเท่าไร ความเสื่อมโทรมก็จะยิ่งมากขึ้นเท่านั้น
26461	Shield skill. Deals Neutral Melee Physical DMG equal to PATK * ^{1}${1}%^{2} to up to ${5} enemies within a ${4}-meter radius and grants you 【Casting Shield】 equal to ^{3}${3}%^{4} of your Max HP for ${2} seconds. Against Monsters, the percentage DMG multiplier increases by ^{5}${6}%^{6}. 【Casting Shield】: When you are hit, triggers an Extra Auto Counter from 【Reflect Damage】. If the target is a Boss, also Activate ^{7}^{8}【Holy Light Suppression】^{9}^{10}.	ทักษะโล่สร้าง DMG กายภาพระยะประชิดเป็นกลางเท่ากับ PATK * ^{1}${1}%^{2}ไปจนถึงศัตรู${5}ภายในรัศมี${4}-meter และมอบ 【Casting Shield】 ให้คุณเท่ากับ ^{3}${3}%^{4}ของ HP สูงสุดของคุณเป็นเวลา${2}วินาทีเมื่อเทียบกับมอนสเตอร์ เปอร์เซ็นต์ตัวคูณ DMG จะเพิ่มขึ้น ^{5}${6}%^{6}【โล่ร่ายเวทย์】: เมื่อคุณถูกโจมตี ทริกเกอร์ Extra Auto Counter จาก 【สะท้อนความเสียหาย】หากเป้าหมายเป็นบอส ให้เปิดใช้งาน ^{7}^{8}【Holy Light Suppression】^{9}^{10}.
26462	1. Mail is divided into System Mail and Guild Mail, which unlock at different levels.\n2. System Mail and Guild Mail have separate storage limits. Mail exceeding these limits cannot be received, so Adventurers should clear out mail regularly.\n3. Mail with attachments can only be deleted after the attachments have been claimed.\n4. Each mail has an expiration date. Expired mail is automatically deleted, so be sure to read it and claim its attachments in time.	1. เมลแบ่งออกเป็น System Mail และ Guild Mail ซึ่งจะปลดล็อคในระดับต่างๆ\n2. System Mail และ Guild Mail มีขีดจำกัดการจัดเก็บแยกต่างหาก ไม่สามารถรับจดหมายที่เกินขีดจำกัดเหล่านี้ได้ ดังนั้นนักผจญภัยควรเคลียร์จดหมายเป็นประจำ\n3. เมลพร้อมไฟล์แนบสามารถลบได้หลังจากอ้างสิทธิ์ไฟล์แนบแล้วเท่านั้น\n4. แต่ละเมลมีวันหมดอายุ เมลที่หมดอายุจะถูกลบโดยอัตโนมัติ ดังนั้นโปรดอ่านและขอรับไฟล์แนบให้ทันเวลา
26463	Two-Handed Spear skill. Deals Neutral Melee Physical DMG equal to PATK * ^{1}${3}%^{2} to up to ${7} enemies within a circular ${2}-meter area around you. For every ${8}% ASPD, this DMG increases by ^{3}${5}%^{4}, up to @{1}% ASPD. If 【Over Brand】 is Active, instead damages the same number of enemies within ${2} meters of you, increasing the DMG to ^{5}${4}%^{6} Neutral Melee PATK. This skill counts as a Basic Attack and has an ASPD effectiveness ratio of ${6}%.	ทักษะหอกสองมือสร้างความเสียหายกายภาพระยะประชิดเป็นกลางเท่ากับ PATK * ^{1}${3}%^{2}ไปจนถึงศัตรู${7}ภายในพื้นที่วงกลม${2}- เมตรรอบตัวคุณสำหรับทุก${8}% ASPD DMG นี้จะเพิ่มขึ้น ^{3}${5}%^{4}สูงถึง@{1}% ASPDถ้า 【Over Brand】 ทำงานอยู่ แทนที่จะสร้างความเสียหายให้กับศัตรูจำนวนเท่ากันภายใน${2}เมตรจากคุณ เพิ่ม DMG เป็น ^{5}${4}%^{6}Neutral Melee PATKทักษะนี้นับเป็นการโจมตีพื้นฐานและมีอัตราส่วนประสิทธิภาพ ASPD ที่${6}%
26464	Active Skill: A skill the Adventurer can actively use in battle when the pet is assigned to an active slot.\nPassive Skill: A skill that grants bonuses to the Adventurer when the pet is assigned to a Utility slot.\nUnlocked Attribute Skill: A skill that permanently grants attribute bonuses to the Adventurer after the pet is unlocked, even when it is not deployed.\nCombat Skill: A skill used actively by the pet after it enters battle in modes such as the Pet Tower.	ทักษะการใช้งาน: ทักษะที่นักผจญภัยสามารถใช้ได้ในการต่อสู้เมื่อสัตว์เลี้ยงถูกกำหนดให้อยู่ในช่องที่ใช้งาน ทักษะติดตัว\n: ทักษะที่ให้โบนัสแก่นักผจญภัยเมื่อสัตว์เลี้ยงถูกกำหนดในช่องยูทิลิตี้\nทักษะคุณสมบัติที่ปลดล็อค: ทักษะที่ให้โบนัสคุณสมบัติแก่นักผจญภัยอย่างถาวรหลังจากที่สัตว์เลี้ยงถูกปลดล็อค แม้ว่าจะไม่ได้ใช้งานก็ตาม ทักษะการต่อสู้\n: ทักษะที่สัตว์เลี้ยงใช้งานหลังจากที่เข้าสู่การต่อสู้ในโหมดต่างๆ เช่น Pet Tower
26465	@{1}.If a player is defeated for the first time within @{2} seconds after the battlefield officially opens, they receive @{3} Extra opportunities to rejoin the battle.\n@{4}.After being defeated for the first time, you do not need to wait for a teammate's aid and may choose a new drop point to rejoin the battle.\n@{5}.You have a limited time to choose a drop point. If time expires before you make a selection, one will be assigned at random. Keep an eye on the timer.	@{1}.หากผู้เล่นพ่ายแพ้เป็นครั้งแรกภายใน @{2} วินาทีหลังจากสนามรบเปิดอย่างเป็นทางการ พวกเขาจะได้รับ @{3} โอกาสพิเศษในการเข้าร่วมการต่อสู้อีกครั้ง\n@{4}.หลังจากพ่ายแพ้ในครั้งแรก คุณไม่จำเป็นต้องรอความช่วยเหลือจากเพื่อนร่วมทีมและอาจเลือกจุดดรอปใหม่เพื่อเข้าร่วมการต่อสู้อีกครั้ง\n@{5}คุณมีเวลาจำกัดในการเลือกจุดดรอป หากหมดเวลาก่อนที่คุณจะทำการเลือก หนึ่งรายการจะถูกสุ่มเลือก จับตาดูตัวจับเวลา
26466	@{1}.Enhance applies only to equipment slots. Changing equipment does not affect Enhance bonuses.\n@{2}.You can Enhance an equipment slot even when no equipment is equipped, but the bonuses only take effect once equipment is equipped.\n@{3}.The maximum Reinforcement level is equal to the character's Current Level.\n@{4}.Enhancing all equipment slots to the specified level activates Resonance attributes. Equipment must be equipped to receive the corresponding bonuses.	@{1}.การปรับปรุงใช้กับช่องอุปกรณ์เท่านั้น การเปลี่ยนอุปกรณ์จะไม่ส่งผลต่อโบนัสการเสริมประสิทธิภาพ\n@{2}คุณสามารถเพิ่มประสิทธิภาพช่องอุปกรณ์ได้แม้ว่าจะไม่ได้ติดตั้งอุปกรณ์ แต่โบนัสจะมีผลเฉพาะเมื่อติดตั้งอุปกรณ์แล้วเท่านั้น\n@{3} ระดับการเสริมกำลังสูงสุดจะเท่ากับระดับปัจจุบันของตัวละคร\n@{4} การเพิ่มประสิทธิภาพช่องอุปกรณ์ทั้งหมดให้ถึงระดับที่ระบุจะเปิดใช้งานคุณลักษณะเสียงสะท้อน จะต้องติดตั้งอุปกรณ์เพื่อรับโบนัสที่เกี่ยวข้อง
26467	Spear-exclusive skill. Deals Neutral Ranged Physical damage equal to PATK * ^{1}${2}%+${8}^{2} to the designated ST enemy within ${1} meters. Each hit against the same enemy shatters the target's body parts in sequence, applying the following effects for ${3} seconds: 【Shattered Ankle】Reduces MSPD. by ^{3}${4}%^{4}; 【Shattered Wrist】reduces ASPD by ^{5}${5}%^{6}; 【Shattered Lumbar】reduces PDEF by ^{7}${6}%^{8}; 【Shattered Neck】reduces DMG Reduction by ^{9}${7}%^{10}.	ทักษะเฉพาะหอกสร้างความเสียหายทางกายภาพระยะไกลเท่ากับ PATK * ^{1}${2}%+${8}^{2}ไปยังศัตรู ST ที่กำหนดภายในระยะ${1}เมตรการโจมตีแต่ละครั้งกับศัตรูตัวเดียวกันจะทำลายส่วนต่างๆ ของร่างกายของเป้าหมายตามลำดับ โดยให้เอฟเฟกต์ต่อไปนี้เป็นเวลา${3}วินาที: 【ข้อเท้าแตก】ลด MSPDโดย ^{3}${4}%^{4};【ข้อมือหัก】ลด ASPD โดย ^{5}${5}%^{6};【เอวที่แตกหัก】ลด PDEF โดย ^{7}${6}%^{8};【คอหัก】ลดการลดความเสียหายโดย ^{9}${7}%^{10}
26468	The full Territory War cycle lasts one Season and includes the War Map, Stronghold Battles, Supply Transport, and Siege Battles.\nThe War Map is a standard open-world mode that can be entered at any time, while the other modes have specific unlock requirements and follow a set sequence.\nEach Season consists of multiple rounds, with modes opening in the following order during each round: Stronghold Battle → Supply Transport → Regional Capital Siege → Royal Capital Siege	วงจรสงครามอาณาเขตเต็มรูปแบบกินเวลาหนึ่งฤดูกาลและรวมถึงแผนที่สงคราม การต่อสู้ฐานที่มั่น การขนส่งเสบียง และการต่อสู้ปิดล้อม\nThe War Map เป็นโหมดโลกเปิดมาตรฐานที่สามารถเข้าได้ตลอดเวลา ในขณะที่โหมดอื่นๆ มีข้อกำหนดการปลดล็อคเฉพาะและทำตามลำดับที่กำหนดไว้\nในแต่ละฤดูกาลประกอบด้วยหลายรอบ โดยโหมดต่างๆ จะเปิดตามลำดับต่อไปนี้ในแต่ละรอบ: การต่อสู้ฐานที่มั่น → การขนส่งเสบียง → การล้อมเมืองหลวงของภูมิภาค → การล้อมเมืองหลวงของราชวงศ์
26469	Retribution summons the Executioner's Sword, dealing its master's ^{1}Adaptive ATK^{2}*^{3}${4}%^{4} as Neutral ranged ^{5}Adaptive Damage^{6} to up to ${3} enemies in a designated area with a ${2}-meter radius within ${1} meters of its master and ^{7}knocking them into the air^{8} for ${7} seconds. Its master also gains the ^{9}【Execution】^{10} effect for ${5} seconds. ^{11}【Execution】^{12}: On HIT, has a ${8}% Chance to inflict ${6}% ^{13}【Slow】^{14} for ${9} seconds.	Retribution เรียกดาบเพชฌฆาตออกมา สร้างความเสียหายให้กับอาจารย์ของมัน ^{1}Adaptive ATK^{2}*^{3}${4}%^{4}เป็นช่วงเป็นกลาง ^{5}Adaptive Damage^{6}ไปจนถึง${3}ศัตรูในพื้นที่ที่กำหนดด้วยรัศมี${2}เมตร ภายใน${1}เมตรจากต้นแบบ และ ^{7}กระแทกพวกมันขึ้นไปในอากาศ^{8}เป็นเวลา${7}วินาทีต้นแบบยังได้รับเอฟเฟกต์ ^{9}【Execution】^{10}สำหรับ${5}วินาที^{11}【การดำเนินการ】^{12}: เมื่อโจมตี มี${8}% โอกาสที่จะสร้างความเสียหาย${6}% ^{13}【ช้า】^{14}เป็นเวลา${9}วินาที
26470	Dear Adventurer,\nWe have finished calculating and issuing your security deposit.\nThe security deposit issued to you this time is 【${11}】, while 【${12}】 remains frozen.\nThe security deposit has automatically been sent to your in-game mailbox. Please claim it promptly. If there is a delay (generally no more than @{1}-@{2} business days) or it does not arrive, please submit a report through in-game Customer Support. We will investigate and assist you as soon as possible.	เรียนนักผจญภัย\nเราได้คำนวณและออกเงินประกันของคุณเรียบร้อยแล้ว\nเงินประกันที่ออกให้คุณในครั้งนี้คือ 【${11}】 ในขณะที่ 【${12}】 ยังคงถูกแช่แข็ง\nเงินประกันจะถูกส่งไปยังกล่องจดหมายในเกมของคุณโดยอัตโนมัติกรุณารับสิทธิ์โดยด่วน.หากมีความล่าช้า (โดยทั่วไปไม่เกินวันทำการ@{1}-@{2}) หรือไม่มาถึง โปรดส่งรายงานผ่านฝ่ายสนับสนุนลูกค้าในเกมเราจะตรวจสอบและช่วยเหลือคุณโดยเร็วที่สุด
26471	The Headless Warrior unleashes its fury, striking a designated area with a ${2}-meter radius within ${1} meters three times and dealing total Neutral melee ^{5}Adaptive Damage^{6} equal to the master's ^{1}Adaptive ATK^{2}*^{3}${4}%^{4} to up to ${3} enemies. For the next ${5} seconds, the master's Normal Attacks and skills deal Extra Neutral melee ^{11}Adaptive Damage^{12} equal to the master's ^{7}Adaptive ATK^{8}*^{9}${6}%^{10}. This effect has a ${7}-second Cooldown.	นักรบไร้หัวปลดปล่อยความโกรธ โจมตีพื้นที่ที่กำหนดด้วยรัศมี${2}เมตร ภายใน${1}เมตร สามครั้ง และสร้างความเสียหายระยะประชิดที่เป็นกลางทั้งหมด ^{5}Adaptive Damage^{6}เท่ากับของอาจารย์ ^{1}Adaptive ATK^{2}*^{3}${4}%^{4}ไปจนถึงศัตรู${3}ในวินาทีถัดไปของ${5}การโจมตีปกติและทักษะของปรมาจารย์จะสร้างระยะประชิดที่เป็นกลางเป็นพิเศษ ^{11}Adaptive Damage^{12}เท่ากับของปรมาจารย์ ^{7}Adaptive ATK^{8}*^{9}${6}%^{10}.เอฟเฟกต์นี้มีคูลดาวน์วินาทีของ${7}
26472	In the orange and black zones of the 【Realm Map】, the longer you stay and the more players you Kill, the more 【Fatigue】 Floors you accumulate.\nFatigue 【reduces damage dealt】 and 【increases damage taken】. These effects become stronger at higher Floors.\nUpon reaching the Fatigue limit (20 Floors), you will be 【forcibly warped back to Prontera】 and lose 1 Floor of Fatigue.\nAfter leaving an orange or black zone, Fatigue will 【gradually decrease】 over time, even while offline.	ในโซนสีส้มและสีดำของ 【Realm Map】 ยิ่งคุณอยู่นานและยิ่งฆ่าผู้เล่นมากเท่าไร ยิ่งคุณสะสมชั้น 【Fatigue】 มากขึ้นเท่านั้น\nความเหนื่อยล้า 【ลดความเสียหายที่เกิดขึ้น】 และ 【เพิ่มความเสียหายที่ได้รับ】เอฟเฟกต์เหล่านี้จะแข็งแกร่งขึ้นที่ชั้นที่สูงขึ้น\nเมื่อถึงขีดจำกัดความเหนื่อยล้า (20 ชั้น) คุณจะถูกบังคับให้วาร์ปกลับไปยังพรอนเทรา และสูญเสียความเหนื่อยล้า 1 ชั้น\nหลังจากออกจากโซนสีส้มหรือสีดำ ความเหนื่อยล้าจะ 【ค่อยๆ ลดลง】 เมื่อเวลาผ่านไป แม้ในขณะออฟไลน์ก็ตาม
26473	Guild Supplies Acquisition Rules:\n@{1}.Complete Territory War quests to obtain Guild Supplies.\n@{2}.Use Guild Funds to purchase Guild Supplies from other guilds.\nGuild Supplies Usage Rules:\n@{3}.Guild Supplies can be used to purchase siege weapons and vehicles from the Guild Store.\n@{4}.Guild War technology Level-ups and limited-time Guild Strategy activations consume Guild Supplies.\n@{5}.Guild Supplies are an important Currency in Territory War, so be sure to stock up~	กฎการซื้ออุปกรณ์กิลด์:\n@{1}ทำภารกิจสงครามอาณาเขตให้เสร็จสิ้นเพื่อรับอุปกรณ์กิลด์\n@{2}.ใช้กองทุนกิลด์เพื่อซื้ออุปกรณ์กิลด์จากกิลด์อื่น กฎการใช้อุปกรณ์กิลด์\n:\n@{3}.อุปกรณ์กิลด์สามารถใช้เพื่อซื้ออาวุธปิดล้อมและยานพาหนะจากร้านค้ากิลด์\n@{4}เทคโนโลยี Guild War การอัปเลเวลและการเปิดใช้งานกลยุทธ์กิลด์แบบจำกัดเวลาต้องใช้อุปกรณ์กิลด์\n@{5}.สิ่งของกิลด์เป็นสกุลเงินที่สำคัญในสงครามอาณาเขต ดังนั้นอย่าลืมตุนไว้นะ~
26474	The Academy has witnessed the growth and potential you have shown throughout your journey. Now, you have reached a pivotal point on your path to power—the time has come for your second class advancement.\nWe cordially invite you to return to Kratu Academy and choose your specialized path. This advancement will determine your future development and shape your combat style and calling.\nI will await your arrival at the Academy so that we may embark on this new journey together.	Academy ได้เห็นการเติบโตและศักยภาพที่คุณได้แสดงให้เห็นตลอดการเดินทางของคุณตอนนี้ คุณได้มาถึงจุดสำคัญบนเส้นทางสู่อำนาจของคุณแล้ว ถึงเวลาแล้วสำหรับความก้าวหน้าในคลาสที่สองของคุณ\nเราขอเชิญคุณกลับมาที่ Kratu Academy และเลือกเส้นทางเฉพาะของคุณความก้าวหน้านี้จะเป็นตัวกำหนดการพัฒนาในอนาคตของคุณและกำหนดรูปแบบการต่อสู้และการเรียกของคุณ\nฉันจะรอการมาถึงของคุณที่ Academy เพื่อที่เราจะได้เริ่มต้นการเดินทางครั้งใหม่นี้ด้วยกัน
26475	Thanks to the combined efforts of all Adventurers, the Magic Crystal support campaign was a complete success! You contributed ${1}, your guild contributed ${2}, and you placed ${3} across the Entire Server. The following guilds were the top five contributors on the Current Server. Their contributions and information are listed below:\n${4}Their leadership helped ensure the mission to the New World was completed successfully. Here are your rewards. Please check the attachments!	ด้วยความพยายามร่วมกันของนักผจญภัยทุกคน แคมเปญสนับสนุน Magic Crystal จึงประสบความสำเร็จอย่างสมบูรณ์!คุณสนับสนุน${1}, กิลด์ของคุณสนับสนุน${2}และคุณวาง${3}ทั่วทั้งเซิร์ฟเวอร์กิลด์ต่อไปนี้เป็นผู้มีส่วนร่วมห้าอันดับแรกบนเซิร์ฟเวอร์ปัจจุบันการมีส่วนร่วมและข้อมูลของพวกเขามีดังต่อไปนี้:\n${4}ความเป็นผู้นำของพวกเขาช่วยให้ภารกิจสู่โลกใหม่สำเร็จลุล่วงไปด้วยดีนี่คือรางวัลของคุณกรุณาตรวจสอบเอกสารแนบ!
26476	@{1}.Mail is divided into System Mail and Guild Mail, which unlock at different levels.\n@{2}.System Mail and Guild Mail each have a storage limit. New mail cannot be received once the limit is reached, so please clear out your mail regularly, Adventurer.\n@{3}.Mail with attachments cannot be deleted until the attachments have been claimed.\n@{4}.Each mail has an expiration date. Expired mail will be deleted automatically, so be sure to read it and claim any attachments in time.	@{1}.เมลแบ่งออกเป็น System Mail และ Guild Mail ซึ่งปลดล็อคในระดับที่แตกต่างกัน\n@{2}.System Mail และ Guild Mail ต่างก็มีขีดจำกัดพื้นที่เก็บข้อมูล ไม่สามารถรับจดหมายใหม่ได้เมื่อถึงขีดจำกัด ดังนั้นโปรดล้างจดหมายของคุณเป็นประจำ นักผจญภัย\n@{3}.จดหมายพร้อมไฟล์แนบไม่สามารถลบได้จนกว่าจะได้รับไฟล์แนบแล้ว\n@{4}.จดหมายแต่ละฉบับมีวันหมดอายุ เมลที่หมดอายุจะถูกลบโดยอัตโนมัติ ดังนั้นโปรดอ่านและขอรับไฟล์แนบให้ทันเวลา
26477	There are three Locate roles: Tank, DPS, and Healer.\nEach class can select @{1}~@{2} Locate roles and change them at any time. Classes with only one Locate role cannot select another.\n\nLocate roles are only displayed for party Members in certain multiplayer party dungeons and competitive party modes. The Party Leader can adjust the party based on each Member's selected Locate role. Parties that match a dungeon's recommended Locate-role composition are more likely to clear it.	มีสามบทบาทในการค้นหา: Tank, DPS และ Healer\nแต่ละคลาสสามารถเลือก@{1}~@{2}ค้นหาบทบาทและเปลี่ยนแปลงได้ตลอดเวลาคลาสที่มีเพียงหนึ่งบทบาท Locate ไม่สามารถเลือกบทบาทอื่นได้\n\nค้นหาบทบาทจะแสดงเฉพาะสมาชิกปาร์ตี้ในดันเจี้ยนปาร์ตี้แบบผู้เล่นหลายคนและโหมดปาร์ตี้แบบแข่งขันเท่านั้นหัวหน้าปาร์ตี้สามารถปรับปาร์ตี้ตามบทบาทค้นหาตำแหน่งที่เลือกของสมาชิกแต่ละคนปาร์ตี้ที่ตรงกับองค์ประกอบตำแหน่งที่แนะนำของดันเจี้ยนมีแนวโน้มที่จะเคลียร์มันได้
26478	1. Enhance applies only to equipment slots. Changing equipment does not affect its bonuses.\n2. You can still Enhance a slot when no equipment is equipped, but the bonuses only take effect once equipment is equipped in that slot.\n3. The maximum Reinforcement level is your character's Current Level.\n4. When you Enhance all equipment slots to the specified level, Resonance stats will be activated. You must have equipment equipped in those slots to receive the corresponding bonuses.	1. การปรับปรุงใช้กับช่องอุปกรณ์เท่านั้น การเปลี่ยนอุปกรณ์ไม่ส่งผลต่อโบนัส\n2. คุณยังสามารถอัพเกรดช่องได้เมื่อไม่ได้ติดตั้งอุปกรณ์ แต่โบนัสจะมีผลเมื่ออุปกรณ์ติดตั้งในช่องนั้นเท่านั้น\n3. ระดับการเสริมกำลังสูงสุดคือเลเวลปัจจุบันของตัวละครของคุณ\n4. เมื่อคุณอัพเกรดช่องอุปกรณ์ทั้งหมดให้ถึงระดับที่กำหนด สถิติการสั่นพ้องจะถูกเปิดใช้งาน คุณต้องมีอุปกรณ์ที่ติดตั้งในช่องเหล่านั้นเพื่อรับโบนัสที่เกี่ยวข้อง
26479	@{1}.Adventurers can use the mysterious power bestowed by the Goddess to train without actively participating in combat, earning Rare battle rewards such as cards and equipment\n@{2}.After beginning an expedition, exploration time will continue to accumulate even while Adventurers are offline.\n@{3}.Expedition rewards must be claimed manually. Rewards are based on the accumulated exploration time when claimed. Accumulated time has a limit, so remember to claim your rewards promptly~	@{1}นักผจญภัยสามารถใช้พลังลึกลับที่เทพธิดามอบให้เพื่อฝึกฝนโดยไม่ต้องมีส่วนร่วมในการต่อสู้ รับรางวัลการต่อสู้ที่หายาก เช่น การ์ดและอุปกรณ์\n@{2} หลังจากเริ่มการสำรวจ เวลาในการสำรวจจะยังคงสะสมต่อไปแม้ในขณะที่นักผจญภัยออฟไลน์อยู่ก็ตาม\n@{3} รางวัลการสำรวจจะต้องขอรับด้วยตนเอง รางวัลจะขึ้นอยู่กับระยะเวลาการสำรวจที่สะสมเมื่อรับสิทธิ์ เวลาสะสมมีจำกัด ดังนั้นอย่าลืมรับรางวัลของคุณทันที~
26480	● ^{1}The Demonic Dragon Soul^{2} will appear at a random Location after the match has been underway for a while. Contact it to carry the ^{3}Demonic Dragon Soul.^{4}\n \n● ^{5}The Demonic Dragon Soul^{6} is a powerful Buff that increases the carrier's damage dealt by @{1}%, but the damage they take also increases over time.\n \n● Kill an Enemy Team player carrying the ^{7}Demonic Dragon Soul^{8} to earn Extra Score. The ^{9}Demonic Dragon Soul^{10} will then transfer to the killer.	● ^{1}วิญญาณมังกรปีศาจ^{2}จะปรากฏในสถานที่สุ่มหลังจากการแข่งขันดำเนินมาระยะหนึ่งแล้วติดต่อมันเพื่อบรรทุก ^{3}Demonic Dragon Soul^{4}\n\n● ^{5}The Demonic Dragon Soul^{6}เป็นบัฟทรงพลังที่เพิ่มความเสียหายของพาหะที่ทำได้โดย@{1}% แต่ความเสียหายที่ได้รับก็เพิ่มขึ้นเช่นกันเวลา.\n\n● สังหารผู้เล่นในทีมศัตรูที่ถือ ^{7}Demonic Dragon Soul^{8}เพื่อรับคะแนนพิเศษ^{9}Demonic Dragon Soul^ จากนั้น ^{10}จะถูกถ่ายโอนไปยังนักฆ่า
26481	Dive toward a designated location within ${1} meters. Upon landing, inflict a ^{1}${5}%【Slow】^{2} for ${4} seconds and deal Neutral melee Physical DMG equal to PATK * ^{3}${6}%^{4} to up to ${3} enemies within a ${2}-meter radius. For every @{1}% ASPD, DMG Bonus increases by ^{5}${11}%^{6}, Active for up to @{2}% ASPD. Also inflict ^{7}【Stun】^{8} for ${7} seconds. For each enemy hit, gain a ^{11}【Shield】^{12} equal to ^{9}${8}%^{10} of max HP for ${9} seconds, up to ^{13}${10}%^{14}.	ดำดิ่งไปยังสถานที่ที่กำหนดภายในระยะ${1}เมตรเมื่อลงสู่พื้น สร้าง ^{1}${5}%【ช้า】^{2}เป็นเวลา${4}วินาที และสร้างความเสียหายกายภาพระยะประชิดที่เป็นกลางเท่ากับ PATK * ^{3}${6}%^{4}สูงสุดศัตรู${3}ภายในรัศมี${2}เมตรสำหรับทุก ๆ@{1}% ASPD, โบนัส DMG จะเพิ่มขึ้น ^{5}${11}%^{6}, ใช้งานได้สูงสุดถึง@{2}% ASPDทำให้ ^{7}【Stun】^{8}เป็นเวลา${7}วินาทีด้วยสำหรับศัตรูแต่ละครั้งที่โจมตี ได้รับ ^{11}【โล่】^{12}เท่ากับ ^{9}${8}%^{10}ของ HP สูงสุดเป็นเวลา${9}วินาที สูงสุด ^{13}${10}%^{14}.
26482	Two-Handed Spear skill. Deals Neutral Melee Physical DMG equal to PATK * ^{1}${3}%^{2} to up to ${8} enemies in a ${2} * ${1}-meter area in front of you. For every ${7}% ASPD, this DMG increases by ^{3}${6}%^{4}, up to @{1}% ASPD. Grants you 【Charge Up】 for ${9} seconds. 【Charge Up】: Increases MSPD by ^{5}${4}%^{6}. The next time you Deals DMG, removes 【Charge Up】 and triggers 【Charge Up Strike】 against the primary target, dealing Neutral Melee Physical DMG equal to ^{7}${5}%^{8} PATK.	ทักษะหอกสองมือสร้างความเสียหายกายภาพระยะประชิดที่เป็นกลางเท่ากับ PATK * ^{1}${3}%^{2}ไปจนถึงศัตรู${8}ในพื้นที่${2}*${1}เมตรด้านหน้าคุณสำหรับทุก ๆ${7}% ASPD DMG นี้จะเพิ่มขึ้น ^{3}${6}%^{4}สูงถึง@{1}% ASPDมอบ 【ชาร์จเพิ่ม】 ให้กับคุณเป็นเวลา${9}วินาที【ชาร์จเพิ่ม】: เพิ่ม MSPD โดย ^{5}${4}%^{6}ครั้งถัดไปที่คุณสร้าง DMG ให้ลบ 【Charge Up】 และเรียกใช้ 【Charge Up Strike】 กับเป้าหมายหลัก สร้าง DMG กายภาพระยะประชิดเป็นกลางเท่ากับ ^{7}${5}%^{8}PATK
26483	Exclusive to Axe and Mace weapons. Rapidly spins the Axe, dealing total Neutral melee Physical damage equal to PATK*^{1}${3}%^{2} (^{3}^{4}Vitality Resonance ${6}%^{5}^{6}) to up to ${2} enemies within ${1} meters. The final hit's radius increases to ${5} meters. While Enhance is active, Axe Tornado's duration is extended, periodically pulling enemies within the damage area toward the center of the tornado. MSPD increases by ${4}%, and Immunity is granted for the duration of the skill.	พิเศษสำหรับอาวุธขวานและกระบอง หมุนขวานอย่างรวดเร็ว สร้างความเสียหายทางกายภาพระยะประชิดที่เป็นกลางทั้งหมดเท่ากับ PATK*^{1}${3}%^{2}(^{3}^{4}Vitality Resonance${6}%^{5}^{6}) ไปจนถึง${2}ศัตรูภายในระยะ${1}เมตร รัศมีการโจมตีครั้งสุดท้ายเพิ่มขึ้นเป็น${5}เมตร ขณะที่เสริมพลังทำงานอยู่ ระยะเวลาของ Ax Tornado จะถูกขยายออกไป โดยจะดึงศัตรูที่อยู่ในพื้นที่ที่สร้างความเสียหายเป็นระยะ ๆ ไปยังศูนย์กลางของพายุทอร์นาโด MSPD เพิ่มขึ้น${4}% และได้รับภูมิคุ้มกันตลอดระยะเวลาของทักษะ
26484	Sarah Irene unleashes a Multi-hit Flame Fist, dealing @{1} hits of Neutral Ranged ^{5}Adaptive Damage^{6} totaling the owner's ^{1}Adaptive Attack^{2}*^{3}${2}%^{4} to the selected ST enemy within ${1} meters and increasing the Fire Damage they take by ${4}% for ${3} sec. The owner gains 【Flame Fist】 for ${5} sec: when Deals DMG, deals @{2} hits of Fire Ranged ^{11}Adaptive Damage^{12} totaling the owner's ^{7}Adaptive Attack^{8}*^{9}${6}%^{10} to the enemy. Internal Cooldown: ${7} sec.	Sarah Irene ปล่อยหมัดเพลิงโจมตีหลายครั้ง สร้างความเสียหายให้กับ@{1}ในระยะเป็นกลาง ^{5}Adaptive Damage^{6}รวมความเสียหายของเจ้าของ ^{1}Adaptive Attack^{2}*^{3}${2}%^{4}ไปยังศัตรู ST ที่เลือกภายในระยะ${1}เมตร และเพิ่มความเสียหายทางไฟที่พวกเขาได้รับ${4}% เป็นเวลา${3}วินาทีเจ้าของจะได้รับ 【Flame Fist】 เป็นเวลา${5}วินาที: เมื่อสร้างความเสียหาย จะสร้างความเสียหายให้กับ@{2}จำนวนครั้งของการยิง ^{11}Adaptive Damage^{12}รวมความเสียหายของเจ้าของ ^{7}Adaptive Attack^{8}*^{9}${6}%^{10}ไปหาศัตรูคูลดาวน์ภายใน:${7}วินาที
26485	Medusa opens her eyes, continuously dealing Neutral ranged ^{5}adaptive damage^{6} equal to her master's ^{1}Adaptive ATK^{2} * ^{3}${3}%^{4} to up to ${2} enemies within a ${1}-meter-radius cone in the specified direction and inflicting ^{7}^{8}【Petrify】^{9}^{10} for ${4} seconds. For the next ${5} seconds, whenever the master's Normal Attack-type skills HIT a target, they have a ${6}% Chance to inflict ^{11}^{12}【Petrify】^{13}^{14} for ${7} seconds. This effect has a ${8}-second Cooldown.	Medusa ลืมตาขึ้น สร้างความเสียหายแบบ Neutral อย่างต่อเนื่อง ^{5}ความเสียหายแบบปรับตัว ^{6}เท่ากับเจ้านายของเธอ ^{1}Adaptive ATK^{2}* ^{3}${3}%^{4}ไปจนถึงศัตรูสูงสุด${2}ภายในกรวย${1}- รัศมีเมตรในทิศทางที่กำหนดและสร้างความเสียหาย ^{7}^{8}【กลายเป็นหิน】^{9}^{10}เป็นเวลา${4}วินาทีในวินาทีถัดไป${5}เมื่อใดก็ตามที่ทักษะประเภทการโจมตีปกติของปรมาจารย์โจมตีเป้าหมาย พวกเขาจะมีโอกาส${6}% ที่จะสร้าง ^{11}^{12}【Petrify】^{13}^{14}เป็นเวลา${7}วินาทีเอฟเฟกต์นี้มีคูลดาวน์วินาทีของ${8}
26486	Can only be used while riding Madogear. Consumes HP equal to ^{1}${7}%^{2} of your Max HP, immediately removes all Control effects from you, then begins a ${1}-second countdown before using Energy Release. You have 【Immunity】 during the countdown. When the countdown ends, deal Neutral Melee Physical DMG equal to PATK * ^{3}${4}%^{4} to up to ${3} targets within a ${2}-meter radius. You then lose ${5}% of your current Max HP. This HP loss cannot be fatal. Reduces MSPD. by @{1}% for ${6} seconds.	ใช้ได้ขณะขี่ Madogear เท่านั้นใช้ HP เท่ากับ ^{1}${7}%^{2}ของ HP สูงสุดของคุณ ลบเอฟเฟกต์การควบคุมทั้งหมดออกจากคุณทันที จากนั้นเริ่มนับถอยหลังวินาที${1}ก่อนที่จะใช้ Energy Releaseคุณมี 【ภูมิคุ้มกัน】ในระหว่างการนับถอยหลังเมื่อการนับถอยหลังสิ้นสุดลง สร้าง DMG กายภาพระยะประชิดเป็นกลางเท่ากับ PATK * ^{3}${4}%^{4}ไปจนถึงเป้าหมาย${3}ภายในรัศมี${2}เมตรจากนั้นคุณจะสูญเสีย${5}% ของ Max HP ปัจจุบันของคุณการสูญเสีย HP นี้ไม่อาจถึงแก่ชีวิตได้ลด MSPDโดย@{1}% สำหรับ${6}วินาที
26487	1. Adventurers can train using the mysterious power bestowed by the Goddess, earning Rare battle rewards such as cards and equipment without actually participating in combat.\n2. Expedition time will continue to accumulate after joining an Exploration Expedition, even while the Adventurer is offline.\n3. Exploration Expedition rewards must be claimed manually. Rewards are granted based on your accumulated expedition time, which has a maximum limit, so remember to claim them regularly, Adventurer!	1. นักผจญภัยสามารถฝึกฝนโดยใช้พลังลึกลับที่เทพธิดามอบให้ และรับรางวัลการต่อสู้ที่หายาก เช่น การ์ดและอุปกรณ์โดยไม่ต้องเข้าร่วมการต่อสู้จริงๆ\n2. เวลาการสำรวจจะยังคงสะสมต่อไปหลังจากเข้าร่วมการสำรวจ แม้ว่านักผจญภัยจะออฟไลน์อยู่ก็ตาม\n3. ต้องรับรางวัลการสำรวจการสำรวจด้วยตนเอง รางวัลจะมอบให้ตามเวลาการเดินทางสะสมของคุณ ซึ่งมีขีดจำกัดสูงสุด ดังนั้นอย่าลืมรับมันเป็นประจำ นักผจญภัย!
26488	Guild Activity Rules:\n@{1}.Any Guild Member who participates in a Guild Event Quest can earn^{1} Guild Activity, Guild Contribution, and Personal Contribution rewards^{2}.\n@{2}.Guild Activity progress is shared by^{3} all Guild Members and resets every Monday at 5:00 AM^{4}. Any unclaimed Activity Chests will expire.\n@{3}.Guild Contribution is the Guild's Currency and can be used for building Level-ups. Personal Contribution is personal Currency that can be exchanged for items in the Guild Shop.	:\n@{1}สมาชิกกิลด์ใดๆ ที่เข้าร่วมในภารกิจกิจกรรมกิลด์สามารถรับ^ กิจกรรมกิลด์{1}การบริจาคกิลด์ และรางวัลการบริจาคส่วนตัว^{2}\n@{2}.ความคืบหน้าของกิจกรรมกิลด์จะถูกแชร์โดย^{3}สมาชิกกิลด์ทั้งหมด และรีเซ็ตทุกวันจันทร์ เวลา 5:00 น.^{4}หีบกิจกรรมที่ไม่ได้รับการรับจะหมดอายุ\n@{3}การบริจาคของกิลด์คือสกุลเงินของกิลด์และสามารถใช้สำหรับการสร้างเลเวลอัพ Personal Contribution คือสกุลเงินส่วนตัวที่สามารถแลกเปลี่ยนเป็นไอเทมในร้านค้ากิลด์ได้
26489	@{1}.Only players with Reward Count remaining for the current dungeon can participate in the auction and receive an Auction Dividend. ^{1}The Auction Dividend rate is @{2}^{2}. Enjoy the thrill of bidding! @{3}.If everyone declines to bid, the item will go unsold. After the auction ends, it will be awarded at random to an eligible Member of the party with Reward Count remaining. @{4}.Declining during an auction is final. Once you decline, you cannot bid on that item again during the current auction.	@{1}มีเพียงผู้เล่นที่มีจำนวนรางวัลเหลืออยู่ในดันเจี้ยนปัจจุบันเท่านั้นที่สามารถเข้าร่วมการประมูลและรับเงินปันผลจากการประมูลได้ ↑{1}อัตราเงินปันผลจากการประมูลคือ@{2}^{2}เพลิดเพลินไปกับความตื่นเต้นในการประมูล!@{3}.หากทุกคนปฏิเสธการประมูล สินค้าจะขายไม่ออก หลังจากการประมูลสิ้นสุดลง จะมีการสุ่มมอบรางวัลให้กับสมาชิกที่มีสิทธิ์ของปาร์ตี้โดยมีจำนวนรางวัลเหลืออยู่@{4}การปฏิเสธระหว่างการประมูลถือเป็นที่สิ้นสุด เมื่อคุณปฏิเสธ คุณจะไม่สามารถประมูลสินค้านั้นได้อีกในระหว่างการประมูลปัจจุบัน
26490	Two-Handed Spear skill. Leap to a selected area within ${2} meters, dealing Neutral Melee Physical DMG totaling PATK * ^{1}${3}%^{2} to up to ${7} enemies within ${1} meters of the target area. For every ${9}% ASPD, this DMG increases by ^{3}${10}%^{4}, up to @{1}% ASPD. Inflicts ^{5}【Immobilize】^{6} for ${4} seconds. You have ^{7}^{8}Immunity^{9}^{10} while using the skill. For each enemy hit, gain 1 stack of Shield equal to ^{11}${6}%^{12} of your Max HP for ${11} seconds, stacking up to @{2} times.	ทักษะหอกสองมือกระโดดไปยังพื้นที่ที่เลือกภายในระยะ${2}เมตร สร้างความเสียหายกายภาพระยะประชิดที่เป็นกลาง รวม PATK * ^{1}${3}%^{2}ไปจนถึงศัตรู${7}ภายใน${1}เมตรของพื้นที่เป้าหมายสำหรับทุก ๆ${9}% ASPD DMG นี้จะเพิ่มขึ้น ^{3}${10}%^{4}สูงถึง@{1}% ASPDทำให้ ^{5}【ตรึง】^{6}เป็นเวลา${4}วินาทีคุณมี ^{7}^{8}Immunity^{9}^{10}ในขณะที่ใช้ทักษะสำหรับการโจมตีแต่ละครั้งของศัตรู ได้รับโล่ 1 สแต็คเท่ากับ ^{11}${6}%^{12}ของ HP สูงสุดของคุณเป็นเวลา${11}วินาที โดยซ้อนทับได้สูงสุด@{2}เท่า
26491	Summons soul notes and Launches ${2} notes at a targeted ST enemy within ${1} meters, dealing @{1} hits of Ghost-property ranged magic damage equal to Magic ATK *^{1}${3}%^{2}. While in the ^{3}^{4}^{5}【Reading】^{6}^{7}^{8} state, consumes @{2} stacks of ^{9}【Pages】^{10} to cast this skill one Extra time. While in the ^{11}^{12}^{13}【Intensified Telekinesis】^{14}^{15}^{16} state, each note can ricochet up to @{4} times within @{3} meters of the target, with damage to subsequent targets reduced by @{5}%.	เรียกโซลโน้ตและปล่อยโน้ต ${2} ไปยังศัตรู ST ที่เป็นเป้าหมายภายในระยะ ${1} เมตร สร้างความเสียหายเวทย์มนต์ระยะไกล @{1} ครั้งจากคุณสมบัติ Ghost เท่ากับ ATK เวทย์มนตร์ *^{1}${3}%^{2} ขณะที่อยู่ในสถานะ ^{3}^{4}^{5}【Reading】^{6}^{7}^{8} จะใช้ @{2} สแต็คของ ^{9}【Pages】^{10} เพื่อร่ายทักษะนี้ต่อเวลาพิเศษหนึ่งครั้ง ขณะที่อยู่ในสถานะ ^{11}^{12}^{13}【พลังเทเลคิเนซิสแบบเข้มข้น】^{14}^{15}^{16} แต่ละโน้ตสามารถแฉลบได้มากถึง @{4} เท่าภายใน @{3} เมตรของเป้าหมาย โดยความเสียหายต่อเป้าหมายถัดไปลดลง @{5}%
26492	Activates the ^{1}^{2}【Reading】^{3}^{4} status. While active, casting 【Comet】, 【Tetra Vortex】, 【Frost Blast】, 【Earth Strain】, 【Crimson Rock】, 【Thunderbolt】, 【Soul Burst】, or 【Gravity Impact】 triggers the corresponding skill effect one Extra time and consumes the corresponding Floors of ^{5}【Book Pages】^{6}. The effect cannot be triggered without enough ^{7}【Book Pages】^{8}. Passive: Automatically gain 1 Floor of ^{9}【Book Pages】^{10} every @{1} seconds. ^{11}【Book Pages】^{12} can have up to @{2} Floors.	เปิดใช้งานสถานะ ^{1}^{2}【Reading】^{3}^{4}ในขณะที่ใช้งานอยู่ การร่ายดาวหาง 【Tetra Vortex】, 【Frost Blast】, 【Earth Strain】, 【Crimson Rock】, 【Thunderbolt】, 【Soul Burst】 หรือ 【Gravity Impact】 จะกระตุ้นให้เกิดเอฟเฟกต์ทักษะที่สอดคล้องกัน 1 ครั้งต่อเวลา และใช้ชั้นที่สอดคล้องกันของ ^{5}【Book Pages】^{6}ไม่สามารถกระตุ้นเอฟเฟกต์ได้หากไม่มีเพียงพอ ^{7}【Book Pages】^{8}Passive: ได้รับ ^{9}โดยอัตโนมัติ 1 ชั้น 【Book Pages】^{10}ทุกๆ@{1}วินาที ↑{11}【หน้าหนังสือ】^{12}มีได้สูงสุด@{2}ชั้น
26493	After the Wildcat Knight takes to the air, it dives at the target area, dealing the Master's^{1} Adaptive ATK^{2} * ^{3}${4}%^{4} Neutral melee ^{5}Adaptive DMG^{6} to up to ${3} enemies within a ${2}-meter radius inside a designated area within ${1} meters of the Master, and grants the Master a 【Vanguard Shield】 equal to the Master's Max Life * ^{7}${5}%^{8}. Each enemy HIT grants the Master an Extra 【Vanguard Shield】 equal to the Master's Max Life * ^{9}${5}%^{10} for ${6} sec., stacking up to ${7} times.	หลังจากที่อัศวินแมวป่าขึ้นสู่อากาศ มันจะพุ่งไปที่พื้นที่เป้าหมาย จัดการกับปรมาจารย์^{1}Adaptive ATK^{2}* ^{3}${4}%^{4}ระยะประชิดเป็นกลาง ^{5}Adaptive DMG^{6}ไปจนถึงศัตรูสูงสุด${3}ภายในรัศมี${2}เมตร ภายในพื้นที่ที่กำหนดภายใน${1}เมตรของ Master และมอบ 【Vanguard Shield】 ให้กับ Master เท่ากับ Max Life ของ Master * ^{7}${5}%^{8}การโจมตีของศัตรูแต่ละครั้งจะทำให้ Master ได้รับ 【Vanguard Shield】 พิเศษเท่ากับพลังชีวิตสูงสุดของ Master * ^{9}${5}%^{10}เป็นเวลา${6}วินาที ซ้อนได้สูงสุด${7}เท่า
26494	【Hard Lock】Once you select a target, you will chase that target. Recommended for players confident in their controls who want complete control over their attack target;\n【Semi-Soft Lock】Switches targets when the current target exceeds a certain range, which can be adjusted under 【Chase Distance】. Recommended for players who know their Job well and have a strong sense of Distance;\n【Full Soft Lock】Only attacks targets within attack range. Recommended for players who want to cast skills quickly and efficiently.	【Hard Lock】เมื่อคุณเลือกเป้าหมายแล้ว คุณจะไล่ล่าเป้าหมายนั้นแนะนำสำหรับผู้เล่นที่มั่นใจในการควบคุมที่ต้องการควบคุมเป้าหมายการโจมตีได้อย่างสมบูรณ์\n【Semi-Soft Lock】สลับเป้าหมายเมื่อเป้าหมายปัจจุบันเกินช่วงที่กำหนด ซึ่งสามารถปรับได้ภายใต้ 【Chase Distance】แนะนำสำหรับผู้เล่นที่รู้จักงานของตนดีและมีความรู้สึกถึงระยะไกล\n【ซอฟต์ล็อคแบบเต็ม】โจมตีเฉพาะเป้าหมายที่อยู่ในระยะการโจมตีเท่านั้นแนะนำสำหรับผู้เล่นที่ต้องการร่ายสกิลอย่างรวดเร็วและมีประสิทธิภาพ
26495	Shield skill. Deals Neutral Melee Physical DMG equal to PATK * ^{1}${2}%^{2} to the selected ST enemy within ${1} meters and grants you 1 stack of 【Shield Stance】. Against Monster targets, the percentage DMG multiplier increases by ^{3}${3}%^{4}. 【Shield Stance】: When 【Powerful Shield Bash】 or 【Reflect Damage】 hits a target, there is a ${4}% or ${5}% Chance, respectively, to grant you 1 stack of 【Shield Stance】. At ${6} stacks, your next ${7} Powerful Shield Bashes become ^{5}^{6}【Ultra Shield Bash】^{7} ^{8}.	ทักษะโล่สร้างความเสียหายกายภาพระยะประชิดเป็นกลางเท่ากับ PATK * ^{1}${2}%^{2}ให้กับศัตรู ST ที่เลือกภายในระยะ${1}เมตร และมอบ 1 สแต็คของ 【Shield Stance】 ให้กับคุณเมื่อเทียบกับเป้าหมายที่เป็นมอนสเตอร์ เปอร์เซ็นต์ตัวคูณ DMG จะเพิ่มขึ้น ^{3}${3}%^{4}【กระบวนท่าโล่】: เมื่อ 【ทุบโล่อันทรงพลัง】 หรือ 【สะท้อนความเสียหาย】 โดนเป้าหมาย จะมีโอกาส${4}% หรือ${5}% ตามลำดับ เพื่อให้คุณได้รับ 1 สแต็คของ 【กระบวนท่าโล่】ที่${6}สแต็ค${7}Powerful Shield Bashes ถัดไปของคุณจะกลายเป็น ^{5}^{6}【Ultra Shield Bash】^{7}^{8}
26496	@{1}.Each day after @{2}:00, the Guild Caravan will place orders with Adventurers for the day's required goods. Adventurers can craft them or purchase them through Trade or from a Stall.\n@{3}.After loading their goods, Adventurers will receive personal rewards based on the value of the goods.\n@{4}.After loading all @{5} goods for the day, Adventurers can dispatch the caravan and receive generous rewards.\n@{6}.Dispatching the caravan after loading @{7}/@{8}/@{9} goods will grant even more Additional rewards.	@{1}.ในแต่ละวันหลังจาก @{2}:00 กิลด์คาราวานจะสั่งซื้อกับนักผจญภัยสำหรับสินค้าที่ต้องการในแต่ละวัน นักผจญภัยสามารถสร้างหรือซื้อได้จากการค้าขายหรือจากแผงขายของ\n@{3}หลังจากโหลดสินค้าแล้ว นักผจญภัยจะได้รับรางวัลส่วนตัวตามมูลค่าของสินค้า\n@{4}.หลังจากโหลดสินค้า @{5} ทั้งหมดสำหรับวันนั้น นักผจญภัยสามารถส่งคาราวานและรับรางวัลมากมาย\n@{6}.การจัดส่งคาราวานหลังจากโหลดสินค้า @{7}/@{8}/@{9} จะได้รับรางวัลเพิ่มเติมมากยิ่งขึ้น
26497	Can only be used during Madogear Pilot Ride. In a Two-Handed setup, equips ${1} Vulcan Arm in each hand and Launches attacks at ${3} designated enemies within ${2} meters, dealing ${4} hits of Neutral Ranged Physical damage equal to PATK * ^{1}${5}%^{2}. Damage dealt to enemies carrying 【Melody Bubble】 is increased by an Extra ^{3}${6}%^{4}. Every ${7} Launches of 【Vulcan Arm】 triggers @{1} stack of 【Firepower Loaded】.\n【Firepower Loaded】: Each Launch from 【Melody Cannon】 fires ${8} Cannon rounds for ${9} activations.	สามารถใช้ได้ระหว่าง Madogear Pilot Ride เท่านั้นในการตั้งค่าแบบสองมือ ให้ติดตั้ง${1}Vulcan Arm ในแต่ละมือ และเริ่มการโจมตีที่ศัตรูที่กำหนด${3}ภายในระยะ${2}เมตร สร้างความเสียหายทางกายภาพระยะไกลของ${4}เท่ากับ PATK * ^{1}${5}%^{2}.ความเสียหายที่ทำกับศัตรูที่ถือ 【Melody Bubble】 เพิ่มขึ้นเป็นพิเศษ ^{3}${6}%^{4}ทุกๆ${7}การเปิดตัว 【Vulcan Arm】 จะกระตุ้นให้@{1}สแต็คของ 【Firepower Loaded】\n【โหลดพลังไฟแล้ว】: การยิงแต่ละครั้งจาก 【Melody Cannon】 จะทำการยิง${8}Cannon เพื่อเปิดใช้งาน${9}
26498	@{1}.Once the Festival Invitation begins, you may choose one Lucky Star to bet on. You may only bet on one Lucky Star, and your choice cannot be changed afterward.\n@{2}.You must place your bet before the Festival Invitation quiz begins. Betting is unavailable once the quiz has started.\n@{3}.If your chosen Lucky Star finishes in first place, every player who bet on that Lucky Star receives a reward.\n@{4}.The reward is determined by the number of players who correctly chose the winning Lucky Star and will be sent by mail.	@{1}เมื่อคำเชิญเทศกาลเริ่มต้นขึ้น คุณสามารถเลือกดาวนำโชคหนึ่งดวงเพื่อเดิมพันได้ คุณสามารถเดิมพัน Lucky Star ได้เพียงดวงเดียวเท่านั้น และตัวเลือกของคุณไม่สามารถเปลี่ยนแปลงได้ในภายหลัง\n@{2}คุณต้องวางเดิมพันก่อนที่แบบทดสอบ Festival Invitation จะเริ่มต้นขึ้น ไม่สามารถวางเดิมพันได้เมื่อแบบทดสอบได้เริ่มต้นขึ้น\n@{3}หากลัคกี้สตาร์ที่คุณเลือกเข้าเส้นชัยเป็นที่หนึ่ง ผู้เล่นทุกคนที่เดิมพันลัคกี้สตาร์นั้นจะได้รับรางวัล\n@{4} รางวัลจะพิจารณาจากจำนวนผู้เล่นที่เลือกลัคกี้สตาร์ที่ชนะอย่างถูกต้อง และจะถูกส่งทางไปรษณีย์
26499	At the start of each tournament, all guilds will be automatically registered at @{1}:@{2} on Monday. The System will then assign each guild to a division and match based on its group ranking from the previous tournament. (For the first tournament of each Season, divisions will be determined by the Combat Power of each guild's Members.) Each guild will compete in three matches: the preliminaries, semifinals, and finals. After the finals, the System will determine the group rankings based on the results of all three matches.	ในช่วงเริ่มต้นของแต่ละทัวร์นาเมนต์ กิลด์ทั้งหมดจะถูกลงทะเบียนโดยอัตโนมัติที่@{1}:@{2}ในวันจันทร์จากนั้นระบบจะมอบหมายแต่ละกิลด์ให้กับดิวิชั่นและการแข่งขันตามอันดับกลุ่มจากทัวร์นาเมนต์ครั้งก่อน(สำหรับทัวร์นาเมนต์แรกของแต่ละฤดูกาล การแบ่งกลุ่มจะถูกกำหนดโดยพลังการต่อสู้ของสมาชิกแต่ละกิลด์) แต่ละกิลด์จะแข่งขันกันในสามแมตช์: รอบแรก รอบรองชนะเลิศ และรอบชิงชนะเลิศหลังจากรอบชิงชนะเลิศ ระบบจะกำหนดอันดับกลุ่มตามผลการแข่งขันทั้งสามนัด
26500	Spear-exclusive skill. Deals Neutral Ranged Physical damage equal to PATK * ^{1}${2}%+${8}^{2} to the designated ST enemy within ${1} meters and ${10} Other enemies within ${9} meters of the target. Each hit against the same enemy shatters the target's body parts in sequence, applying the following effects for ${3} seconds: 【Shattered Ankle】Reduces MSPD. by ^{3}${4}%^{4}; 【Shattered Wrist】reduces ASPD by ^{5}${5}%^{6}; 【Shattered Lumbar】reduces PDEF by ^{7}${6}%^{8}; 【Shattered Neck】reduces DMG Reduction by ^{9}${7}%^{10}.	ทักษะเฉพาะหอกสร้างความเสียหายทางกายภาพระยะไกลที่เป็นกลางเท่ากับ PATK * ^{1}${2}%+${8}^{2}ไปยังศัตรู ST ที่กำหนดภายในระยะ${1}เมตร และ${10}ศัตรูอื่นๆ ภายใน${9}เมตรของเป้าหมายการโจมตีแต่ละครั้งต่อศัตรูตัวเดียวกันจะทำลายส่วนต่างๆ ของร่างกายของเป้าหมายตามลำดับ โดยให้เอฟเฟกต์ต่อไปนี้เป็นเวลา${3}วินาที: 【ข้อเท้าที่แตกหัก】ลด MSPDโดย ^{3}${4}%^{4};【ข้อมือหัก】ลด ASPD โดย ^{5}${5}%^{6};【เอวที่แตกหัก】ลด PDEF โดย ^{7}${6}%^{8};【คอหัก】ลดการลดความเสียหายโดย ^{9}${7}%^{10}
26501	Summons a meteor, dealing Magic ATK * ^{1}${3}%^{2} Fire-element ranged magic damage to up to ${8} enemies within a ${2}-meter radius around the target within ${1} meters of you, with a ${4}% Chance to trigger ^{3}【Falling Star】^{4}. While you are in the ^{5}【Reading】^{6} state, if the ^{7}【Pages】^{8} Floors reach ${9} or higher, this skill is cast one Extra time, then consumes ${9} Floors of ^{9}【Pages】^{10}. ^{11}【Falling Star】^{12}: Deals Fire-element ranged magic damage equal to the caster's Magic ATK * ^{13}${7}%^{14}.	เรียกอุกกาบาต สร้างพลังโจมตีเวทย์ * ^{1}${3}%^{2}ธาตุไฟสร้างความเสียหายเวทย์ตามระยะไปยังศัตรูสูงสุด${8}ภายในรัศมี${2}- เมตร รอบเป้าหมายภายใน${1}เมตรจากคุณ โดยมี${4}% โอกาสที่จะทริกเกอร์ ^{3}【ดาวตก】^{4}.ขณะที่คุณอยู่ในสถานะ ^{5}【Reading】^{6}หาก ^{7}【Pages】^{8}ชั้นถึง${9}หรือสูงกว่า ทักษะนี้จะถูกร่ายเพิ่มเวลาพิเศษ 1 ครั้ง จากนั้นจะใช้${9}ชั้นของ ^{9}【หน้า】^{10}.^{11}【ดาวตก】^{12}: สร้างความเสียหายเวทย์มนตร์จากธาตุไฟเท่ากับพลังโจมตีเวทย์ของผู้ร่าย * ^{13}${7}%^{14}
26502	@{1}.Only players who are mutual friends can gift each other Appearance items sold in the Shop.\n@{2}.You can Switch the recipient on the gifting screen.\n@{3}.After you confirm the gift, it will be Sent to the recipient's Friend Chat. Once the recipient accepts it, the Appearance will be unlocked in their Wardrobe.\n@{4}.The corresponding Currency will be deducted once the gift is confirmed. If the recipient does not accept it within the allotted time, the gift will expire and the deducted Currency will be Returned by mail.	@{1}เฉพาะผู้เล่นที่เป็นเพื่อนร่วมกันเท่านั้นที่สามารถมอบของขวัญให้กับไอเทมรูปลักษณ์ที่ขายในร้านค้าได้\n@{2}คุณสามารถสลับผู้รับบนหน้าจอของขวัญได้\n@{3}.หลังจากที่คุณยืนยันของขวัญแล้ว ของขวัญจะถูกส่งไปยังแชทเพื่อนของผู้รับ เมื่อผู้รับยอมรับ รูปร่างหน้าตาจะถูกปลดล็อคในตู้เสื้อผ้า\n@{4} สกุลเงินที่เกี่ยวข้องจะถูกหักออกเมื่อของขวัญได้รับการยืนยัน หากผู้รับไม่ยอมรับภายในเวลาที่กำหนด ของขวัญจะหมดอายุและสกุลเงินที่หักจะถูกส่งคืนทางไปรษณีย์
26503	The Eden Group has special Clues that Adventurers can follow to experience unusual events and help the Eden Group collect the mysterious treasures they produce. You will also receive a share as a reward.\nRules:\n@{1}.All rewards reset ^{1}every Monday at @{2}:@{3}^{2}. Each chest has a claim limit per cycle\n@{4}.The activities in the Commendation Vault rotate weekly. All activities ^{3}share the Reward Count for Standard Reward Chests^{4}\n@{5}.Each activity in the Commendation Vault also offers its own unique Rare rewards	The Eden Group มีเบาะแสพิเศษที่นักผจญภัยสามารถติดตามเพื่อสัมผัสกับเหตุการณ์ที่ไม่ธรรมดาและช่วย Eden Group รวบรวมสมบัติลึกลับที่พวกเขาสร้างขึ้นคุณยังจะได้รับส่วนแบ่งเป็นรางวัลอีกด้วยกฎของ\n:\n@{1}. รางวัลทั้งหมดรีเซ็ต ^{1}ทุกวันจันทร์ที่@{2}:@{3}^{2}.แต่ละหีบมีขีดจำกัดการขอรับต่อรอบ\n@{4}กิจกรรมใน Commendation Vault หมุนเวียนทุกสัปดาห์กิจกรรมทั้งหมด ^{3}แบ่งปันจำนวนรางวัลสำหรับหีบรางวัลมาตรฐาน^{4}\n@{5}แต่ละกิจกรรมใน Commendation Vault ยังมอบรางวัลหายากเฉพาะตัวของตัวเองด้วย
26504	Silver Moon Witch Summons Moonlight to strike the selected location, dealing Neutral Ranged ^{5}Adaptive Damage^{6} equal to the owner's ^{1}Adaptive Attack^{2}*^{3}${4}%^{4} to up to ${3} enemies within the designated ${2}-meter-radius area within ${1} meters of the owner. For the next ${5} sec, hitting an enemy has a ^{7}${6}%^{8} Chance to grant the owner ^{9}^{10}【Moonlight】^{11}^{12}, increasing damage by ^{13}${7}%^{14} for ${8} sec. This DMG Bonus is guaranteed if the target hit is more than ${9} meters away from You.	แม่มดพระจันทร์สีเงิน อัญเชิญแสงจันทร์มาโจมตีตำแหน่งที่เลือก สร้างระยะเป็นกลาง ^{5}Adaptive Damage^{6}เท่ากับเจ้าของ ^{1}Adaptive Attack^{2}*^{3}${4}%^{4}ถึง${3}ศัตรูภายในพื้นที่${2}ที่กำหนด - เมตร - รัศมีภายใน${1}เมตรของเจ้าของในวินาทีถัดไปของ${5}การโจมตีศัตรูจะมี ^{7}${6}%^{8}โอกาสที่จะให้เจ้าของ ^{9}^{10}【Moonlight】^{11}^{12}เพิ่มความเสียหายโดย ^{13}${7}%^{14}สำหรับ${8}วินาทีรับประกันโบนัส DMG นี้หากเป้าหมายที่โดนอยู่ห่างจากคุณมากกว่า${9}เมตร
26505	@{1}.Victory Conditions\nThe first Faction to reach @{2} Faction points wins. If neither does, the Faction with the most points when time expires wins.\n@{3}.Faction Scoring Rules\nScore by killing Players, damaging the Boss, reducing the Boss to @{4}% HP, killing the Boss, or killing minor monsters.\n@{5}.Battlefield Skill\nBattlefield Skills periodically appear nearby. Pick them up to gain powerful skills.\n@{6}.Sudden Death Phase\nSudden Death begins during the final minute. All Score is doubled, and Revive is Accelerated.	@{1}.เงื่อนไขชัยชนะ\nฝ่ายแรกที่ไปถึงคะแนนฝ่าย@{2}เป็นฝ่ายชนะ หากไม่เป็นเช่นนั้น ฝ่ายที่มีคะแนนมากที่สุดเมื่อหมดเวลาจะเป็นฝ่ายชนะ\n@{3}กฎการให้คะแนนฝ่าย\nทำคะแนนโดยการฆ่าผู้เล่น สร้างความเสียหายให้กับบอส ลดบอสให้เหลือ@{4}% HP ฆ่าบอส หรือฆ่ามอนสเตอร์รอง\n@{5}.ทักษะสนามรบ\nทักษะสนามรบ จะปรากฏเป็นระยะๆ ในบริเวณใกล้เคียง เลือกพวกเขาเพื่อรับทักษะอันทรงพลัง\n@{6}.ระยะการตายอย่างกะทันหัน\nการตายอย่างกะทันหันเริ่มต้นในช่วงนาทีสุดท้าย คะแนนทั้งหมดเพิ่มขึ้นเป็นสองเท่า และการฟื้นคืนชีพจะถูกเร่ง
26506	Two-Handed Spear skill. Deals Neutral Melee Physical DMG equal to PATK * ^{3}${3}%^{4} and inflicts ^{1}Knockback^{2} on up to ${6} enemies in a ${2} * ${1}-meter area in front of you. For every ${8}% ASPD, this DMG increases by ^{5}${9}%^{6}, up to @{1}% ASPD. Move ${12} meters in that direction, then inflict ^{7}Knock-Up^{8} and deal Neutral Melee Physical DMG equal to PATK * ^{9}${5}%^{10} to the targets. For every ${10}% ASPD, this DMG increases by ^{11}${11}%^{12}. You have ^{13}^{14}Immunity^{15}^{16} while using the skill.	ทักษะหอกสองมือสร้างความเสียหายทางกายภาพระยะประชิดที่เป็นกลางเท่ากับ PATK * ^{3}${3}%^{4}และทำดาเมจ ^{1}กระเด็นกลับ^{2}ใส่ศัตรูสูงสุด${6}ใน${2}*${1}- พื้นที่เมตรอยู่ตรงหน้าคุณสำหรับทุก ๆ${8}% ASPD DMG นี้จะเพิ่มขึ้น ^{5}${9}%^{6}สูงถึง@{1}% ASPDเคลื่อนมิเตอร์${12}ไปในทิศทางนั้น จากนั้นทำดาเมจ ^{7}Knock-Up^{8}และทำความเสียหายกายภาพระยะประชิดเป็นกลางเท่ากับ PATK * ^{9}${5}%^{10}ไปยังเป้าหมายสำหรับทุก${10}% ASPD DMG นี้จะเพิ่มขึ้น ^{11}${11}%^{12}คุณมี ^{13}^{14}Immunity^{15}^{16}ในขณะที่ใช้ทักษะ
26507	@{1}.You helped make the city prosper, so Prontera now offers Stall services to all Adventurers.\n@{2}.Stalls are permitted in all open-world areas. Stall listings are not shared between channels.\n@{3}.Please Keep a suitable Distance from other Adventurers' Stalls. You cannot set up a Stall too close to another one.\n@{4}.There is no daily limit on how many times you may set up a Stall.\n@{5}.Items from Stall sales and closing a Stall are delivered by mail.\n@{6}.You may change the price and quantity of items in your Stall at any time.	@{1}.คุณช่วยทำให้เมืองเจริญรุ่งเรือง ดังนั้นตอนนี้ Prontera จึงเสนอบริการแผงลอยให้กับนักผจญภัยทุกคน\n@{2}.แผงลอยได้รับอนุญาตในพื้นที่โลกเปิดทั้งหมด รายการแผงลอยจะไม่ถูกแชร์ระหว่างช่องต่างๆ\n@{3}โปรดรักษาระยะห่างที่เหมาะสมจากแผงลอยของนักผจญภัยคนอื่นๆ คุณไม่สามารถสร้างแผงลอยใกล้กับแผงลอยอีกแห่งหนึ่งได้\n@{4}.ไม่มีการจำกัดจำนวนครั้งในการตั้งค่าแผงลอยในแต่ละวัน\n@{5}.สินค้าจากการขายแผงลอยและการปิดแผงลอยจะส่งทางไปรษณีย์\n@{6}.คุณสามารถเปลี่ยนแปลงราคาและปริมาณของสินค้าในแผงลอยของคุณได้ตลอดเวลา
26508	1. You receive 60 minutes of Field Battle Reward Time each day. While you have Field Battle Reward Time, killing monsters in the field grants large amounts of EXP and materials, making it the fastest way to Level-up.\n2. Once your Field Battle Reward Time runs out, killing monsters in the field will no longer grant drops.\n3. You can manually Pause Field Battle Reward Time. While paused, killing monsters in the field will not consume Field Battle Reward Time, but will not grant drops either. Adventurer, make good use of your battle time!	1. คุณจะได้รับรางวัล Field Battle 60 นาทีในแต่ละวัน ในขณะที่คุณมีเวลารางวัลการต่อสู้ในสนาม การฆ่ามอนสเตอร์ในสนามจะทำให้คุณได้รับ EXP และวัสดุจำนวนมาก ทำให้เป็นวิธีที่เร็วที่สุดในการอัพเลเวล\n2. เมื่อเวลารางวัลการต่อสู้ในสนามของคุณหมดลง การฆ่ามอนสเตอร์ในสนามจะไม่ให้ดรอปอีกต่อไป\n3. คุณสามารถหยุดเวลารางวัลการต่อสู้ในสนามได้ด้วยตนเอง ในขณะที่หยุดชั่วคราว การฆ่ามอนสเตอร์ในสนามจะไม่ใช้เวลารางวัลการต่อสู้ภาคสนาม แต่จะไม่ให้ดรอปเช่นกัน นักผจญภัย จงใช้เวลาต่อสู้ให้เป็นประโยชน์!
26509	Dear Player:\nTo maintain a fair and healthy gaming environment and protect the rights of all players, we detected unusual activity on your account. Please stop this activity immediately, check your device for third-party assistance software, and uninstall any such software. If you do not promptly correct your current gameplay behavior, the System may place further restrictions on your account. Please comply with the game rules as soon as possible.\nThank You for your understanding and cooperation in maintaining a healthy gaming environment.	เรียน ผู้เล่น:\nเพื่อรักษาสภาพแวดล้อมการเล่นเกมที่ยุติธรรมและดีต่อสุขภาพ และปกป้องสิทธิ์ของผู้เล่นทุกคน เราตรวจพบกิจกรรมที่ผิดปกติในบัญชีของคุณโปรดหยุดกิจกรรมนี้ทันที ตรวจสอบอุปกรณ์ของคุณเพื่อหาซอฟต์แวร์ช่วยเหลือของบุคคลที่สาม และถอนการติดตั้งซอฟต์แวร์ดังกล่าวหากคุณไม่แก้ไขพฤติกรรมการเล่นเกมปัจจุบันของคุณทันที ระบบอาจวางข้อจำกัดเพิ่มเติมในบัญชีของคุณโปรดปฏิบัติตามกฎของเกมโดยเร็วที่สุด\nขอขอบคุณสำหรับความเข้าใจและความร่วมมือในการรักษาสภาพแวดล้อมการเล่นเกมที่ดี
26510	Can only be cast while the Falcon is in Follow mode. Commander the Falcon to Initiate an assault on a designated distant target, dealing PATK * ^{1}${4}% + ${5}^{2} Neutral Ranged Physical DMG to the designated ST enemy within ${1} meters and up to ${3} Other enemies within ${2} meters of the target. Every ^{3}${6}^{4} AGI increases this DMG by ^{5}${7}%^{6}. When using a Basic Attack, the Falcon has a ^{7}${8}%^{8} Chance to cast ^{9}【Blitz Beat】^{10} on the enemy, dealing ^{11}${9}%^{12} of the original skill's Neutral Ranged Physical DMG.	สามารถร่ายได้เฉพาะในขณะที่เหยี่ยวอยู่ในโหมดติดตามเท่านั้นผู้บัญชาการเหยี่ยวเพื่อเริ่มการโจมตีเป้าหมายระยะไกลที่กำหนด สร้าง PATK * ^{1}${4}% +${5}^{2}ทำความเสียหายทางกายภาพระยะไกลแบบเป็นกลางต่อศัตรู ST ที่กำหนดภายในระยะ${1}เมตรและสูงถึง${3}ศัตรูอื่น ๆ ภายใน${2}เมตรของเป้าหมายทุกๆ ^{3}${6}^{4}AGI จะเพิ่ม DMG นี้โดย ^{5}${7}%^{6}เมื่อใช้การโจมตีพื้นฐาน เหยี่ยวจะมี ^{7}${8}%^{8}โอกาสในการร่าย ^{9}【Blitz Beat】^{10}ใส่ศัตรู สร้าง ^{11}${9}%^{12}จากต้นฉบับความเสียหายทางกายภาพระยะไกลของทักษะ
26511	@{1}.The first time any Adventurer Leaves Guild, there is no penalty period, and they may Join another guild immediately.\n@{2}.If an Adventurer is below Lv. @{3}, the penalty period for subsequently Leaving Guild is @{4} minutes. If an Adventurer is above Lv. @{5}, the penalty period is @{6} hours.\n@{7}.Adventurers who are Banished from Guild have no penalty period and may Join another guild immediately.\n@{8}.If you Return to your former guild within @{9} weeks of leaving, your Guild Funds Donation amount and Total Contribution will be Kept.	@{1}.ครั้งแรกที่นักผจญภัยออกจากกิลด์ จะไม่มีการลงโทษ และพวกเขาอาจเข้าร่วมกิลด์อื่นได้ทันที\n@{2}.หากนักผจญภัยมีเลเวลต่ำกว่า @{3} ระยะเวลาการลงโทษสำหรับการออกจากกิลด์ในเวลาต่อมาคือ @{4} นาที หากนักผจญภัยมีเลเวลสูงกว่า @{5} ระยะเวลารับโทษคือ @{6} ชั่วโมง\n@{7}นักผจญภัยที่ถูกเนรเทศออกจากกิลด์จะไม่มีระยะเวลารับโทษและอาจเข้าร่วมกิลด์อื่นได้ทันที\n@{8}.หากคุณกลับสู่กิลด์เดิมภายใน @{9} สัปดาห์หลังจากออกเดินทาง จำนวนการบริจาคกองทุนกิลด์และผลงานทั้งหมดจะถูกเก็บไว้
26512	During the event, clear the Realm of Gods on Normal difficulty without using the Praiser Priest's Revive skill to complete the challenge successfully.\n@{1}. Rankings will be based on your actual clear time.\n @{2}. Using the Praiser Priest's Revive skill will result in challenge failure, and the result will not count toward the event.\n @{3}. You may Repeat the challenge after clearing it. Only your best result will appear on the leaderboard.\n @{4}. Rewards will be distributed after the event ends. The higher your ranking, the better the rewards!	ในช่วงกิจกรรม เคลียร์ Realm of Gods ในระดับความยาก Normal โดยไม่ต้องใช้ทักษะ Revive ของ Praiser Priest เพื่อทำการท้าทายให้สำเร็จ\n@{1}.อันดับจะขึ้นอยู่กับเวลาเคลียร์จริงของคุณ\n@{2}.การใช้ทักษะ Revive ของ Praiser Priest จะส่งผลให้การท้าทายล้มเหลว และผลลัพธ์จะไม่นับรวมในกิจกรรม\n@{3}.คุณสามารถทำซ้ำการท้าทายได้หลังจากเคลียร์มันแล้วเฉพาะผลลัพธ์ที่ดีที่สุดของคุณเท่านั้นที่จะปรากฏในลีดเดอร์บอร์ด\n@{4}.รางวัลจะถูกแจกหลังกิจกรรมจบลงยิ่งอันดับของคุณสูง รางวัลก็ยิ่งดี!
26513	Drive your Weapon forcefully into the ground, unleashing a massive shockwave toward the locked-on target that deals ${4} hits of Neutral Ranged Physical damage equal to PATK * ^{1}${5}%^{2} in total to up to ${3} enemies within a ${1}m × ${2}m area in front of you (^{3}^{4}Luck Resonance ${7}%^{5}^{6}), inflicting Knock-Up and ^{7}【Immobilize】^{8} for ${6} seconds. You gain ^{9}【Furious Storm】^{10}. ^{11}【Furious Storm】^{12}: Removes all current 【Rain of Spears】 charges and grants @{1} stacks of ^{13}^{14}【Hundred Spear - Enhance】^{15}^{16} charges.	ขับอาวุธของคุณลงสู่พื้นอย่างแรง ปล่อยคลื่นกระแทกขนาดใหญ่ไปยังเป้าหมายที่ถูกล็อคไว้ ซึ่งสร้างความเสียหายทางกายภาพระยะไกล ${4} เท่ากับ PATK * ^{1}${5}%^{2} รวมทั้งหมดสูงสุด ${3} ศัตรูภายในพื้นที่ ${1}m × ${2}m ด้านหน้าคุณ (^{3}^{4}Luck Resonance ${7}%^{5}^{6}) สร้างความเสียหาย น็อคอัพ และ ^{7}【ตรึง】^{8} เป็นเวลา ${6} วินาที คุณได้รับ ^{9}【พายุพิโรธ】^{10} ^{11}【Furious Storm】^{12}: ลบชาร์จของ 【Rain of Spears】 ในปัจจุบันทั้งหมดออก และให้ @{1} สแต็คของ ^{13}^{14}【Hundred Spear - Enhance】^{15}^{16} ชาร์จ
26514	Drives the Weapon into the ground, unleashing a massive shockwave toward the locked-on target that deals Neutral Ranged Physical damage totaling PATK * ^{1}${5}%^{2} over ${4} hits to up to ${3} enemies in a ${1}-meter by ${2}-meter area in front of You (^{3}^{4}Luck Resonance ${7}%^{5}^{6}), inflicts Knock-Up and ^{7}^{8}【Immobilize】^{9}^{10} for ${6} seconds, and triggers ^{11}【Furious Storm】^{12} on You. ^{13}【Furious Storm】^{14}: Clears all current 【Rain of Spears】 charges and grants @{1} charges of ^{15}^{16}【Hundred Spear - Enhance】^{17}^{18}.	ขับอาวุธลงบนพื้น ปล่อยคลื่นกระแทกขนาดใหญ่ไปยังเป้าหมายที่ถูกล็อคไว้ ซึ่งสร้างความเสียหายทางกายภาพในระยะไกลที่เป็นกลาง รวมเป็น PATK * ^{1}${5}%^{2}เหนือ${4}โจมตีศัตรูสูงสุด${3}ใน${1}-เมตร โดย${2}-พื้นที่เมตรด้านหน้าคุณ (^{3}^{4}Luck Resonance${7}%^{5}^{6}) ส่งผลให้ Knock-Up และ ^{7}^{8}【ทำให้เคลื่อนที่ไม่ได้】^{9}^{10}เป็นเวลา${6}วินาที และทริกเกอร์ ^{11}【Furious Storm】^{12}ใส่คุณ^{13}【Furious Storm】^{14}: เคลียร์ชาร์จของ 【Rain of Spears】 ในปัจจุบันทั้งหมด และมอบชาร์จ@{1}ของ ^{15}^{16}【Hundred Spear - Enhance】^{17}^{18}
26515	Shocks and imprisons targets with music, enveloping ${1} enemies within ${2} meters and dealing Ghost Ranged Magic DMG equal to MATK * ^{1}${3}%^{2}. The targets become ^{3}^{4}【Immobilize】^{5}^{6} for ${4} seconds and gain ^{7}^{8}【Prison】^{9}^{10} for ${5} seconds, granting the caster a ${6}% DMG Bonus against them. When a target takes damage from 【Soul Expansion】 within ${7} seconds, it triggers @{1} instance of Ghost Ranged Magic DMG equal to MATK * ^{11}${9}%^{12} within a ${8}-meter radius. This can trigger up to @{2} times every ${10} seconds.	กระแทกและกักขังเป้าหมายด้วยเสียงเพลง ห่อหุ้มศัตรู${1}ในระยะ${2}เมตร และสร้างความเสียหายเวทย์มนต์ Ghost Ranged เท่ากับ MATK * ^{1}${3}%^{2}เป้าหมายกลายเป็น ^{3}^{4}【ตรึง】^{5}^{6}สำหรับ${4}วินาทีและได้รับ ^{7}^{8}【เรือนจำ】^{9}^{10}สำหรับ${5}วินาที ทำให้ผู้ร่ายได้รับโบนัส${6}% DMG ต่อพวกเขา เมื่อเป้าหมายได้รับความเสียหายจาก 【Soul Expansion】 ภายในวินาที${7}มันจะทริกเกอร์@{1}ของ Ghost Ranged Magic DMG เท่ากับ MATK * ^{11}${9}%^{12}ภายในรัศมี${8}เมตร สิ่งนี้สามารถทริกเกอร์ได้สูงสุด@{2}ครั้งทุกๆ${10}วินาที
26516	Guild Funds Rankings Rules:\n@{1}.Each Guild Member can earn Guild Funds by completing Royal Caravan activities.\n@{2}.In Territory War, Guild Funds are a vital Currency used to purchase cannons, vehicles, and other important battlefield equipment.\n@{3}.The Guild Master and Vice Guild Master can also spend Guild Funds to purchase Benefits Packs for the entire guild.\n@{4}.Other players can view the guild's Guild Funds rankings on the 【Join a guild】 screen. Don't forget to complete your daily Guild Caravan turn-in quest and make a Donation to your guild!	:\n@{1}สมาชิกกิลด์แต่ละคนสามารถรับกองทุนกิลด์ได้โดยทำกิจกรรม Royal Caravan ให้เสร็จสิ้น\n@{2}ในสงครามดินแดน กองทุนกิลด์เป็นสกุลเงินสำคัญที่ใช้ในการซื้อปืนใหญ่ ยานพาหนะ และอุปกรณ์สนามรบที่สำคัญอื่นๆ\n@{3}หัวหน้ากิลด์และรองหัวหน้ากิลด์สามารถใช้เงินทุนกิลด์เพื่อซื้อชุดสิทธิประโยชน์สำหรับทั้งกิลด์ได้\n@{4}ผู้เล่นอื่นสามารถดูอันดับกองทุนกิลด์ของกิลด์ได้บนหน้าจอ 【เข้าร่วมกิลด์】อย่าลืมทำภารกิจเทิร์นอินกองคาราวานกิลด์ในแต่ละวันให้สำเร็จ และบริจาคเงินให้กับกิลด์ของคุณ!
26517	@{1}.During the listing and auction periods, you can Pre-purchase or bid on multiple Auction House items at once;\n@{2}.When the auction officially begins, Pre-purchase searches all listings for the lowest-priced batch of items and initiates batch Auto-Bid;\n@{3}.The full Pre-purchase price will be deducted from your Currency upfront. If canceled or outbid, the Currency will be returned by mail;\n@{4}.Because Pre-purchase searches for the lowest-priced listings available, you may initiate Auto-Bid on the same item as another player. Please keep this in mind.	@{1}.ในระหว่างรายการและช่วงการประมูล คุณสามารถซื้อล่วงหน้าหรือเสนอราคาสำหรับรายการ Auction House หลายรายการได้ในคราวเดียว\n@{2}เมื่อการประมูลเริ่มต้นอย่างเป็นทางการ การซื้อล่วงหน้าจะค้นหารายการทั้งหมดสำหรับรายการที่มีราคาต่ำที่สุดและเริ่มเสนอราคาอัตโนมัติเป็นชุด\n@{3} ราคาซื้อล่วงหน้าเต็มจำนวนจะถูกหักออกจากสกุลเงินของคุณล่วงหน้า หากยกเลิกหรือประมูลเกิน สกุลเงินจะถูกส่งกลับทางไปรษณีย์\n@{4} เนื่องจากการซื้อล่วงหน้าค้นหารายการที่มีราคาต่ำที่สุด คุณอาจเริ่มการประมูลอัตโนมัติในรายการเดียวกันกับผู้เล่นอื่น โปรดจำไว้เสมอ
26518	Two-Handed Spear-exclusive skill. Leap high into the air and land in a designated area within ${2} meters, dealing a total of PATK *^{1}${3}%+${8}^{2} Neutral melee Physical DMG to up to ${7} targets on the Enemy Team within a ${1}-meter radius. (For every @{1}% ASPD, gain a ^{3}${9}%^{4} DMG Bonus, Active up to @{2}% ASPD.) Also inflicts ^{5}【Immobilize】^{6} for ${4} seconds. Gain ^{7}^{8}Immunity^{9}^{10} during the skill. For each Enemy Team target HIT, gain 1 stack of Shield equal to ^{11}${6}%^{12} of Max Life for ${10} seconds, stacking up to @{3} times.	ทักษะเฉพาะหอกสองมือ กระโดดสูงไปในอากาศและลงจอดในพื้นที่ที่กำหนดภายในระยะ ${2} เมตร สร้างความเสียหาย PATK ทั้งหมด *^{1}${3}%+${8}^{2} สร้างความเสียหายกายภาพระยะประชิดเป็นกลางไปยังเป้าหมายสูงสุด ${7} ในทีมศัตรูภายในรัศมี ${1} เมตร (สำหรับทุก ๆ @{1}% ASPD จะได้รับ ^{3}${9}%^{4} โบนัส DMG, ใช้งานได้สูงสุดถึง @{2}% ASPD) และยังสร้างความเสียหายให้กับ ^{5}【ทำให้เคลื่อนที่ไม่ได้】^{6} เป็นเวลา ${4} วินาที ได้รับ ^{7}^{8}ภูมิคุ้มกัน^{9}^{10} ในระหว่างการใช้ทักษะ สำหรับการโจมตีเป้าหมายของทีมศัตรูแต่ละทีม ได้รับโล่ 1 สแต็กเท่ากับ ^{11}${6}%^{12} ของพลังชีวิตสูงสุดเป็นเวลา ${10} วินาที ซ้อนทับได้สูงสุด @{3} เท่า
26519	Dormant musical energy lies silently awaiting its awakening, ready to sound the prelude of creation...\nSolve the note puzzles and play the melody to fill the continent with musical energy.\n\n^{1}Note Clues^{2}\nDuring the event, several ^{3}Note Clues^{4} are scattered throughout a certain city each day. Obtain a Clue to reveal the answer to its corresponding note puzzle. Some Clues can be obtained from a mysterious person.\nThe melody can only be played successfully when ^{5}all notes are selected correctly^{6}. Search for Note Clues to uncover more answers!	พลังดนตรีที่หลับใหลอยู่อย่างเงียบๆ รอคอยการตื่นขึ้น พร้อมที่จะเปล่งเสียงโหมโรงแห่งการสร้างสรรค์...\nแก้ปริศนาตัวโน้ตและเล่นทำนองเพื่อเติมเต็มทวีปด้วยพลังดนตรี\n\n^{1}หมายเหตุเบาะแส^{2}\nในระหว่างกิจกรรม ^{3}หมายเหตุเบาะแส^{4}หลายรายการกระจัดกระจายไปทั่วเมืองในแต่ละวันรับเบาะแสเพื่อเปิดเผยคำตอบของปริศนาบันทึกที่เกี่ยวข้องเบาะแสบางอย่างสามารถรับได้จากบุคคลลึกลับ\nทำนองเพลงจะสามารถเล่นได้สำเร็จก็ต่อเมื่อ ^{5}เลือกโน้ตทั้งหมดถูกต้อง^{6}ค้นหา Note Cues เพื่อค้นพบคำตอบเพิ่มเติม!
26520	Can only be used while riding Madogear. Consumes HP equal to ^{1}${7}%^{2} of your Max HP and converts it into a 【Shield】 for @{1} seconds. Immediately removes all Control effects from you, then begins a ${1}-second countdown before using Energy Release. You have 【Immunity】 during the countdown. When the countdown ends, deal Neutral Melee Physical DMG equal to PATK * ^{3}${4}%^{4} to up to ${3} targets within a ${2}-meter radius and inflict Knock-Up. You then lose ${5}% of your current Max HP. This HP loss cannot be fatal. Reduces MSPD. by @{2}% for ${6} seconds.	ใช้ได้ขณะขี่ Madogear เท่านั้นใช้ HP เท่ากับ ^{1}${7}%^{2}ของ HP สูงสุดของคุณ และแปลงเป็น 【Shield】 เป็นเวลา@{1}วินาทีลบเอฟเฟกต์การควบคุมทั้งหมดออกจากคุณทันที จากนั้นเริ่มนับถอยหลัง${1}วินาทีก่อนที่จะใช้ Energy Releaseคุณมี 【ภูมิคุ้มกัน】ในระหว่างการนับถอยหลังเมื่อการนับถอยหลังสิ้นสุดลง สร้าง DMG กายภาพระยะประชิดเป็นกลางเท่ากับ PATK * ^{3}${4}%^{4}สูงสุดถึง${3}เป้าหมายภายในรัศมี${2}เมตร และทำดาเมจ Knock-Upจากนั้นคุณจะสูญเสีย${5}% ของ Max HP ปัจจุบันของคุณการสูญเสีย HP นี้ไม่อาจถึงแก่ชีวิตได้ลด MSPDโดย@{2}% เป็นเวลา${6}วินาที
26521	"Can only be used in Madogear Pilot Ride mode. With a Two-Handed setup, equip ${1} Vulcan Arm in each hand, then Launch at ${3} designated enemies within ${2} meters, dealing ${4} hits of Neutral Ranged Physical damage equal to PATK *^{1}${5}%^{2}. Damage dealt to enemies carrying 【Melody Bubble】 is increased by an Extra ^{3}${6}%^{4}. Every ${7} Launches of 【Vulcan Arm】 trigger 【Firepower Loaded】 @{1} time.\n【Firepower Loaded】: Each Launch of 【Melody Cannon】 increases the number of Cannons fired to ${8} for ${9} Launches and increases Crit Chance by ^{5}${10}%^{6}."""	"ใช้ได้ในโหมด Madogear Pilot Ride เท่านั้นด้วยการตั้งค่าแบบสองมือ ให้ติดตั้ง${1}Vulcan Arm ในแต่ละมือ จากนั้นเปิดตัวไปที่ศัตรูที่กำหนด${3}ภายในระยะ${2}เมตร สร้างความเสียหายทางกายภาพระยะไกลแก่${4}เท่ากับ PATK *^{1}${5}%^{2}.ความเสียหายที่ทำกับศัตรูที่ถือ 【Melody Bubble】 เพิ่มขึ้นเป็นพิเศษ ^{3}${6}%^{4}ทุกๆ${7}จะเปิดตัวทริกเกอร์ 【Vulcan Arm】 【พลังการยิงที่โหลดแล้ว】 เวลา@{1}\n【โหลดพลังไฟ】: การเปิดตัว 【Melody Cannon】 แต่ละครั้งจะเพิ่มจำนวนปืนใหญ่ที่ยิงไปยัง${8}สำหรับ${9}เปิดตัวและเพิ่มโอกาสคริติคอล ^{5}${10}%^{6}"""
26522	This game is suitable for users aged 12 and older. Minors should play under parental supervision. For your health, please limit your playtime appropriately. Our company actively abides by the Online Game Industry Self-Regulation Convention on Preventing Gaming Addiction. According to the National Press and Publication Administration's Notification on Preventing Minors from Becoming Addicted to Online Games, all online game users must complete real-name account registration using valid identification information. Minors are subject to anti-addiction Function restrictions.	เกมนี้เหมาะสำหรับผู้ใช้ที่มีอายุ 12 ปีขึ้นไปผู้เยาว์ควรเล่นภายใต้การดูแลของผู้ปกครองเพื่อสุขภาพของคุณกรุณาจำกัดเวลาเล่นให้เหมาะสมบริษัทของเราปฏิบัติตามอนุสัญญาการกำกับดูแลตนเองของอุตสาหกรรมเกมออนไลน์ว่าด้วยการป้องกันการติดเกมตามประกาศของสำนักพิมพ์และสิ่งพิมพ์แห่งชาติว่าด้วยการป้องกันผู้เยาว์จากการติดเกมออนไลน์ ผู้ใช้เกมออนไลน์ทุกคนจะต้องลงทะเบียนบัญชีด้วยชื่อจริงโดยใช้ข้อมูลระบุตัวตนที่ถูกต้องผู้เยาว์อยู่ภายใต้ข้อจำกัดของฟังก์ชันต่อต้านการเสพติด
26523	Two-Handed Spear-exclusive skill. Continuously spins the spear, dealing a total of PATK * ^{5}${3}%^{6} Neutral melee Physical damage to up to ^{3}${2}^{4} targets on the Enemy Team within a ^{1}${1}^{2}-meter radius (for every ${8}% ASPD, gains ^{7}${10}%^{8} DMG Bonus, Active up to @{1}% ASPD) and slowing them by ^{9}${4}%^{10} for ${5} seconds, stacking up to ${9} times. The final HIT inflicts ^{11}Knockback^{12}. While the skill is Active, grants Immunity and reduces damage taken by ^{13}${7}%^{14}. (While mounted on a Gryphon, you can Move while casting this skill.)	ทักษะเฉพาะหอกสองมือหมุนหอกอย่างต่อเนื่อง สร้างความเสียหายทางกายภาพระยะประชิดสูงสุด ^{5}${3}%^{6}สร้างความเสียหายกายภาพระยะประชิดเป็นกลางได้สูงสุด ^{3}${2}^{4}เป้าหมายในทีมศัตรูภายใน ^{1}${1}^{2}- รัศมีเมตร (สำหรับทุก ๆ${8}% ASPD จะได้รับ ^{7}${10}%^{8}DMG Bonus, ใช้งานได้สูงสุดถึง@{1}% ASPD) และทำให้ช้าลง ^{9}${4}%^{10}สำหรับ${5}วินาที ซ้อนได้สูงสุด${9}ครั้งการตีครั้งสุดท้ายจะทำให้ ^{11}กระเด็นกลับ^{12}ขณะที่ทักษะทำงานอยู่ จะทำให้เกิดภูมิคุ้มกันและลดความเสียหายที่ได้รับจาก ^{13}${7}%^{14}(ขณะขี่กริฟฟอน คุณสามารถเคลื่อนที่ได้ขณะร่ายทักษะนี้)
26524	During the event, challenge Ilmatar, God of Nature on Desperate difficulty. Rankings are based on the shortest clear time for each stage.\n@{1}. You may participate multiple times during the event. The rankings will update based on your best result.\n@{2}. Each stage can be challenged repeatedly. Your total clear time will be updated based on your best time for each stage.\n@{3}. At event Settlement, each guild Member will receive event rewards.\n@{4}. Rewards will be distributed according to the final rankings when the event ends. The higher your rank, the better the rewards!	ในช่วงกิจกรรม ท้าทาย Ilmatar เทพเจ้าแห่งธรรมชาติในระดับความยาก Desperateการจัดอันดับจะขึ้นอยู่กับเวลาเคลียร์ที่สั้นที่สุดในแต่ละด่าน\n@{1}.คุณสามารถเข้าร่วมได้หลายครั้งในระหว่างกิจกรรมการจัดอันดับจะอัปเดตตามผลลัพธ์ที่ดีที่สุดของคุณ\n@{2}.แต่ละด่านสามารถท้าทายซ้ำได้เวลาเคลียร์โดยรวมของคุณจะได้รับการอัปเดตตามเวลาที่ดีที่สุดของคุณในแต่ละด่าน\n@{3}.ในการตั้งค่ากิจกรรม สมาชิกกิลด์แต่ละคนจะได้รับรางวัลกิจกรรม\n@{4}.รางวัลจะถูกแจกจ่ายตามอันดับสุดท้ายเมื่อกิจกรรมสิ้นสุดลงยิ่งอันดับของคุณสูง รางวัลก็ยิ่งดี!
26525	Can only be used and take effect while mounted on the Demonic Wolf. The Demonic Wolf howls loudly and enters the ^{3}【King of the Pack】^{4} state for ^{1}${1}^{2} sec. During this time, casting 【Warg Charge】 causes ${2} wolf followers to charge alongside you, dealing ${2} Extra hits of Neutral melee Physical damage totaling Physical ATK*^{5}${3}%^{6} to the target. Casting 【Warg Bite】 causes ${4} wolf followers to bite the target, dealing ${4} hits of Neutral melee Physical damage totaling Physical ATK*^{7}${5}%^{8}. 【Warg Hunt】 becomes ^{9}^{10}【Enhanced Warg Hunt】^{11}^{12}.	สามารถใช้ได้และมีผลขณะขี่ Demonic Wolf เท่านั้นหมาป่าปีศาจส่งเสียงดังและเข้าไปใน ^{3}【ราชาแห่งฝูง】^ สถานะ{4}สำหรับ ^{1}${1}^{2}วินาทีในช่วงเวลานี้ การร่าย 【Warg Charge】 จะทำให้ผู้ติดตามหมาป่า${2}ชาร์จไปเคียงข้างคุณ สร้างความเสียหายทางกายภาพระยะประชิดแบบเป็นกลางแก่${2}เป็นพิเศษ รวมพลังโจมตีทางกายภาพ*^{5}${3}%^{6}ไปยังเป้าหมายการร่าย 【Warg Bite】 ทำให้ผู้ติดตามหมาป่า${4}กัดเป้าหมาย สร้างความเสียหายทางกายภาพระยะประชิดที่เป็นกลางของ${4}รวมพลังโจมตีกายภาพ*^{7}${5}%^{8}【Warg Hunt】 กลายเป็น ^{9}^{10}【การล่า Warg ที่ปรับปรุงแล้ว】^{11}^{12}
26526	Auction Eligibility:\nGuilds with ≥ n members may participate in the Stronghold War qualification auction. Guilds that do not meet this requirement may not participate.\n\nAuction Cost:\nGuild Supplies are consumed to bid for the right to participate in Stronghold War.\n\nAuction Permissions:\nOnly certain guild ranks have permission to perform auction-related actions.\n\nAuction Rules:\nThe corresponding amount of Guild Supplies will be deducted when a bid is successfully placed.\nOnce a guild places a bid, it cannot withdraw or lower the bid. Bids may only be raised manually.	: กิลด์\nที่มีสมาชิก ≥ n คนสามารถเข้าร่วมในการประมูลคุณสมบัติ Stronghold War ได้กิลด์ที่ไม่ตรงตามข้อกำหนดนี้อาจไม่เข้าร่วม\n\nต้นทุนการประมูล: อุปกรณ์กิลด์\nถูกใช้เพื่อเสนอราคาเพื่อรับสิทธิ์ในการเข้าร่วมในสงครามฐานที่มั่น\n\nสิทธิ์ในการประมูล:\nกิลด์บางอันดับเท่านั้นที่ได้รับอนุญาตให้ดำเนินการที่เกี่ยวข้องกับการประมูล\n\nกฎการประมูล:\nจำนวนอุปกรณ์กิลด์ที่เกี่ยวข้องจะถูกหักออกเมื่อเสนอราคาสำเร็จ\nเมื่อกิลด์เสนอราคาแล้ว จะไม่สามารถถอนหรือลดราคาเสนอได้Bids may only be raised manually.
26527	Guild Prestige Acquisition Rules:\n@{1}.^{1}Guild Prestige represents a guild's Battle strength^{2}. It is not Cleared between Seasons. Every Season, all guilds across the server group are ranked by Prestige, and the results are Permanently Recorded.\n@{2}.When Guild Members participate in guild battlefield modes—Guild Territory War (Stronghold War, Escort Battle, Regional Capital War/Royal City War)—their Defeats on the battlefield are converted into Guild Prestige.\n@{3}.Victory or defeat in guild battlefield modes also affects the amount of Prestige awarded during Settlement.	กฎการได้มาซึ่งเกียรติยศกิลด์:\n@{1}.^{1}เกียรติยศกิลด์แสดงถึงความแข็งแกร่งในการต่อสู้ของกิลด์^{2}จะไม่ถูกเคลียร์ระหว่างฤดูกาลทุกๆ ฤดูกาล กิลด์ทั้งหมดในกลุ่มเซิร์ฟเวอร์จะถูกจัดอันดับโดย Prestige และผลลัพธ์จะถูกบันทึกไว้อย่างถาวร\n@{2}.เมื่อสมาชิกกิลด์เข้าร่วมในโหมดสนามรบกิลด์—สงครามเขตแดนกิลด์ (สงครามฐานที่มั่น, ศึกคุ้มกัน, สงครามเมืองหลวงระดับภูมิภาค/สงครามเมืองหลวง)—ความพ่ายแพ้ในสนามรบจะถูกแปลงเป็นเกียรติยศกิลด์\n@{3}ชัยชนะหรือความพ่ายแพ้ในโหมดสนามรบกิลด์จะส่งผลต่อจำนวน Prestige ที่ได้รับระหว่างการตั้งถิ่นฐานด้วย
26528	(No Translation NeededAdventurers can deploy up to @{1} pets at once. Pet deployment is restricted by type, and no more than @{2} pets of the same type may be deployed.\nAdventurers can assign up to @{3} support pets at once.\nWhen deployed or assigned as support, a pet grants the Adventurer a percentage of its base attributes.\nWhen deployed or assigned as support, the pet's Passive Skill attributes and Skill Upgrade attributes take effect and are granted to the player.\nWhen a pet is deployed in slot @{4}, the Adventurer can automatically cast that pet's Protector Skill in battle.	(ไม่จำเป็นต้องแปล นักผจญภัยสามารถติดตั้งสัตว์เลี้ยงได้สูงสุด @{1} ตัวในคราวเดียว การติดตั้งสัตว์เลี้ยงนั้นถูกจำกัดตามประเภท และสัตว์เลี้ยงประเภทเดียวกันได้ไม่เกิน @{2} ตัว\nนักผจญภัยสามารถมอบหมายสัตว์เลี้ยงสนับสนุนได้สูงสุด @{3} ตัวในคราวเดียว\nเมื่อใช้งานหรือถูกกำหนดให้เป็นการสนับสนุน สัตว์เลี้ยงจะให้เปอร์เซ็นต์ของคุณสมบัติพื้นฐานแก่นักผจญภัย\nเมื่อใช้งานหรือมอบหมายให้สนับสนุน คุณลักษณะทักษะพาสซีฟของสัตว์เลี้ยงและคุณลักษณะอัปเกรดทักษะจะใช้ เอฟเฟกต์และมอบให้แก่ผู้เล่น\nเมื่อสัตว์เลี้ยงถูกใช้งานในช่อง @{4} นักผจญภัยสามารถใช้ทักษะผู้พิทักษ์ของสัตว์เลี้ยงตัวนั้นในการต่อสู้ได้โดยอัตโนมัติ
26529	1.Each Refine Level in Equipment Refining has a fixed success rate.\n2.Refining may fail. If it does, the Refine Level may decrease by 1.\n3.Failed refining attempts or level decreases grant Luck. Consecutive level decreases grant more bonus Luck.\n4.At a safe Refine Level, failed refining attempts will neither decrease the Refine Level nor grant Luck. Safe Refine Levels: 4/7/10/13/16/19/22/25.\n5.When using Blessed Ore, failed refining attempts will not decrease the Refine Level. Legend Ore increases the refining success rate and prevents the Refine Level from decreasing upon failure.	1.แต่ละระดับการปรับปรุงในการกลั่นอุปกรณ์มีอัตราความสำเร็จคงที่\n2.การปรับแต่งอาจล้มเหลว หากเป็นเช่นนั้น ระดับการกลั่นอาจลดลง 1\n3.ความพยายามในการกลั่นกรองล้มเหลวหรือระดับลดลงจะทำให้ได้รับโชค ระดับต่อเนื่องลดลงให้โบนัสโชคมากขึ้น\n4.ที่ระดับการกลั่นที่ปลอดภัย ความพยายามในการกลั่นที่ล้มเหลวจะไม่ลดระดับการกลั่นหรือให้โชค ระดับการตีบวกที่ปลอดภัย: 4/7/10/13/16/19/22/25\n5.เมื่อใช้ Blessed Ore การกลั่นที่ล้มเหลวจะไม่ลดระดับการกลั่น Legend Ore จะเพิ่มอัตราความสำเร็จในการกลั่น และป้องกันไม่ให้ระดับการกลั่นลดลงเมื่อล้มเหลว
26530	Dear Player,\nThe System detected an irregularity in your Trade Market transaction at ${8} 【Trade Item:${1}, Trade Amount:${5}, Order No.:${7}】. We have decided to freeze the Zeny from this Trade. Frozen Zeny:${5}. Please check the in-game exclamation mark notification for the unfreeze time. Any further Trade violations detected during this period will result in more severe penalties. If you have any questions about this penalty, or any concerns, dissatisfaction, suggestions, or other requests regarding our game services, please contact Customer Support in-game to submit your feedback.${10}	เรียน ผู้เล่น\nระบบตรวจพบความผิดปกติในการทำธุรกรรมในตลาดการค้าของคุณที่${8}【รายการการค้า:${1}, จำนวนการค้า:${5}, หมายเลขคำสั่งซื้อ:${7}】เราได้ตัดสินใจที่จะระงับ Zeny จากการค้าขายนี้เซนี่แช่แข็ง:${5}.โปรดตรวจสอบการแจ้งเตือนเครื่องหมายอัศเจรีย์ในเกมเพื่อดูเวลาเลิกตรึงการละเมิดการค้าใดๆ ที่ตรวจพบเพิ่มเติมในช่วงเวลานี้จะส่งผลให้มีบทลงโทษที่รุนแรงยิ่งขึ้นหากคุณมีคำถามใดๆ เกี่ยวกับบทลงโทษนี้ หรือข้อกังวล ความไม่พอใจ ข้อเสนอแนะ หรือคำขออื่นๆ เกี่ยวกับบริการเกมของเรา โปรดติดต่อฝ่ายสนับสนุนลูกค้าในเกมเพื่อส่งข้อเสนอแนะของคุณ${10}
26531	Sequentially deals Water, Fire, Earth, and Wind Ranged Magic damage totaling MATK * ^{1}${4}%^{2} over @{1} hits to up to ${3} enemies within a ${2}-meter radius of the target within ${1} meters of You, while applying ^{3}【Pull】^{4}. Each attack has a ${5}% Chance to inflict ^{5}^{6}【Frozen】^{7}^{8}, ^{9}^{10}【Meteorite】^{11}^{12}, ^{13}^{14}【Petrify】^{15}^{16}, or ^{17} ^{18}【Stun】^{19} ^{20}. This skill is guaranteed to inflict at least 1 of these Status Effects. While in the ^{21}^{22}【Reading】^{23}^{24} state, consumes ${6} stacks of ^{25}【Book Page】^{26} to cast this skill 1 Extra time.	สร้างความเสียหายเวทย์น้ำ ไฟ ดิน และลมตามลำดับรวมเป็น MATK * ^{1}${4}%^{2}มากกว่า@{1}โจมตีศัตรูสูงสุด${3}ภายในรัศมี${2}- เมตรของเป้าหมายภายใน${1}เมตรของคุณ ขณะทา ^{3}【Pull】^{4}การโจมตีแต่ละครั้งมีโอกาส${5}% ที่จะสร้าง ^{5}^{6}【แช่แข็ง】^{7}^{8}, ^{9}^{10}【อุกกาบาต】^{11}^{12}, ^{13}^{14}【กลายเป็นหิน】^{15}^{16}, หรือ ^{17}^{18}【สตัน】^{19}^{20}รับประกันว่าทักษะนี้จะสร้างเอฟเฟกต์สถานะเหล่านี้อย่างน้อย 1 รายการขณะที่อยู่ในสถานะ ^{21}^{22}【Reading】^{23}^{24}จะใช้${6}stacks ของ ^{25}【Book Page】^{26}เพื่อร่ายทักษะนี้ 1 ช่วงต่อเวลาพิเศษ
26532	An interesting bounty was recently posted on the Prontera bulletin board. It's about an elusive band of Thieves. Those old sticks-in-the-mud in the guard have been investigating for ages without finding a single lead, and I thought this case would be right up your alley.\nThe pay is good, but more importantly, my instincts tell me there's more to this than meets the eye. You're resourceful, so I trust you to investigate it.\nI've already spoken to the guards, so just go take a look at the bounty notice. Follow the trail wherever it leads, and if you need any help, come find me at Eden Group anytime.	มีการโพสต์ค่าหัวที่น่าสนใจบนกระดานข่าว Prontera เมื่อเร็วๆ นี้เป็นเรื่องเกี่ยวกับกลุ่มโจรที่เข้าใจยากแท่งไม้ในโคลนในยามพวกนั้นสืบสวนมานานหลายปีแล้วโดยไม่พบเบาะแสเลยแม้แต่อันเดียว และฉันคิดว่าคดีนี้น่าจะเหมาะกับคุณ\nการจ่ายเงินนั้นดี แต่ที่สำคัญกว่านั้น สัญชาตญาณของฉันบอกฉันว่าสิ่งนี้มีอะไรมากกว่าที่ตาเห็นคุณเป็นคนมีไหวพริบ ฉันจึงวางใจให้คุณตรวจสอบเรื่องนี้\nฉันได้คุยกับเจ้าหน้าที่แล้ว ดังนั้นลองดูประกาศค่าหัวดูสิเดินตามเส้นทางไปทุกที่ และถ้าคุณต้องการความช่วยเหลือ มาหาฉันที่ Eden Group ได้ทุกเมื่อ
26533	Your pathetic attempt at sneaking around is downright painful to watch! What makes a Mouse hiding in the shadows like you think you're worthy of tracking the Z Group?\nYour relentless pursuit may be laughable, but at least you've shown a little courage. In our boundless mercy, we've decided to give you a chance to settle this face-to-face.\nIf you don't want to spend your life as a coward who does nothing but chase rumors around town, come alone to the pond in Southern Payon. We'll be waiting to show you what true power looks like.\nOf course, if you're scared, feel free to keep hiding in your shell!	ความพยายามที่น่าสมเพชของคุณในการด้อม ๆ มองๆ นั้นช่างเจ็บปวดอย่างยิ่งที่ได้ดู!อะไรทำให้หนูซ่อนตัวอยู่ในเงามืดเหมือนกับที่คุณคิดว่าคุณคู่ควรที่จะติดตามกลุ่ม Z?\nการแสวงหาอย่างไม่หยุดยั้งของคุณอาจเป็นเรื่องน่าหัวเราะ แต่อย่างน้อยคุณก็แสดงความกล้าหาญออกมาบ้างแล้วด้วยความเมตตาอันไร้ขอบเขตของเรา เราได้ตัดสินใจที่จะให้โอกาสคุณในการจัดการเรื่องนี้แบบเห็นหน้ากัน\nถ้าไม่อยากใช้ชีวิตเป็นคนขี้ขลาดที่ไม่ทำอะไรนอกจากไล่ตามข่าวลือไปทั่วเมือง มาคนเดียวที่สระน้ำในพยอนใต้เราจะรอให้คุณเห็นว่าพลังที่แท้จริงมีหน้าตาเป็นอย่างไร\nแน่นอน หากคุณกลัว อย่าลังเลที่จะซ่อนตัวอยู่ในกระดองของคุณ!
26534	Each guild may send up to @{1} Members into the Main Battlefield, and only Elite Members may Enter. The Main Battlefield has 3 capture points: Fire, Mountain, and Water. Capturing and maintaining control of these points grants Guild Points. Control is determined by which guild has more Members at the point. After a point is captured, it is Fortified for @{2} seconds and cannot change hands. Once the Battle begins, a Boss appears in the courtyard every @{3} minutes. The player who lands the Final Blow on the Boss receives a flag. Delivering the flag to a point controlled by your guild grants Guild Points.	แต่ละกิลด์สามารถส่งสมาชิกได้ถึง @{1} คนเข้าสู่สนามรบหลัก และมีเพียงสมาชิกระดับสูงเท่านั้นที่สามารถเข้าร่วมได้ สนามรบหลักมีจุดยึด 3 จุด: ไฟ ภูเขา และน้ำ การจับและรักษาการควบคุมคะแนนเหล่านี้จะทำให้ได้รับคะแนนกิลด์ การควบคุมจะถูกกำหนดโดยกิลด์ใดที่มีสมาชิกมากกว่า ณ จุดนั้น หลังจากจุดหนึ่งถูกยึดได้ จุดนั้นจะถูกเสริมความแข็งแกร่งเป็นเวลา @{2} วินาที และไม่สามารถเปลี่ยนมือได้ เมื่อการต่อสู้เริ่มต้นขึ้น บอสจะปรากฏตัวที่ลานบ้านทุก ๆ @{3} นาที ผู้เล่นที่โจมตีบอสครั้งสุดท้ายจะได้รับธง การส่งธงไปยังจุดที่กิลด์ของคุณควบคุมจะทำให้ได้รับคะแนนกิลด์
26535	Each Season includes a series of “Chronicle of Time and Space” quests. Players' completion status will be checked at the time of Season Settlement.\nYou will receive the corresponding reward for every @{1} Chronicle of Time and Space quest completed. Some quests reward the Season-exclusive collectible “Space-Time Emblem,” which can be viewed under “Personal Space - Emblem Wall.”\nAny Chronicle of Time and Space quests left incomplete after the Settlement deadline can no longer be completed.\nWhen the Season ends, the System will automatically send any unclaimed Chronicle of Time and Space rewards by mail.	"ในแต่ละฤดูกาลจะมีชุดภารกิจ ""Chronicle of Time and Space""สถานะความสำเร็จของผู้เล่นจะถูกตรวจสอบในเวลาชำระฤดูกาล\nคุณจะได้รับรางวัลที่สอดคล้องกันสำหรับทุกภารกิจ@{1}Chronicle of Time and Space ที่สำเร็จภารกิจบางภารกิจจะให้รางวัลเป็นของสะสมพิเศษเฉพาะฤดูกาล ""Space-Time Emblem"" ซึ่งสามารถดูได้ที่ ""พื้นที่ส่วนตัว - Emblem Wall""\nภารกิจ Chronicle of Time and Space ใด ๆ ที่ยังไม่สมบูรณ์หลังจากกำหนดเวลา Settlement จะไม่สามารถสำเร็จได้อีกต่อไป\nเมื่อฤดูกาลสิ้นสุดลง ระบบจะส่งรางวัล Chronicle of Time and Space ที่ยังไม่มีการอ้างสิทธิ์ทางไปรษณีย์โดยอัตโนมัติ"
26536	Summons Bloody Butterfly to continuously flap its wings, creating a storm at the target location that Deals Neutral Ranged ^{5}Adaptive Damage^{6} equal to the owner's ^{1}Adaptive Attack^{2}*^{3}${4}%^{4} to up to ${3} enemies within the designated ${2}-meter-radius area within ${1} meters of the owner. Each hit restores HP to the owner equal to the owner's ^{7}Adaptive Attack^{8}*^{9}${5}%^{10}. The final hit Deals Neutral Ranged ^{15}Adaptive Damage^{16} equal to the owner's ^{11}Adaptive Attack^{12}*^{13}${7}%^{14} and restores HP to the owner equal to the owner's ^{17}Adaptive Attack^{18}*^{19}${8}%^{20}.	อัญเชิญผีเสื้อสีเลือดเพื่อกระพือปีกอย่างต่อเนื่อง ทำให้เกิดพายุที่พื้นที่เป้าหมายซึ่งสร้างความเสียหายในระยะเป็นกลาง ^{5}Adaptive Damage^{6}เท่ากับเจ้าของ ^{1}Adaptive Attack^{2}*^{3}${4}%^{4}สูงถึง${3}ศัตรูภายในพื้นที่${2}ที่กำหนด - เมตร-รัศมี ภายใน${1}เมตรของเจ้าของการโจมตีแต่ละครั้งจะฟื้น HP ให้กับเจ้าของเท่ากับ ^{7}Adaptive Attack^{8}*^{9}${5}%^{10}ของเจ้าของการโจมตีครั้งสุดท้ายจะสร้างความเสียหายแบบเป็นกลาง ^{15}Adaptive Damage^{16}เท่ากับของเจ้าของ ^{11}Adaptive Attack^{12}*^{13}${7}%^{14}และฟื้นฟู HP ให้กับเจ้าของเท่ากับของเจ้าของ ^{17}การโจมตีแบบอะแดปทีฟ^{18}*^{19}${8}%^{20}
26537	Concentrate your Soul Buster to distort space, dealing @{1} hits of Ghost Ranged Magic DMG equal to MATK * ^{1}${4}%^{2} (^{3}^{4}Dexterity Resonance ${8}%^{5}^{6}) to a selected ST enemy within a ${1}-meter radius of you and up to ${3} enemies in total within ${2} meters of that enemy, continuously ^{7}【pulling them in】^{8}. Then Terminate the distortion with a Burst, dealing @{2} hits of Ghost Ranged Magic DMG equal to MATK * ^{9}${5}%^{10} (^{11}^{12}Dexterity Resonance ${8}%^{13}^{14}). While ^{15}^{16}【Reading】^{17}^{18} is Active, consumes ${6} stacks of ^{19}【Book Page】^{20} to cast this skill ${7} Extra times.	ตั้งสมาธิ Soul Buster ของคุณเพื่อบิดเบือนพื้นที่ สร้างความเสียหาย@{1}ของ Ghost Ranged Magic DMG เท่ากับ MATK * ^{1}${4}%^{2}(^{3}^{4}Dexterity Resonance${8}%^{5}^{6}) ไปยังศัตรู ST ที่เลือกภายในรัศมี${1}เมตรของคุณและสูงสุด${3}ศัตรูทั้งหมดภายใน${2}เมตรของศัตรูนั้น อย่างต่อเนื่อง ^{7}【ดึงพวกมันเข้ามา】^{8}.จากนั้นยุติการบิดเบือนด้วย Burst สร้างความเสียหายให้กับ@{2}ของ Ghost Ranged Magic DMG เท่ากับ MATK * ^{9}${5}%^{10}(^{11}^{12}Dexterity Resonance${8}%^{13}^{14})ขณะที่ ^{15}^{16}【Reading】^{17}^{18}ทำงานอยู่ จะใช้${6}stacks ของ ^{19}【Book Page】^{20}เพื่อร่ายทักษะนี้${7}เพิ่มเวลา
26538	Drops an iron ball from above, dealing Neutral melee ^{5}adaptive damage^{6} equal to the master's ^{1}Adaptive ATK^{2}*^{3}${4}%^{4} to up to ${3} enemies in a targeted area with a ${2}-meter radius within ${1} meters, with a ${5}% Chance to inflict ^{7}^{8}【Stun】^{9}^{10} for ${6} seconds. When this skill deals damage, or when the master deals damage within ${7} seconds after it is cast, additionally deals Neutral melee ^{15}adaptive damage^{16} equal to the master's ^{11}Adaptive ATK^{12}*^{13}${8}%^{14}, with a ${9}% Chance to inflict ^{17}^{18}【Stun】^{19}^{20} for ${10} seconds (internal Cooldown: ${11} seconds).	ปล่อยลูกเหล็กลงจากด้านบน สร้างความเสียหายระยะประชิดที่เป็นกลาง ^{5}ความเสียหายแบบปรับได้^{6}เท่ากับปรมาจารย์ ^{1}Adaptive ATK^{2}*^{3}${4}%^{4}ไปจนถึงศัตรูสูงสุด${3}ในพื้นที่เป้าหมายด้วยรัศมี${2}เมตร ภายใน${1}เมตร โดยมี${5}% โอกาสที่จะสร้าง ^{7}^{8}【Stun】^{9}^{10}สำหรับ${6}วินาทีเมื่อทักษะนี้สร้างความเสียหาย หรือเมื่อมาสเตอร์สร้างความเสียหายภายใน${7}วินาทีหลังจากร่าย จะสร้างความเสียหายระยะประชิดที่เป็นกลางเพิ่มเติม ^{15}adaptive Damage^{16}เท่ากับของมาสเตอร์ ^{11}Adaptive ATK^{12}*^{13}${8}%^{14}โดยมีโอกาสสร้าง${9}% ที่จะสร้าง ^{17}^{18}【Stun】^{19}^{20}เป็นเวลา${10}วินาที (คูลดาวน์ภายใน:${11}วินาที)
26539	1.The continent of Prontera is never short of Adventurers, and helping one another is considered its highest virtue.\n2.You can add other Adventurers as friends through the game world, chat channels, rankings, and more.\n3.After sending a friend request, you must wait for the other player to accept before you become friends.\n4.Team up with friends to participate in activities and complete quests to earn Intimacy Points and raise your Intimacy Level.\n5.Once you reach the required Intimacy Level, you will receive bonus effects when teamed up together.\n6.Friends can also exchange gifts to increase their Intimacy Points.	1.ทวีปพรอนเทราไม่เคยขาดนักผจญภัย และการช่วยเหลือซึ่งกันและกันถือเป็นคุณธรรมสูงสุด\n2.คุณสามารถเพิ่มนักผจญภัยคนอื่นๆ เป็นเพื่อนผ่านโลกของเกม ช่องแชท อันดับ และอื่นๆ อีกมากมาย\n3.หลังจากส่งคำขอเป็นเพื่อนแล้ว คุณต้องรอให้ผู้เล่นอื่นยอมรับก่อนจึงจะเป็นเพื่อนได้\n4.ร่วมทีมกับเพื่อน ๆ เพื่อเข้าร่วมกิจกรรมและทำภารกิจให้สำเร็จเพื่อรับคะแนนความใกล้ชิดและเพิ่มระดับความใกล้ชิดของคุณ\n5.เมื่อคุณไปถึงระดับความใกล้ชิดที่กำหนด คุณจะได้รับเอฟเฟกต์พิเศษเมื่อรวมทีมเข้าด้วยกัน\n6.เพื่อนยังสามารถแลกเปลี่ยนของขวัญเพื่อเพิ่มคะแนนความใกล้ชิดได้
26540	Uses Soul Buster to gather all Musical Notes, dealing Ghost Ranged Magic damage equal to MATK * ^{1}${4}%^{2} over @{1} hits to the designated ST enemy within a ${1}-meter radius of You and up to ${3} enemies within ${2} meters of the target (^{3}^{4}Dexterity Resonance ${8}%^{5}^{6}), while continuously applying ^{7}【Pull】^{8}. It then Terminate with an explosion, dealing Ghost Ranged Magic damage equal to MATK * ^{9}${5}%^{10} over @{2} hits (^{11}^{12}Dexterity Resonance ${8}%^{13}^{14}). While in the ^{15}^{16}【Reading】^{17}^{18} state, consumes ${6} stacks of ^{19}【Book Page】^{20} to cast this skill ${7} Extra times.	Uses Soul Buster to gather all Musical Notes, dealing Ghost Ranged Magic damage equal to MATK * ^{1}${4}%^{2}over@{1}hits to the designated ST enemy within a${1}-meter radius of You and up to${3}ศัตรูที่อยู่ในระยะ${2}เมตรของเป้าหมาย (^{3}^{4}Dexterity Resonance${8}%^{5}^{6}) ในขณะที่ใช้งานอย่างต่อเนื่อง ^{7}【ดึง】^{8}.จากนั้นยุติด้วยการระเบิด สร้างความเสียหายเวทย์ Ghost Ranged เท่ากับ MATK * ^{9}${5}%^{10}มากกว่าการโจมตีของ@{2}(^{11}^{12}Dexterity Resonance${8}%^{13}^{14})ขณะที่อยู่ในสถานะ ^{15}^{16}【Reading】^{17}^{18}จะใช้${6}stacks ของ ^{19}【Book Page】^{20}เพื่อร่ายทักษะนี้${7}เพิ่มเวลา
26541	Shield skill. Can only be used in Gryphon State. Raise your Shield for ${11} seconds, protecting you and up to ${15} allies within a ${1}-meter radius and reducing DMG taken by ^{1}${4}%^{2}. During this time, your MSPD is ^{3}【reduced】^{4} by ${9}%, but you have ^{5}^{6}Immunity^{7}^{8}. Every ${7} seconds, inflict a ${5}-meter ^{9}Knockback^{10} in the direction you are Facing on up to ${12} members of the Enemy Team within ${5} meters in front of you and deal Neutral Melee Physical DMG equal to your PATK * ^{11}${13}%^{12}. When an enemy in front of you Deals DMG to you, trigger ^{13}^{14}【Spear Auto Counter】^{15}^{16}.	ทักษะโล่ใช้ได้เฉพาะในรัฐกริฟฟอนเท่านั้นยกโล่ของคุณขึ้นเป็นเวลา${11}วินาที ปกป้องคุณและพันธมิตร${15}ภายในรัศมี${1}เมตร และลดความเสียหายที่ได้รับโดย ^{1}${4}%^{2}ในช่วงเวลานี้ MSPD ของคุณคือ ^{3}【ลดลง】^{4}โดย${9}% แต่คุณมี ^{5}^{6}Immunity^{7}^{8}ทุก ๆ${7}วินาที สร้างความเสียหายให้กับ${5}-meter ^{9}Knockback^{10}ไปในทิศทางที่คุณกำลังเผชิญอยู่จนถึงสมาชิก${12}ของทีมศัตรูที่อยู่ในระยะ${5}เมตรข้างหน้าคุณ และทำความเสียหายกายภาพระยะประชิดเป็นกลางเท่ากับ PATK ของคุณ * ^{11}${13}%^{12}.เมื่อศัตรูที่อยู่ตรงหน้าคุณสร้างความเสียหายให้กับคุณ เรียกใช้ ^{13}^{14}【Spear Auto Counter】^{15}^{16}
26542	During the event, participate in specific activities for a Chance to obtain Crystals. Crystals can be obtained from the following activities:\n@{1}. Daily MVP participation rewards\n@{2}. Rewards for making a total of @{3}, @{4}, @{5}, or @{6} Guild Supply submissions\n@{7}. Final Daily Activity Chest reward\nCollect a complete set of Crystals to open the Memory Coffer—the chest on the event page—and claim generous rewards. You can also request Crystals from Guild Members. Open the Memory Coffer multiple times to gradually unlock the progress reward, ^{1}Coffer of the Future^{2}, which contains rare resources for the next Season.	ในช่วงกิจกรรม เข้าร่วมกิจกรรมเฉพาะเพื่อลุ้นรับคริสตัลสามารถรับคริสตัลได้จากกิจกรรมต่อไปนี้:\n@{1}รางวัลการเข้าร่วม MVP รายวัน\n@{2}รางวัลสำหรับการสร้าง@{3},@{4},@{5}หรือ@{6}รวมการส่งเสบียงกิลด์\n@{7}รางวัลหีบกิจกรรมรายวันขั้นสุดท้าย\nรวบรวมคริสตัลครบชุดเพื่อเปิดคลังความทรงจำ—หีบในหน้ากิจกรรม—และรับรางวัลมากมายคุณสามารถขอคริสตัลจากสมาชิกกิลด์ได้เปิดคลังความทรงจำหลายๆ ครั้งเพื่อค่อยๆ ปลดล็อครางวัลความคืบหน้า ^{1}Coffer of the Future^{2}ซึ่งมีทรัพยากรที่หายากสำหรับฤดูกาลหน้า
26543	Send an Invite: Rules\n@{1}.Sending a merge invite means ^{1}your guild is inviting the other guild to Merge into your guild^{2}.\n@{2}.After you send a merge invite, the merge process will begin once the other guild agrees and adjusts the number of members who will Merge into your guild so that it does not exceed your guild's available capacity.\n@{3}.The merge will be officially completed ^{3}at 5:00 AM the following day^{4}. If the other guild has more members to merge than your guild can accept when the merge occurs, the merge will fail.\n@{4}.If the merge fails, neither guild will undergo any changes or be affected in any way.	ส่งคำเชิญ: กฎ\n@{1}การส่งคำเชิญรวมหมายถึง ^{1}กิลด์ของคุณกำลังเชิญกิลด์อื่นให้รวมเข้ากับกิลด์ของคุณ^{2}\n@{2}หลังจากที่คุณส่งคำเชิญการรวม กระบวนการรวมจะเริ่มเมื่อกิลด์อื่นตกลงและปรับจำนวนสมาชิกที่จะรวมเข้ากับกิลด์ของคุณ เพื่อไม่ให้เกินความจุที่มีอยู่ของกิลด์ของคุณ\n@{3}.การรวมจะเสร็จสมบูรณ์อย่างเป็นทางการ ^{3}เวลา 5:00 น. ของวันถัดไป^{4}หากกิลด์อื่นมีสมาชิกที่จะรวมมากกว่าที่กิลด์ของคุณสามารถยอมรับได้เมื่อมีการรวม การรวมจะล้มเหลว\n@{4}.หากการรวมล้มเหลว จะไม่มีกิลด์ใดได้รับการเปลี่ยนแปลงหรือได้รับผลกระทบใดๆ
26544	@{1}.The continent of Prontera is never short on Adventurers, and helping one another is its noblest virtue.\n@{2}.You can add other Adventurers as friends through the game world, chat channels, rankings, and more.\n@{3}.After sending a friend request, you must wait for the other player to accept before you become friends.\n@{4}.Team up with friends to participate in activities, complete quests, and more to earn Intimacy Points and raise your Intimacy Level.\n@{5}.Once you reach the required Intimacy Level, you will receive bonus effects when teaming up together.\n@{6}.Friends can also exchange gifts to increase their Intimacy Points.	@{1}.ทวีป Prontera นั้นเต็มไปด้วยนักผจญภัยเสมอ และการช่วยเหลือซึ่งกันและกันถือเป็นคุณธรรมที่สูงส่ง\n@{2}.คุณสามารถเพิ่มนักผจญภัยคนอื่นๆ เป็นเพื่อนได้ผ่านโลกของเกม ช่องสนทนา อันดับ และอื่นๆ\n@{3}.หลังจากส่งคำขอเป็นเพื่อนแล้ว คุณต้องรอให้ผู้เล่นคนอื่นยอมรับก่อนจึงจะกลายมาเป็นเพื่อนได้\n@{4}.ร่วมทีมกับเพื่อนเพื่อมีส่วนร่วมในกิจกรรม ทำภารกิจให้สำเร็จ และอื่นๆ อีกมากมายเพื่อรับรายได้ คะแนนความสนิทสนมและเพิ่มระดับความสนิทสนมของคุณ\n@{5}เมื่อคุณถึงระดับความสนิทสนมที่กำหนด คุณจะได้รับเอฟเฟกต์พิเศษเมื่อรวมทีมเข้าด้วยกัน\n@{6} นอกจากนี้เพื่อนๆ ยังสามารถแลกเปลี่ยนของขวัญเพื่อเพิ่มคะแนนความสนิทสนมของพวกเขาได้
26545	This event centers on Territory War and consists of two main parts:\n@{1}. Guild Quests: Rewards\nDuring the event, guilds can participate in Territory War and complete point-based quests, allowing each Guild Member to earn the corresponding rewards.\n@{2}. Guild Total Points Ranking Rewards\nDuring the event, the System will rank guilds across the Entire Server based on the Total Points accumulated by their members in Territory War. After the event ends, the highest-ranking guilds will receive tier-based rewards that all alliance members can claim. These rewards will provide vital resources and strategic advantages in future Territory Wars.	กิจกรรมนี้มีศูนย์กลางอยู่ที่ Territory War และประกอบด้วยสองส่วนหลัก:\n@{1}ภารกิจกิลด์: รางวัล\nในระหว่างกิจกรรม กิลด์สามารถเข้าร่วมในสงครามอาณาเขตและทำภารกิจตามคะแนนให้สำเร็จ เพื่อให้สมาชิกกิลด์แต่ละคนได้รับรางวัลที่เกี่ยวข้อง\n@{2}.รางวัลการจัดอันดับคะแนนรวมกิลด์\nในระหว่างกิจกรรม ระบบจะจัดอันดับกิลด์ทั่วทั้งเซิร์ฟเวอร์ตามคะแนนรวมที่สะสมโดยสมาชิกในสงครามอาณาเขตหลังจากกิจกรรมสิ้นสุดลง กิลด์ที่มีอันดับสูงสุดจะได้รับรางวัลตามระดับที่สมาชิกพันธมิตรทุกคนสามารถรับได้รางวัลเหล่านี้จะมอบทรัพยากรที่สำคัญและความได้เปรียบเชิงกลยุทธ์ในสงครามดินแดนในอนาคต
26546	Shield skill. The Crusader unleashes the power of Protection, removing all Control effects from you and redirecting ^{1}${1}%^{2} of the DMG taken by up to ${2} allies within a ${7}-meter radius to you for ${8} seconds. During this time, taking DMG restores HP equal to ^{3}${4}%^{4} of the DMG taken, and you and the selected allies gain ^{5}Debuff Immunity^{6}. Up to ${8} enemies within range gain ${5}% ^{7}【Slow】^{8} every ${9} seconds, stacking up to ${10} times. At ${10} stacks, Slow is converted into ^{9}^{10}【Stun】^{11}^{12} for ${6} seconds and ^{13}【Slow】^{14} is removed. Damage Sharing does not affect allied targets under 【Devotion】.	ทักษะโล่Crusader ปลดปล่อยพลังแห่งการป้องกัน ลบเอฟเฟกต์การควบคุมทั้งหมดออกจากคุณ และเปลี่ยนเส้นทาง ^{1}${1}%^{2}ของความเสียหายที่พันธมิตรสูงสุด${2}ได้รับภายในรัศมี${7}เมตรถึงคุณเป็นเวลา${8}วินาทีในช่วงเวลานี้ การรับความเสียหายจะฟื้นฟู HP เท่ากับ ^{3}${4}%^{4}ของความเสียหายที่ได้รับ และคุณและพันธมิตรที่เลือกจะได้รับ ^{5}ภูมิคุ้มกันดีบัฟ^{6}ศัตรูที่อยู่ในระยะสูงสุด${8}จะได้รับ${5}% ^{7}【ช้า】^{8}ทุกๆ${9}วินาที ซ้อนกันได้สูงสุด${10}ครั้งที่สแต็ค${10}ค่า Slow จะถูกแปลงเป็น ^{9}^{10}【Stun】^{11}^{12}สำหรับ${6}วินาที และ ^{13}【Slow】^{14}จะถูกลบออกการแบ่งความเสียหายไม่ส่งผลต่อเป้าหมายพันธมิตรภายใต้ 【ความจงรักภักดี】
26547	@{1}. Registration Phase\nWhen the event begins, you have 5 minutes to register. After registering, you will Enter the registration Location. When registration ends, players still in the registration Location will Wait briefly for matchmaking.\n@{2}.Victory Conditions\nThe first Faction to reach @{3} Faction points wins. If neither does, the Faction with the most points when time expires wins.\n@{4}.Faction Scoring Rules\nScore by killing Players, damaging the Boss, reducing the Boss to @{5}% HP, killing the Boss, or killing minor monsters.\n@{6}.Battlefield Skill\nBattlefield Skills periodically appear nearby. Pick them up to gain powerful skills.	@{1}. ขั้นตอนการลงทะเบียน\nเมื่อกิจกรรมเริ่มต้น คุณมีเวลา 5 นาทีในการลงทะเบียน หลังจากลงทะเบียน คุณจะเข้าสู่สถานที่ลงทะเบียน เมื่อการลงทะเบียนสิ้นสุดลง ผู้เล่นที่ยังอยู่ในสถานที่ลงทะเบียนจะรอสักครู่เพื่อทำการจับคู่\n@{2}.เงื่อนไขชัยชนะ\nฝ่ายแรกที่ไปถึงคะแนนฝ่าย@{3}เป็นฝ่ายชนะ หากไม่เป็นเช่นนั้น ฝ่ายที่มีคะแนนมากที่สุดเมื่อหมดเวลาจะเป็นฝ่ายชนะ\n@{4}.กฎการให้คะแนนฝ่าย\nทำคะแนนโดยการฆ่าผู้เล่น สร้างความเสียหายให้กับบอส ลดบอสให้เหลือ@{5}% HP ฆ่าบอส หรือฆ่ามอนสเตอร์รอง\n@{6}.ทักษะสนามรบ\nทักษะสนามรบ จะปรากฏเป็นระยะๆ ในบริเวณใกล้เคียง เลือกพวกเขาเพื่อรับทักษะอันทรงพลัง
26548	"I hope you can spare a moment. Ever since I heard about you riding a giant ant through the nest, I haven't been able to get that incredible image out of my mind. Drawing on our... ahem, less-than-pleasant shared experience, I successfully reverse-engineered a unique pheromone from the remaining Ant Queen carapace samples. I believe I've found the ""key"" to recreating your extraordinary feat!\nThis is an absolutely fascinating case study in biology, and I urgently need a witness. Please meet me in the woods near Prontera West Gate.\nOne more thing: If it's not too much trouble, could you bring me a sandwich on your way? My lunch has disappeared again."	"ฉันหวังว่าคุณจะสละเวลาสักครู่ตั้งแต่ฉันได้ยินเรื่องที่คุณขี่มดยักษ์เข้าไปในรัง ฉันก็ไม่สามารถดึงภาพอันน่าทึ่งนั้นออกจากใจได้จาก... อะแฮ่ม ประสบการณ์ที่ไม่ค่อยน่าพอใจร่วมกันของเรา ฉันประสบความสำเร็จในการวิศวกรรมย้อนกลับฟีโรโมนที่มีเอกลักษณ์เฉพาะจากตัวอย่างกระดอง Ant Queen ที่เหลือฉันเชื่อว่าฉันได้พบ ""กุญแจ"" ในการสร้างความสำเร็จอันพิเศษของคุณแล้ว!\nนี่เป็นกรณีศึกษาทางชีววิทยาที่น่าสนใจอย่างยิ่ง และฉันต้องการพยานอย่างเร่งด่วนกรุณาไปพบฉันในป่าใกล้ประตูทิศตะวันตกพรอนเทรา\nอีกประการหนึ่ง: ถ้าไม่เป็นปัญหามากเกินไป คุณช่วยเอาแซนด์วิชระหว่างทางมาให้ฉันหน่อยได้ไหม?มื้อเที่ยงของฉันหายไปอีกแล้ว"
26549	@{1}.Each Equipment Refine Level has a fixed Success Rate.\n@{2}.Refining has a Chance to fail, and Refinement Failed may reduce the Refine Level by @{3}.\n@{4}.Refinement Failed or a Refine Level reduction grants a certain amount of LUK. The more consecutive level reductions, the more Extra LUK is granted.\n@{5}.At safe Refine Levels, Refinement Failed will not reduce the Refine Level. Safe Refine Levels: @{6}/@{7}/@{8}/@{9}/@{10}. There are @{11} Refine Levels in total.\n@{12}.When using Blessed Ore, Refinement Failed will not reduce the Refine Level. Legend Ore increases the Refinement Success Rate and also prevents Refine Level reduction upon failure.	@{1}.ระดับการขัดเกลาอุปกรณ์แต่ละระดับมีอัตราความสำเร็จคงที่\n@{2}การขัดเกลามีโอกาสล้มเหลว และการขัดเกลาล้มเหลวอาจลดระดับการขัดเกลาลง @{3}\n@{4} การขัดเกลาล้มเหลวหรือการลดระดับการขัดเกลาจะทำให้ได้รับ LUK จำนวนหนึ่ง ยิ่งลดระดับติดต่อกันมากเท่าใด ก็จะยิ่งได้รับ LUK พิเศษมากขึ้นเท่านั้น\n@{5}ที่ระดับการขัดเกลาที่ปลอดภัย การขัดเกลาล้มเหลวจะไม่ลดระดับการขัดเกลา ระดับการปรับปรุงที่ปลอดภัย: @{6}/@{7}/@{8}/@{9}/@{10} มีระดับการขัดเกลาทั้งหมด @{11} ระดับ\n@{12}เมื่อใช้ Blessed Ore การขัดเกลาล้มเหลวจะไม่ลดระดับการขัดเกลา Legend Ore จะเพิ่มอัตราความสำเร็จในการขัดเกลา และยังป้องกันการลดระดับการขัดเกลาเมื่อล้มเหลว
26550	Shield-exclusive skill. The Crusader invokes the power of Protection, using Dispel on You and redirecting ^{1}${1}%^{2} of the damage taken by up to ${2} allies within a ${7}-meter radius to You for ${8} seconds. During this time, when You take damage, You recover HP equal to ^{3}${4}%^{4} of the damage taken, and You and the selected allies gain ^{5}Debuff Immunity^{6}. Up to ${8} targets on the Enemy Team within range gain a ${5}% ^{7}Slow^{8} stack every ${9} seconds, up to ${10} stacks. At ${10} stacks, Slow becomes a ${6}-second ^{9}Stun^{10}, and all ^{11}Slow^{12} stacks are removed. Damage Sharing is not Active for allied targets under [Devotion].	ทักษะพิเศษเฉพาะโล่ครูเซเดอร์เรียกพลังแห่งการปกป้อง โดยใช้การลบล้างคุณและเปลี่ยนเส้นทาง ^{1}${1}%^{2}ของความเสียหายที่ได้รับโดยพันธมิตรสูงสุด${2}ภายในรัศมี${7}เมตรมาหาคุณเป็นเวลา${8}วินาทีในช่วงเวลานี้ เมื่อคุณได้รับความเสียหาย คุณจะฟื้นฟู HP เท่ากับ ^{3}${4}%^{4}ของความเสียหายที่ได้รับ และคุณและพันธมิตรที่เลือกจะได้รับ ^{5}Debuff Immunity^{6}เป้าหมายสูงสุด${8}ของทีมศัตรูที่อยู่ในระยะจะได้รับ${5}% ^{7}Slow^{8}สแต็คทุกๆ${9}วินาที สูงสุดถึง${10}สแต็คที่สแต็ก${10}Slow จะกลายเป็น${6}-second ^{9}Stun^{10}และสแต็ก ^{11}Slow^{12}ทั้งหมดจะถูกลบออกการแบ่งความเสียหายจะไม่ทำงานสำหรับเป้าหมายพันธมิตรภายใต้ [ความจงรักภักดี]
26551	Can be used while riding the Demonic Wolf. Commands the Demonic Wolf to Charge the designated ST target within ${1} meters, dealing PATK * ^{1}${2}%^{2} Neutral Melee Physical DMG (^{3}^{4}Agility Resonance ${10}%^{5}^{6}). If you are riding the Demonic Wolf, inflicts ^{7}^{8}【Stun】^{9}^{10} on the target for ${3} seconds, grants you a ^{11}${4}%^{12} Physical DMG Bonus, and reduces the target's healing received by ^{13}${5}%^{14} for ${6} seconds. Additionally, every ${7} seconds, using Focused Arrow Strike casts this skill on the target, dealing PATK * ^{15}${11}%^{16} Neutral Ranged Physical DMG and inflicting ^{17}【Slow】^{18} by ${8}% for ${9} seconds.	สามารถใช้ได้ขณะขี่ Demonic Wolfสั่งให้ปีศาจหมาป่าชาร์จเป้าหมาย ST ที่กำหนดภายในระยะ${1}เมตร สร้าง PATK * ^{1}${2}%^{2}สร้างความเสียหายทางกายภาพระยะประชิดแบบเป็นกลาง (^{3}^{4}Agility Resonance${10}%^{5}^{6})หากคุณกำลังขี่ Demonic Wolf ทำให้ ^{7}^{8}【Stun】^{9}^{10}ไปที่เป้าหมายเป็นเวลา${3}วินาที จะทำให้คุณได้รับ ^{11}${4}%^{12}Physicalโบนัส DMG และลดการรักษาของเป้าหมายที่ได้รับ ^{13}${5}%^{14}เป็นเวลา${6}วินาทีนอกจากนี้ ทุก ๆ${7}วินาทีที่ใช้ Focused Arrow Strike จะร่ายทักษะนี้ไปยังเป้าหมาย สร้าง PATK * ^{15}${11}%^{16}สร้างความเสียหายกายภาพระยะไกลแบบเป็นกลางและสร้างความเสียหาย ^{17}【ช้า】^{18}โดย${8}% สำหรับ${9}วินาที
26552	@{1}.Participating in Survivor Battle grants Rank Points. Your rank automatically receives a Level-up when your points reach the limit.\n@{2}.There are @{3} ranks in total: Trainee, Rookie, Warrior, Elite, Moonlit Challenger, Dominator, and Legendary Survivor. To become a Legendary Survivor, you must rank among the top @{4} players on the Entire Server and have at least @{5} points in Dominator.\n@{6}.Trainees cannot be demoted. Rookies and above can lose minor ranks, while Dominators and above can lose major ranks.\n@{7}.Idling and similar behavior during a match will be penalized. Penalties are applied directly to your Rank Points, so please participate actively.	@{1}.การเข้าร่วม Survivor Battle จะทำให้ได้รับคะแนนอันดับ อันดับของคุณจะได้รับการเพิ่มระดับโดยอัตโนมัติเมื่อคะแนนของคุณถึงขีดจำกัด\n@{2} มีอันดับทั้งหมด @{3}: ผู้ฝึกหัด, มือใหม่, นักรบ, อีลิท, ผู้ท้าชิงแสงจันทร์, Dominator และผู้รอดชีวิตระดับตำนาน ในการเป็นผู้รอดชีวิตระดับตำนาน คุณจะต้องจัดอันดับให้เป็นหนึ่งในผู้เล่น @{4} อันดับสูงสุดในเซิร์ฟเวอร์ทั้งหมด และมีคะแนนอย่างน้อย @{5} ใน Dominator\n@{6} ผู้ฝึกหัดไม่สามารถลดระดับได้ ผู้เล่นหน้าใหม่และที่สูงกว่าอาจสูญเสียอันดับรอง ในขณะที่ Dominators และสูงกว่าอาจสูญเสียอันดับหลัก\n@{7} การไม่ทำงานและพฤติกรรมที่คล้ายกันระหว่างการแข่งขันจะถูกลงโทษ บทลงโทษจะมีผลกับคะแนนอันดับของคุณโดยตรง ดังนั้นโปรดเข้าร่วมอย่างจริงจัง
26553	@{1}. After each BOSS is unlocked, you receive one ^{1}fixed First Clear Reward Count^{2}. ^{3}The First Clear Reward Count is not reset by the weekly reset.^{4}\n@{2}. Every Monday at @{3}:@{4}, the ^{5}highest-level unlocked dungeon^{6} has its Reward Count refreshed. ^{7}After the Hidden Land opens, only the Hidden Land's Reward Count will increase.^{8}\n@{5}. Dungeon challenges ^{9}have no attempt limit^{10}, but Adventurers without a Reward Count receive no rewards and cannot participate in auctions or receive Auction Dividends.\n@{6}. A Boss's weekly Reward Count ^{11}can accumulate for up to two weeks^{12}. The First Clear Reward Count does not count toward this limit.	@{1} หลังจากปลดล็อคบอสแต่ละตัวแล้ว คุณจะได้รับ ^{1}จำนวนรางวัลเคลียร์ครั้งแรกคงที่^{2} ^{3}จำนวนรางวัลจากการเคลียร์ครั้งแรกจะไม่ถูกรีเซ็ตโดยการรีเซ็ตรายสัปดาห์^{4}\n@{2} ทุกวันจันทร์ที่ @{3}:@{4} ^{5}ดันเจี้ยนที่ปลดล็อคระดับสูงสุด^{6} จะมีการรีเฟรชจำนวนรางวัล ^{7}หลังจากที่ดินแดนที่ซ่อนอยู่เปิดขึ้น เฉพาะจำนวนรางวัลของดินแดนที่ซ่อนอยู่เท่านั้นที่จะเพิ่มขึ้น^{8}\n@{5} ความท้าทายในดันเจี้ยน ^{9}ไม่มีการจำกัดจำนวนครั้ง^{10} แต่นักผจญภัยที่ไม่มีจำนวนรางวัลจะไม่ได้รับรางวัลและไม่สามารถเข้าร่วมการประมูลหรือรับเงินปันผลจากการประมูลได้\n@{6} จำนวนรางวัลประจำสัปดาห์ของบอส ^{11}สามารถสะสมได้สูงสุดสองสัปดาห์^{12} การนับรางวัลเคลียร์ครั้งแรกจะไม่นับรวมในขีดจำกัดนี้
26554	I sent letters to both Professor Ryan and the Captain, but neither has responded. I suspect you're probably with them, so I'm sending this letter directly to you.\nTo make a long story short, we have a difficult situation. A caravan traveling overland from Juno with an important package for the Professor was attacked by Baphomet near the edge of the forest—again. The cargo is currently missing, but fortunately, most of the caravan members suffered only minor injuries and made it back safely.\nThis matter must be handled as soon as possible. If you can, please make sure the Professor and the Captain hear about it.\nI've enclosed the exact location and details with this letter.	ฉันส่งจดหมายถึงทั้งศาสตราจารย์ไรอันและกัปตันแล้ว แต่ไม่มีการตอบกลับเลยฉันสงสัยว่าคุณคงอยู่กับพวกเขา ดังนั้น ฉันจึงส่งจดหมายนี้ถึงคุณโดยตรง\nเพื่อให้เรื่องยาวสั้น เรามีสถานการณ์ที่ยากลำบากคาราวานที่เดินทางจากจูโนพร้อมพัสดุสำคัญสำหรับศาสตราจารย์ถูกบาโฟเมตโจมตีใกล้ชายป่าอีกครั้งขณะนี้สินค้าสูญหายไป แต่โชคดีที่สมาชิกคาราวานส่วนใหญ่ได้รับบาดเจ็บเพียงเล็กน้อยและกลับมาได้อย่างปลอดภัย\nเรื่องนี้จะต้องได้รับการจัดการโดยเร็วที่สุดหากทำได้ โปรดแน่ใจว่าศาสตราจารย์และกัปตันได้ยินเรื่องนี้\nฉันได้แนบตำแหน่งและรายละเอียดที่แน่นอนมาพร้อมกับจดหมายนี้แล้ว
26555	During the event, participate in active content (MVP, Guild Recruitment, and Daily Activity Chests) for a chance to obtain Crystals. Collect a complete set of Crystals to open a Box of Memories (the chest on the event page) and claim bountiful rewards.\nA complete set of Crystals includes:\n@{1}. Crystal of Pain\n@{2}. Crystal of Joy\n@{3}. Crystal of Doubt\n@{4}. Crystal of Regret\n@{5}. Crystal of Vows\nCollect @{6} of each to create the chest. You can also obtain Crystals by requesting them from Alliance Members.\nOpen the “Box of Memories” multiple times to gradually unlock the progress reward, the ^{1}Box of the Future^{2}, which contains rare resources for the next Season.	"ในช่วงกิจกรรม เข้าร่วมเนื้อหาที่ใช้งาน (MVP, การรับสมัครกิลด์ และหีบกิจกรรมรายวัน) เพื่อลุ้นรับคริสตัลสะสมคริสตัลให้ครบชุดเพื่อเปิดกล่องแห่งความทรงจำ (หีบในหน้ากิจกรรม) และรับรางวัลมากมาย\nชุดคริสตัลครบชุดประกอบด้วย:\n@{1}คริสตัลแห่งความเจ็บปวด\n@{2}.คริสตัลแห่งจอย\n@{3}.คริสตัลแห่งความสงสัย\n@{4}.คริสตัลแห่งความเสียใจ\n@{5}.Crystal of Vows\nรวบรวม@{6}ของแต่ละตัวเพื่อสร้างหน้าอกคุณยังสามารถรับคริสตัลได้โดยการขอจากสมาชิกพันธมิตร\nเปิด ""กล่องแห่งความทรงจำ"" หลายๆ ครั้งเพื่อค่อยๆ ปลดล็อกรางวัลความคืบหน้า ^{1}Box of the Future^{2}ซึ่งมีทรัพยากรหายากสำหรับฤดูกาลหน้า"
26556	"I can't believe you managed to slip away from Moonlight Flower. You've got some skill after all, unlike the fools who came before you.\nIt seems you've barely passed the first round of our carefully designed ""qualification test."" After all, anyone who can't even play the game has no right to challenge us.\nBut don't get cocky. That was just a warm-up. If you truly think you have what it takes to stand against us, come settle this at the Sandsea Labyrinth in South Morroc (exact coordinates: @{1}, @{2}).\nWe solemnly swear that we will keep our word this time and face you in a fair fight!\nP.S. If you lose, everything you're carrying belongs to us. The victor deserves to take all."	"ฉันไม่อยากจะเชื่อเลยว่าคุณจะหลุดพ้นจาก Moonlight Flower ได้ในที่สุดคุณก็มีทักษะบางอย่างไม่เหมือนกับคนโง่ที่มาก่อนคุณ\nดูเหมือนว่าคุณแทบจะไม่ผ่าน ""การทดสอบคุณสมบัติ"" รอบแรกที่ออกแบบมาอย่างรอบคอบของเราเลยท้ายที่สุดแล้ว ใครก็ตามที่ไม่สามารถเล่นเกมได้ก็ไม่มีสิทธิ์ท้าทายเรา\nแต่อย่าอวดดีนะครับนั่นเป็นเพียงการอุ่นเครื่องหากคุณคิดว่าคุณมีความสามารถพอที่จะต่อต้านเราจริงๆ มาตั้งถิ่นฐานที่ Sandsea Labyrinth ใน South Morroc (พิกัดที่แน่นอน:@{1},@{2})\nเราขอสาบานอย่างจริงจังว่าเราจะรักษาคำพูดในครั้งนี้และเผชิญหน้ากับคุณในการต่อสู้ที่ยุติธรรม!\nหากคุณสูญเสีย ทุกสิ่งที่คุณถืออยู่เป็นของเราผู้ชนะสมควรได้รับทั้งหมด"
26557	Victory in the Stronghold Assault!\nStronghold Phase\n@{1}.Assault Preparation Phase:\nDuring this phase, players from opposing Factions cannot attack each other. Attackers may move outside the stronghold area, while defenders may move freely throughout the entire area. Use this time to gather intelligence, coordinate tactics, and prepare for battle.\n@{2}.Stronghold Assault Phase:\nEach stronghold has a banner that attackers can damage. The Guild of the player who deals the final blow temporarily takes control of the stronghold. If the stronghold is not captured again within a certain period, it will be locked, and that Guild will retain control of it for the rest of the battle.	ชัยชนะในการจู่โจมฐานที่มั่น!\nStronghold Phase\n@{1}.ระยะเตรียมการโจมตี:\nในระหว่างเฟสนี้ ผู้เล่นจากฝ่ายตรงข้ามจะไม่สามารถโจมตีกันเองได้ผู้โจมตีอาจเคลื่อนที่ออกนอกพื้นที่ฐานที่มั่น ในขณะที่ฝ่ายป้องกันอาจเคลื่อนที่อย่างอิสระทั่วทั้งพื้นที่ใช้เวลานี้เพื่อรวบรวมข่าวกรอง ประสานงานยุทธวิธี และเตรียมพร้อมสำหรับการต่อสู้\n@{2}.ระยะโจมตีฐานที่มั่น:\nที่มั่นแต่ละแห่งมีธงที่ผู้โจมตีสามารถสร้างความเสียหายได้กิลด์ของผู้เล่นที่ทำการโจมตีครั้งสุดท้ายจะเข้าควบคุมฐานที่มั่นชั่วคราวหากฐานที่มั่นไม่ถูกยึดอีกครั้งภายในระยะเวลาหนึ่ง มันจะถูกล็อค และกิลด์นั้นจะยังคงควบคุมมันไปตลอดการต่อสู้ที่เหลือ
26558	@{1}.Participating in Battle of Dragon Coffin Island grants rank points. Your rank will automatically Level-up when your points reach the cap.\n@{2}.There are @{3} ranks in total: Trainee, Rookie, Warrior, Elite, Moonlit Challenger, Overlord, and Legendary Survivor. To become a Legendary Survivor, you must rank among the top @{4} on the Entire Server and have at least @{5} points in Overlord.\n@{6}.You cannot be demoted from Trainee. At Rookie and Above, you can lose minor ranks. At Overlord and Above, you can lose major ranks.\n@{7}.Auto Mode and Other inactive behavior during a match will be penalized. Penalties Apply directly to your rank points, so please participate actively.	@{1}.การเข้าร่วม Battle of Dragon Coffin Island จะได้รับคะแนนอันดับ อันดับของคุณจะเพิ่มขึ้นโดยอัตโนมัติเมื่อคะแนนของคุณถึงขีดจำกัด\n@{2} มีทั้งหมด @{3} อันดับ: ผู้ฝึกหัด, มือใหม่, นักรบ, ผู้ดีเลิศ, ผู้ท้าชิงแสงจันทร์, โอเวอร์ลอร์ด และผู้รอดชีวิตในตำนาน ในการเป็นผู้รอดชีวิตระดับตำนาน คุณจะต้องจัดอันดับให้อยู่ในอันดับสูงสุด @{4} บนทั้งเซิร์ฟเวอร์ และมีคะแนนอย่างน้อย @{5} ใน Overlord\n@{6} คุณไม่สามารถลดระดับจาก Trainee ได้ ที่ Rookie และสูงกว่า คุณสามารถสูญเสียอันดับรองได้ ที่ Overlord และสูงกว่า คุณสามารถสูญเสียอันดับหลักได้\n@{7} โหมดอัตโนมัติและพฤติกรรมที่ไม่ได้ใช้งานอื่นๆ ในระหว่างการแข่งขันจะถูกลงโทษ บทลงโทษใช้กับคะแนนอันดับของคุณโดยตรง ดังนั้นโปรดเข้าร่วมอย่างแข็งขัน
26559	1. The Trade Exchange is the official platform for buying and selling items.\n2. Some rare items can be priced freely without restrictions.\n3. Rare items have a public listing period. They can only be traded once this period ends.\n4. After a successful purchase or sale, the item or proceeds will be sent by mail. Be sure to claim them promptly.\n5. You can follow items to check their sale status at any time.\n6. Listings remain active for a limited time. Unsold items will automatically be returned by mail when their listing expires.\n7. After an item is sold, Trade Tax will be deducted from the seller's proceeds. The applicable tax rate depends on the seller's total Trade amount This Week.	1. Trade Exchange เป็นแพลตฟอร์มอย่างเป็นทางการสำหรับการซื้อและขายสินค้า\n2. สินค้าหายากบางรายการสามารถตั้งราคาได้อย่างอิสระโดยไม่มีข้อจำกัด\n3. ของหายากมีระยะเวลาการจดทะเบียนต่อสาธารณะ สามารถซื้อขายได้เมื่อสิ้นสุดระยะเวลานี้เท่านั้น\n4. หลังจากการซื้อหรือการขายสำเร็จ รายการหรือรายได้จะถูกส่งทางไปรษณีย์ อย่าลืมอ้างสิทธิ์ทันที\n5. คุณสามารถติดตามสินค้าเพื่อตรวจสอบสถานะการขายได้ตลอดเวลา\n6. รายการสินค้ายังคงใช้งานได้ในช่วงระยะเวลาที่จำกัด สินค้าที่ยังไม่ได้ขายจะถูกส่งกลับทางไปรษณีย์โดยอัตโนมัติเมื่อรายการหมดอายุ\n7. หลังจากขายสินค้าแล้ว ภาษีการค้าจะถูกหักออกจากรายได้ของผู้ขาย อัตราภาษีที่ใช้บังคับขึ้นอยู่กับจำนวนการค้ารวมของผู้ขายในสัปดาห์นี้
26560	Shield-exclusive skill. Deals Neutral melee Physical damage equal to PATK*^{1}${1}%+${12}^{2} to up to ${8} Enemy Team targets within a ${11}-meter radius around You and grants You a 【Casting Shield】 equal to ${3}%^{4} of your maximum Life for ${2} seconds^{3}. 【Casting Shield】: When You are hit, triggers an Extra Auto Counter from 【Reflect Damage】. If the target is a Boss, it also Activate 【Holy Light Suppression】. Learn this skill to gain ^{5}${7}%^{6} Monster DMG Reduction. 【Holy Light Suppression】: Performs Movement in the target direction and deals Holy melee Physical damage equal to PATK*^{7}${6}%^{8} to up to ${8} Enemy Team targets within a ${9}-meter-by-${10}-meter area in front of You.	ทักษะพิเศษเฉพาะโล่สร้างความเสียหายทางกายภาพระยะประชิดที่เป็นกลางเท่ากับ PATK*^{1}${1}%+${12}^{2}สูงสุดถึง${8}ทีมศัตรูกำหนดเป้าหมายภายในรัศมี${11}เมตรรอบตัวคุณ และมอบ 【โล่หล่อ】 ให้กับคุณเท่ากับ${3}%^{4}ของพลังชีวิตสูงสุดของคุณเป็นเวลา${2}วินาที^{3}【โล่ร่าย】: เมื่อคุณถูกโจมตี จะเรียกใช้ตัวนับอัตโนมัติพิเศษจาก 【สะท้อนความเสียหาย】หากเป้าหมายเป็นบอส มันจะเปิดใช้งาน [Holy Light Suppression] ด้วยเรียนรู้ทักษะนี้เพื่อรับ ^{5}${7}%^{6}Monster DMG Reduction【ปราบปรามแสงศักดิ์สิทธิ์】: เคลื่อนที่ไปในทิศทางเป้าหมายและสร้างความเสียหายทางกายภาพระยะประชิดศักดิ์สิทธิ์เท่ากับ PATK*^{7}${6}%^{8}ไปจนถึง${8}เป้าหมายของทีมศัตรูภายในพื้นที่${9}เมตรต่อ${10}เมตรด้านหน้าคุณ
26561	The Crusader unleashes their protective power, removing all crowd control effects from themselves and redirecting ^{1}${1}%^{2} of the damage taken by up to ${2} allies within a ${7}-meter radius to themselves for ${8} seconds. During this time, whenever the Crusader takes damage, they recover HP equal to ^{3}${4}%^{4} of the damage taken, and both the Crusader and the selected allies are ^{5}immune to debuffs^{6}. Up to ${2} enemies within range gain a stack of ${5}% ^{7}Slow^{8} every ${9} seconds, up to ${10} stacks. At ${10} stacks, Slow is converted into a ${6}-second ^{9}Stun^{10}, and all ^{11}Slow^{12} stacks are removed. This effect does not apply to allies under the effects of 【Devotion】.	Crusader ปลดปล่อยพลังป้องกันของพวกเขา โดยกำจัดเอฟเฟกต์การควบคุมฝูงชนทั้งหมดออกจากตัวมันเอง และเปลี่ยนเส้นทาง ^{1}${1}%^{2}จากความเสียหายที่ได้รับโดยพันธมิตรสูงสุด${2}ภายในรัศมี${7}เมตรถึงตัวเองเป็นเวลา${8}วินาทีในช่วงเวลานี้ เมื่อใดก็ตามที่ Crusader ได้รับความเสียหาย พวกเขาจะฟื้นฟู HP เท่ากับ ^{3}${4}%^{4}ของความเสียหายที่ได้รับ และทั้ง Crusader และพันธมิตรที่เลือกจะมี ^{5}ต้านทานต่อดีบัฟ^{6}ศัตรูสูงสุด${2}ที่อยู่ในระยะจะได้รับสแต็ก${5}% ^{7}Slow^{8}ทุกๆ${9}วินาที สูงสุดถึง${10}สแต็คที่สแต็ก${10}Slow จะถูกแปลงเป็น${6}-second ^{9}Stun^{10}และสแต็ก ^{11}Slow^{12}ทั้งหมดจะถูกลบออกเอฟเฟกต์นี้ใช้ไม่ได้กับพันธมิตรภายใต้เอฟเฟกต์ของ 【Devotion】
26562	Can only be used while in Madogear Pilot Ride mode. The Madogear Pilot equips ${1} Arm Cannons on its shoulders and Launches ${6} Cannon shots at ${3} designated enemies within ${2} meters and up to ${5} Other enemies within ${4} meters of them, Deals DMG equal to a total of PATK*^{1}${7}%^{2} as Neutral Ranged Physical DMG and applies 【Melody Bubble】 for ${8} seconds. 【Melody Bubble】: Each time an enemy carrying 【Melody Bubble】 takes damage, the Bubble gradually expands. At ${9} stacks, the Bubble explodes, Deals DMG ${10} times, each equal to PATK*^{3}${11}%^{4} as Neutral Ranged Physical DMG. If 【Melody Bubble】 does not fully expand and explode, it will explode and Deals DMG when its duration ends.	สามารถใช้ได้เฉพาะในโหมด Madogear Pilot Ride เท่านั้นนักบิน Madogear ติดปืนใหญ่แขน${1}บนไหล่และยิงปืนใหญ่${6}ไปที่ศัตรูที่กำหนด${3}ภายใน${2}เมตร และสูงถึง${5}ศัตรูอื่นๆ ภายใน${4}เมตร สร้างความเสียหายเท่ากับ PATK ทั้งหมด*^{1}${7}%^{2}เป็น DMG ทางกายภาพระยะไกล และใช้ 【Melody Bubble】 เป็นเวลา${8}วินาที【Melody Bubble】: ทุกครั้งที่ศัตรูถือ 【Melody Bubble】 ได้รับความเสียหาย ฟองจะค่อยๆ ขยายตัวที่${9}สแต็ค ฟองสบู่จะระเบิด สร้างความเสียหายให้กับ${10}ครั้ง โดยแต่ละครั้งเท่ากับ PATK*^{3}${11}%^{4}เป็นความเสียหายทางกายภาพระยะไกลหาก 【Melody Bubble】 ไม่ขยายและระเบิดจนสุด มันจะระเบิดและสร้างความเสียหายเมื่อระยะเวลาหมดลง
26563	Extra-long floating message display test, extra-long floating message display test, extra-long floating message display test, extra-long floating message display test, extra-long floating message display test, extra-long floating message display test, extra-long floating message display test, extra-long floating message display test, extra-long floating message display test, extra-long floating message display test, extra-long floating message display test, extra-long floating message display test, extra-long floating message display test, extra-long floating message display test, extra-long floating message display test, extra-long floating message display test, extra-long floating message display test	การทดสอบการแสดงข้อความลอยแบบยาวพิเศษ, การทดสอบการแสดงข้อความลอยแบบยาวพิเศษ, การทดสอบการแสดงข้อความลอยแบบยาวพิเศษ, การทดสอบการแสดงข้อความลอยแบบยาวพิเศษ, การทดสอบการแสดงข้อความลอยแบบยาวพิเศษ, การทดสอบการแสดงข้อความลอยแบบยาวพิเศษ, การทดสอบการแสดงข้อความลอยแบบยาวพิเศษ, การทดสอบการแสดงข้อความลอยแบบยาวพิเศษ, การทดสอบการแสดงข้อความลอยแบบยาวพิเศษ, การทดสอบการแสดงข้อความลอยแบบยาวพิเศษ, การทดสอบการแสดงข้อความลอยแบบยาวพิเศษ, การทดสอบการแสดงข้อความลอยแบบยาวพิเศษ, การทดสอบการแสดงข้อความลอยแบบยาวพิเศษ, ยาวพิเศษการทดสอบการแสดงข้อความลอยตัว, การทดสอบการแสดงข้อความลอยตัวยาวพิเศษ, การทดสอบการแสดงข้อความลอยตัวยาวพิเศษ, การทดสอบการแสดงข้อความลอยตัวยาวพิเศษ
26564	Extra-long bottom-bar message test, extra-long bottom-bar message test, extra-long bottom-bar message test, extra-long bottom-bar message test, extra-long bottom-bar message test, extra-long bottom-bar message test, extra-long bottom-bar message test, extra-long bottom-bar message test, extra-long bottom-bar message test, extra-long bottom-bar message test, extra-long bottom-bar message test, extra-long bottom-bar message test, extra-long bottom-bar message test, extra-long bottom-bar message test, extra-long bottom-bar message test, extra-long bottom-bar message test, extra-long bottom-bar message test, extra-long bottom-bar message test, extra-long bottom-bar message test, extra-long bottom-bar message test	การทดสอบข้อความแถบด้านล่างยาวพิเศษ, การทดสอบข้อความแถบด้านล่างยาวพิเศษ, การทดสอบข้อความแถบด้านล่างยาวพิเศษ, การทดสอบข้อความแถบด้านล่างยาวพิเศษ, การทดสอบข้อความแถบด้านล่างยาวพิเศษ, การทดสอบข้อความแถบด้านล่างยาวพิเศษ, การทดสอบข้อความแถบด้านล่างยาวพิเศษ, การทดสอบข้อความแถบด้านล่างยาวพิเศษ, การทดสอบข้อความแถบด้านล่างยาวพิเศษ, การทดสอบข้อความแถบด้านล่างยาวพิเศษ, การทดสอบข้อความแถบด้านล่างยาวพิเศษ, ข้อความแถบด้านล่างยาวพิเศษการทดสอบ, การทดสอบข้อความแถบด้านล่างยาวพิเศษ, การทดสอบข้อความแถบด้านล่างยาวพิเศษ, การทดสอบข้อความแถบด้านล่างยาวพิเศษ, การทดสอบข้อความแถบด้านล่างยาวพิเศษ, การทดสอบข้อความแถบด้านล่างยาวพิเศษ, การทดสอบข้อความแถบด้านล่างยาวพิเศษ, การทดสอบข้อความแถบด้านล่างยาวพิเศษ, การทดสอบข้อความแถบด้านล่างยาวพิเศษ
26565	@{1}.All adventurers who Join a guild are initially Temporary Members and will automatically become Members ^{1}after @{2} hours^{2}. This change cannot be made manually.\n@{3}.Temporary Members cannot be assigned positions or participate in the Guild League.\n@{4}.A management Member with appointment permission can appoint or dismiss any Member in a lower position.\n@{5}.A Member with a management position cannot be directly Banished from Guild. The Member must first be removed from the position.\n@{6}.A Member with elite management permission can adjust elite Member assignments for the Guild League. A Member with equipment management permission can adjust Member assignments for equipment and vehicles in Territory War.	@{1}นักผจญภัยทุกคนที่เข้าร่วมกิลด์จะเป็นสมาชิกชั่วคราวในตอนแรกและจะเป็นสมาชิกโดยอัตโนมัติ ^{1}หลังจาก @{2} ชั่วโมง^{2} การเปลี่ยนแปลงนี้ไม่สามารถทำได้ด้วยตนเอง\n@{3}.สมาชิกชั่วคราวไม่สามารถได้รับมอบหมายตำแหน่งหรือมีส่วนร่วมในกิลด์ลีก\n@{4}.สมาชิกที่เป็นผู้บริหารที่ได้รับอนุญาตในการแต่งตั้งสามารถแต่งตั้งหรือถอดถอนสมาชิกในตำแหน่งที่ต่ำกว่าได้\n@{5}.สมาชิกที่มีตำแหน่งการจัดการไม่สามารถถูกเนรเทศออกจากกิลด์ได้โดยตรง สมาชิกจะต้องถูกถอดออกจากตำแหน่งก่อน\n@{6} สมาชิกที่ได้รับอนุญาตจากการจัดการระดับหัวกะทิสามารถปรับการมอบหมายสมาชิกระดับหัวกะทิสำหรับลีกกิลด์ได้ สมาชิกที่ได้รับอนุญาตในการจัดการอุปกรณ์สามารถปรับการมอบหมายอุปกรณ์และยานพาหนะของสมาชิกในสงครามอาณาเขตได้
26566	@{1}. The Realm of the Gods dungeon unlocks during the Season. A raid with ^{1}at least @{2} Members^{2} is required to enter.\n@{3}. When a new Season begins, First Clear records and speed-clear records from the previous Season's dungeon will not be Kept.\n@{4}. All Reward Counts accumulated during the previous Season will be cleared when the new Season begins.\n@{5}. The Realm of the Gods ^{3}dungeon has no challenge-attempt limit^{4}; only the Reward Count is limited. Adventurers without a Reward Count will not receive dungeon rewards after clearing it.\n@{6}. If too many ^{5}party Members have no Reward Count, the party's Auction Rewards will be reduced^{6}, but this will not affect Members' First Clear or personal rewards.	@{1} ดันเจี้ยน Realm of the Gods จะปลดล็อคในช่วงฤดูกาล ต้องมีการโจมตีด้วย ^{1}สมาชิกอย่างน้อย @{2} คน^{2} จึงจะเข้าไปได้\n@{3} เมื่อฤดูกาลใหม่เริ่มต้นขึ้น บันทึกการเคลียร์ครั้งแรกและบันทึกการเคลียร์ความเร็วจากดันเจี้ยนของฤดูกาลที่แล้วจะไม่ถูกเก็บไว้\n@{4} จำนวนรางวัลทั้งหมดที่สะสมในช่วงฤดูกาลที่แล้วจะถูกล้างเมื่อฤดูกาลใหม่เริ่มต้นขึ้น\n@{5} อาณาจักรแห่งเทพเจ้า ^{3}ดันเจี้ยนไม่มีขีดจำกัดในการท้าทาย^{4}; จำกัดจำนวนรางวัลเท่านั้น นักผจญภัยที่ไม่มีจำนวนรางวัลจะไม่ได้รับรางวัลดันเจี้ยนหลังจากเคลียร์มันแล้ว\n@{6} หาก ^{5}สมาชิกปาร์ตี้มากเกินไปไม่มีจำนวนรางวัล รางวัลการประมูลของปาร์ตี้จะลดลง^{6} แต่จะไม่ส่งผลกระทบต่อรางวัลการเคลียร์ครั้งแรกหรือส่วนตัวของสมาชิก
26567	^{1}Weapon One—Heavy Cannon:^{2}\nPlayers operating the Heavy Cannon can target parts of Almagia's body and bombard them to ^{3}deplete its Weak gauge.^{4}\nSustained bombardment will make Almagia ^{5}Weak.^{6}\n^{7}Weapon Two—Ballista:^{8}\nPlayers operating the Ballista must aim at parts of Almagia's body and Launch it.\nAfter successfully securing the rope, players can approach the Ballista and ^{9}use Interaction to teleport to Almagia's back.^{10}\n^{11}Weapon Three—Rapid-Fire Cannon:^{12}\nPlayers operating the Rapid-Fire Cannon can ^{13}aim at Hollow Jellyfish in the sky and Launch attacks.^{14}\nHollow Jellyfish continuously deal area damage to Almagia's back. Eliminate them quickly to protect the players fighting Ilmata.	^{1}Weapon One—ปืนใหญ่หนัก:^{2}\nผู้เล่นที่ใช้งานปืนใหญ่หนักสามารถกำหนดเป้าหมายส่วนต่างๆ ของร่างกายของ Almagia และระดมยิงเพื่อ ^{3}ทำให้เกจอ่อนแอหมดลง^{4}\nSustainedการทิ้งระเบิดจะทำให้ Almagia ^{5}อ่อนแอ^{6}\n^{7}Weapon Two—Ballista:^{8}\nผู้เล่นที่ควบคุม Ballista จะต้องเล็งไปที่ส่วนต่างๆ ของร่างกายของ Almagia แล้วปล่อยมันออกไป\nหลังจากยึดเชือกได้สำเร็จ ผู้เล่นสามารถเข้าใกล้ Ballista และ ^{9}ใช้ Interaction เพื่อเคลื่อนย้ายไปยังด้านหลังของ Almagia^{10}\n^{11}Weapon Three—Rapid-Fire Cannon:^ ผู้เล่น{12}\nการใช้ปืนใหญ่ยิงรัวสามารถ ^{13}เล็งไปที่แมงกะพรุนกลวงในท้องฟ้าและเริ่มโจมตีได้^{14}\nแมงกะพรุนกลวงสร้างความเสียหายในพื้นที่อย่างต่อเนื่องที่หลังของอัลมาเกียกำจัดพวกมันอย่างรวดเร็วเพื่อปกป้องผู้เล่นที่ต่อสู้กับอิลมาตา
26568	Assistant\nExtra-long Assistant message test, extra-long Assistant message test, extra-long Assistant message test, extra-long Assistant message test, extra-long Assistant message test, extra-long Assistant message test, extra-long Assistant message test, extra-long Assistant message test, extra-long Assistant message test, extra-long Assistant message test, extra-long Assistant message test, extra-long Assistant message test, extra-long Assistant message test, extra-long Assistant message test, extra-long Assistant message test, extra-long Assistant message test, extra-long Assistant message test, extra-long Assistant message test, extra-long Assistant message test, extra-long Assistant message test, extra-long Assistant message test	Assistant\nการทดสอบข้อความ Assistant แบบยาวพิเศษ, การทดสอบข้อความ Assistant แบบยาวพิเศษ, การทดสอบข้อความ Assistant แบบยาวพิเศษ, การทดสอบข้อความ Assistant แบบยาวพิเศษ, การทดสอบข้อความ Assistant แบบยาวพิเศษ, การทดสอบข้อความ Assistant แบบยาวพิเศษ, การทดสอบข้อความ Assistant แบบยาวพิเศษ, การทดสอบข้อความ Assistant แบบยาวพิเศษ, การทดสอบข้อความ Assistant แบบยาวพิเศษ, การทดสอบข้อความ Assistant แบบยาวพิเศษ, การทดสอบข้อความ Assistant แบบยาวพิเศษ, การทดสอบข้อความ Assistant แบบยาวพิเศษ, ข้อความ Assistant แบบยาวพิเศษทดสอบ, ทดสอบข้อความ Assistant ยาวพิเศษ, ทดสอบข้อความ Assistant ยาวพิเศษ, ทดสอบข้อความ Assistant ยาวพิเศษ, ทดสอบข้อความ Assistant ยาวพิเศษ, ทดสอบข้อความ Assistant ยาวพิเศษ, ทดสอบข้อความ Assistant ยาวพิเศษ, ทดสอบข้อความ Assistant ยาวพิเศษ
26569	@{1}.You receive @{2} Bonus Points each day. While Bonus Points are active, Kill field monsters to obtain large amounts of EXP, equipment, and cards\n@{3}Each field monster you Kill consumes @{4} Bonus Points. Once all Bonus Points are used, the drop rate from field monsters decreases, and only basic drops such as headgear materials can be obtained\n@{5}.Players can manually Pause Bonus Points. While paused, Killing field monsters does not consume Bonus Points, but only basic drops such as headgear materials can be obtained\n@{6}.While Bonus Points are active, EXP and equipment rewards from Killing field monsters are affected only by World Level, while card drops vary by monster. Adventurer, plan carefully to obtain the cards you want!	@{1}.คุณได้รับ @{2} คะแนนโบนัสในแต่ละวัน ในขณะที่คะแนนโบนัสเปิดใช้งานอยู่ กำจัดมอนสเตอร์ในสนามเพื่อรับ EXP อุปกรณ์ และการ์ดจำนวนมาก\n@{3}มอนสเตอร์ในสนามแต่ละตัวที่คุณฆ่าจะใช้ @{4} คะแนนโบนัส เมื่อใช้คะแนนโบนัสทั้งหมดแล้ว อัตราดรอปจากมอนสเตอร์ในสนามจะลดลง และสามารถรับได้เฉพาะการดรอปพื้นฐาน เช่น วัสดุหมวกเท่านั้น\n@{5} ผู้เล่นสามารถหยุดคะแนนโบนัสชั่วคราวได้ด้วยตนเอง ในขณะที่หยุดชั่วคราว การฆ่ามอนสเตอร์ในสนามจะไม่ใช้คะแนนโบนัส แต่สามารถรับได้เฉพาะการดรอปขั้นพื้นฐาน เช่น วัสดุอุปกรณ์สวมศีรษะเท่านั้น\n@{6}ในขณะที่คะแนนโบนัสยังใช้งานได้ รางวัล EXP และอุปกรณ์จากการฆ่ามอนสเตอร์ในสนามจะได้รับผลกระทบตามระดับโลกเท่านั้น ในขณะที่การดรอปการ์ดจะแตกต่างกันไปตามมอนสเตอร์ นักผจญภัย วางแผนอย่างรอบคอบเพื่อรับการ์ดที่คุณต้องการ!
26570	1. Mounts are divided into two categories: Combat Mounts and General Mounts. The Peco Peco is an exclusive Combat Mount for Knight classes. Once they meet the requirements, Knight classes can claim and use it immediately. This mount is unavailable to other classes.\n2. Mounts come in different qualities. Each quality has different ranges for mount speed, attributes, and special stats. The higher the quality, the higher these values will be.\n3. Different mounts have different special stats, with value ranges determined by the mount's quality.\n4. To gain a General Mount's attributes, set it as your default mount. 【Combat Mount】 and 【General Mount】 attributes are separate, and a mount's appearance and attributes cannot be used separately.	1. พาหนะแบ่งออกเป็นสองประเภท: พาหนะต่อสู้และพาหนะทั่วไป Peco Peco เป็นพาหนะต่อสู้พิเศษสำหรับคลาสอัศวิน เมื่อมีคุณสมบัติครบตามที่กำหนด คลาสอัศวินก็สามารถรับและใช้งานได้ทันที พาหนะนี้ไม่สามารถใช้ได้กับคลาสอื่น\n2. ตัวยึดมีคุณสมบัติที่แตกต่างกัน แต่ละคุณภาพจะมีช่วงความเร็วในการขี่ คุณสมบัติ และสถิติพิเศษที่แตกต่างกัน ยิ่งคุณภาพสูง ค่าเหล่านี้ก็จะยิ่งสูงขึ้นตามไปด้วย\n3. สัตว์พาหนะที่แตกต่างกันมีสถิติพิเศษที่แตกต่างกัน โดยมีช่วงค่าที่กำหนดโดยคุณภาพของพาหนะ\n4. หากต้องการรับคุณลักษณะของ General Mount ให้ตั้งค่าเป็นพาหนะเริ่มต้นของคุณ คุณสมบัติ 【Combat Mount】 และ 【General Mount】 แยกจากกัน และรูปลักษณ์และคุณสมบัติของพาหนะไม่สามารถใช้แยกกันได้
26571	@{1}.Mounts are divided into two categories: Battle Mounts and Universal Mounts. The Peco Peco is an exclusive Battle Mount for Knight classes. Once the requirements are met, it can be claimed and used immediately. Other classes cannot obtain this mount.\n@{2}.Mounts come in different quality tiers. Each tier has different ranges for mount speed, attributes, and Trait Points. The higher the quality, the higher these values.\n@{3}.Each mount has a different number of Trait Points, with the value range determined by the mount's quality.\n@{4}.For Universal Mounts, setting a mount as the default grants its attributes. 【Battle Mount】 and 【Universal Mount】 attributes are separate, and a mount's appearance and attributes cannot be used independently.	@{1}.พาหนะแบ่งออกเป็นสองประเภท: พาหนะการต่อสู้และพาหนะอเนกประสงค์ Peco Peco เป็น Battle Mount สุดพิเศษสำหรับคลาส Knight เมื่อมีคุณสมบัติครบตามที่กำหนดก็สามารถขอรับสิทธิ์และใช้งานได้ทันที คลาสอื่นไม่สามารถรับพาหนะนี้ได้\n@{2} พาหนะมีระดับคุณภาพที่แตกต่างกัน แต่ละระดับจะมีช่วงความเร็วในการขี่ คุณสมบัติ และแต้มคุณสมบัติที่แตกต่างกัน ยิ่งคุณภาพสูง ค่าเหล่านี้ก็จะยิ่งสูงขึ้น\n@{3} สัตว์พาหนะแต่ละตัวมีจำนวนแต้มลักษณะที่แตกต่างกัน โดยช่วงค่าจะพิจารณาจากคุณภาพของพาหนะ\n@{4} สำหรับพาหนะแบบสากล การตั้งค่าพาหนะเป็นค่าเริ่มต้นจะให้คุณสมบัติต่างๆ คุณสมบัติ 【Battle Mount】 และ 【Universal Mount】 แยกจากกัน และรูปลักษณ์และคุณสมบัติของพาหนะไม่สามารถใช้แยกกันได้
26572	Dear Adventurer,\nThe System detected an irregular Trade on the Trade Marketplace at ${8}【Item Traded:${1},Trade Amount:${5},Order Number:${7}. We have decided to freeze the Zeny from this Trade. Frozen Zeny:${5}. Please check the in-game exclamation mark notification for the unfreeze time. If further Trade violations are detected during this period, more severe penalties will be imposed.\nUnfreezing Rules:\nPurchase Sacred Relic Crystal: Immediately unfreezes a portion of the security deposit equal to (Sacred Relic Crystal purchased*:${13}).\nIf you have any questions about this penalty, or any concerns, dissatisfaction, suggestions, or other requests regarding the game services, please contact Customer Support in-game to submit your feedback.${7}	เรียนนักผจญภัย\nระบบตรวจพบการค้าที่ผิดปกติในตลาดการค้าที่${8}【รายการซื้อขาย:${1},จำนวนการค้า:${5},หมายเลขคำสั่งซื้อ:${7}เราได้ตัดสินใจที่จะระงับ Zeny จากการค้าขายนี้เซนี่แช่แข็ง:${5}.โปรดตรวจสอบการแจ้งเตือนเครื่องหมายอัศเจรีย์ในเกมเพื่อดูเวลาเลิกตรึงหากตรวจพบการละเมิดทางการค้าเพิ่มเติมในช่วงเวลานี้ จะมีการลงโทษที่รุนแรงยิ่งขึ้นกฎการเลิกแช่แข็ง\n:\nซื้อ Sacred Relic Crystal: ยกเลิกการตรึงเงินประกันส่วนหนึ่งทันทีที่มีมูลค่าเท่ากับ (ซื้อ Sacred Relic Crystal*:${13})\nหากคุณมีคำถามใดๆ เกี่ยวกับบทลงโทษนี้ หรือข้อกังวล ความไม่พอใจ ข้อเสนอแนะ หรือคำขออื่นๆ เกี่ยวกับบริการเกม โปรดติดต่อฝ่ายสนับสนุนลูกค้าในเกมเพื่อส่งข้อเสนอแนะของคุณ${7}
26573	Can only be cast while mounted on a Gryphon. Raise your shield for ${11} sec., protecting yourself and allies within a ${1}-meter radius and reducing damage taken by ^{1}${4}%^{2}. During this time, you are ^{3}【Slowed】^{4} by ${9}%. Every ${7} sec., knock back up to ${12} enemies within ${5} meters in front of you by ${5} meters ^{5}in the direction you are facing^{6}, dealing ^{7}${13}%^{8} of your Physical ATK as Neutral Melee Physical DMG. When an enemy in front of you damages you, trigger 【Spear Auto Counter】. 【Spear Auto Counter】: Deals Neutral Melee Physical DMG equal to ^{9}${6}%^{10} of your Physical ATK to up to ${12} enemies within ${14} meters in front of you and reduces 【Shield Defense】 Cooldown by ${7} sec. (Can only trigger once every ${8} sec.).	สามารถร่ายได้ขณะขี่ Gryphon เท่านั้นยกโล่ขึ้นเป็นเวลา${11}วินาที ป้องกันตัวเองและพันธมิตรภายในรัศมี${1}เมตร และลดความเสียหายที่ได้รับจาก ^{1}${4}%^{2}ในช่วงเวลานี้ คุณ ^{3}【ช้าลง】^{4}โดย${9}%ทุก ๆ${7}วินาที ให้กระเด็นกลับไปหาศัตรู${12}ภายใน${5}เมตรข้างหน้าคุณด้วย${5}เมตร ^{5}ในทิศทางที่คุณกำลังเผชิญ^{6}จัดการ ^{7}${13}%^{8}ของ ATK กายภาพของคุณเป็นความเสียหายกายภาพระยะประชิดเป็นกลางเมื่อศัตรูที่อยู่ตรงหน้าคุณสร้างความเสียหาย เปิดใช้งาน 【Spear Auto Counter】【Spear Auto Counter】: สร้างความเสียหายทางกายภาพระยะประชิดที่เป็นกลางเท่ากับ ^{9}${6}%^{10}ของ ATK กายภาพของคุณ สูงสุดถึง${12}ศัตรูในระยะ${14}เมตรข้างหน้าคุณ และลดคูลดาวน์ 【Shield Defense】 ลง${7}วินาที(สามารถทริกเกอร์ได้เพียงครั้งเดียวทุกๆ${8}วินาที)
26574	1. Please be respectful and <color=#cc762a>keep the Tavern channel positive</color>. Let's create a lively and friendly Tavern atmosphere together~\n2. If you <color=#cc762a>break the rules or make inappropriate remarks</color>, the host may <color=#cc762a>mute or remove you from the Tavern</color>.\n3. If another player reports you and the System verifies the report, the System may mute you, permanently disable your Tavern Function, or even suspend your account.\n4. <color=#cc762a>Beware of scams</color> in the Tavern. If you Discover suspicious behavior from other players, please report it promptly to help maintain a positive Tavern atmosphere.\n5. Have fun, fellow Adventurers, and <color=#cc762a>enjoy all the fun and excitement the Tavern has to offer</color>!	1. Please be respectful and <color=#cc762a>keep the Tavern channel positive</color>. Let's create a lively and friendly Tavern atmosphere together~\n2. If you <color=#cc762a>break the rules or make inappropriate remarks</color>, the host may <color=#cc762a>mute or remove you from the Tavern</color>.\n3. If another player reports you and the System verifies the report, the System may mute you, permanently disable your Tavern Function, or even suspend your account.\n4. <color=#cc762a>Beware of scams</color> in the Tavern. If you Discover suspicious behavior from other players, please report it promptly to help maintain a positive Tavern atmosphere.\n5. Have fun, fellow Adventurers, and <color=#cc762a>enjoy all the fun and excitement the Tavern has to offer</color>!
26575	Personal Points are used for rankings during Report Settlement. The following actions grant Personal Points on the battlefield:\nDefeat a player: @{1} Points/player\nAssist an ally: @{2} Points/time\nRevive an ally: @{3} Points/player\nFlag Captured (Main Battlefield): @{4} Points/time\nFlag Delivered Successfully (Main Battlefield): @{5} Points/time\nCapture a Stronghold (Main Battlefield): @{6} Points/time\nMaintain control (Main Battlefield): @{7} Points/@{8} seconds\nDefeat a Guard (Sub-Battlefield): @{9} Points each (Final Blow), @{10} Points each (Participation)\nDefeat a Commander (Sub-Battlefield): @{11} Points each (Final Blow), @{12} Points each (Participation)\nDefeat a Boss (Sub-Battlefield): @{13} Points each (Final Blow), @{14} Points each (Participation)	ใช้สำหรับการจัดอันดับระหว่างการชำระบัญชีรายงานการกระทำต่อไปนี้จะให้คะแนนส่วนตัวในสนามรบ:\nเอาชนะผู้เล่น:@{1}คะแนน/ผู้เล่น\nช่วยเหลือพันธมิตร:@{2}คะแนน/เวลา\nฟื้นคืนพันธมิตร:@{3}คะแนน/ผู้เล่น\nยึดธง(สนามรบหลัก):@{4}แต้ม/เวลา\nส่งธงสำเร็จ (สนามรบหลัก):@{5}แต้ม/เวลา\nยึดฐานที่มั่น (สนามรบหลัก):@{6}แต้ม/เวลา\nรักษาการควบคุม (สนามรบหลัก):@{7}คะแนน/@{8}วินาที\nเอาชนะ Guard (สนามรบย่อย):@{9}แต้มแต่ละอัน (Final Blow),@{10}แต้มแต่ละอัน (การเข้าร่วม)\nเอาชนะผู้บัญชาการ (สนามรบย่อย):@{11}แต้มแต่ละอัน (Final Blow),@{12}แต้มแต่ละอัน (การเข้าร่วม)\nเอาชนะบอส (สนามรบย่อย):@{13}แต้มแต่ละอัน (Final Blow),@{14}แต้มแต่ละอัน (การเข้าร่วม)
26576	@{1}.In this Kafra Corporation reality show, contestants must make smart use of prearranged resources to stand out from the competition. The final winner will receive the show's Grand Prize.\n@{2}.Each contestant can choose a Job Build before the match. Each Build comes with @{3} skills, while all other skills, Equipment, Medicine, and other items must be found and Picked up.\n@{4}.Kafra Corporation has created a special Currency to reward Beginners who participate in the show. Earn Currency by competing and completing Quests, then exchange it for supplies at the Kafra Shop!\n@{5}.During this test, the reality show and Battle of Dragon Coffin Island open on alternating days. Check the Calendar.\n@{6}.To keep the reality show fair, all contestants must participate actively!	@{1}.ในรายการเรียลลิตีโชว์ของ Kafra Corporation นี้ ผู้เข้าแข่งขันต้องใช้ทรัพยากรที่จัดเตรียมไว้ล่วงหน้าอย่างชาญฉลาดเพื่อให้โดดเด่นกว่าคู่แข่ง ผู้ชนะคนสุดท้ายจะได้รับรางวัลใหญ่ของการแสดง\n@{2} ผู้เข้าแข่งขันแต่ละคนสามารถเลือกสร้างงานก่อนการแข่งขันได้ แต่ละรุ่นมาพร้อมกับทักษะ @{3} ในขณะที่ทักษะ อุปกรณ์ ยา และไอเท็มอื่นๆ ทั้งหมดจะต้องค้นหาและหยิบขึ้นมา\n@{4}Kafra Corporation ได้สร้างสกุลเงินพิเศษเพื่อให้รางวัลแก่ผู้เริ่มต้นที่เข้าร่วมในการแสดง รับสกุลเงินจากการแข่งขันและทำภารกิจให้สำเร็จ จากนั้นนำไปแลกเป็นเสบียงที่ร้าน Kafra!\n@{5}ในระหว่างการทดสอบนี้ รายการเรียลลิตีโชว์และ Battle of Dragon Coffin Island จะเปิดวันสลับกัน ตรวจสอบปฏิทิน\n@{6}เพื่อให้รายการเรียลลิตี้มีความยุติธรรม ผู้เข้าแข่งขันทุกคนจะต้องมีส่วนร่วมอย่างแข็งขัน!
26577	@{1}.Adventurers without a guild can Create Guilds or respond to and Join any guild.\n@{2}.After initiating guild creation, 2 other players must respond before the guild can be created. If there are not enough Responses within ^{1}@{3} hours^{2}, guild creation will fail.\n@{4}.Once the required number of Responses is reached, Guild Creation Successful. After the guild is created, ^{3}the creator automatically becomes the Guild Master.^{4}\n@{5}.If guild creation fails, the items consumed to Create Guild will be Returned by mail.\n@{6}.You must Join a guild to participate in Guild Activities and earn generous rewards and Event Auction Dividends.\n@{7}.Each Adventurer may have membership Requests pending with up to ^{5}@{8} guilds at once^{6} and may withdraw them at any time.	@{1}.นักผจญภัยที่ไม่มีกิลด์สามารถสร้างกิลด์หรือตอบสนองและเข้าร่วมกิลด์ใดก็ได้\n@{2}หลังจากเริ่มสร้างกิลด์แล้ว ผู้เล่นอีก 2 คนจะต้องตอบสนองก่อนจึงจะสามารถสร้างกิลด์ได้ หากมีการตอบกลับไม่เพียงพอภายใน ^{1}@{3} ชั่วโมง^{2} การสร้างกิลด์จะล้มเหลว\n@{4}เมื่อถึงจำนวนการตอบกลับที่ต้องการ การสร้างกิลด์จะสำเร็จ หลังจากที่สร้างกิลด์แล้ว ^{3}ผู้สร้างจะกลายเป็นหัวหน้ากิลด์โดยอัตโนมัติ^{4}\n@{5}.หากการสร้างกิลด์ล้มเหลว ไอเทมที่ใช้ในการสร้างกิลด์จะถูกส่งคืนทางไปรษณีย์\n@{6}คุณต้องเข้าร่วมกิลด์เพื่อเข้าร่วมในกิจกรรมกิลด์และรับรางวัลมากมายและเงินปันผลจากการประมูลกิจกรรม\n@{7} นักผจญภัยแต่ละคนอาจมีคำขอเป็นสมาชิกที่รอดำเนินการไม่เกิน ^{5}@{8} กิลด์พร้อมกัน^{6} และอาจถอนออกเมื่อใดก็ได้
26578	\n@{1}.There are 4 types of MVP rewards: Ranking Rewards, Participation Rewards, First Strike Rewards, and Final Blow Rewards. Each has an independent Reward Count and does not affect the others. Tap Reward Count for details.\n@{2}.Participation Rewards and Ranking Rewards have a Chance to include Rare rewards such as Cards. The higher the team's rank, the greater the Chance.\n@{3}.Ranking Rewards are distributed by party. After Killing the MVP, members of the top @{4} parties with Remaining Reward Counts can obtain Ranking Rewards.\n@{5}.The first Character to attack the MVP receives the First Strike mark. Going Offline or changing maps, except when switching channels, Clears the First Strike mark. The first Character to attack the MVP afterward receives the First Strike mark.	\n@{1}รางวัล MVP มี 4 ประเภท: รางวัลอันดับ รางวัลการเข้าร่วม รางวัลการโจมตีครั้งแรก และรางวัลการโจมตีครั้งสุดท้ายแต่ละรายการมีการนับรางวัลที่เป็นอิสระและไม่ส่งผลกระทบต่อสิ่งอื่นๆแตะการนับรางวัลเพื่อดูรายละเอียด\n@{2}รางวัลการเข้าร่วมและรางวัลอันดับมีโอกาสที่จะรวมรางวัลหายาก เช่น การ์ดยิ่งอันดับของทีมสูงเท่าใดโอกาสก็จะยิ่งมากขึ้นเท่านั้น\n@{3}. รางวัลอันดับจะแจกจ่ายโดยกลุ่มหลังจากการสังหาร MVP แล้ว สมาชิกของปาร์ตี้@{4}อันดับต้นๆ ที่มีจำนวนรางวัลคงเหลือจะได้รับรางวัลอันดับ\n@{5}ตัวละครตัวแรกที่โจมตี MVP จะได้รับเครื่องหมาย First Strikeออฟไลน์หรือเปลี่ยนแผนที่ ยกเว้นเมื่อเปลี่ยนช่อง จะล้างเครื่องหมาย First Strikeตัวละครตัวแรกที่โจมตี MVP ในภายหลังจะได้รับเครื่องหมาย First Strike
26579	Cargo Loading\n1. After 5:00 AM each day, the Guild Caravan will give each Adventurer an order for the day's required cargo. The cargo can be crafted or purchased through the Trade Exchange or a Stall.\n2. After loading the cargo, the Adventurer will receive Personal Rewards based on its value.\n3. After loading 5 pieces of cargo in a day, the Adventurer can select Depart and receive generous rewards.\n4. Select Depart after loading 6\7\8 pieces of cargo to receive more Additional rewards.\n\nCargo Help\n1. Players can use Get Help to request cargo from guildmates.\n2. When a guildmate uses Help Load, both the helper and the requester receive rewards. Help your friends whenever you can!\n3. The number of times you can Get Help and Help Load each day is limited, so plan wisely!\n	Cargo Loading\n1. After 5:00 AM each day, the Guild Caravan will give each Adventurer an order for the day's required cargo. The cargo can be crafted or purchased through the Trade Exchange or a Stall.\n2. After loading the cargo, the Adventurer will receive Personal Rewards based on its value.\n3. After loading 5 pieces of cargo in a day, the Adventurer can select Depart and receive generous rewards.\n4. Select Depart after loading 6\7\8 pieces of cargo to receive more Additional rewards.\n\nCargo Help\n1. Players can use Get Help to request cargo from guildmates.\n2. When a guildmate uses Help Load, both the helper and the requester receive rewards. Help your friends whenever you can!\n3. The number of times you can Get Help and Help Load each day is limited, so plan wisely!\n
26580	The Guild Black Market is a resource Trade platform between guilds. Guild Management can use Guild Funds to purchase war supplies listed by other guilds.\n@{1}.Guild Management can list guild war supplies for sale at a stall by setting the unit price and quantity.\n@{2}.The unit price can only be adjusted within a certain range based on the recent average Trade price and cannot be entered freely.\n@{3}.The Black Market displays all resources listed for sale by every guild. Resources with the same unit price are grouped together.\n@{4}.When a purchase is made, the System automatically matches sellers based on listing time. When an item is sold, a percentage of the total price is charged as a transaction fee.\n@{5}.Only a Member with Guild Management permissions can use the Black Market.	ตลาดมืดกิลด์เป็นทรัพยากรแพลตฟอร์มการค้าระหว่างกิลด์การจัดการกิลด์สามารถใช้กองทุนกิลด์เพื่อซื้ออุปกรณ์สงครามที่อยู่ในรายการของกิลด์อื่น\n@{1}.Guild Management สามารถแสดงรายการอุปกรณ์สงครามกิลด์เพื่อขายที่แผงขายของโดยกำหนดราคาต่อหน่วยและปริมาณ\n@{2}.ราคาต่อหน่วยสามารถปรับได้ภายในช่วงที่กำหนดเท่านั้น โดยขึ้นอยู่กับราคาซื้อขายเฉลี่ยล่าสุด และไม่สามารถป้อนได้อย่างอิสระ\n@{3}.ตลาดมืดจะแสดงทรัพยากรทั้งหมดที่มีรายการขายโดยทุกกิลด์ทรัพยากรที่มีราคาต่อหน่วยเดียวกันจะถูกจัดกลุ่มไว้ด้วยกัน\n@{4}.เมื่อมีการซื้อ ระบบจะจับคู่ผู้ขายโดยอัตโนมัติตามเวลาที่ลงรายการเมื่อมีการขายสินค้า เปอร์เซ็นต์ของราคาทั้งหมดจะถูกเรียกเก็บเป็นค่าธรรมเนียมการทำธุรกรรม\n@{5}มีเพียงสมาชิกที่มีสิทธิ์การจัดการกิลด์เท่านั้นจึงจะสามารถใช้ตลาดมืดได้
26581	Siege Points (Attackers Only): Gain @{2} points for every @{1} damage dealt to the castle gate, Castle Guards, Protectors, or Emperium.\nDefense Points (Defenders Only): Gain @{4} points every @{3} seconds while stationed within a certain range of the castle gate, Castle Guards, Protectors, or Emperium.\nMachines Destroyed: Number of enemy machines destroyed.\nKills: Number of times enemies were defeated.\nAssists: Number of times you helped allied Members complete a Kill.\nBattlefield Rating: Rating earned by meeting battlefield objectives, reflecting your overall individual contribution.\nMachine Damage: Total damage dealt using machines.\nDamage Dealt: Total damage dealt by the character.\nDamage Taken: Total damage taken by the character.\nHealing: Total Healing Volume provided by the character.	(เฉพาะผู้โจมตี): ได้รับคะแนน@{2}สำหรับทุกความเสียหายของ@{1}ที่ทำกับประตูปราสาท ผู้พิทักษ์ปราสาท ผู้ปกป้อง หรือเอ็มเพอเรียมคะแนนการป้องกัน\n(ผู้พิทักษ์เท่านั้น): ได้รับคะแนน@{4}ทุกๆ@{3}วินาทีขณะประจำการอยู่ในระยะที่กำหนดของประตูปราสาท, ผู้พิทักษ์ปราสาท, ผู้ปกป้อง หรือเอ็มเพอเรียมเครื่องจักร\nที่ถูกทำลาย: จำนวนเครื่องจักรของศัตรูที่ถูกทำลาย\nKills: จำนวนครั้งที่ศัตรูพ่ายแพ้\nAssists: จำนวนครั้งที่คุณช่วยสมาชิกพันธมิตรในการสังหาร\nBattlefield Rating: คะแนนที่ได้รับจากการบรรลุวัตถุประสงค์ในสนามรบ ซึ่งสะท้อนถึงการมีส่วนร่วมโดยรวมของคุณความเสียหายของเครื่องจักร\n: ความเสียหายทั้งหมดที่เกิดขึ้นโดยใช้เครื่องจักร\nความเสียหายที่ได้รับ: ความเสียหายทั้งหมดที่สร้างโดยตัวละคร\nความเสียหายที่ได้รับ: ความเสียหายทั้งหมดที่ได้รับจากตัวละคร\nHealing: ปริมาณการรักษาทั้งหมดที่ได้รับจากตัวละคร
26582	@{1}. When speaking freely in a Tavern room, please remember to ^{1}follow the Compliance Guidelines^{2}.\n@{2}. Tavern chat will Keep its relatively strict moderation and reporting systems. Adventurers, please do not post any content that violates the rules. \n@{3}. When you ^{3}send Tavern Gifts^{4} to other Adventurers in the room, you can ^{5}increase the room's popularity^{6}, while the Adventurers who receive them can ^{7}gain Star Points^{8}.\n@{4}. Star Points have a weekly ranking, and the top ten players each week can earn a limited-time title.\n@{5}. Don't hold back on sending Tavern Gifts! Complete daily quests to receive free gift items, and boldly show others your appreciation!\n@{6}. Both ^{9}popularity and the number of players in the room^{10} affect the room's position in the Tavern list.	@{1} เมื่อพูดอย่างอิสระในห้องโรงเตี๊ยม โปรดอย่าลืม ^{1}ปฏิบัติตามหลักเกณฑ์การปฏิบัติตามข้อกำหนด^{2}.\n@{2} แชทโรงเตี๊ยมจะคงระบบการกลั่นกรองและการรายงานที่ค่อนข้างเข้มงวดไว้ นักผจญภัยกรุณาอย่าโพสต์เนื้อหาใดๆ ที่ฝ่าฝืนกฎ \n@{3}. เมื่อคุณ ^{3}ส่งของขวัญโรงเตี๊ยม^{4} ให้กับนักผจญภัยคนอื่นๆ ในห้อง คุณสามารถ ^{5}เพิ่มความนิยมของห้องได้^{6} ในขณะที่นักผจญภัยที่ได้รับของขวัญเหล่านั้นสามารถ ^{7}ได้รับคะแนนดาว^{8}.\n@{4} คะแนนสตาร์มีการจัดอันดับรายสัปดาห์ และผู้เล่นสิบอันดับแรกในแต่ละสัปดาห์สามารถรับตำแหน่งในเวลาจำกัด\n@{5} อย่ารอช้าที่จะส่งของขวัญโรงเตี๊ยม! ทำภารกิจรายวันให้เสร็จสิ้นเพื่อรับรายการของขวัญฟรี และแสดงความขอบคุณต่อผู้อื่นอย่างกล้าหาญ!\n@{6} ทั้ง ^{9}ความนิยมและจำนวนผู้เล่นในห้อง^{10} ส่งผลต่อตำแหน่งของห้องในรายการโรงเตี๊ยม
26583	@{1}.Trade is the official marketplace for buying and selling items.\n@{2}.Some rare items can be priced freely, with no price restrictions.\n@{3}.Rare items have a display period after being listed and cannot be traded normally until that period ends.\n@{4}.When an item's status changes to Purchase Successful or Sale Successful, the purchased item or sale proceeds will be sent by mail. Please claim them promptly.\n@{5}.You can follow items to easily check their availability in real time.\n@{6}.Listed items remain available for a limited time. Any item that does not sell before its listing expires will automatically be returned to the player by mail.\n@{7}.After an item is sold, a transaction tax is deducted from the Currency the seller receives. Different tax rates apply based on the player's Trade volume for This Week.	@{1}.การค้าเป็นตลาดกลางอย่างเป็นทางการสำหรับการซื้อและขายสินค้า\n@{2}.สินค้าหายากบางรายการสามารถกำหนดราคาได้อย่างอิสระ โดยไม่มีข้อจำกัดด้านราคา\n@{3}.สินค้าหายากจะมีระยะเวลาจัดแสดงหลังจากถูกลงรายการและไม่สามารถซื้อขายได้ตามปกติจนกว่าระยะเวลาดังกล่าวจะสิ้นสุดลง\n@{4}.เมื่อสถานะของรายการเปลี่ยนเป็นการซื้อสำเร็จหรือการขายสำเร็จ รายการที่ซื้อหรือรายได้จากการขายจะถูกส่งทางไปรษณีย์ โปรดรับสิทธิ์ทันที\n@{5}คุณสามารถติดตามรายการต่างๆ เพื่อตรวจสอบความพร้อมในแบบเรียลไทม์ได้อย่างง่ายดาย\n@{6}รายการที่แสดงจะยังมีให้บริการในระยะเวลาที่จำกัด รายการใดๆ ที่ไม่ได้ขายก่อนที่รายการจะหมดอายุจะถูกส่งคืนให้กับผู้เล่นโดยอัตโนมัติทางไปรษณีย์\n@{7}หลังจากขายรายการแล้ว ภาษีการทำธุรกรรมจะถูกหักออกจากสกุลเงินที่ผู้ขายได้รับ อัตราภาษีที่แตกต่างกันจะมีผลตามปริมาณการซื้อขายของผู้เล่นในสัปดาห์นี้
26584	Pet Deployment and Assist\n1. The Adventurer can deploy 4 pets and assign 5 pets to Assist at the same time: 1 Main slot, 3 Utility slots, and 5 Assist slots. These slots are gradually unlocked with each Adventurer Level Increased milestone.\n2. Deploying 3 pets from the same Faction activates that Faction's effect. Each Faction has a different effect.\n3. Deployed pets grant the Adventurer a percentage of their base stats. The percentage differs between deployed and Assist pets.\n4. A pet in the Main slot grants the Adventurer its Main Skill, while a pet in a Utility slot grants the Adventurer its Passive Skill.\n5. Some pets in Utility slots provide a Core Passive with enhanced skill effects. If multiple pets with Core Passives are assigned to Utility slots, only the Core Passive in the lowest-numbered Utility slot takes effect.\n	การติดตั้งและช่วยเหลือสัตว์เลี้ยง\n1. นักผจญภัยสามารถติดตั้งสัตว์เลี้ยง 4 ตัวและมอบหมายสัตว์เลี้ยง 5 ตัวเพื่อช่วยเหลือในเวลาเดียวกัน: 1 ช่องหลัก, 3 ช่องยูทิลิตี้ และ 5 ช่องช่วยเหลือช่องเหล่านี้จะค่อยๆ ปลดล็อคตามเหตุการณ์สำคัญที่เพิ่มขึ้นระดับนักผจญภัย\n2. การปรับใช้สัตว์เลี้ยง 3 ตัวจากฝ่ายเดียวกันจะเปิดใช้งานเอฟเฟกต์ของฝ่ายนั้นแต่ละฝ่ายมีผลที่แตกต่างกัน\n3. สัตว์เลี้ยงที่ถูกส่งไปจะทำให้นักผจญภัยได้รับเปอร์เซ็นต์จากสถิติพื้นฐานเปอร์เซ็นต์จะแตกต่างกันระหว่างสัตว์เลี้ยงที่ปรับใช้และสัตว์เลี้ยงช่วยเหลือ\n4. สัตว์เลี้ยงในช่องหลักจะให้ทักษะหลักแก่นักผจญภัย ในขณะที่สัตว์เลี้ยงในช่องยูทิลิตี้จะให้ทักษะติดตัวแก่นักผจญภัย\n5. สัตว์เลี้ยงบางตัวในช่องยูทิลิตี้จะมี Core Passive พร้อมเอฟเฟกต์ทักษะขั้นสูงหากสัตว์เลี้ยงหลายตัวที่มีคอร์พาสซีฟได้รับการกำหนดในช่องยูทิลิตี้ เฉพาะคอร์พาสซีฟในช่องยูทิลิตี้ที่มีหมายเลขต่ำสุดเท่านั้นที่จะมีผล\n
26585	The continent of Midgard is divided into several ^{1}regions^{2}, each containing multiple ^{3}field maps^{4} and ^{5}caves^{6}.\nAfter meeting a region's hunt requirements, go to the corresponding map or cave and Kill ^{7}any monster^{8} for a Chance to obtain Extra ^{9}【Points】^{10} and ^{11}【Expedition Medals】^{12}.\nWhen a map's ^{13}【Points】^{14} reach certain amounts, you can claim map hunt rewards. When the total ^{15}【Points】^{16} accumulated across all maps in a region reaches certain milestones, you can claim milestone chests.\nEach map and region has its own ^{17}Point Limit^{18}. After reaching the limit, defeating monsters in that region will no longer grant ^{19}【Points】^{20} or ^{21}【Expedition Medals】^{22}.\nThe ^{23}【Expedition Medals】^{24} obtained by hunting monsters can be exchanged for valuable rewards in the Shop.	ทวีปมิดการ์ดแบ่งออกเป็นหลาย ^ ภูมิภาค{1}^{2}โดยแต่ละแห่งจะมี ^ แผนที่เขตข้อมูล ^{3}^{4}และ ^ ถ้ำ{5}^{6}หลายแห่ง\nหลังจากปฏิบัติตามข้อกำหนดการล่าของภูมิภาคแล้ว ให้ไปที่แผนที่หรือถ้ำที่เกี่ยวข้องและฆ่า ^{7}มอนสเตอร์ใดๆ^{8}เพื่อโอกาสที่จะได้รับพิเศษ ^{9}【Points】^{10}และ ^{11}【Expedition Medals】^{12}\nเมื่อ ^{13}【Points】^ ของแผนที่ ^{14}ถึงจำนวนที่กำหนด คุณสามารถรับรางวัลการล่าแผนที่ได้เมื่อยอดรวม ^{15}【Points】^{16}ที่สะสมในแผนที่ทั้งหมดในภูมิภาคถึงเป้าหมายที่กำหนด คุณสามารถรับหีบสมบัติได้\nแต่ละแผนที่และภูมิภาคจะมี ^{17}Point Limit^{18}ของตัวเองหลังจากถึงขีดจำกัดแล้ว การเอาชนะมอนสเตอร์ในภูมิภาคนั้นจะไม่ได้รับ ^{19}【Points】^{20}หรือ ^{21}【Expedition Medals】^{22}อีกต่อไป\n^{23}【เหรียญรางวัล】^{24}ที่ได้รับจากการล่ามอนสเตอร์ สามารถนำไปแลกเปลี่ยนเป็นรางวัลอันมีค่าในร้านค้าได้
26586	Extra-long mechanic alert above message bar test, extra-long mechanic alert above message bar test, extra-long mechanic alert above message bar test, extra-long mechanic alert above message bar test, extra-long mechanic alert above message bar test, extra-long mechanic alert above message bar test, extra-long mechanic alert above message bar test, extra-long mechanic alert above message bar test, extra-long mechanic alert above message bar test, extra-long mechanic alert above message bar test, extra-long mechanic alert above message bar test, extra-long mechanic alert above message bar test, extra-long mechanic alert above message bar test, extra-long mechanic alert above message bar test, extra-long mechanic alert above message bar test, extra-long mechanic alert above message bar test, extra-long mechanic alert above message bar test	การแจ้งเตือนช่างเครื่องที่ยาวเป็นพิเศษเหนือการทดสอบแถบข้อความ, การแจ้งเตือนช่างเครื่องที่ยาวเป็นพิเศษเหนือการทดสอบแถบข้อความ, การแจ้งเตือนช่างเครื่องที่ยาวเป็นพิเศษเหนือการทดสอบแถบข้อความ, การแจ้งเตือนช่างเครื่องที่ยาวเป็นพิเศษเหนือการทดสอบแถบข้อความ, การแจ้งเตือนช่างเครื่องที่ยาวเป็นพิเศษเหนือการทดสอบแถบข้อความ, การแจ้งเตือนช่างเครื่องที่ยาวเป็นพิเศษเหนือการทดสอบแถบข้อความ, การแจ้งเตือนช่างเครื่องที่ยาวเป็นพิเศษเหนือการทดสอบแถบข้อความ, การแจ้งเตือนช่างเครื่องที่ยาวเป็นพิเศษเหนือการทดสอบแถบข้อความ, การแจ้งเตือนช่างเครื่องที่ยาวเป็นพิเศษเหนือการทดสอบแถบข้อความ, การแจ้งเตือนช่างเครื่องที่ยาวเป็นพิเศษเหนือข้อความการทดสอบบาร์, การแจ้งเตือนช่างเครื่องที่ยาวเป็นพิเศษเหนือการทดสอบแถบข้อความ, การแจ้งเตือนช่างเครื่องที่ยาวเป็นพิเศษเหนือการทดสอบแถบข้อความ, การแจ้งเตือนช่างเครื่องที่ยาวเป็นพิเศษเหนือการทดสอบแถบข้อความ, การแจ้งเตือนช่างเครื่องที่ยาวเป็นพิเศษเหนือการทดสอบแถบข้อความ, การแจ้งเตือนช่างเครื่องที่ยาวเป็นพิเศษเหนือการทดสอบแถบข้อความ, การแจ้งเตือนช่างเครื่องที่ยาวเป็นพิเศษเหนือการทดสอบแถบข้อความ, การแจ้งเตือนช่างเครื่องที่ยาวเป็นพิเศษเหนือการทดสอบแถบข้อความ
26587	Receive an invite Rules:\n@{1}.Receiving a merge invite means ^{1}the other guild is inviting your guild to Merge into theirs^{2}.\n@{2}.After accepting the merge invite, you must adjust the number of guild members who can Merge into the other guild so that it does not exceed the number of members they can accept.\n@{3}.Once you have accepted the merge invite and adjusted the number of members who can merge, ^{3}the Merge Guild process will be completed at 5:00 a.m. the next day^{4}.\n@{4}.Before the merge takes place, you can select [Cancel Merge] on the screen. The Merge Guild process will end immediately after it is canceled.\n@{5}.If your guild's member count exceeds the number of members the other guild can accept when the merge takes place, the Merge Guild process will end immediately and the merge will fail.\n@{6}.If the merge fails, neither guild will be changed or otherwise affected.	รับคำเชิญ กฎ:\n@{1}การรับคำเชิญรวมหมายถึง ^{1}กิลด์อื่นกำลังเชิญกิลด์ของคุณให้รวมเข้ากับกิลด์ของพวกเขา^{2}\n@{2}.หลังจากยอมรับคำเชิญรวม คุณต้องปรับจำนวนสมาชิกกิลด์ที่สามารถรวมเข้ากับกิลด์อื่นได้ เพื่อที่จะได้ไม่เกินจำนวนสมาชิกที่พวกเขาสามารถยอมรับได้\n@{3}.เมื่อคุณยอมรับคำเชิญรวมและปรับจำนวนสมาชิกที่สามารถรวมได้ ^{3}กระบวนการรวมกิลด์จะเสร็จสิ้นในเวลา 5.00 น. ของวันถัดไป^{4}\n@{4}.ก่อนที่การรวมจะเกิดขึ้น คุณสามารถเลือก [ยกเลิกการผสาน] บนหน้าจอได้กระบวนการผสานกิลด์จะสิ้นสุดทันทีหลังจากถูกยกเลิก\n@{5}.หากจำนวนสมาชิกของกิลด์ของคุณเกินจำนวนสมาชิกที่กิลด์อื่นสามารถยอมรับได้เมื่อมีการรวมเกิดขึ้น กระบวนการผสานกิลด์จะสิ้นสุดทันที และการรวมจะล้มเหลว\n@{6}.หากการรวมล้มเหลว จะไม่มีกิลด์ใดเปลี่ยนแปลงหรือได้รับผลกระทบใดๆ
26588	@{1}.Guild Limited-Time Tactics provide ^{1}more powerful temporary effects in Territory War^{2}.\n@{2}.Authorized management Members can spend Guild Supplies to activate and refresh Tactics.\n@{3}.Limited-Time Tactics automatically refresh once each day at 5:00 a.m. The number of Tactics that can be drawn each day also resets at 5:00 a.m.\n@{4}.^{3}The Limited-Time Tactics pool unlocks as the Season progresses^{4}. Higher-quality, more powerful Tactics will become available later in the Season.\n@{5}.The Tactics your Guild can have active are limited by points. If you have reached the point limit, you must unequip a Tactic before activating another one.\n@{6}.Unequipping a Tactic will not refund the Guild Supplies spent to activate it.\n@{7}.^{5}A Limited-Time Tactic's timer starts as soon as it is activated^{6}. When its remaining duration reaches @{8}, it will be removed from Current Effect.	@{1}.กลยุทธ์จำกัดเวลาของกิลด์มอบ ^{1}เอฟเฟกต์ชั่วคราวที่ทรงพลังยิ่งขึ้นในสงครามอาณาเขต^{2}.\n@{2}.สมาชิกฝ่ายจัดการที่ได้รับอนุญาตสามารถใช้อุปกรณ์กิลด์เพื่อเปิดใช้งานและรีเฟรชยุทธวิธี\n@{3}.ยุทธวิธีจำกัดเวลาจะรีเฟรชโดยอัตโนมัติวันละครั้งเวลา 5:00 น. จำนวนยุทธวิธีที่สามารถดึงได้ในแต่ละวันจะรีเซ็ตในเวลา 5:00 น. เช่นกัน a.m.\n@{4}.^{3}กลุ่มยุทธวิธีจำกัดเวลาจะปลดล็อคเมื่อฤดูกาลดำเนินไป^{4} กลยุทธ์คุณภาพสูงและทรงพลังยิ่งขึ้นจะพร้อมใช้งานในภายหลังในฤดูกาลนี้\n@{5} กลยุทธ์ที่กิลด์ของคุณสามารถใช้ได้นั้นถูกจำกัดด้วยคะแนน หากคุณถึงขีดจำกัดคะแนนแล้ว คุณต้องถอด Tactic ออกก่อนที่จะเปิดใช้งานอีก\n@{6} การถอด Tactic จะไม่คืนเงินค่าอุปกรณ์กิลด์ที่ใช้ในการเปิดใช้งาน\n@{7}.^{5}ตัวจับเวลาของ Tactic แบบจำกัดเวลาจะเริ่มทันทีที่เปิดใช้งาน^{6} เมื่อระยะเวลาที่เหลืออยู่ถึง @{8} มันจะถูกลบออกจากเอฟเฟกต์ปัจจุบัน
26589	Participation Reward Distribution Rules:\nIndividual Rewards: Players who earn n points in the Stronghold Battle become eligible to claim rewards.\nAuction Rewards: If a guild is eligible to participate in the Stronghold Battle and at least @{2} of its players earn @{1} points, the guild becomes eligible for Guild Auction rewards. The rewards will be listed in the Guild Auction after the event ends.\n\nStronghold Occupation Reward Distribution Rules:\nIndividual Rewards: Players who earn @{3} points in the Stronghold Battle become eligible to claim rewards if their guild occupies a stronghold on the battlefield when the event ends.\nAuction Rewards: If a guild is eligible to participate in the Stronghold Battle and occupies a stronghold on the battlefield when the event ends, the guild becomes eligible for Guild Auction rewards. The rewards will be listed in the Guild Auction after the event ends.	กฎการแจกรางวัลการเข้าร่วม:\nรางวัลส่วนบุคคล: ผู้เล่นที่ได้รับ n คะแนนในการรบฐานที่มั่นจะมีสิทธิ์รับรางวัล\nรางวัลการประมูล: หากกิลด์มีสิทธิ์เข้าร่วมในการต่อสู้ฐานที่มั่น และอย่างน้อย @{2} ของผู้เล่นได้รับ @{1} คะแนน กิลด์จะมีสิทธิ์ได้รับรางวัลการประมูลกิลด์ รางวัลจะถูกระบุไว้ในการประมูลกิลด์หลังจากกิจกรรมสิ้นสุดลง\n\nกฎการแจกจ่ายรางวัลสำหรับอาชีพฐานที่มั่น:\nรางวัลส่วนบุคคล: ผู้เล่นที่ได้รับคะแนน @{3} ในการต่อสู้ฐานที่มั่นจะมีสิทธิ์รับรางวัลหากกิลด์ของพวกเขาครอบครองฐานที่มั่นในสนามรบเมื่อกิจกรรมสิ้นสุดลง\nรางวัลจากการประมูล: หากกิลด์มีสิทธิ์เข้าร่วมในการต่อสู้ฐานที่มั่นและครอบครองฐานที่มั่นในสนามรบ เมื่อกิจกรรมสิ้นสุดลง กิลด์จะมีสิทธิ์ได้รับรางวัลการประมูลกิลด์ รางวัลจะถูกระบุไว้ในการประมูลกิลด์หลังจากกิจกรรมสิ้นสุดลง
26590	@{1}.Guild Limited-Time Tactics provide powerful temporary effects in Territory War.\n@{2}.Authorized Guild management Members can spend Guild Supplies to activate and refresh Tactics.\n@{3}.Limited-Time Tactics automatically refresh once daily at five o'clock in the morning. The number of Tactics that can be drawn each day also resets at that time.\n@{4}.The Limited-Time Tactics pool unlocks over the course of the Season. Higher-quality, more powerful Tactics become available later in the Season.\n@{5}.The Tactics your Guild can activate are limited by available points. If you have reached the point limit, you must unequip a Tactic before you can activate another.\n@{6}.Unequipping a Tactic does not refund the Guild Supplies spent to activate it.\n@{7}.A Limited-Time Tactic's duration begins counting down as soon as it is activated. When its remaining duration reaches @{8}, it will be removed from Current Effect.	@{1}.กลยุทธ์จำกัดเวลาของกิลด์มอบเอฟเฟกต์ชั่วคราวอันทรงพลังในสงครามอาณาเขต\n@{2}.สมาชิกการจัดการกิลด์ที่ได้รับอนุญาตสามารถใช้อุปกรณ์กิลด์เพื่อเปิดใช้งานและรีเฟรชยุทธวิธี\n@{3}.กลยุทธ์จำกัดเวลาจะรีเฟรชโดยอัตโนมัติวันละครั้งเวลาห้าโมงเช้า จำนวนกลยุทธ์ที่สามารถดึงได้ในแต่ละวันจะรีเซ็ตในขณะนั้นด้วย\n@{4} กลุ่มกลยุทธ์ที่มีเวลาจำกัดจะปลดล็อคตลอดทั้งฤดูกาล กลยุทธ์คุณภาพสูงและทรงพลังยิ่งขึ้นจะพร้อมใช้งานในภายหลังในฤดูกาล\n@{5} กลยุทธ์ที่กิลด์ของคุณสามารถเปิดใช้งานนั้นถูกจำกัดด้วยคะแนนที่มีอยู่ หากคุณถึงขีดจำกัดคะแนนแล้ว คุณต้องถอด Tactic หนึ่งก่อนจึงจะสามารถเปิดใช้งาน Tactic อื่นได้\n@{6}.การถอด Tactic จะไม่คืนเงินค่าอุปกรณ์กิลด์ที่ใช้ในการเปิดใช้งาน\n@{7}.ระยะเวลาของ Tactic ที่จำกัดเวลาจะเริ่มนับถอยหลังทันทีที่เปิดใช้งาน เมื่อระยะเวลาที่เหลืออยู่ถึง @{8} มันจะถูกลบออกจากเอฟเฟกต์ปัจจุบัน
26591	Extra-long main-screen Notification interface test, extra-long main-screen Notification interface test, extra-long main-screen Notification interface test, extra-long main-screen Notification interface test, extra-long main-screen Notification interface test, extra-long main-screen Notification interface test, extra-long main-screen Notification interface test, extra-long main-screen Notification interface test, extra-long main-screen Notification interface test, extra-long main-screen Notification interface test, extra-long main-screen Notification interface test, extra-long main-screen Notification interface test, extra-long main-screen Notification interface test, extra-long main-screen Notification interface test, extra-long main-screen Notification interface test, extra-long main-screen Notification interface test, extra-long main-screen Notification interface test, extra-long main-screen Notification interface test	การทดสอบอินเทอร์เฟซการแจ้งเตือนบนหน้าจอหลักที่ยาวเป็นพิเศษ, การทดสอบอินเทอร์เฟซการแจ้งเตือนบนหน้าจอหลักที่ยาวเป็นพิเศษ, การทดสอบอินเทอร์เฟซการแจ้งเตือนของหน้าจอหลักที่ยาวเป็นพิเศษ, การทดสอบอินเทอร์เฟซการแจ้งเตือนของหน้าจอหลักที่ยาวเป็นพิเศษ, การทดสอบอินเทอร์เฟซการแจ้งเตือนของหน้าจอหลักที่ยาวเป็นพิเศษ, การทดสอบอินเทอร์เฟซการแจ้งเตือนของหน้าจอหลักที่ยาวเป็นพิเศษ, การทดสอบอินเทอร์เฟซการแจ้งเตือนของหน้าจอหลักที่ยาวเป็นพิเศษ, การทดสอบอินเทอร์เฟซการแจ้งเตือนของหน้าจอหลักที่ยาวเป็นพิเศษ, การทดสอบอินเทอร์เฟซการแจ้งเตือนของหน้าจอหลักที่ยาวเป็นพิเศษ, การทดสอบอินเทอร์เฟซการแจ้งเตือนของหน้าจอหลักที่ยาวเป็นพิเศษ, การแจ้งเตือนของหน้าจอหลักที่ยาวเป็นพิเศษการทดสอบอินเทอร์เฟซ, การทดสอบอินเทอร์เฟซการแจ้งเตือนบนหน้าจอหลักที่ยาวเป็นพิเศษ, การทดสอบอินเทอร์เฟซการแจ้งเตือนบนหน้าจอหลักที่ยาวเป็นพิเศษ, การทดสอบอินเทอร์เฟซการแจ้งเตือนบนหน้าจอหลักที่ยาวเป็นพิเศษ, การทดสอบอินเทอร์เฟซการแจ้งเตือนบนหน้าจอหลักที่ยาวเป็นพิเศษ, การทดสอบอินเทอร์เฟซการแจ้งเตือนบนหน้าจอหลักที่ยาวเป็นพิเศษ, การทดสอบอินเทอร์เฟซการแจ้งเตือนบนหน้าจอหลักที่ยาวเป็นพิเศษ, การทดสอบอินเทอร์เฟซการแจ้งเตือนบนหน้าจอหลักที่ยาวเป็นพิเศษ
26592	1. You've helped the city prosper, so Prontera offers Stall services to all Adventurers.\n2. You may set up a Stall in any authorized area of Prontera. If the current channel is full, you will automatically switch to another channel. Stall information is not shared between channels.\n3. Please keep your Distance from other Adventurers' Stalls. You cannot set up a Stall too close to another one.\n4. A fixed Stall fee is charged each time you set up a Stall. There is no daily limit.\n5. Items from purchases, sales, and closing your Stall will be delivered by mail.\n6. If every item in your Stall sells out, the Stall will automatically Show less. However, this will not occur within the first 6 minutes after opening your Stall.\n7. If you close your Stall manually, you must pay the fixed Stall fee again the next time you open it. Please consider carefully.\n8. You may change the price and quantity of listed items at any time.	1. คุณช่วยให้เมืองเจริญรุ่งเรือง ดังนั้น Prontera จึงเสนอบริการแผงลอยให้กับนักผจญภัยทุกคน\n2. คุณสามารถตั้งแผงลอยในพื้นที่ที่ได้รับอนุญาตของ Prontera ได้ หากช่องปัจจุบันเต็ม คุณจะสลับไปยังช่องอื่นโดยอัตโนมัติ ข้อมูลแผงลอยจะไม่ถูกแชร์ระหว่างช่อง\n3. โปรดรักษาระยะห่างจากแผงลอยของนักผจญภัยคนอื่นๆ คุณไม่สามารถตั้งค่าแผงลอยใกล้กับแผงอื่นมากเกินไปได้\n4. จะมีการเรียกเก็บค่าธรรมเนียมแผงลอยคงที่ทุกครั้งที่คุณตั้งค่าแผงลอย ไม่มีการจำกัดรายวัน\n5. รายการจากการซื้อ การขาย และการปิดแผงลอยของคุณจะถูกจัดส่งทางไปรษณีย์\n6. หากสินค้าทุกรายการในแผงขายของคุณหมด แผงจะแสดงน้อยลงโดยอัตโนมัติ อย่างไรก็ตาม สิ่งนี้จะไม่เกิดขึ้นภายใน 6 นาทีแรกหลังจากเปิดแผงลอยของคุณ\n7. หากคุณปิดแผงลอยด้วยตนเอง คุณจะต้องจ่ายค่าธรรมเนียมแผงลอยคงที่อีกครั้งในครั้งถัดไปที่คุณเปิดแผง โปรดพิจารณาอย่างรอบคอบ\n8. คุณสามารถเปลี่ยนแปลงราคาและปริมาณของรายการที่แสดงได้ตลอดเวลา
26593	A rift has appeared above the Midgard Continent, and an unknown world appears poised to descend. The Novice Instructor is recruiting Adventurers to collect Arcane Crystals and defend against the approaching world.\n@{1}.During the event, obtain Arcane Crystals by opening the Tier @{2} chest in the Event Calendar, challenging MVPs, and turning in Cat Hand Caravan quests. You may challenge MVPs @{3} times per day. Cat Hand Caravan quests have no Attempt Restriction.\n@{4}.The Entire Server's material donation progress unlocks milestone rewards on the event progress bar. Once the bar is full, preparations will be complete, and everyone can await the arrival of the otherworld.\n@{5}.Donate Arcane Crystals to the Novice Instructor in exchange for Contributor Badges, which can be exchanged for rewards in the Contributor Shop.\n@{6}.The donation event ends on Day X at Hour X. Players may continue exchanging for prizes in the shop until Day X at Hour X.	ความแตกแยกได้ปรากฏขึ้นเหนือทวีป Midgard และโลกที่ไม่มีใครรู้จักก็ดูเหมือนจะพร้อมที่จะเคลื่อนตัวลงมา ผู้ฝึกสอนมือใหม่กำลังรับสมัครนักผจญภัยเพื่อรวบรวมคริสตัล Arcane และป้องกันโลกที่เข้ามาใกล้\n@{1}ในช่วงเวลากิจกรรม รับ Arcane Crystals โดยการเปิดหีบระดับ@{2}ในปฏิทินกิจกรรม ท้าทาย MVP และเปลี่ยนภารกิจในภารกิจ Cat Hand Caravan คุณสามารถท้าทาย MVPs@{3}ครั้งต่อวัน ภารกิจ Cat Hand Caravan ไม่มีการจำกัดความพยายาม\n@{4}ความคืบหน้าการบริจาควัสดุของเซิร์ฟเวอร์ทั้งหมดจะปลดล็อกรางวัลหลักชัยบนแถบความคืบหน้าของกิจกรรม เมื่อบาร์เต็ม การเตรียมการก็จะเสร็จสิ้น และทุกคนสามารถรอคอยการมาถึงของอีกโลกหนึ่งได้\n@{5}บริจาค Arcane Crystals ให้กับ Novice Instructor เพื่อแลกกับ Contributor Badges ซึ่งสามารถนำไปแลกเป็นรางวัลได้ใน Contributor Shop\n@{6}กิจกรรมการบริจาคจะสิ้นสุดในวันที่ X เวลา X ผู้เล่นสามารถแลกของรางวัลในร้านค้าได้จนถึงวันที่ X เวลา X
26594	Can only be used while riding Madogear. Use the Madogear's ignition system to become Flying and gain a Shield equal to ${1}% of your Max HP for ${2} seconds. You can Move and have 【Immunity】 during this time. Tap the skill again or wait until the Flying duration ends to attack Below, dealing Neutral Melee Physical DMG equal to PATK * ^{1}${5}%^{2} to up to ${4} enemies within a ${3}-meter radius and inflicting Stun for ${6} seconds, as well as 【Severe Wound】 for @{1} seconds. For every ${7} enemies hit by this attack, gain @{2} stacks of Shield equal to ${8}% of your Max HP, stacking up to ${9} times and lasting ${10} seconds. This also Enhances your next Axe Tornado, Launching 【High-Energy Pulse】 a number of times based on the number of enemies hit by this attack.\n【Severe Wound】: Reduces Healing Done received by @{3}%.\n【High-Energy Pulse】: Deals Neutral Melee Physical DMG equal to PATK * ^{3}${11}%^{4} to up to @{5} enemies within a @{4}-meter radius around you.	ใช้ได้ขณะขี่ Madogear เท่านั้นใช้ระบบจุดระเบิดของ Madogear เพื่อบินและได้รับโล่เท่ากับ${1}% ของ HP สูงสุดของคุณเป็นเวลา${2}วินาทีคุณสามารถเคลื่อนไหวและมี 【ภูมิคุ้มกัน】 ในช่วงเวลานี้แตะทักษะอีกครั้งหรือรอจนกว่าระยะเวลาการบินจะสิ้นสุดลงเพื่อโจมตีด้านล่าง สร้างความเสียหายกายภาพระยะประชิดแบบเป็นกลางเท่ากับ PATK * ^{1}${5}%^{2}ไปจนถึงศัตรู${4}ภายในรัศมี${3}เมตร และทำให้มึนงงเป็นเวลา${6}วินาที เช่นเดียวกับ【บาดแผลรุนแรง】เป็นเวลา@{1}วินาทีสำหรับศัตรู${7}ทุกตัวที่ถูกโจมตีนี้ จะได้รับซ้อนโล่@{2}เท่ากับ${8}% ของ HP สูงสุดของคุณ ซ้อนได้สูงสุด${9}ครั้งและคงอยู่${10}วินาทีนอกจากนี้ยังช่วยเพิ่มประสิทธิภาพขวานทอร์นาโดถัดไปของคุณ โดยปล่อย 【High-Energy Pulse】 จำนวนครั้งขึ้นอยู่กับจำนวนศัตรูที่โดนการโจมตีครั้งนี้\n【บาดแผลรุนแรง】: ลดการรักษาที่ได้รับโดย@{3}%\n【ชีพจรพลังงานสูง】: สร้างความเสียหายทางกายภาพระยะประชิดที่เป็นกลางเท่ากับ PATK * ^{3}${11}%^{4}ไปจนถึงศัตรู@{5}ภายในรัศมี@{4}รอบตัวคุณ
26595	Adventurers can deploy @{1} pets and assign @{2} support pets at the same time, with @{3} active pet slots, @{4} Utility pet slots, and @{5} support pet slots.\nDeployment slots are gradually unlocked as the Adventurer's level increases, while support slots are gradually unlocked based on the number of Floors cleared in the Spirit Tower. A deployed pet grants the Adventurer a percentage of its base attributes: @{6}% from deployment slots, while the bonus varies by support slot.\nPets in active slots grant the Adventurer active skills, while pets in Utility slots grant the Adventurer Passive Skills.\nSome pets provide a more powerful Core Passive effect while assigned to a Utility slot.\nIf multiple pets with Core Passives are assigned to Utility slots, only the Core Passive in the lowest-numbered Utility slot takes effect.\nDeploying @{7} pets of the same Faction activates a Faction effect. Each Faction has a different effect; view the Faction combination attributes below.	นักผจญภัยสามารถติดตั้งสัตว์เลี้ยง@{1}และมอบหมายสัตว์เลี้ยงสนับสนุน@{2}ได้ในเวลาเดียวกัน โดยมีช่องสำหรับสัตว์เลี้ยงที่ใช้งาน@{3}, ช่องสัตว์เลี้ยงยูทิลิตี้@{4}และ@{5}รองรับช่องสัตว์เลี้ยง\nช่องปรับใช้จะค่อยๆ ปลดล็อคเมื่อระดับของนักผจญภัยเพิ่มขึ้น ในขณะที่ช่องสนับสนุนจะค่อยๆ ปลดล็อคตามจำนวนชั้นที่เคลียร์ได้ใน Spirit Tower สัตว์เลี้ยงที่นำไปใช้จะให้เปอร์เซ็นต์คุณสมบัติพื้นฐานแก่นักผจญภัย:@{6}% จากช่องติดตั้ง ในขณะที่โบนัสจะแตกต่างกันไปตามช่องสนับสนุน\nสัตว์เลี้ยงในช่องที่ใช้งานจะให้ทักษะการใช้งานของนักผจญภัย ในขณะที่สัตว์เลี้ยงในช่องยูทิลิตี้จะให้ทักษะติดตัวของนักผจญภัย\nสัตว์เลี้ยงบางตัวให้เอฟเฟกต์ Core Passive ที่ทรงพลังยิ่งขึ้นในขณะที่ถูกกำหนดให้กับช่องยูทิลิตี้\nหากสัตว์เลี้ยงหลายตัวที่มี Core Passive ได้รับการกำหนดในช่องยูทิลิตี้ เฉพาะ Core Passive ในช่องยูทิลิตี้ที่มีหมายเลขต่ำสุดเท่านั้นที่จะมีผล\nการปรับใช้สัตว์เลี้ยง@{7}ของฝ่ายเดียวกันจะเปิดใช้งานเอฟเฟกต์ฝ่าย แต่ละฝ่ายมีผลที่แตกต่างกัน ดูคุณสมบัติการรวมกลุ่มด้านล่าง
26596	Appearance Times: Every Monday, Wednesday, Friday, and Sunday at ^{1}@{1}:@{2}, @{3}:@{4}, @{5}:@{6}, @{7}:@{8}, @{9}:@{10}, and @{11}:@{12}^{2}.\nRules:\n@{13}.A party of ^{3}≥@{14} Members^{4} is required. Each Rift can hold only one party at a time. It disappears when defeated and remains for up to @{15} minutes.\n@{16}.If every Member leaves the instance or dies before the battle ends, the challenge fails. The instance cannot be challenged again for ^{5}@{17} minutes^{6}.\n@{18}.Each player can receive a Rift's Additional rewards up to ^{7}@{19} times^{8} per day. Higher-star Rifts are more difficult.\n@{20}.Rifts may appear randomly on any map. When one opens, a System Notification will be issued for the map where it appeared. After entering the map, players can see how many Rifts remain, but must explore to find their exact locations.\n@{21}.^{9}@{22}-Star^{10} Rifts have a Chance to grant a special commendation from the Eden Group. Challenge higher difficulties first if your party is able	เวลาปรากฏตัว: ทุกวันจันทร์ พุธ ศุกร์ และอาทิตย์ เวลา ^{1}@{1}:@{2},@{3}:@{4},@{5}:@{6},@{7}:@{8},@{9}:@{10}และ@{11}:@{12}^{2}กฎ\n:\n@{13}.ต้องมีปาร์ตี้ของ ^{3}≥@{14}Members^{4}แต่ละ Rift สามารถจัดปาร์ตี้ได้ครั้งละหนึ่งปาร์ตี้เท่านั้นมันจะหายไปเมื่อพ่ายแพ้และคงอยู่นานถึง@{15}นาที\n@{16}.หากสมาชิกทุกคนออกจากอินสแตนซ์หรือเสียชีวิตก่อนการต่อสู้สิ้นสุดลง การท้าทายจะล้มเหลวไม่สามารถท้าทายอินสแตนซ์อีกครั้งเป็นเวลา ^{5}@{17}minutes^{6}\n@{18}ผู้เล่นแต่ละคนสามารถรับรางวัลเพิ่มเติมของ Rift ได้สูงสุด ^{7}@{19}เท่า^{8}ต่อวันรอยแยกระดับดาวที่สูงกว่านั้นยากกว่า\n@{20}.รอยแยกอาจปรากฏขึ้นแบบสุ่มบนแผนที่ใดก็ได้เมื่อเปิดขึ้น ระบบจะแจ้งเตือนแผนที่ที่ปรากฏหลังจากเข้าสู่แผนที่ ผู้เล่นสามารถดูจำนวนรอยแยกที่เหลืออยู่ แต่ต้องสำรวจเพื่อค้นหาตำแหน่งที่แน่นอน\n@{21}.^{9}@{22}-Star^{10}Rifts มีโอกาสที่จะได้รับคำชมเป็นพิเศษจาก Eden Groupท้าทายความยากที่สูงกว่าก่อนหากปาร์ตี้ของคุณทำได้
26597	Pet Basics\n1. Unlock pets through Pet Search or by collecting enough shards.\n2. Use EXP Books to Level-up pets. Respawn refunds all EXP Books used for Level-up and resets the pet to Lv. 1.\n3. A pet's base stats are determined by its level and growth rate.\n\nPet Skills\n1. Combat Skill: An active Pet Skill that can be used after the pet enters battle in modes such as Pet Tower.\n2. Passive Skill: A Pet Skill that takes effect when the pet is assigned to a Utility slot.\n3. Main Skill: A Pet Skill that the Adventurer can manually use in battle while the pet is assigned to the main slot.\n4. Stat Activation Skill: A Pet Skill that grants the Adventurer permanent stat bonuses once the pet is unlocked, even when the pet is not deployed.\n\nPet Rank and Star Level\n1. Every 3 pet Rank Ups increases its star level by 1.\n2. Ranking up a pet increases its growth rate.\n3. Increasing a pet's star level raises the star level of its Main, Passive, and Stat Activation Skills. Higher-star skills provide stronger effects.\n	ข้อมูลเบื้องต้นเกี่ยวกับสัตว์เลี้ยง\n1. ปลดล็อคสัตว์เลี้ยงผ่านการค้นหาสัตว์เลี้ยงหรือโดยการสะสมชิ้นส่วนให้เพียงพอ\n2. ใช้ EXP Books เพื่อเพิ่มเลเวลสัตว์เลี้ยงRespawn จะคืนเงินหนังสือ EXP ทั้งหมดที่ใช้ในการอัพเลเวล และรีเซ็ตสัตว์เลี้ยงเป็น Lv1.\n3. สถิติพื้นฐานของสัตว์เลี้ยงจะถูกกำหนดโดยระดับและอัตราการเติบโต\n\nทักษะสัตว์เลี้ยง\n1. ทักษะการต่อสู้: ทักษะสัตว์เลี้ยงที่ใช้งานที่สามารถใช้ได้หลังจากที่สัตว์เลี้ยงเข้าสู่การต่อสู้ในโหมดต่างๆ เช่น หอคอยสัตว์เลี้ยง\n2. ทักษะติดตัว: ทักษะสัตว์เลี้ยงที่จะมีผลเมื่อสัตว์เลี้ยงถูกกำหนดให้กับช่องยูทิลิตี้\n3. ทักษะหลัก: ทักษะสัตว์เลี้ยงที่นักผจญภัยสามารถใช้ด้วยตนเองในการต่อสู้ในขณะที่สัตว์เลี้ยงถูกกำหนดให้กับช่องหลัก\n4. ทักษะการเปิดใช้งานสถิติ: ทักษะสัตว์เลี้ยงที่ให้โบนัสสถิติถาวรแก่นักผจญภัยเมื่อสัตว์เลี้ยงถูกปลดล็อค แม้ว่าสัตว์เลี้ยงจะไม่ได้ใช้งานก็ตาม\n\nอันดับสัตว์เลี้ยงและระดับดาว\n1. ทุกๆ 3 อันดับสัตว์เลี้ยงจะเพิ่มระดับดาวขึ้น 1\n2. การจัดอันดับสัตว์เลี้ยงจะเพิ่มอัตราการเติบโต\n3. การเพิ่มระดับดาวของสัตว์เลี้ยงจะเป็นการเพิ่มระดับดาวของทักษะการเปิดใช้งานหลัก พาสซีฟ และสเตตัสทักษะระดับดาวที่สูงขึ้นจะให้ผลที่แข็งแกร่งยิ่งขึ้น\n
26598	@{1}.In this mode, Guild Members must work together to Defeat Bosses. It has @{2} Difficulty levels: Easy, Hard, and Nightmare. Easy includes only Temple of Cadence; Hard includes Temple of Cadence and Above the Sea of Clouds; Nightmare includes Temple of Cadence, Above the Sea of Clouds, and Chaos Court.\n@{3}.Each week, the Guild Master selects the Difficulty and Initiates the Challenge. During the event, Members may Enter Dungeon at any time to Follow the guild's current progress and participate in the Challenge.\n@{4}.Reward Counts are shared between stages with the same name across different Difficulty levels. After Claiming a stage reward, you cannot Claim another reward from a stage with the same name that week. Stages with no Remaining Reward Counts may be skipped.\n@{5}.Clear rewards are issued immediately after each stage's Settlement. Auction Rewards continue to accumulate, and the auction begins after the Event Over.\n@{6}.While the event is Active, the Guild Master may adjust the Challenge Difficulty at any time.	@{1}.ในโหมดนี้ สมาชิกกิลด์จะต้องทำงานร่วมกันเพื่อเอาชนะบอส มีระดับความยาก @{2}: ง่าย ยาก และฝันร้าย ง่ายรวมเฉพาะ Temple of Cadence; ฮาร์ดรวมถึงวิหารแห่งจังหวะและเหนือทะเลเมฆ ฝันร้ายรวมถึงวิหารแห่งจังหวะ เหนือทะเลเมฆ และศาลแห่งความโกลาหล\n@{3}ในแต่ละสัปดาห์ หัวหน้ากิลด์จะเลือกความยากและเริ่มการท้าทาย ในระหว่างกิจกรรม สมาชิกสามารถเข้าสู่ดันเจี้ยนได้ตลอดเวลาเพื่อติดตามความคืบหน้าในปัจจุบันของกิลด์และเข้าร่วมในการท้าทาย\n@{4} จำนวนรางวัลจะถูกแบ่งระหว่างด่านที่มีชื่อเดียวกันในระดับความยากที่แตกต่างกัน หลังจากรับรางวัลสเตจแล้ว คุณจะไม่สามารถรับรางวัลอื่นจากสเตจที่มีชื่อเดียวกันในสัปดาห์นั้นได้ ด่านที่ไม่มีจำนวนรางวัลคงเหลือสามารถข้ามได้\n@{5} รางวัลเคลียร์จะออกให้ทันทีหลังจากการชำระบัญชีของแต่ละด่าน รางวัลการประมูลจะยังคงสะสมต่อไป และการประมูลจะเริ่มขึ้นหลังจากกิจกรรมจบลง\n@{6}ในขณะที่กิจกรรมยังดำเนินอยู่ หัวหน้ากิลด์สามารถปรับระดับความยากของการท้าทายได้ตลอดเวลา
26599	Basic Rules:\n1. MVPs share HP across multiple channels. When an MVP appears, it can be found and fought on every channel, and all battle contributions count toward the rankings.\nReward Rules:\n1. MVP rewards are divided into four types: Team Rewards, Participation Rewards, First Strike Rewards, and Final Blow Rewards. Each type has an independent Reward Count and does not affect the others. Click the Reward Count for details.\n2. Participation Rewards and Team Rewards have a Chance to contain Rare rewards such as cards. The higher the team's ranking, the greater the Chance of receiving them.\nRanking Rules:\n1. After an MVP is defeated, scores are calculated for all participating teams based on damage dealt, damage taken, Healing Volume, and death count. Deaths deduct a small number of points. All participating teams are then ranked by score.\n2. If a team has a Member who has reached the Team Reward limit, its total score will be reduced by a certain percentage. The more Members who have reached the limit, the greater the reduction.	:\n1. MVP แบ่งปัน HP ในหลายช่องทางเมื่อ MVP ปรากฏขึ้น จะสามารถค้นพบและต่อสู้ได้ในทุกช่อง และการมีส่วนร่วมในการต่อสู้ทั้งหมดจะนับรวมในการจัดอันดับกฎการให้รางวัล\n:\n1. รางวัล MVP แบ่งออกเป็นสี่ประเภท: รางวัลทีม รางวัลการเข้าร่วม รางวัลการโจมตีครั้งแรก และรางวัลการโจมตีครั้งสุดท้ายแต่ละประเภทมีการนับรางวัลที่เป็นอิสระและไม่ส่งผลกระทบต่อประเภทอื่นๆคลิกการนับรางวัลเพื่อดูรายละเอียด\n2. รางวัลการเข้าร่วมและรางวัลทีมมีโอกาสที่จะบรรจุรางวัลหายาก เช่น การ์ดยิ่งอันดับของทีมสูงเท่าไร โอกาสที่จะได้รับก็จะยิ่งมากขึ้นเท่านั้นกฎการจัดอันดับ\n:\n1. หลังจากที่ MVP พ่ายแพ้ คะแนนจะถูกคำนวณสำหรับทีมที่เข้าร่วมทั้งหมดโดยพิจารณาจากความเสียหายที่ทำได้ ความเสียหายที่ได้รับ ปริมาณการรักษา และจำนวนการตายผู้เสียชีวิตจะถูกหักคะแนนจำนวนเล็กน้อยทีมที่เข้าร่วมทั้งหมดจะถูกจัดอันดับตามคะแนน\n2. หากทีมมีสมาชิกที่ได้รับรางวัลทีมถึงขีดจำกัดแล้ว คะแนนรวมจะลดลงตามเปอร์เซ็นต์ที่กำหนดยิ่งสมาชิกถึงขีดจำกัดมากเท่าใดก็ยิ่งลดน้อยลงเท่านั้น
26600	Stronghold Contest Phases:\nThe Stronghold Contest cycles through the following phases: Bidding → Preparation → In Progress → Ended.\nAt the end of the Season, the off-season begins. The contest will resume when the next Season starts.\n\nBidding:\nDuring this phase, Guild Leaders must spend Guild Supplies to place bids and qualify for the Stronghold Contest.\nFor each prefecture within the same realm, only the top @{1} bidding guilds can participate in the Stronghold Contest.\n\nPreparation:\nDuring this phase, the bidding results and attack information are displayed so qualifying guilds can discuss their strategies.\n\nIn Progress:\nThe Stronghold Contest officially begins. Keep the information displayed during the Preparation phase and provide qualifying guilds with an entrance to the event.\n\nEnded:\nThe results of the current Stronghold Contest are displayed. Tap Battle Record in the lower-right corner for more details on the battle's offense and defense.\nWhen this phase ends, a new Stronghold Contest cycle begins with the Bidding phase.	ระยะการแข่งขันฐานที่มั่น:\nการประกวดฐานที่มั่นจะวนผ่านขั้นตอนต่อไปนี้: การเสนอราคา → การเตรียมการ → อยู่ระหว่างดำเนินการ → สิ้นสุดแล้ว\nเมื่อสิ้นสุดฤดูกาล นอกฤดูกาลจะเริ่มต้นขึ้น การแข่งขันจะกลับมาอีกครั้งเมื่อฤดูกาลถัดไปเริ่มต้นขึ้น\n\nการประมูล:\nในระหว่างระยะนี้ ผู้นำกิลด์ต้องใช้อุปกรณ์กิลด์เพื่อเสนอราคาและมีคุณสมบัติสำหรับการประกวดฐานที่มั่น\nสำหรับแต่ละจังหวัดภายในอาณาจักรเดียวกัน เฉพาะกิลด์ประมูล@{1}อันดับต้นๆ เท่านั้นที่สามารถเข้าร่วมในการแข่งขันฐานที่มั่นได้\n\nการเตรียมการ:\nในระหว่างขั้นตอนนี้ ผลการประมูลและข้อมูลการโจมตีจะปรากฏขึ้น เพื่อให้กิลด์ที่ผ่านการคัดเลือกสามารถหารือเกี่ยวกับกลยุทธ์ของพวกเขาได้\n\nอยู่ระหว่างดำเนินการ:\nการแข่งขันฐานที่มั่นเริ่มต้นอย่างเป็นทางการ เก็บข้อมูลที่แสดงไว้ในช่วงการเตรียมการ และจัดเตรียมกิลด์ที่มีคุณสมบัติเหมาะสมให้สามารถเข้าร่วมกิจกรรมได้\n\nสิ้นสุดแล้ว:\nผลการแข่งขัน Stronghold ปัจจุบันจะปรากฏขึ้น แตะบันทึกการต่อสู้ที่มุมขวาล่างเพื่อดูรายละเอียดเพิ่มเติมเกี่ยวกับการรุกและการป้องกันของการรบ\nเมื่อระยะนี้สิ้นสุดลง รอบการแข่งขันฐานที่มั่นใหม่จะเริ่มต้นด้วยช่วงการประมูล
26601	@{1}. Each BOSS has one Initial Reward Count when unlocked. ^{1}The Initial Reward Count will not be cleared and is permanently Kept for the current Season.^{2}\n@{2}. ^{3}Reward Counts refresh every Monday at @{3}:@{4}^{4}, granting one for each BOSS.\n@{5}. Each BOSS's [Normal] and [Hard] difficulties share a shared Reward Count. However, ^{5}before [Hard] is unlocked, Reward Counts from [Normal] cannot be accumulated for use on [Hard].^{6}\n@{6}. Each BOSS's clear Reward Count is exclusive to the current difficulty and cannot be used for another difficulty. The shared Reward Count is shared between the current BOSS's [Normal] and [Hard] difficulties.\n@{7}. A Reward Count is consumed upon clearing to grant rewards. ^{7}The first time you clear a BOSS, you receive that BOSS's First Clear rewards.^{8}\n@{8}. Without a Reward Count, you cannot receive clear rewards, participate in auctions, or receive Auction Dividends.\n@{9}. Each BOSS's refreshed ^{9}Reward Counts can accumulate for up to two weeks^{10}. The BOSS's Initial Reward Count does not count toward this limit.	@{1} บอสแต่ละตัวจะมีจำนวนรางวัลเริ่มต้นหนึ่งรางวัลเมื่อปลดล็อค ^{1}จำนวนรางวัลเริ่มต้นจะไม่ถูกล้างและจะเก็บไว้อย่างถาวรสำหรับฤดูกาลปัจจุบัน^{2}\n@{2} ^{3}จำนวนรางวัลจะรีเฟรชทุกวันจันทร์ที่ @{3}:@{4}^{4} โดยจะมอบให้หนึ่งรางวัลสำหรับบอสแต่ละตัว\n@{5} ความยาก [ปกติ] และ [ยาก] ของบอสแต่ละตัวจะแบ่งจำนวนรางวัลร่วมกัน อย่างไรก็ตาม ^{5}ก่อนที่ [ยาก] จะถูกปลดล็อค จำนวนรางวัลจาก [ปกติ] จะไม่สามารถสะสมเพื่อใช้กับ [ยาก] ได้^{6}\n@{6} จำนวนรางวัลที่ชัดเจนของบอสแต่ละตัวนั้นจำกัดเฉพาะความยากปัจจุบัน และไม่สามารถใช้กับความยากอื่นได้ จำนวนรางวัลที่แบ่งใช้จะถูกแบ่งระหว่างระดับความยาก [ปกติ] และ [ยาก] ของบอสในปัจจุบัน\n@{7} จำนวนรางวัลจะถูกใช้ไปเมื่อเคลียร์เพื่อให้รางวัล ^{7}ครั้งแรกที่คุณเคลียร์บอสได้ คุณจะได้รับรางวัลการเคลียร์บอสครั้งแรก^{8}\n@{8} หากไม่มีการนับรางวัล คุณจะไม่ได้รับรางวัลที่ชัดเจน เข้าร่วมการประมูล หรือรับเงินปันผลจากการประมูล\n@{9} รีเฟรชบอสแต่ละตัว ^{9}จำนวนรางวัลสามารถสะสมได้สูงสุดสองสัปดาห์^{10} จำนวนรางวัลเริ่มต้นของ BOSS จะไม่นับรวมในขีดจำกัดนี้
26602	Raise your shield to block for ${1} sec. During this time, damage taken from monsters is reduced by an additional ^{1}${2}%^{2}, and damage taken from players is reduced by an additional ^{3}${3}%^{4}. Tap this skill again during its duration, or wait until the block ends, to cast ^{5}【Shield Auto Counter】^{6}. If you are hit while blocking, this will Enhance ^{7}【Shield Auto Counter】^{8} into ^{9}【Powerful Auto Counter】^{10}. ^{11}【Shield Auto Counter】^{12}: Deals Neutral melee Physical damage equal to Physical ATK * ^{13}${7}% + ${8}^{14} to up to ${6} enemies within a ${4}-degree, ${5}-meter area in front of you. During this time, damage taken from monsters is reduced by an additional ^{15}${2}%^{16}, and damage taken from players is reduced by an additional ^{17}${3}%^{18}. ^{19}【Powerful Auto Counter】^{20}: Deals Neutral melee Physical damage equal to Physical ATK * ^{21}${10}% + ${11}^{22} to up to ${6} enemies within a ${4}-degree, ${9}-meter area in front of you. During this time, damage taken from monsters is reduced by an additional ^{23}${2}%^{24}, and damage taken from players is reduced by an additional ^{25}${3}%^{26}.	ยกโล่ขึ้นเพื่อบล็อกเป็นเวลา${1}วินาทีในช่วงเวลานี้ ความเสียหายที่ได้รับจากมอนสเตอร์จะลดลงอีก ^{1}${2}%^{2}และความเสียหายที่ได้รับจากผู้เล่นจะลดลงอีก ^{3}${3}%^{4}แตะทักษะนี้อีกครั้งในช่วงระยะเวลา หรือรอจนกว่าบล็อกจะสิ้นสุด เพื่อร่าย ^{5}【Shield Auto Counter】^{6}หากคุณถูกโจมตีขณะบล็อก สิ่งนี้จะเพิ่มประสิทธิภาพ ^{7}【Shield Auto Counter】^{8}ให้เป็น ^{9}【ตัวนับอัตโนมัติอันทรงพลัง】^{10}^{11}【Shield Auto Counter】^{12}: สร้างความเสียหายทางกายภาพระยะประชิดที่เป็นกลางเท่ากับการโจมตีทางกายภาพ * ^{13}${7}% +${8}^{14}ให้กับศัตรูสูงสุด${6}ภายในระดับ${4},${5}-พื้นที่เมตรด้านหน้าคุณในช่วงเวลานี้ ความเสียหายที่ได้รับจากมอนสเตอร์จะลดลงอีก ^{15}${2}%^{16}และความเสียหายที่ได้รับจากผู้เล่นจะลดลงเพิ่มเติม ^{17}${3}%^{18}^{19}【ตัวนับอัตโนมัติอันทรงพลัง】^{20}: สร้างความเสียหายทางกายภาพระยะประชิดที่เป็นกลางเท่ากับการโจมตีทางกายภาพ * ^{21}${10}% +${11}^{22}ให้กับศัตรูสูงสุด${6}ภายใน${4}- องศา,${9}-พื้นที่เมตรด้านหน้าคุณในช่วงเวลานี้ ความเสียหายที่ได้รับจากมอนสเตอร์จะลดลงอีก ^{23}${2}%^{24}และความเสียหายที่ได้รับจากผู้เล่นจะลดลงเพิ่มเติม ^{25}${3}%^{26}
26603	During the event, complete Activity Missions to obtain Treasure Maps, then use them to hunt for treasure. There are two types of Treasure Maps: Normal Treasure Maps and Rare Treasure Maps.\n@{1}. Using a Normal Treasure Map may grant rewards (including Treasure Map Fragments), trigger an Elite Monster encounter, summon a powerful Boss, or result in a failed treasure hunt.\n@{2}. Successfully hunting for treasure with a Rare Treasure Map will grant valuable rewards with consistently high prize values.\nRare Treasure Maps can be crafted from Treasure Map Fragments. Treasure Map Fragments can be obtained while hunting for treasure with Normal Treasure Maps or purchased through Trade.\nDuring the event, we recommend prioritizing Activity Missions on the Event Gameplay screen. Completing these missions grants a certain number of Normal Treasure Maps and is one of the main ways to obtain Treasure Map Fragments.\nAdditionally, hunting for treasure with Normal or Rare Treasure Maps has a Chance to grant a Lost Traveler's Journal. Follow the Clues in the journal to search the map for the destination, where you may find an Extra surprise reward.	ในช่วงกิจกรรม ทำภารกิจกิจกรรมให้สำเร็จเพื่อรับแผนที่สมบัติ จากนั้นใช้เพื่อตามล่าหาสมบัติแผนที่ขุมทรัพย์มีสองประเภท: แผนที่ขุมทรัพย์ปกติ และแผนที่สมบัติหายาก\n@{1}.การใช้แผนที่ขุมทรัพย์ปกติอาจให้รางวัล (รวมถึงชิ้นส่วนแผนที่ขุมทรัพย์) ทำให้เกิดการเผชิญหน้ามอนสเตอร์ระดับสูง เรียกบอสที่แข็งแกร่ง หรือส่งผลให้การล่าสมบัติล้มเหลว\n@{2}.การล่าสมบัติได้สำเร็จด้วยแผนที่สมบัติหายากจะมอบรางวัลอันทรงคุณค่าและมีมูลค่ารางวัลสูงอย่างต่อเนื่อง\nแผนที่สมบัติหายากสามารถสร้างได้จากชิ้นส่วนแผนที่สมบัติชิ้นส่วนแผนที่สมบัติสามารถรับได้ขณะล่าสมบัติด้วยแผนที่สมบัติปกติหรือซื้อผ่านการค้า\nในระหว่างกิจกรรม เราขอแนะนำให้จัดลำดับความสำคัญของภารกิจกิจกรรมบนหน้าจอการเล่นเกมของกิจกรรมการทำภารกิจเหล่านี้สำเร็จจะทำให้ได้รับแผนที่สมบัติปกติจำนวนหนึ่ง และเป็นหนึ่งในวิธีหลักในการรับชิ้นส่วนแผนที่สมบัติ\nนอกจากนี้ การตามล่าหาสมบัติด้วยแผนที่สมบัติระดับปกติหรือหายากจะมีโอกาสได้รับ Lost Traveler's Journalติดตามเบาะแสในบันทึกเพื่อค้นหาจุดหมายปลายทางบนแผนที่ ซึ่งคุณอาจพบรางวัลเซอร์ไพรส์พิเศษ
26604	@{1}.After Enable Bonus Time, Killing Monsters in the Field grants large amounts of EXP, Equipment, Cards, and other Drops.\n@{2}.Outside Bonus Time, Drops are divided into reduced Drops and Fatigue Drops.\n@{3}.With reduced Drops Active, Killing Monsters in the Field grants only small amounts of EXP, Materials, and other Basic Drops.\n@{4}.With Fatigue Drops Active, Killing Monsters in the Field grants only small amounts of Minted Coins and Materials.\n@{5}.EXP and Equipment Drops from Killing Field Monsters are affected only by World Lv. Card Drops vary by Monster, so plan carefully to obtain the Cards you want!\n@{6}.After enabling Bonus Auto Mode, if you do not Kill a Monster and obtain Drops within 10 seconds, Auto Mode is automatically suspended. Bonus Time is not deducted while suspended. Bonus Auto Mode automatically resumes when you Kill another Monster and obtain Drops.\n@{7}.Bonus Auto Mode is automatically disabled in Dungeons and similar Locations and cannot be enabled there.\n@{8}.If you are challenging a Field MVP, enabling Bonus Auto Mode will also suspend it. It will resume after you escape the MVP's aggro, Kill a Monster, and obtain Drops.	@{1}.หลังจากเปิดใช้งานเวลาโบนัส การฆ่ามอนสเตอร์ในสนามจะให้ EXP อุปกรณ์ การ์ด และดรอปอื่นๆ จำนวนมาก\n@{2}.นอกเวลาโบนัส ดรอปจะถูกแบ่งออกเป็นดรอปที่ลดลงและดรอปจากความเหนื่อยล้า\n@{3}.เมื่อดรอปที่ใช้งานได้ลดลง การฆ่ามอนสเตอร์ในสนามจะให้ EXP วัสดุ และดรอปพื้นฐานอื่นๆ จำนวนเล็กน้อยเท่านั้น\n@{4}.เมื่อดรอปจากความล้าทำงาน การฆ่ามอนสเตอร์ในสนามจะให้เหรียญและวัสดุที่ขุดออกมาเพียงเล็กน้อยเท่านั้น\n@{5} EXP และอุปกรณ์ที่ดรอปจากการสังหารมอนสเตอร์ในสนามจะได้รับผลกระทบจาก World Lv เท่านั้น การดรอปการ์ดจะแตกต่างกันไปตามมอนสเตอร์ ดังนั้นควรวางแผนอย่างรอบคอบเพื่อให้ได้การ์ดที่คุณต้องการ!\n@{6} หลังจากเปิดใช้งานโหมดโบนัสอัตโนมัติแล้ว หากคุณไม่ฆ่ามอนสเตอร์และได้รับดรอปภายใน 10 วินาที โหมดอัตโนมัติจะถูกระงับโดยอัตโนมัติ โบนัสไทม์จะไม่ถูกหักออกในขณะที่ถูกระงับ โหมดโบนัสอัตโนมัติจะกลับมาทำงานต่อโดยอัตโนมัติเมื่อคุณฆ่ามอนสเตอร์ตัวอื่นและรับ Drops\n@{7} โหมดโบนัสอัตโนมัติจะถูกปิดใช้งานโดยอัตโนมัติในดันเจี้ยนและสถานที่ที่คล้ายกัน และไม่สามารถเปิดใช้งานได้ที่นั่น\n@{8} หากคุณกำลังท้าทาย Field MVP การเปิดใช้งานโหมดโบนัสอัตโนมัติจะระงับด้วยเช่นกัน มันจะกลับมาทำงานต่อหลังจากที่คุณหนีจากความดุร้ายของ MVP, ฆ่าสัตว์ประหลาด และรับ Drops
26605	Up to @{1} Guild Members may enter the battlefield. The mode is divided into four phases: one preparation phase and three attack phases.\nPreparation Phase: Attackers cannot leave their base, and defenders cannot leave the castle walls, but both sides may operate their respective machines and Madogear Pilots.\nBattle Phase P@{2}: The battle officially begins. Attackers have @{3} minutes to breach the castle gate. If they succeed, they receive bonus time and the attack continues. If they fail to breach the gate before time expires, the defenders win.\nBattle Phase P@{4}: Attackers must Kill the Protector within the time limit to open the path to the castle. Killing Castle Guards and the Protector grants the corresponding time bonuses.\nBattle Phase P@{5}: There is a Revive point in front of the castle. Attackers must enter the control circle and capture it to remove the Emperium's Invincible status and secure the Revive point. The Revive point can change hands repeatedly. If the defenders recapture it, the Emperium becomes Invincible again. Under any circumstances, after the Emperium remains out of combat for @{6} seconds, it gradually recovers HP within its current phase. The Emperium has three HP phases in total.	สมาชิกกิลด์สูงสุด@{1}สามารถเข้าสู่สนามรบได้โหมดนี้แบ่งออกเป็นสี่เฟส: หนึ่งเฟสเตรียมการและสามเฟสโจมตีขั้นตอนการเตรียมการ\n: ผู้โจมตีไม่สามารถออกจากฐานได้ และผู้ปกป้องไม่สามารถออกจากกำแพงปราสาทได้ แต่ทั้งสองฝ่ายอาจใช้เครื่องจักรของตนและนักบิน Madogear ได้\nBattle Phase P@{2}: การต่อสู้เริ่มต้นอย่างเป็นทางการผู้โจมตีมีเวลา@{3}นาทีในการเจาะประตูปราสาทหากพวกเขาทำสำเร็จ พวกเขาจะได้รับโบนัสเวลาและการโจมตีจะดำเนินต่อไปหากพวกเขาไม่ฝ่าฝืนประตูก่อนหมดเวลา ฝ่ายป้องกันจะชนะ\nBattle Phase P@{4}: ผู้โจมตีจะต้องสังหารผู้พิทักษ์ภายในเวลาที่กำหนดเพื่อเปิดเส้นทางสู่ปราสาทการสังหาร Castle Guards และ Protector จะทำให้ได้รับโบนัสเวลาที่สอดคล้องกัน\nBattle Phase P@{5}: มีจุดฟื้นคืนชีพอยู่ด้านหน้าปราสาทผู้โจมตีจะต้องเข้าไปในวงควบคุมและยึดมันเพื่อลบสถานะ Invincible ของ Emperium และรักษาจุด Revive ไว้จุด Revive สามารถเปลี่ยนมือซ้ำได้หากฝ่ายป้องกันยึดคืนได้ Emperium จะกลายเป็นอมตะอีกครั้งไม่ว่าในสถานการณ์ใดก็ตาม หลังจากที่ Emperium ออกจากการต่อสู้เป็นเวลา@{6}วินาที มันจะค่อยๆ ฟื้นฟู HP ภายในระยะปัจจุบันEmperium มีระยะ HP ทั้งหมดสามระยะ
26606	Can only be used in Madogear Pilot mode. Use the Madogear ignition device to become Flying and gain a Shield equal to ${1}% of your Max HP for ${2} seconds. During this time, you can Move and gain 【Immunity】. Tap the skill again or wait until the Flying duration ends to attack Below, dealing Neutral melee Physical damage equal to PATK *^{1}${5}%^{2} to up to ${4} enemies within a ${3}-meter radius and inflicting Stun for ${6} seconds. Also inflicts 【Severe Wound】 for @{1} seconds. For every ${7} enemies HIT by this attack, gain @{2} stacks of Shield, each equal to ${8}% of your Max HP, up to ${9} stacks, for ${10} seconds. This also applies Enhance to the next Axe Tornado, triggering 【High-Energy Pulse】 a number of times based on the number of enemies HIT by this attack. This also applies Enhance to the next Axe Tornado, triggering 【High-Energy Pulse】 a number of times based on the number of enemies HIT by this attack. In addition, for every ${11} enemies HIT during the skill, your damage and MSPD increase by ${12}% and ${13}%, respectively, up to ${14} stacks, for ${15} seconds.\n【Severe Wound】: Reduces Healing Done received by @{3}%.\n【High-Energy Pulse】: Deals Neutral melee Physical damage equal to PATK *^{3}@{6}%^{4} to up to @{5} enemies within a @{4}-meter radius around you.	ใช้ได้ในโหมด Madogear Pilot เท่านั้นใช้อุปกรณ์จุดระเบิด Madogear เพื่อบินและได้รับโล่เท่ากับ${1}% ของ HP สูงสุดของคุณเป็นเวลา${2}วินาทีในช่วงเวลานี้ คุณสามารถเคลื่อนที่และได้รับ 【ภูมิคุ้มกัน】แตะทักษะอีกครั้งหรือรอจนกว่าระยะเวลาการบินจะสิ้นสุดลงเพื่อโจมตีด้านล่าง สร้างความเสียหายทางกายภาพระยะประชิดที่เป็นกลางเท่ากับ PATK *^{1}${5}%^{2}ไปจนถึงศัตรูสูงสุด${4}ภายในรัศมี${3}เมตร และทำให้มึนงงเป็นเวลา${6}วินาทีทำให้เกิด 【Severe Wound】 เป็นเวลา@{1}วินาทีด้วยสำหรับศัตรู${7}ทุกคนที่โดนการโจมตีนี้ จะได้รับสแต็คโล่@{2}ซึ่งแต่ละอันเท่ากับ${8}% ของ HP สูงสุดของคุณ สูงสุดถึง${9}สแต็คเป็นเวลา${10}วินาทีนอกจากนี้ยังใช้การเพิ่มประสิทธิภาพกับขวานทอร์นาโดถัดไป ซึ่งจะทำให้เกิด 【High-Energy Pulse】 จำนวนครั้งขึ้นอยู่กับจำนวนศัตรูที่โดนโดยการโจมตีครั้งนี้นอกจากนี้ยังใช้การเพิ่มประสิทธิภาพกับขวานทอร์นาโดถัดไป ซึ่งจะทำให้เกิด 【High-Energy Pulse】 จำนวนครั้งขึ้นอยู่กับจำนวนศัตรูที่โดนโดยการโจมตีครั้งนี้นอกจากนี้ สำหรับการโจมตีของศัตรู${11}ทุกครั้งในระหว่างใช้ทักษะ ความเสียหายและ MSPD ของคุณจะเพิ่มขึ้น${12}% และ${13}% ตามลำดับ สูงสุดถึง${14}สแต็คเป็นเวลา${15}วินาที\n【บาดแผลรุนแรง】: ลดการรักษาที่ได้รับโดย@{3}%\n【ชีพจรพลังงานสูง】: สร้างความเสียหายทางกายภาพระยะประชิดที่เป็นกลางเท่ากับ PATK *^{3}@{6}%^{4}ให้กับศัตรูสูงสุด@{5}ภายในรัศมี@{4}รอบตัวคุณ
26607	When the Season's official phase ends, Season Settlement rewards will be distributed to all players. The Season Settlement System grants substantial rewards based on each player's and Guild's performance across various activities throughout the Season. The better a player performs during the Season, the greater the rewards they will receive.\n\n^{1}Settlement Time^{2}:\nSeason Settlement takes place when the final @{1} phases of the current Season begin. All Season Settlement rewards will be distributed after this point.\n\n^{3}Settlement Categories^{4}:\nSeason Settlement is divided into two main categories: Territory War Settlement and Spacetime Epic Settlement. Each category covers different content and offers different types of rewards.\n\n^{5}Territory War Settlement^{6}:\nTerritory War Settlement rewards are based on each Guild's and player's performance in Territory War. Players who achieve outstanding results in Territory War will not only receive substantial rewards, but also become eligible to purchase limited-time items for the new Season from the Season Shop.\n\n^{7}Spacetime Epic Settlement^{8}:\nSpacetime Epic features multiple Epic Quests spanning various types of Season content. Completing Spacetime Epic grants generous rewards as well as the highly collectible Spacetime Emblem.	เมื่อช่วงอย่างเป็นทางการของฤดูกาลสิ้นสุดลง รางวัลการชำระฤดูกาลจะถูกแจกจ่ายให้กับผู้เล่นทุกคนระบบการชำระฤดูกาลจะมอบรางวัลมากมายตามผลงานของผู้เล่นแต่ละคนและกิลด์ในกิจกรรมต่างๆ ตลอดทั้งฤดูกาลยิ่งผู้เล่นทำผลงานได้ดีขึ้นในระหว่างฤดูกาล รางวัลที่พวกเขาจะได้รับก็จะยิ่งมากขึ้นเท่านั้น\n\n^{1}เวลาชำระบัญชี^{2}:\nการชำระล้างฤดูกาลจะเกิดขึ้นเมื่อขั้นตอนสุดท้ายของ@{1}ของฤดูกาลปัจจุบันเริ่มต้นขึ้นรางวัลการตั้งถิ่นฐานฤดูกาลทั้งหมดจะถูกแจกจ่ายหลังจากจุดนี้\n\n^ หมวดหมู่การตั้งถิ่นฐานของ{3}^{4}:\nการตั้งถิ่นฐานตามฤดูกาลแบ่งออกเป็นสองประเภทหลัก: การตั้งถิ่นฐานในสงครามอาณาเขต และ การตั้งถิ่นฐานครั้งยิ่งใหญ่ในกาลอวกาศแต่ละหมวดหมู่ครอบคลุมเนื้อหาที่แตกต่างกันและเสนอรางวัลประเภทต่างๆ\n\n^{5}Territory War Settlement^{6}:\nTerritory War Settlement ขึ้นอยู่กับแต่ละกิลด์และประสิทธิภาพของผู้เล่นใน Territory Warผู้เล่นที่ทำผลงานได้อย่างโดดเด่นใน Territory War จะไม่เพียงได้รับรางวัลมากมาย แต่ยังมีสิทธิ์ซื้อไอเท็มจำกัดเวลาสำหรับซีซั่นใหม่จากร้านค้าซีซั่นอีกด้วย\n\n^{7}Spacetime Epic Settlement^{8}:\nSpacetime Epic มีภารกิจ Epic หลายภารกิจซึ่งครอบคลุมเนื้อหาซีซันประเภทต่างๆการทำ Spacetime Epic สำเร็จจะมอบรางวัลมากมายรวมถึง Spacetime Emblem ที่สะสมได้สูง
26608	Can only be used while piloting Madogear Pilot. Activates the Madogear Pilot's ignition system to rise into the air and gain a Shield equal to ${1}% of max HP for ${2} seconds. You can Move and have 【Immunity】 during this time. Tap the skill again or wait until the Flying duration ends to attack Below, dealing Neutral melee Physical damage equal to PATK *^{1}${5}%^{2} to up to ${4} enemies within a ${3}-meter radius, pulling them toward the center of the attack, inflicting Stun for ${6} seconds, and applying 【Severe Wound】 for @{1} seconds. For every ${7} enemies HIT by this attack, gain @{2} stacks of Shield, each equal to ${8}% of max HP. Stacks up to ${9} times and lasts ${10} seconds. Also applies Enhance to the next Axe Tornado, releasing 【High-Energy Pulse】 a number of times based on the number of enemies HIT by this attack. Also applies Enhance to the next Axe Tornado, releasing 【High-Energy Pulse】 a number of times based on the number of enemies HIT by this attack. During the skill, for every ${11} enemies HIT, damage and MSPD increase by ${12}% and ${13}%, respectively. Stacks up to ${14} times and lasts ${15} seconds.\n【Severe Wound】: Healing Done received is reduced by @{3}%.\n【High-Energy Pulse】: Deals Neutral melee Physical damage equal to PATK *^{3}@{6}%^{4} to up to @{5} enemies within a @{4}-meter radius around you.	สามารถใช้ได้ขณะขับ Madogear Pilot เท่านั้นเปิดใช้งานระบบจุดระเบิดของนักบิน Madogear เพื่อลอยขึ้นไปในอากาศและได้รับโล่เท่ากับ${1}% ของ HP สูงสุดเป็นเวลา${2}วินาทีคุณสามารถเคลื่อนไหวและมี 【ภูมิคุ้มกัน】 ในช่วงเวลานี้แตะทักษะอีกครั้งหรือรอจนกว่าระยะเวลาการบินจะสิ้นสุดลงเพื่อโจมตีด้านล่าง สร้างความเสียหายทางกายภาพระยะประชิดที่เป็นกลางเท่ากับ PATK *^{1}${5}%^{2}ไปจนถึง${4}ศัตรูภายในรัศมี${3}เมตร ดึงพวกมันไปยังศูนย์กลางของการโจมตี ทำให้เกิดอาการมึนงง${6}วินาที และใช้ 【Severe Wound】 เป็นเวลา@{1}วินาทีสำหรับศัตรู${7}ทุกคนที่โดนการโจมตีนี้ จะได้รับสแต็คโล่@{2}ซึ่งแต่ละอันเท่ากับ${8}% ของ HP สูงสุดสแต็กสูงสุด${9}ครั้งและคงอยู่${10}วินาทีนอกจากนี้ยังใช้การเพิ่มประสิทธิภาพกับขวานทอร์นาโดถัดไป โดยปล่อย 【High-Energy Pulse】 จำนวนครั้งขึ้นอยู่กับจำนวนศัตรูที่โดนโดยการโจมตีครั้งนี้นอกจากนี้ยังใช้การเพิ่มประสิทธิภาพกับขวานทอร์นาโดถัดไป โดยปล่อย 【High-Energy Pulse】 จำนวนครั้งขึ้นอยู่กับจำนวนศัตรูที่โดนโดยการโจมตีครั้งนี้ในระหว่างการใช้ทักษะ สำหรับการโจมตีของศัตรู${11}ทุกตัว ความเสียหายและ MSPD จะเพิ่มขึ้น${12}% และ${13}% ตามลำดับสแต็กสูงสุด${14}ครั้งและคงอยู่${15}วินาที\n【บาดแผลรุนแรง】: การรักษาเสร็จสิ้นจะลดลง@{3}%\n【ชีพจรพลังงานสูง】: สร้างความเสียหายทางกายภาพระยะประชิดที่เป็นกลางเท่ากับ PATK *^{3}@{6}%^{4}ให้กับศัตรูสูงสุด@{5}ภายในรัศมี@{4}รอบตัวคุณ
26609	@{1}.Phantom Realm can be ^{1}entered directly with a party or through matchmaking^{2}. At least @{2} Members are required to Enter Dungeon.\n@{3}.During matchmaking, the system prioritizes the Dungeon's Suggested roles that ^{3}the current party is missing^{4}. \n@{4}.Dungeon Challenges have ^{5}Unlimited attempts^{6}, but Adventurers with no Remaining Reward Counts receive no clear rewards, cannot participate in auctions, and cannot receive Auction Dividends.\n@{5}.After each Boss is unlocked, you receive ^{7}1 fixed First Clear Reward Count^{8}. First Clear Reward Counts are not reset by the weekly refresh.\n@{6}.Every Monday at @{7}:@{8}, ^{9}the Reward Count for the highest-Lv. unlocked Dungeon^{10} refreshes.\n@{9}.A Boss's Weekly Reward Counts ^{11}can accumulate for up to 2 weeks^{12}. First Clear Reward Counts do not count toward this cap.\n@{10}.Reward Counts accumulated from the previous Season's Dungeons are not Kept in a new Season.\n@{11}.An auction begins only if the party has ^{13}at least @{12} Members with Remaining Reward Counts^{14}. The more eligible Members there are, the more Auction Rewards the party earns. Members' First Clear Rewards and clear rewards are not affected.\n@{13}.After successfully Challenging a Hard Boss, if its Normal Difficulty has not yet been Cleared for the first time, you will directly Claim that Boss's Normal First Clear Rewards.	@{1}.Phantom Realm สามารถ ^{1}เข้าร่วมได้โดยตรงกับปาร์ตี้หรือผ่านการจับคู่^{2} อย่างน้อย @{2} สมาชิกจะต้องเข้าสู่ดันเจี้ยน\n@{3}ในระหว่างการค้นหาแมตช์ ระบบจะจัดลำดับความสำคัญของบทบาทที่แนะนำของดันเจี้ยนที่ ^{3}ปาร์ตี้ปัจจุบันหายไป^{4} \n@{4}.ความท้าทายในดันเจี้ยนมี ^{5}ความพยายามไม่จำกัด^{6} แต่นักผจญภัยที่ไม่มีจำนวนรางวัลเหลือจะไม่ได้รับรางวัลที่ชัดเจน ไม่สามารถเข้าร่วมการประมูล และไม่สามารถรับเงินปันผลจากการประมูลได้\n@{5}.หลังจากปลดล็อคบอสแต่ละตัวแล้ว คุณจะได้รับ ^{7}จำนวนรางวัลเคลียร์ครั้งแรกคงที่ 1 ครั้ง^{8} จำนวนรางวัลจากการเคลียร์ครั้งแรกจะไม่ถูกรีเซ็ตโดยการรีเฟรชรายสัปดาห์\n@{6}.ทุกวันจันทร์ที่ @{7}:@{8} ^{9}จำนวนรางวัลสำหรับ Lv สูงสุด ปลดล็อคดันเจี้ยน^{10} รีเฟรช\n@{9}.รางวัลประจำสัปดาห์ของบอส ^{11}สามารถสะสมได้สูงสุด 2 สัปดาห์^{12} จำนวนรางวัลจากการเคลียร์ครั้งแรกจะไม่นับรวมในขีดจำกัดนี้\n@{10}จำนวนรางวัลที่สะสมจากดันเจี้ยนของฤดูกาลที่แล้วจะไม่ถูกเก็บไว้ในฤดูกาลใหม่\n@{11}.การประมูลจะเริ่มต้นก็ต่อเมื่อปาร์ตี้มี ^{13}สมาชิกอย่างน้อย @{12} ที่มีจำนวนรางวัลคงเหลือ^{14} ยิ่งมีสมาชิกที่มีสิทธิ์มากเท่าใด ปาร์ตี้ก็จะยิ่งได้รับรางวัลการประมูลมากขึ้นเท่านั้น รางวัลการเคลียร์ครั้งแรกและรางวัลการเคลียร์ของสมาชิกจะไม่ได้รับผลกระทบ\n@{13}หลังจากท้าทายบอสระดับยากได้สำเร็จ หากระดับความยากปกติยังไม่ถูกเคลียร์ในครั้งแรก คุณจะรับสิทธิ์ในการรับรางวัลการเคลียร์ครั้งแรกปกติของบอสโดยตรง
26610	1. This is a role-playing game suitable for users age 12 and older. Minors are advised to play under parental supervision.\n	1. นี่คือเกมเล่นตามบทบาทที่เหมาะสำหรับผู้ใช้ที่มีอายุ 12 ปีขึ้นไป ผู้เยาว์ควรเล่นภายใต้การดูแลของผู้ปกครอง\n
26611	At Season Settlement, rewards will be determined based on each guild's and player's performance in the Territory War.\nTerritory War Settlement consists of @{1} parts: Territory Points Leaderboard Settlement, Royal City Settlement, and Realm Merit Settlement.\n\n^{1}Territory Points Leaderboard Settlement^{2}:\nAt Season Settlement, a guild's ranking on the Territory Points Leaderboard determines whether its Guild Members are eligible for Throne Rewards.\nThrone Rewards are the most prestigious rewards of the entire Season. They are distributed through a quota system according to the following rules:\n@{2}. The top @{3} guilds on the Points Leaderboard receive @{4}, @{5}, and @{6} Throne slots, respectively.\n@{7}. A guild occupying the Royal City at Settlement receives @{8} Throne slots; a guild occupying County Cities receives @{9}*the number of County Cities occupied Throne slots.\n@{10}. A guild's Throne slots are automatically awarded to Guild Members in descending order of their Royal War Prestige ranking within the guild.\n@{11}. All officers of the top @{12} guilds on the Points Leaderboard automatically receive Throne Rewards without using their guild's Throne slots;\nPlayers who do not receive Throne Rewards will receive Laurel Rewards instead. The higher their guild ranks, the greater their Laurel Rewards will be.\n\n^{3}Royal City Settlement^{4}:\nThe guild occupying the Royal City at Settlement will receive an Extra honor: Realm Starlight.\n\n^{5}Realm Merit Settlement^{6}:\nAt Season Settlement, Realm Merit Leaderboard rewards will be calculated. All eligible ranked players will receive rewards based on their placement.	ในการกำหนดฤดูกาล รางวัลจะพิจารณาจากผลงานของแต่ละกิลด์และผู้เล่นในสงครามอาณาเขต\nTerritory War Settlement ประกอบด้วยส่วน@{1}: Territory Points Leaderboard Settlement, Royal City Settlement และ Realm Merit Settlement\n\n^{1}Territory Points Leaderboard Settlement^{2}:\nใน Season Settlement การจัดอันดับของกิลด์ใน Territory Points Leaderboard จะเป็นตัวกำหนดว่าสมาชิกกิลด์มีสิทธิ์ได้รับรางวัล Throne Rewards หรือไม่รางวัลบัลลังก์\nเป็นรางวัลอันทรงเกียรติที่สุดของทั้งฤดูกาลมีการแจกจ่ายผ่านระบบโควต้าตามกฎต่อไปนี้:\n@{2}กิลด์@{3}อันดับต้นๆ บนกระดานจัดอันดับจะได้รับสล็อต@{4},@{5}และ@{6}Throne ตามลำดับ\n@{7}.กิลด์ที่ครอบครอง Royal City ที่ Settlement จะได้รับสล็อต@{8}Throneกิลด์ที่ครอบครองเมืองเคาน์ตี้จะได้รับ@{9}*จำนวนเมืองเคาน์ตี้ที่ครองบัลลังก์\n@{10}.ช่องบัลลังก์ของกิลด์จะมอบให้กับสมาชิกกิลด์โดยอัตโนมัติตามลำดับจากมากไปน้อยของอันดับเกียรติยศสงครามหลวงภายในกิลด์\n@{11}.เจ้าหน้าที่ทั้งหมดของกิลด์@{12}อันดับต้นๆ บนกระดานคะแนนจะได้รับรางวัลบัลลังก์โดยอัตโนมัติโดยไม่ต้องใช้ช่องบัลลังก์ของกิลด์\nผู้เล่นที่ไม่ได้รับรางวัลบัลลังก์จะได้รับรางวัลลอเรลแทนยิ่งอันดับกิลด์ของพวกเขาสูง รางวัลลอเรลก็จะยิ่งมากขึ้นตามไปด้วย\n\n^{3}Royal City Settlement^{4}:\nกิลด์ที่ครอบครอง Royal City ที่ Settlement จะได้รับเกียรติพิเศษ: Realm Starlight\n\n^{5}Realm Merit Settlement^{6}:\nใน Season Settlement รางวัล Realm Merit Leaderboard จะถูกคำนวณผู้เล่นจัดอันดับที่มีสิทธิ์ทุกคนจะได้รับรางวัลตามตำแหน่งของพวกเขา
26612	In the waters surrounding the continent of Midgard lies a little-known island. It appears on no sea chart, and only ships that have lost their way occasionally stumble upon it. Yet no crew dares linger there, for terrifying, thunderous roars have echoed from the island's depths for as long as anyone can remember.\n \nLegend holds that the dragon Fafnir is sealed deep within the island. Once a descendant of the giants, he was slain by a descendant of Odin for his insatiable greed for treasure. After Ragnarök, he returned from the underworld to Midgard, transformed into a decaying dragon driven by nothing but greed. To stop Fafnir's plunder and slaughter, people built fortresses, Turrets, and magic formations across the nameless island. Using gold as bait, they ultimately sealed him away through tremendous Devotion. Thus, the island came to be known as Dragon Sarcophagus Isle.\n\nCenturies have since passed, and the seal's power has begun to wane. The roars from the island grow more deafening by the day, while monsters drawn by the dragon's call gather nearby and relentlessly attack the seal.\n\nFafnir, the dragon once thought safely sealed away, has lost none of his greed. His power stirs deep within Dragon Sarcophagus Isle, threatening the Peace of the continent.\n\nFaced with this threat, the Guild has issued a call to arms. To protect the continent of Midgard and prevent Fafnir from unleashing another catastrophe, brave Adventurers must be assembled. These heroes will form a dragon-slaying force, travel to Dragon Sarcophagus Isle, and challenge Fafnir once more for the sake of the continent's future.\nTo restore the seal, keep the greedy dragon contained, and protect the Peace of the continent of Midgard, the Guild must gather the bravest Adventurers into a dragon-slaying force and send them to Dragon Sarcophagus Isle to challenge the dragon once more.	ในน่านน้ำที่ล้อมรอบทวีป Midgard มีเกาะที่ไม่ค่อยมีใครรู้จักไม่ปรากฏบนแผนที่ทะเล และมีเพียงเรือที่หลงทางเท่านั้นที่จะสะดุดเป็นบางครั้งแต่ไม่มีลูกเรือคนไหนกล้าอยู่ที่นั่น เพราะเสียงคำรามอันน่าสะพรึงกลัวดังก้องกังวานมาจากส่วนลึกของเกาะมานานเท่าที่ใครๆ ก็จำได้\n\nตำนานเล่าว่ามังกร Fafnir ถูกผนึกไว้ลึกเข้าไปในเกาะครั้งหนึ่งเขาเคยเป็นลูกหลานของยักษ์ เขาถูกลูกหลานของโอดินสังหารเพราะความโลภในการหาสมบัติอย่างไม่รู้จักพอหลังจากRagnarök เขาก็กลับมาจากยมโลกไปยัง Midgard และกลายร่างเป็นมังกรที่เน่าเปื่อยซึ่งขับเคลื่อนโดยไม่มีอะไรนอกจากความโลภเพื่อหยุดการปล้นสะดมและการเข่นฆ่าของ Fafnir ผู้คนจึงสร้างป้อมปราการ ป้อมปราการ และรูปแบบเวทมนตร์ทั่วเกาะที่ไม่มีชื่อโดยใช้ทองคำเป็นเหยื่อ ในที่สุดพวกเขาก็ปิดผนึกเขาไว้ด้วยความจงรักภักดีอันยิ่งใหญ่เกาะนี้จึงได้ชื่อว่าเกาะโลงมังกร\n\nผ่านไปหลายศตวรรษ และพลังของแมวน้ำก็เริ่มลดลงเสียงคำรามจากเกาะยิ่งทำให้หูหนวกมากขึ้นในแต่ละวัน ขณะที่สัตว์ประหลาดที่ถูกเรียกโดยมังกรมารวมตัวกันอยู่ใกล้ๆ และโจมตีแมวน้ำอย่างไม่ลดละ\n\nFafnir มังกรที่ครั้งหนึ่งเคยคิดว่าถูกผนึกอย่างปลอดภัย ไม่ได้สูญเสียความโลภไปเลยพลังของเขาปลุกเร้าลึกเข้าไปใน Dragon Sarcophagus Isle คุกคามความสงบสุขของทวีป\n\nเมื่อเผชิญกับภัยคุกคามนี้ กิลด์จึงได้ออกคำสั่งให้ติดอาวุธเพื่อปกป้องทวีป Midgard และป้องกันไม่ให้ Fafnir ปล่อยหายนะครั้งใหม่ นักผจญภัยผู้กล้าหาญจะต้องรวมตัวกันฮีโร่เหล่านี้จะสร้างกองกำลังสังหารมังกร เดินทางไปยัง Dragon Sarcophagus Isle และท้าทาย Fafnir อีกครั้งเพื่ออนาคตของทวีป\nเพื่อฟื้นฟูผนึก รักษามังกรโลภไว้ และปกป้องความสงบสุขของทวีป Midgard กิลด์จะต้องรวบรวมนักผจญภัยที่กล้าหาญที่สุดเข้าสู่กองกำลังสังหารมังกร และส่งพวกเขาไปยัง Dragon Sarcophagus Isle เพื่อท้าทายมังกรอีกครั้ง
26613	^{1}Season Theme^{2}\nA mysterious rift has suddenly appeared above Midgard, leading to another realm—the “Eternal Land.” This otherworld is slowly descending, devouring reality as its boundaries crumble and chaos spreads.\nSlumbering within the Eternal Land is Irmata, the Goddess of Creation. Born from the primordial chaos remaining within Yggdrasil, she is the embodiment of the will that existed at the Initial dawn of creation. In ancient times, Odin sealed her here as a “backup of nature”—the last hope for rebuilding the Nine Realms after Ragnarok.\nNow, the seal is weakening, and an ancient power is about to reawaken. The flames of destiny have been kindled. A new era's epic begins with you.\n\n^{3}Season Duration^{4}\nEach Season lasts for an extended period, approximately @{1} to @{2} weeks. After a Season ends, there will be a brief “Off-Season” to prepare for the next Season.\nStarting from Season @{3}, all Season content will be played alongside players from other servers.\n\n^{5}Season Phases^{6}\nEach Season is divided into multiple phases. As the phases progress, a wide variety of Season events will become available in sequence, offering generous rewards.\nTerritory War will also gradually Expand, unlocking Outpost Battles, County Battles, and Royal City Battles in sequence as the conflict intensifies.\n\n^{7}Season Events^{8}\nEach Season offers a wide variety of events with different formats and generous rewards. Season events usually become available when a new phase begins. Take part and earn bountiful rewards!\n\n^{9}Season Settlement^{10}\nAfter the Season ends, a comprehensive Settlement will be conducted in two parts:\nTerritory War Settlement: Guilds will be evaluated and rewarded based on their performance in Territory War.\nSeason Trophy Settlement: Rewards will be settled and distributed based on each player's overall activity and Trophies throughout the Season.\n\n^{11}Season Reset^{12}\nWhen a new Season begins, some System content will be reset to provide fresh challenges and experiences.	"^{1}ธีมซีซั่น^{2}\nรอยแยกลึกลับได้ปรากฏขึ้นเหนือ Midgard ทันที ซึ่งนำไปสู่อีกอาณาจักรหนึ่ง นั่นคือ “ดินแดนนิรันดร์”โลกอีกโลกนี้ค่อยๆ เคลื่อนลงมา กลืนกินความเป็นจริงในขณะที่ขอบเขตของมันพังทลายลงและความวุ่นวายแผ่ขยายออกไป\nการหลับใหลภายในดินแดนนิรันดร์คือ Irmata เทพีแห่งการสร้างสรรค์กำเนิดจากความวุ่นวายดึกดำบรรพ์ที่เหลืออยู่ภายใน Yggdrasil เธอเป็นศูนย์รวมของเจตจำนงที่มีอยู่ในรุ่งอรุณแรกของการสร้างสรรค์ในสมัยโบราณ โอดินผนึกเธอไว้ที่นี่ในฐานะ ""สำรองของธรรมชาติ"" ซึ่งเป็นความหวังสุดท้ายในการสร้างอาณาจักรทั้งเก้าขึ้นมาใหม่หลังจากแร็กนาร็อก\nตอนนี้ ผนึกกำลังอ่อนแอลง และพลังโบราณกำลังจะตื่นขึ้นอีกครั้งเปลวไฟแห่งโชคชะตาถูกจุดขึ้นแล้วมหากาพย์แห่งยุคใหม่เริ่มต้นกับคุณ\n\n^{3}ระยะเวลาฤดูกาล^{4}\nแต่ละฤดูกาลจะคงอยู่เป็นระยะเวลาที่ขยายออกไป ประมาณ@{1}ถึง@{2}สัปดาห์หลังจากฤดูกาลสิ้นสุดลง จะมี ""นอกฤดูกาล"" สั้นๆ เพื่อเตรียมพร้อมสำหรับฤดูกาลหน้า\nเริ่มตั้งแต่ซีซั่น@{3}เนื้อหาซีซั่นทั้งหมดจะเล่นร่วมกับผู้เล่นจากเซิร์ฟเวอร์อื่น\n\n^{5}เฟสซีซั่น^{6}\nแต่ละซีซั่นจะแบ่งออกเป็นหลายเฟสเมื่อแต่ละช่วงดำเนินไป กิจกรรมฤดูกาลต่างๆ มากมายจะพร้อมให้ใช้งานตามลำดับ พร้อมมอบรางวัลมากมาย\nTerritory War จะค่อยๆ ขยายออกไป โดยปลดล็อค Battles Outpost Battles, County Battles และ Royal City Battles ตามลำดับเมื่อความขัดแย้งรุนแรงขึ้น\n\n^{7}กิจกรรมประจำฤดูกาล^{8}\nแต่ละฤดูกาลเสนอกิจกรรมที่หลากหลายพร้อมรูปแบบที่แตกต่างกันและรางวัลมากมายกิจกรรมประจำฤดูกาลมักจะพร้อมให้ใช้งานเมื่อเฟสใหม่เริ่มต้นขึ้นเข้าร่วมและรับรางวัลมากมาย!\n\n^{9}Season Settlement^{10}\nหลังจากจบฤดูกาล การตั้งถิ่นฐานที่ครอบคลุมจะดำเนินการในสองส่วน:\nTerritory War Settlement: กิลด์จะได้รับการประเมินและให้รางวัลตามผลงานในสงครามอาณาเขต\nการแบ่งรางวัลถ้วยรางวัลประจำฤดูกาล: รางวัลจะถูกตัดสินและแจกจ่ายตามกิจกรรมและถ้วยรางวัลโดยรวมของผู้เล่นแต่ละคนตลอดทั้งฤดูกาล\n\n^{11}รีเซ็ตซีซั่น^{12}\nเมื่อซีซั่นใหม่เริ่มต้นขึ้น เนื้อหาระบบบางส่วนจะถูกรีเซ็ตเพื่อมอบความท้าทายและประสบการณ์ที่สดใหม่"
26614	"In the spring of the fourth year of the Qingli era@{1}, Teng Zijing was demoted and appointed governor of Baling Prefecture@{2}. By the following year@{3}, the government was efficient, the people were united@{4}, and all neglected endeavors had been revived@{5}. The Yueyang Tower was then renovated@{6} and expanded beyond its former dimensions@{7}, while poems and rhapsodies by eminent Tang poets and contemporary writers were inscribed upon it@{8}. I was asked to write this account in commemoration@{9}.\nIn my view, the magnificent scenery of Baling@{10} is embodied by Lake Dongting alone. It embraces the distant mountains@{11} and swallows the mighty Yangtze River@{12}, its vast waters surging endlessly@{13} and stretching beyond the horizon@{14}. From morning sunlight to evening shadow, its appearance changes in countless ways@{15}. Such is the grand vista from Yueyang Tower@{16}, which earlier writers have described in full@{17}. Yet with Wu Gorge accessible to the north@{18} and the Xiao and Xiang Rivers extending far to the south@{19}, banished officials and wandering poets@{20} often gather here@{21}. Could their feelings upon viewing this scenery possibly be the same@{22}?\nWhen ceaseless rain falls in dreary sheets@{23} and the sky remains overcast for months on end@{24}, bitter winds howl furiously@{25} and turbid waves surge toward the heavens@{26}. The sun and stars conceal their light@{27}, and the mountains vanish from sight@{28}. Merchants and travelers can go no farther@{29}, while masts topple and oars splinter@{30}. As twilight falls, all is engulfed in darkness@{31}, amid the roars of tigers and cries of apes. Those who ascend the tower then may lament their exile and yearn for home@{32}, fear slander and dread reproach@{33}, and find only desolation wherever they look@{34}, until sorrow overwhelms them@{35}.\nBut when the spring breeze is gentle and the sunlight bright@{36}, the water lies calm and untroubled@{37}. The radiance of sky and lake meets as one@{38} across a boundless expanse of blue-green. Gulls wheel above the sandbars and come to rest, while shimmering fish swim below@{39}. Angelica grows along the banks and orchids upon the islets@{40}, lush and verdant@{41}. At times, the lingering mist clears completely@{42}, revealing the brilliant moon over a thousand miles@{43}. Its glimmer dances like gold upon the rippling water@{44}, while its still reflection sinks like a jade disc into the depths@{45}. Fishermen's songs echo back and forth@{46}—how could such joy ever end@{47}? Those who ascend the tower then may feel their hearts open and their spirits soar@{48}, forgetting both favor and disgrace@{49}, and raise a cup of wine to the breeze@{50}, filled with boundless delight@{51}.\nAlas@{52}! I have often sought to understand the hearts of the benevolent sages of antiquity@{53}, whose sentiments perhaps differed from both of these@{54}. Why was that? They rejoiced not in material things, nor grieved over their own misfortunes@{55}. When serving in the imperial court, they worried for the people@{56}; when living in distant seclusion, they worried for their sovereign@{57}. Thus, whether advancing in office or withdrawing from it, they always had cause for concern. When, then, could they find joy? Surely they would say, ""Be the first to worry about the world's troubles and the last to enjoy its pleasures""@{58}. Ah! Without such people, whom could I follow@{59}?\nWritten on the fifteenth day of the ninth month in the sixth year of the era. [@{60}]"	"ในฤดูใบไม้ผลิปีที่สี่ของยุค Qingli@{1}Teng Zijing ถูกลดตำแหน่งและแต่งตั้งให้เป็นผู้ว่าการจังหวัด Baling@{2}ในปีต่อมา@{3}รัฐบาลมีประสิทธิภาพ ประชาชนรวมเป็นหนึ่งเดียว@{4}และความพยายามที่ละเลยทั้งหมดได้รับการฟื้นฟู@{5}จากนั้น หอคอยเย่ว์หยางได้รับการปรับปรุงใหม่@{6}และขยายออกไปเกินกว่าขนาดเดิม@{7}ในขณะที่บทกวีและการเรียบเรียงโดยกวีถังผู้มีชื่อเสียงและนักเขียนร่วมสมัยก็ถูกจารึกไว้บนหอคอยนี้@{8}ฉันถูกขอให้เขียนบัญชีนี้เพื่อรำลึกถึง@{9}\nในมุมมองของฉัน ทัศนียภาพอันงดงามของ Baling@{10}นั้นมีเพียงทะเลสาบตงติงเพียงแห่งเดียวมันโอบล้อมภูเขาที่ห่างไกล@{11}และกลืนแม่น้ำแยงซีอันยิ่งใหญ่@{12}น้ำอันกว้างใหญ่ของมันพลุ่งพล่านอย่างไม่สิ้นสุด@{13}และทอดยาวเกินขอบฟ้า@{14}ตั้งแต่แสงแดดยามเช้าไปจนถึงเงายามเย็น รูปลักษณ์ของมันเปลี่ยนแปลงไปนับไม่ถ้วน@{15}นั่นคือทิวทัศน์อันยิ่งใหญ่จาก Yueyang Tower@{16}ซึ่งผู้เขียนก่อนหน้านี้ได้อธิบายไว้ใน@{17}ฉบับเต็มอย่างไรก็ตาม เนื่องจาก Wu Gorge สามารถเข้าถึงได้ทางตอนเหนือ@{18}และแม่น้ำ Xiao และ Xiang ที่ทอดยาวไปทางทิศใต้@{19}เจ้าหน้าที่ที่ถูกเนรเทศและกวีเร่ร่อน@{20}มักจะมารวมตัวกันที่นี่@{21}ความรู้สึกของพวกเขาเมื่อได้ชมทิวทัศน์นี้อาจจะเหมือนกันกับ@{22}หรือเปล่า?\nเมื่อฝนตกไม่หยุดหย่อนบนผืนผ้าอันน่าเบื่อหน่าย@{23}และท้องฟ้ายังคงมืดครึ้มเป็นเวลาหลายเดือน ณ สิ้นเดือน@{24}ลมอันขมขื่นส่งเสียงหอนอย่างฉุนเฉียว@{25}และคลื่นขุ่นพุ่งขึ้นสู่สวรรค์@{26}ดวงอาทิตย์และดวงดาวปกปิดแสง@{27}และภูเขาก็หายไปจากสายตา@{28}พ่อค้าและนักเดินทางไม่สามารถไปได้ไกลกว่านี้@{29}ในขณะที่เสากระโดงโค่นและไม้พายหัก@{30}เมื่อพลบค่ำตก ทุกอย่างก็ถูกกลืนหายไปในความมืด@{31}ท่ามกลางเสียงคำรามของเสือและเสียงร้องของวานรผู้ที่ขึ้นไปบนหอคอยอาจคร่ำครวญถึงการถูกเนรเทศและโหยหาบ้าน@{32}กลัวการใส่ร้ายและการตำหนิอย่างน่าสะพรึงกลัว@{33}และพบเพียงความรกร้างไม่ว่าพวกเขาจะมองไปทางไหน@{34}จนกระทั่งความโศกเศร้าครอบงำพวกเขา@{35}\nแต่เมื่อลมฤดูใบไม้ผลิพัดเบาๆ และแสงแดดสดใส@{36}น้ำก็นิ่งสงบและไร้ปัญหา@{37}ความสดใสของท้องฟ้าและทะเลสาบมาบรรจบกันเป็นหนึ่งเดียว@{38}ข้ามผืนฟ้าเขียวอันกว้างใหญ่ไร้ขอบเขตนกนางนวลบินอยู่เหนือสันทรายและพักผ่อน ขณะที่ปลาแวววาวว่ายอยู่ใต้@{39}Angelica เติบโตตามริมฝั่งและกล้วยไม้บนเกาะเล็กเกาะน้อย@{40}@{41}ที่เขียวชอุ่มและเขียวขจีในบางครั้ง หมอกที่ยังคงอยู่ก็ทำให้@{42}หายไปจนหมด เผยให้เห็นดวงจันทร์ที่สุกใสเป็นระยะทางกว่าพันไมล์@{43}แสงระยิบระยับของมันเต้นราวกับทองคำบนผืนน้ำ@{44}ในขณะที่เงาสะท้อนของมันก็จมลงเหมือนแผ่นหยกลงสู่ส่วนลึก@{45}เพลงของชาวประมงดังก้องไปมา@{46}—ความสุขเช่นนี้จะหยุดลง@{47}ได้อย่างไรบรรดาผู้ที่ขึ้นไปบนหอคอยอาจรู้สึกว่าใจของพวกเขาเปิดกว้างและจิตวิญญาณของพวกเขาทะยานขึ้น@{48}โดยลืมทั้งความโปรดปรานและความอับอาย@{49}และยกแก้วไวน์ขึ้นสู่สายลม@{50}ที่เต็มไปด้วยความสุขอันไร้ขอบเขต@{51}\nอนิจจา@{52}!ฉันมักจะพยายามทำความเข้าใจหัวใจของปราชญ์ผู้ใจดีแห่งสมัยโบราณ@{53}ผู้ซึ่งความรู้สึกอาจแตกต่างจาก@{54}ทั้งสองนี้ทำไมเป็นอย่างนั้น?พวกเขาไม่ได้ชื่นชมยินดีในวัตถุ หรือเสียใจกับความโชคร้ายของตนเอง@{55}เมื่อทำหน้าที่ในราชสำนัก พวกเขาก็เป็นห่วงประชาชน@{56};เมื่ออาศัยอยู่ในความสันโดษอันห่างไกล พวกเขาก็กังวลถึงอำนาจสูงสุดของพวกเขา@{57}ดังนั้นไม่ว่าจะก้าวขึ้นสู่ตำแหน่งหรือถอนตัว ต่างก็มีเรื่องน่ากังวลอยู่เสมอแล้วเมื่อไหร่พวกเขาจะพบความสุข?แน่นอนว่าพวกเขาจะพูดว่า ""เป็นคนแรกที่ต้องกังวลเกี่ยวกับปัญหาของโลกและเป็นคนสุดท้ายที่จะเพลิดเพลินไปกับความสุขของมัน""@{58}อ่า!หากไม่มีบุคคลดังกล่าว ฉันจะติดตามใคร@{59}ได้บ้าง\nเขียนเมื่อวันที่ 15 เดือน 9 ปีที่ 6 แห่งศักราช[@{60}]"
26615	The late Emperor had yet to complete half of his great undertaking when he passed away. Now the realm is divided into three, and Yizhou is exhausted and weakened. This is truly a critical moment upon which our survival depends. Yet the officials of the imperial guard remain diligent at court, while loyal and devoted officers abroad risk their lives, all because they remember the late Emperor's exceptional kindness and wish to repay it to Your Majesty. You should open your ears to wise counsel, thereby honoring the late Emperor's legacy and inspiring those of lofty ideals. You should not belittle yourself or make improper comparisons that would block the path of loyal remonstrance.\n\n　　The imperial palace and the government offices are one body; rewards and punishments, praise and censure, should be administered by the same standards. If anyone commits treachery or violates the law, or performs loyal and virtuous deeds, the proper authorities should determine their punishment or reward, thereby demonstrating Your Majesty's just and impartial rule. You should show no favoritism or allow different laws to apply within and outside the palace.\n\n　　Palace Attendants and Vice Directors Guo Youzhi, Fei Yi, Dong Yun, and the others are all honest and capable men, loyal and pure in purpose and judgment. For this reason, the late Emperor selected and promoted them to serve Your Majesty. In my humble opinion, all palace affairs, great or small, should be discussed with them before being carried out. They will surely remedy omissions and shortcomings and bring broad benefit.\n\n　　General Xiang Chong is virtuous and fair in character and conduct, and thoroughly versed in military affairs. When his abilities were tested in the past, the late Emperor praised him as capable. The officers therefore unanimously recommended Chong as commander. In my humble opinion, all military affairs should be discussed with him. He will surely bring harmony to the ranks and assign every soldier according to his ability.\n\n　　Drawing close to worthy ministers and keeping petty men Away was how the Former Han flourished; drawing close to petty men and keeping worthy ministers Away was how the Later Han declined. Whenever the late Emperor discussed this matter with me, he never failed to lament the reigns of Emperors Huan and Ling with bitter regret. The Palace Attendants, Directors of the Secretariat, Chief Clerks, and Army Advisers are all faithful and upright ministers willing to die for their principles. I pray that Your Majesty will remain close to them and place your trust in them. Then the restoration of the House of Han may soon be expected.\n\n　　I was once a commoner, personally tilling the fields in Nanyang. I sought only to preserve my life in troubled times and had no desire for fame or distinction among the feudal lords. The late Emperor did not disdain me for my humble station or lowly origins, but graciously humbled himself to visit me three times at my thatched cottage and consult me about the affairs of the age. Moved by his kindness, I pledged myself to his service. Later, when disaster struck, I accepted responsibility amid defeat and received my orders in a time of peril. Twenty-one years have passed since then.\n\n　　The late Emperor knew that I was cautious, and so, as death approached, he entrusted me with this great responsibility. Since receiving his command, I have worried and sighed day and night, fearing that I might fail in my charge and thereby tarnish the late Emperor's wisdom. Thus, in the fifth month, I crossed the Lu River and ventured deep into barren lands. Now the south has been pacified and our arms and provisions are sufficient. We should rally the three armies, march north to secure the Central Plains, and devote what little ability I possess to eliminating the traitors and villains, restoring the House of Han, and returning to the old capital. This is my duty in repaying the late Emperor and serving Your Majesty with loyalty. As for weighing advantages and disadvantages and offering faithful counsel, that is the responsibility of Youzhi, Yi, and Yun.\n\n　　I pray that Your Majesty will charge me with defeating the rebels and restoring the dynasty. If I fail, punish me for my crimes and inform the spirit of the late Emperor. If no counsel is offered to promote virtue, then rebuke Youzhi, Yi, Yun, and the others for their negligence and make their faults known. Your Majesty should also deliberate for yourself, seek advice on the right course, examine and accept sound counsel, and faithfully uphold the late Emperor's final edict. I am overwhelmed with gratitude for the favor I have received. Now that I must go Away, tears fall as I submit this memorial, and I scarcely know what I have written.	จักรพรรดิผู้ล่วงลับยังไม่ได้ทำภารกิจอันยิ่งใหญ่ของเขาให้สำเร็จครึ่งหนึ่งเมื่อเขาสิ้นพระชนม์ตอนนี้อาณาจักรถูกแบ่งออกเป็นสามส่วน และ Yizhou ก็หมดแรงและอ่อนแอลงนี่เป็นช่วงเวลาสำคัญอย่างแท้จริงที่ความอยู่รอดของเราขึ้นอยู่กับอย่างไรก็ตาม เจ้าหน้าที่ของราชองครักษ์ยังคงขยันขันแข็งในศาล ในขณะที่เจ้าหน้าที่ผู้ภักดีและอุทิศตนในต่างประเทศเสี่ยงชีวิต ทั้งหมดนี้เพราะพวกเขาระลึกถึงความมีน้ำใจอันยอดเยี่ยมของจักรพรรดิผู้ล่วงลับและปรารถนาที่จะตอบแทนพระองค์คุณควรเปิดหูรับคำแนะนำที่ชาญฉลาด โดยเป็นการยกย่องมรดกของจักรพรรดิผู้ล่วงลับไปแล้วและสร้างแรงบันดาลใจให้กับผู้ที่มีอุดมคติอันสูงส่งคุณไม่ควรดูถูกตัวเองหรือทำการเปรียบเทียบที่ไม่เหมาะสมซึ่งจะขัดขวางเส้นทางแห่งการตำหนิอย่างภักดี\n\nพระราชวังหลวงและที่ทำการของรัฐเป็นองค์กรเดียวกันรางวัลและการลงโทษ การชมเชยและการติเตียน ควรทำตามมาตรฐานเดียวกันหากผู้ใดกระทำการทรยศ ฝ่าฝืนกฎหมาย หรือกระทำการอันจงรักภักดีและมีคุณธรรม เจ้าหน้าที่ที่เหมาะสมควรกำหนดการลงโทษหรือการให้รางวัล เพื่อเป็นการแสดงให้เห็นถึงการปกครองที่เที่ยงธรรมและเป็นกลางของฝ่าพระบาทคุณไม่ควรแสดงการเล่นพรรคเล่นพวกหรืออนุญาตให้ใช้กฎหมายที่แตกต่างกันทั้งภายในและภายนอกพระราชวัง\n\nผู้ดูแลพระราชวังและรองผู้อำนวยการ Guo Youzhi, Fei Yi, Dong Yun และคนอื่น ๆ ต่างก็เป็นคนซื่อสัตย์และมีความสามารถ ซื่อสัตย์และบริสุทธิ์ในจุดประสงค์และการตัดสินด้วยเหตุนี้องค์จักรพรรดิ์ผู้ล่วงลับจึงได้คัดเลือกและเลื่อนตำแหน่งให้รับใช้ฝ่าพระบาทในความเห็นอันต่ำต้อยของข้าพเจ้า กิจการในพระราชวังทั้งหมดไม่ว่าจะเล็กหรือใหญ่ควรหารือกับพวกเขาก่อนที่จะดำเนินการพวกเขาจะแก้ไขการละเว้นและข้อบกพร่องและก่อให้เกิดประโยชน์ในวงกว้างอย่างแน่นอน\n\nนายพล Xiang Chong มีคุณธรรม ยุติธรรมทั้งในลักษณะและความประพฤติ และเชี่ยวชาญด้านการทหารอย่างถี่ถ้วนเมื่อความสามารถของเขาถูกทดสอบในอดีต จักรพรรดิผู้ล่วงลับไปแล้วก็ยกย่องเขาว่ามีความสามารถเจ้าหน้าที่จึงมีมติเป็นเอกฉันท์เสนอให้ชงเป็นผู้บัญชาการในความเห็นอันต่ำต้อยของฉัน กิจการทางทหารทั้งหมดควรหารือกับเขาเขาจะนำความสามัคคีมาสู่อันดับอย่างแน่นอนและมอบหมายให้ทหารทุกคนตามความสามารถของเขา\n\nการใกล้ชิดกับรัฐมนตรีที่คู่ควรและกันคนตัวเล็กออกไปคือวิธีที่อดีตราชวงศ์ฮั่นเจริญรุ่งเรืองการเข้าใกล้คนตัวเล็กและกันผู้รับใช้ที่มีค่าควรออกไปเป็นสิ่งที่ราชวงศ์ฮั่นปฏิเสธเมื่อใดก็ตามที่จักรพรรดิผู้ล่วงลับได้หารือเรื่องนี้กับฉัน เขาก็ไม่เคยพลาดที่จะคร่ำครวญถึงรัชสมัยของจักรพรรดิฮวนและหลิงด้วยความเสียใจอย่างขมขื่นผู้ดูแลพระราชวัง ผู้อำนวยการสำนักเลขาธิการ หัวหน้าเสมียน และที่ปรึกษากองทัพ ต่างก็เป็นผู้รับใช้ที่ซื่อสัตย์และเที่ยงธรรม เต็มใจยอมสละชีวิตเพื่อหลักการของตนข้าพเจ้าขออธิษฐานขอให้ฝ่าพระบาททรงอยู่ใกล้พวกเขาและไว้วางใจพวกเขาจากนั้นการบูรณะราชวงศ์ฮั่นก็จะเกิดขึ้นในไม่ช้า\n\nฉันเคยเป็นสามัญชน โดยส่วนตัวแล้วทำไร่นาในนันยางฉันพยายามที่จะรักษาชีวิตของฉันในช่วงเวลาที่ยากลำบากเท่านั้น และไม่มีความปรารถนาที่จะมีชื่อเสียงหรือความแตกต่างในหมู่ขุนนางศักดินาจักรพรรดิผู้ล่วงลับไปแล้วไม่ได้ดูหมิ่นฉันในเรื่องสถานะที่ต่ำต้อยของฉันหรือต้นกำเนิดที่ต่ำต้อย แต่ทรงถ่อมตนอย่างมีพระกรุณามาเยี่ยมฉันสามครั้งที่กระท่อมมุงจากของฉันและปรึกษาฉันเกี่ยวกับกิจการแห่งยุคด้วยความเมตตาของเขา ฉันจึงปฏิญาณตนว่าจะรับใช้พระองค์ต่อมาเมื่อเกิดภัยพิบัติ ฉันยอมรับความรับผิดชอบท่ามกลางความพ่ายแพ้ และรับคำสั่งของฉันในช่วงเวลาแห่งอันตรายยี่สิบเอ็ดปีผ่านไปตั้งแต่นั้นมา\n\nจักรพรรดิผู้ล่วงลับรู้ว่าฉันระมัดระวัง และเมื่อความตายใกล้เข้ามา เขาก็มอบความรับผิดชอบอันยิ่งใหญ่นี้ให้กับฉันตั้งแต่ได้รับคำสั่งจากเขา ฉันก็กังวลและถอนหายใจทั้งวันทั้งคืน กลัวว่าฉันจะล้มเหลวในการดูแลของฉัน และทำให้ภูมิปัญญาของจักรพรรดิผู้ล่วงลับเสื่อมเสียดังนั้นในเดือนที่ห้า ฉันจึงข้ามแม่น้ำหลู่และเดินทางลึกเข้าไปในดินแดนที่แห้งแล้งตอนนี้ภาคใต้สงบลงแล้ว อาวุธและเสบียงของเราก็เพียงพอแล้วเราควรรวบรวมกองทัพทั้งสาม เคลื่อนทัพขึ้นเหนือเพื่อรักษาที่ราบภาคกลาง และอุทิศความสามารถอันน้อยนิดที่ฉันมีเพื่อกำจัดผู้ทรยศและผู้ร้าย ฟื้นฟูราชวงศ์ฮั่น และกลับสู่เมืองหลวงเก่านี่คือหน้าที่ของข้าพเจ้าในการตอบแทนจักรพรรดิผู้ล่วงลับและรับใช้ฝ่าพระบาทด้วยความจงรักภักดีสำหรับการชั่งน้ำหนักข้อดีและข้อเสียและการให้คำแนะนำที่ซื่อสัตย์ นั่นคือความรับผิดชอบของ Youzhi, Yi และ Yun\n\nข้าขออธิษฐานขอให้ฝ่าพระบาททรงตั้งข้อหาปราบกบฏและฟื้นฟูราชวงศ์ถ้าฉันล้มเหลว ลงโทษฉันสำหรับอาชญากรรมของฉัน และแจ้งวิญญาณของจักรพรรดิผู้ล่วงลับไปแล้วหากไม่มีคำแนะนำเพื่อส่งเสริมคุณธรรม ให้ตำหนิ Youzhi, Yi, Yun และคนอื่นๆ สำหรับความประมาทเลินเล่อของพวกเขาและแจ้งข้อผิดพลาดของพวกเขาให้ทราบฝ่าบาทควรไตร่ตรองเพื่อพระองค์เอง ขอคำแนะนำในแนวทางที่ถูกต้อง ตรวจสอบและยอมรับคำแนะนำที่ถูกต้อง และยึดถือคำสั่งสุดท้ายของจักรพรรดิผู้ล่วงลับอย่างซื่อสัตย์ฉันรู้สึกซาบซึ้งกับความกรุณาที่ฉันได้รับตอนนี้ฉันต้องจากไป น้ำตาก็ไหลขณะที่ฉันส่งอนุสรณ์นี้ และฉันแทบไม่รู้ว่าฉันเขียนอะไร
